drb/acl	ACL	::	ALLOW_DENY	defined	public
drb/acl	ACL	::	DENY_ALLOW	defined	public
drb/acl	ACL	::	VERSION	defined	public
drb/acl	ACL	#	allow_addr?	defined	public
drb/acl	ACL	#	allow_socket?	defined	public
drb/acl	ACL	#	install_list	defined	public
drb/acl	ACL	.	new	defined	public
_builtin	ARGF.class	#	argv	defined	public
_builtin	ARGF.class	#	binmode	defined	public
_builtin	ARGF.class	#	binmode?	defined	public
_builtin	ARGF.class	#	close	defined	public
_builtin	ARGF.class	#	closed?	defined	public
_builtin	ARGF.class	#	each	defined	public
_builtin	ARGF.class	#	each_line	defined	public
_builtin	ARGF.class	#	each_byte	defined	public
_builtin	ARGF.class	#	each_char	defined	public
_builtin	ARGF.class	#	each_codepoint	defined	public
_builtin	ARGF.class	#	eof	defined	public
_builtin	ARGF.class	#	eof?	defined	public
_builtin	ARGF.class	#	external_encoding	defined	public
_builtin	ARGF.class	#	file	defined	public
_builtin	ARGF.class	#	filename	defined	public
_builtin	ARGF.class	#	path	defined	public
_builtin	ARGF.class	#	fileno	defined	public
_builtin	ARGF.class	#	to_i	defined	public
_builtin	ARGF.class	#	getbyte	defined	public
_builtin	ARGF.class	#	getc	defined	public
_builtin	ARGF.class	#	gets	defined	public
_builtin	ARGF.class	#	inplace_mode	defined	public
_builtin	ARGF.class	#	inplace_mode=	defined	public
_builtin	ARGF.class	#	inspect	defined	public
_builtin	ARGF.class	#	to_s	defined	public
_builtin	ARGF.class	#	internal_encoding	defined	public
_builtin	ARGF.class	#	lineno	defined	public
_builtin	ARGF.class	#	lineno=	defined	public
_builtin	ARGF.class	#	pos	defined	public
_builtin	ARGF.class	#	tell	defined	public
_builtin	ARGF.class	#	pos=	defined	public
_builtin	ARGF.class	#	print	defined	public
_builtin	ARGF.class	#	printf	defined	public
_builtin	ARGF.class	#	putc	defined	public
_builtin	ARGF.class	#	puts	defined	public
_builtin	ARGF.class	#	read	defined	public
_builtin	ARGF.class	#	read_nonblock	defined	public
_builtin	ARGF.class	#	readbyte	defined	public
_builtin	ARGF.class	#	readchar	defined	public
_builtin	ARGF.class	#	readline	defined	public
_builtin	ARGF.class	#	readlines	defined	public
_builtin	ARGF.class	#	to_a	defined	public
_builtin	ARGF.class	#	readpartial	defined	public
_builtin	ARGF.class	#	rewind	defined	public
_builtin	ARGF.class	#	seek	defined	public
_builtin	ARGF.class	#	set_encoding	defined	public
_builtin	ARGF.class	#	skip	defined	public
_builtin	ARGF.class	#	to_io	defined	public
_builtin	ARGF.class	#	to_write_io	defined	public
_builtin	ARGF.class	#	write	defined	public
abbrev	Abbrev	.#	abbrev	defined	public
socket	Addrinfo	#	afamily	defined	public
socket	Addrinfo	#	bind	defined	public
socket	Addrinfo	#	canonname	defined	public
socket	Addrinfo	#	connect	defined	public
socket	Addrinfo	#	connect_from	defined	public
socket	Addrinfo	#	connect_to	defined	public
socket	Addrinfo	#	family_addrinfo	defined	public
socket	Addrinfo	#	getnameinfo	defined	public
socket	Addrinfo	#	inspect_sockaddr	defined	public
socket	Addrinfo	#	ip?	defined	public
socket	Addrinfo	#	ip_address	defined	public
socket	Addrinfo	#	ip_port	defined	public
socket	Addrinfo	#	ip_unpack	defined	public
socket	Addrinfo	#	ipv4?	defined	public
socket	Addrinfo	#	ipv4_loopback?	defined	public
socket	Addrinfo	#	ipv4_multicast?	defined	public
socket	Addrinfo	#	ipv4_private?	defined	public
socket	Addrinfo	#	ipv6?	defined	public
socket	Addrinfo	#	ipv6_linklocal?	defined	public
socket	Addrinfo	#	ipv6_loopback?	defined	public
socket	Addrinfo	#	ipv6_mc_global?	defined	public
socket	Addrinfo	#	ipv6_mc_linklocal?	defined	public
socket	Addrinfo	#	ipv6_mc_nodelocal?	defined	public
socket	Addrinfo	#	ipv6_mc_orglocal?	defined	public
socket	Addrinfo	#	ipv6_mc_sitelocal?	defined	public
socket	Addrinfo	#	ipv6_multicast?	defined	public
socket	Addrinfo	#	ipv6_sitelocal?	defined	public
socket	Addrinfo	#	ipv6_to_ipv4	defined	public
socket	Addrinfo	#	ipv6_unique_local?	defined	public
socket	Addrinfo	#	ipv6_unspecified?	defined	public
socket	Addrinfo	#	ipv6_v4compat?	defined	public
socket	Addrinfo	#	ipv6_v4mapped?	defined	public
socket	Addrinfo	#	listen	defined	public
socket	Addrinfo	#	pfamily	defined	public
socket	Addrinfo	#	protocol	defined	public
socket	Addrinfo	#	socktype	defined	public
socket	Addrinfo	#	to_s	defined	public
socket	Addrinfo	#	to_sockaddr	defined	public
socket	Addrinfo	#	unix?	defined	public
socket	Addrinfo	#	unix_path	defined	public
socket	Addrinfo	.	foreach	defined	public
socket	Addrinfo	.	getaddrinfo	defined	public
socket	Addrinfo	.	ip	defined	public
socket	Addrinfo	.	new	defined	public
socket	Addrinfo	.	tcp	defined	public
socket	Addrinfo	.	udp	defined	public
socket	Addrinfo	.	unix	defined	public
_builtin	Array	#	&	defined	public
_builtin	Array	#	*	defined	public
_builtin	Array	#	+	defined	public
_builtin	Array	#	-	defined	public
_builtin	Array	#	<<	defined	public
_builtin	Array	#	<=>	defined	public
_builtin	Array	#	==	defined	public
_builtin	Array	#	[]	defined	public
_builtin	Array	#	at	defined	public
_builtin	Array	#	[]=	defined	public
_builtin	Array	#	|	defined	public
abbrev	Array	#	abbrev	added	public
_builtin	Array	#	all?	defined	public
_builtin	Array	#	any?	defined	public
_builtin	Array	#	append	defined	public
_builtin	Array	#	push	defined	public
_builtin	Array	#	assoc	defined	public
_builtin	Array	#	bsearch	defined	public
_builtin	Array	#	bsearch_index	defined	public
_builtin	Array	#	clear	defined	public
_builtin	Array	#	clone	defined	public
_builtin	Array	#	dup	defined	public
_builtin	Array	#	collect	defined	public
_builtin	Array	#	map	defined	public
_builtin	Array	#	collect!	defined	public
_builtin	Array	#	map!	defined	public
_builtin	Array	#	combination	defined	public
_builtin	Array	#	compact	defined	public
_builtin	Array	#	compact!	defined	public
_builtin	Array	#	concat	defined	public
_builtin	Array	#	count	defined	public
_builtin	Array	#	cycle	defined	public
_builtin	Array	#	deconstruct	defined	public
_builtin	Array	#	delete	defined	public
_builtin	Array	#	delete_at	defined	public
_builtin	Array	#	delete_if	defined	public
_builtin	Array	#	reject!	defined	public
_builtin	Array	#	difference	defined	public
_builtin	Array	#	dig	defined	public
_builtin	Array	#	drop	defined	public
_builtin	Array	#	drop_while	defined	public
_builtin	Array	#	each	defined	public
_builtin	Array	#	each_index	defined	public
_builtin	Array	#	empty?	defined	public
_builtin	Array	#	eql?	defined	public
_builtin	Array	#	fetch	defined	public
_builtin	Array	#	fetch_values	defined	public
_builtin	Array	#	fill	defined	public
_builtin	Array	#	filter	defined	public
_builtin	Array	#	select	defined	public
_builtin	Array	#	filter!	defined	public
_builtin	Array	#	select!	defined	public
_builtin	Array	#	find_index	defined	public
_builtin	Array	#	index	defined	public
_builtin	Array	#	first	defined	public
_builtin	Array	#	flatten	defined	public
_builtin	Array	#	flatten!	defined	public
_builtin	Array	#	hash	defined	public
_builtin	Array	#	include?	defined	public
_builtin	Array	#	insert	defined	public
_builtin	Array	#	inspect	defined	public
_builtin	Array	#	to_s	defined	public
_builtin	Array	#	intersect?	defined	public
_builtin	Array	#	intersection	defined	public
_builtin	Array	#	join	defined	public
_builtin	Array	#	keep_if	defined	public
_builtin	Array	#	last	defined	public
_builtin	Array	#	length	defined	public
_builtin	Array	#	size	defined	public
_builtin	Array	#	max	defined	public
_builtin	Array	#	min	defined	public
_builtin	Array	#	minmax	defined	public
_builtin	Array	#	none?	defined	public
_builtin	Array	#	one?	defined	public
_builtin	Array	#	pack	defined	public
_builtin	Array	#	permutation	defined	public
_builtin	Array	#	pop	defined	public
_builtin	Array	#	prepend	defined	public
_builtin	Array	#	unshift	defined	public
_builtin	Array	#	product	defined	public
_builtin	Array	#	rassoc	defined	public
_builtin	Array	#	reject	defined	public
_builtin	Array	#	repeated_combination	defined	public
_builtin	Array	#	repeated_permutation	defined	public
_builtin	Array	#	replace	defined	public
_builtin	Array	#	reverse	defined	public
_builtin	Array	#	reverse!	defined	public
_builtin	Array	#	reverse_each	defined	public
_builtin	Array	#	rindex	defined	public
_builtin	Array	#	rotate	defined	public
_builtin	Array	#	rotate!	defined	public
_builtin	Array	#	sample	defined	public
shellwords	Array	#	shelljoin	added	public
_builtin	Array	#	shift	defined	public
_builtin	Array	#	shuffle	defined	public
_builtin	Array	#	shuffle!	defined	public
_builtin	Array	#	slice	defined	public
_builtin	Array	#	slice!	defined	public
_builtin	Array	#	sort	defined	public
_builtin	Array	#	sort!	defined	public
_builtin	Array	#	sort_by!	defined	public
_builtin	Array	#	sum	defined	public
_builtin	Array	#	take	defined	public
_builtin	Array	#	take_while	defined	public
_builtin	Array	#	to_a	defined	public
_builtin	Array	#	to_ary	defined	public
csv	Array	#	to_csv	added	public
_builtin	Array	#	to_h	defined	public
_builtin	Array	#	transpose	defined	public
_builtin	Array	#	union	defined	public
_builtin	Array	#	uniq	defined	public
_builtin	Array	#	uniq!	defined	public
_builtin	Array	#	values_at	defined	public
_builtin	Array	#	zip	defined	public
_builtin	Array	.	[]	defined	public
_builtin	Array	.	new	defined	public
_builtin	Array	.	try_convert	defined	public
base64	Base64	.#	decode64	defined	public
base64	Base64	.#	encode64	defined	public
base64	Base64	.#	strict_decode64	defined	public
base64	Base64	.#	strict_encode64	defined	public
base64	Base64	.#	urlsafe_decode64	defined	public
base64	Base64	.#	urlsafe_encode64	defined	public
_builtin	BasicObject	#	!	defined	public
_builtin	BasicObject	#	!=	defined	public
_builtin	BasicObject	#	==	defined	public
_builtin	BasicObject	#	__id__	defined	public
_builtin	BasicObject	#	__send__	defined	public
_builtin	BasicObject	#	equal?	defined	public
_builtin	BasicObject	#	instance_eval	defined	public
_builtin	BasicObject	#	instance_exec	defined	public
_builtin	BasicObject	#	method_missing	defined	private
_builtin	BasicObject	#	singleton_method_added	defined	private
_builtin	BasicObject	#	singleton_method_removed	defined	private
_builtin	BasicObject	#	singleton_method_undefined	defined	private
socket	BasicSocket	#	connect_address	defined	public
socket	BasicSocket	#	do_not_reverse_lookup	defined	public
socket	BasicSocket	#	do_not_reverse_lookup=	defined	public
socket	BasicSocket	#	getpeereid	defined	public
socket	BasicSocket	#	getpeername	defined	public
socket	BasicSocket	#	getsockname	defined	public
socket	BasicSocket	#	getsockopt	defined	public
socket	BasicSocket	#	local_address	defined	public
socket	BasicSocket	#	recv	defined	public
socket	BasicSocket	#	recv_nonblock	defined	public
socket	BasicSocket	#	recvmsg	defined	public
socket	BasicSocket	#	recvmsg_nonblock	defined	public
socket	BasicSocket	#	remote_address	defined	public
socket	BasicSocket	#	send	defined	public
socket	BasicSocket	#	sendmsg	defined	public
socket	BasicSocket	#	sendmsg_nonblock	defined	public
socket	BasicSocket	#	setsockopt	defined	public
socket	BasicSocket	#	shutdown	defined	public
socket	BasicSocket	.	do_not_reverse_lookup	defined	public
socket	BasicSocket	.	do_not_reverse_lookup=	defined	public
socket	BasicSocket	.	for_fd	defined	public
benchmark	Benchmark	::	BENCHMARK_VERSION	defined	public
benchmark	Benchmark	::	CAPTION	defined	public
benchmark	Benchmark	::	FORMAT	defined	public
benchmark	Benchmark	.#	benchmark	defined	public
benchmark	Benchmark	.#	bm	defined	public
benchmark	Benchmark	.#	bmbm	defined	public
benchmark	Benchmark	.#	measure	defined	public
benchmark	Benchmark	.#	realtime	defined	public
benchmark	Benchmark::Job	#	item	defined	public
benchmark	Benchmark::Job	#	report	defined	public
benchmark	Benchmark::Job	#	list	defined	public
benchmark	Benchmark::Job	#	width	defined	public
benchmark	Benchmark::Job	.	new	defined	public
benchmark	Benchmark::Report	#	item	defined	public
benchmark	Benchmark::Report	#	report	defined	public
benchmark	Benchmark::Report	#	list	defined	public
benchmark	Benchmark::Report	.	new	defined	public
benchmark	Benchmark::Tms	::	CAPTION	defined	protected
benchmark	Benchmark::Tms	::	FORMAT	defined	protected
benchmark	Benchmark::Tms	#	*	defined	public
benchmark	Benchmark::Tms	#	+	defined	public
benchmark	Benchmark::Tms	#	-	defined	public
benchmark	Benchmark::Tms	#	/	defined	public
benchmark	Benchmark::Tms	#	add	defined	public
benchmark	Benchmark::Tms	#	add!	defined	public
benchmark	Benchmark::Tms	#	cstime	defined	public
benchmark	Benchmark::Tms	#	cutime	defined	public
benchmark	Benchmark::Tms	#	format	defined	public
benchmark	Benchmark::Tms	#	label	defined	public
benchmark	Benchmark::Tms	#	memberwise	defined	protected
benchmark	Benchmark::Tms	#	real	defined	public
benchmark	Benchmark::Tms	#	stime	defined	public
benchmark	Benchmark::Tms	#	to_a	defined	public
benchmark	Benchmark::Tms	#	to_s	defined	public
benchmark	Benchmark::Tms	#	total	defined	public
benchmark	Benchmark::Tms	#	utime	defined	public
benchmark	Benchmark::Tms	.	new	defined	public
bigdecimal	BigDecimal	::	BASE	defined	public
bigdecimal	BigDecimal	::	EXCEPTION_ALL	defined	public
bigdecimal	BigDecimal	::	EXCEPTION_INFINITY	defined	public
bigdecimal	BigDecimal	::	EXCEPTION_NaN	defined	public
bigdecimal	BigDecimal	::	EXCEPTION_OVERFLOW	defined	public
bigdecimal	BigDecimal	::	EXCEPTION_UNDERFLOW	defined	public
bigdecimal	BigDecimal	::	EXCEPTION_ZERODIVIDE	defined	public
bigdecimal	BigDecimal	::	INFINITY	defined	public
bigdecimal	BigDecimal	::	NAN	defined	public
bigdecimal	BigDecimal	::	ROUND_CEILING	defined	public
bigdecimal	BigDecimal	::	ROUND_DOWN	defined	public
bigdecimal	BigDecimal	::	ROUND_FLOOR	defined	public
bigdecimal	BigDecimal	::	ROUND_HALF_DOWN	defined	public
bigdecimal	BigDecimal	::	ROUND_HALF_EVEN	defined	public
bigdecimal	BigDecimal	::	ROUND_HALF_UP	defined	public
bigdecimal	BigDecimal	::	ROUND_MODE	defined	public
bigdecimal	BigDecimal	::	ROUND_UP	defined	public
bigdecimal	BigDecimal	::	SIGN_NEGATIVE_FINITE	defined	public
bigdecimal	BigDecimal	::	SIGN_NEGATIVE_INFINITE	defined	public
bigdecimal	BigDecimal	::	SIGN_NEGATIVE_ZERO	defined	public
bigdecimal	BigDecimal	::	SIGN_NaN	defined	public
bigdecimal	BigDecimal	::	SIGN_POSITIVE_FINITE	defined	public
bigdecimal	BigDecimal	::	SIGN_POSITIVE_INFINITE	defined	public
bigdecimal	BigDecimal	::	SIGN_POSITIVE_ZERO	defined	public
bigdecimal	BigDecimal	::	VERSION	defined	public
bigdecimal	BigDecimal	#	%	defined	public
bigdecimal	BigDecimal	#	modulo	defined	public
bigdecimal	BigDecimal	#	*	defined	public
bigdecimal	BigDecimal	#	**	defined	public
bigdecimal	BigDecimal	#	power	defined	public
bigdecimal	BigDecimal	#	+	defined	public
bigdecimal	BigDecimal	#	+@	defined	public
bigdecimal	BigDecimal	#	-	defined	public
bigdecimal	BigDecimal	#	-@	defined	public
bigdecimal	BigDecimal	#	/	defined	public
bigdecimal	BigDecimal	#	div	defined	public
bigdecimal	BigDecimal	#	quo	defined	public
bigdecimal	BigDecimal	#	<	defined	public
bigdecimal	BigDecimal	#	<=	defined	public
bigdecimal	BigDecimal	#	<=>	defined	public
bigdecimal	BigDecimal	#	==	defined	public
bigdecimal	BigDecimal	#	===	defined	public
bigdecimal	BigDecimal	#	eql?	defined	public
bigdecimal	BigDecimal	#	>	defined	public
bigdecimal	BigDecimal	#	>=	defined	public
bigdecimal	BigDecimal	#	_dump	defined	public
bigdecimal	BigDecimal	#	abs	defined	public
bigdecimal	BigDecimal	#	add	defined	public
bigdecimal	BigDecimal	#	ceil	defined	public
bigdecimal	BigDecimal	#	clone	defined	public
bigdecimal	BigDecimal	#	coerce	defined	public
bigdecimal	BigDecimal	#	div	defined	public
bigdecimal	BigDecimal	#	divmod	defined	public
bigdecimal	BigDecimal	#	dup	defined	public
bigdecimal	BigDecimal	#	exponent	defined	public
bigdecimal	BigDecimal	#	finite?	defined	public
bigdecimal	BigDecimal	#	fix	defined	public
bigdecimal	BigDecimal	#	floor	defined	public
bigdecimal	BigDecimal	#	frac	defined	public
bigdecimal	BigDecimal	#	hash	defined	public
bigdecimal	BigDecimal	#	infinite?	defined	public
bigdecimal	BigDecimal	#	inspect	defined	public
bigdecimal	BigDecimal	#	mult	defined	public
bigdecimal	BigDecimal	#	nan?	defined	public
bigdecimal	BigDecimal	#	nonzero?	defined	public
bigdecimal	BigDecimal	#	precs	defined	public
bigdecimal	BigDecimal	#	remainder	defined	public
bigdecimal	BigDecimal	#	round	defined	public
bigdecimal	BigDecimal	#	sign	defined	public
bigdecimal	BigDecimal	#	split	defined	public
bigdecimal	BigDecimal	#	sqrt	defined	public
bigdecimal	BigDecimal	#	sub	defined	public
bigdecimal/util	BigDecimal	#	to_d	added	public
bigdecimal/util	BigDecimal	#	to_digits	added	public
bigdecimal	BigDecimal	#	to_f	defined	public
bigdecimal	BigDecimal	#	to_i	defined	public
bigdecimal	BigDecimal	#	to_int	defined	public
json/add/bigdecimal	BigDecimal	#	to_json	added	public
bigdecimal	BigDecimal	#	to_r	defined	public
bigdecimal	BigDecimal	#	to_s	defined	public
bigdecimal	BigDecimal	#	truncate	defined	public
bigdecimal	BigDecimal	#	zero?	defined	public
bigdecimal	BigDecimal	.	_load	defined	public
bigdecimal	BigDecimal	.	double_fig	defined	public
json/add/bigdecimal	BigDecimal	.	json_create	added	public
bigdecimal	BigDecimal	.	limit	defined	public
bigdecimal	BigDecimal	.	mode	defined	public
bigdecimal	BigDecimal	.	save_exception_mode	defined	public
bigdecimal	BigDecimal	.	save_limit	defined	public
bigdecimal	BigDecimal	.	save_rounding_mode	defined	public
bigdecimal/math	BigMath	.#	E	added	public
bigdecimal/math	BigMath	.#	PI	added	public
bigdecimal/math	BigMath	.#	atan	added	public
bigdecimal/math	BigMath	.#	cos	added	public
bigdecimal	BigMath	.#	exp	defined	public
bigdecimal	BigMath	.#	log	defined	public
bigdecimal/math	BigMath	.#	sin	added	public
bigdecimal/math	BigMath	.#	sqrt	added	public
_builtin	Binding	#	eval	defined	public
_builtin	Binding	#	irb	defined	public
_builtin	Binding	#	local_variable_defined?	defined	public
_builtin	Binding	#	local_variable_get	defined	public
_builtin	Binding	#	local_variable_set	defined	public
_builtin	Binding	#	local_variables	defined	public
_builtin	Binding	#	receiver	defined	public
_builtin	Binding	#	source_location	defined	public
cgi/core	CGI	::	CR	defined	public
cgi/core	CGI	::	EOL	defined	public
cgi/core	CGI	::	HTTP_STATUS	defined	public
cgi/core	CGI	::	LF	defined	public
cgi/core	CGI	::	MAX_MULTIPART_COUNT	defined	public
cgi/core	CGI	::	MAX_MULTIPART_LENGTH	defined	public
cgi/core	CGI	::	NEEDS_BINMODE	defined	public
cgi/core	CGI	::	PATH_SEPARATOR	defined	public
cgi/util	CGI	::	RFC822_DAYS	added	public
cgi/util	CGI	::	RFC822_MONTHS	added	public
cgi/util	CGI	::	TABLE_FOR_ESCAPE_HTML__	added	public
cgi/core	CGI	#	accept_charset	defined	public
cgi/core	CGI	#	header	defined	public
cgi/core	CGI	#	nph?	defined	public
cgi/core	CGI	#	out	defined	public
cgi/core	CGI	#	print	defined	public
cgi/core	CGI	.	accept_charset	defined	public
cgi/core	CGI	.	accept_charset=	defined	public
cgi/util	CGI	.	escape	added	public
cgi/util	CGI	.	escapeElement	added	public
cgi/util	CGI	.	escape_element	added	public
cgi/util	CGI	.	escapeHTML	added	public
cgi/util	CGI	.	escape_html	added	public
cgi/util	CGI	.	escapeURIComponent	added	public
cgi/core	CGI	.	parse	defined	public
cgi/util	CGI	.	pretty	added	public
cgi/util	CGI	.	rfc1123_date	added	public
cgi/util	CGI	.	unescape	added	public
cgi/util	CGI	.	unescapeElement	added	public
cgi/util	CGI	.	unescape_element	added	public
cgi/util	CGI	.	unescapeHTML	added	public
cgi/util	CGI	.	unescape_html	added	public
cgi/util	CGI	.	unescapeURIComponent	added	public
cgi/cookie	CGI::Cookie	#	domain	defined	public
cgi/cookie	CGI::Cookie	#	domain=	defined	public
cgi/cookie	CGI::Cookie	#	expires	defined	public
cgi/cookie	CGI::Cookie	#	expires=	defined	public
cgi/cookie	CGI::Cookie	#	httponly	defined	public
cgi/cookie	CGI::Cookie	#	httponly=	defined	public
cgi/cookie	CGI::Cookie	#	name	defined	public
cgi/cookie	CGI::Cookie	#	name=	defined	public
cgi/cookie	CGI::Cookie	#	path	defined	public
cgi/cookie	CGI::Cookie	#	path=	defined	public
cgi/cookie	CGI::Cookie	#	secure	defined	public
cgi/cookie	CGI::Cookie	#	secure=	defined	public
cgi/cookie	CGI::Cookie	#	to_s	defined	public
cgi/cookie	CGI::Cookie	#	value	defined	public
cgi/cookie	CGI::Cookie	#	value=	defined	public
cgi/cookie	CGI::Cookie	.	new	defined	public
cgi/cookie	CGI::Cookie	.	parse	defined	public
cgi/html	CGI::Html3	#	doctype	defined	public
cgi/html	CGI::Html3	#	element_init	defined	public
cgi/html	CGI::Html4	#	doctype	defined	public
cgi/html	CGI::Html4	#	element_init	defined	public
cgi/html	CGI::Html4Fr	#	doctype	defined	public
cgi/html	CGI::Html4Fr	#	element_init	defined	public
cgi/html	CGI::Html4Tr	#	doctype	defined	public
cgi/html	CGI::Html4Tr	#	element_init	defined	public
cgi/html	CGI::HtmlExtension	#	a	defined	public
cgi/html	CGI::HtmlExtension	#	base	defined	public
cgi/html	CGI::HtmlExtension	#	blockquote	defined	public
cgi/html	CGI::HtmlExtension	#	caption	defined	public
cgi/html	CGI::HtmlExtension	#	checkbox	defined	public
cgi/html	CGI::HtmlExtension	#	checkbox_group	defined	public
cgi/html	CGI::HtmlExtension	#	file_field	defined	public
cgi/html	CGI::HtmlExtension	#	form	defined	public
cgi/html	CGI::HtmlExtension	#	hidden	defined	public
cgi/html	CGI::HtmlExtension	#	html	defined	public
cgi/html	CGI::HtmlExtension	#	image_button	defined	public
cgi/html	CGI::HtmlExtension	#	img	defined	public
cgi/html	CGI::HtmlExtension	#	multipart_form	defined	public
cgi/html	CGI::HtmlExtension	#	password_field	defined	public
cgi/html	CGI::HtmlExtension	#	popup_menu	defined	public
cgi/html	CGI::HtmlExtension	#	scrolling_list	defined	public
cgi/html	CGI::HtmlExtension	#	radio_button	defined	public
cgi/html	CGI::HtmlExtension	#	radio_group	defined	public
cgi/html	CGI::HtmlExtension	#	reset	defined	public
cgi/html	CGI::HtmlExtension	#	submit	defined	public
cgi/html	CGI::HtmlExtension	#	text_field	defined	public
cgi/html	CGI::HtmlExtension	#	textarea	defined	public
cgi/core	CGI::QueryExtension	#	[]	defined	public
cgi/core	CGI::QueryExtension	#	accept	defined	public
cgi/core	CGI::QueryExtension	#	accept_charset	defined	public
cgi/core	CGI::QueryExtension	#	accept_encoding	defined	public
cgi/core	CGI::QueryExtension	#	accept_language	defined	public
cgi/core	CGI::QueryExtension	#	auth_type	defined	public
cgi/core	CGI::QueryExtension	#	cache_control	defined	public
cgi/core	CGI::QueryExtension	#	content_length	defined	public
cgi/core	CGI::QueryExtension	#	content_type	defined	public
cgi/core	CGI::QueryExtension	#	cookies	defined	public
cgi/core	CGI::QueryExtension	#	cookies=	defined	public
cgi/core	CGI::QueryExtension	#	create_body	defined	public
cgi/core	CGI::QueryExtension	#	files	defined	public
cgi/core	CGI::QueryExtension	#	from	defined	public
cgi/core	CGI::QueryExtension	#	gateway_interface	defined	public
cgi/core	CGI::QueryExtension	#	has_key?	defined	public
cgi/core	CGI::QueryExtension	#	include?	defined	public
cgi/core	CGI::QueryExtension	#	key?	defined	public
cgi/core	CGI::QueryExtension	#	host	defined	public
cgi/core	CGI::QueryExtension	#	keys	defined	public
cgi/core	CGI::QueryExtension	#	multipart?	defined	public
cgi/core	CGI::QueryExtension	#	negotiate	defined	public
cgi/core	CGI::QueryExtension	#	params	defined	public
cgi/core	CGI::QueryExtension	#	params=	defined	public
cgi/core	CGI::QueryExtension	#	path_info	defined	public
cgi/core	CGI::QueryExtension	#	path_translated	defined	public
cgi/core	CGI::QueryExtension	#	pragma	defined	public
cgi/core	CGI::QueryExtension	#	query_string	defined	public
cgi/core	CGI::QueryExtension	#	raw_cookie	defined	public
cgi/core	CGI::QueryExtension	#	raw_cookie2	defined	public
cgi/core	CGI::QueryExtension	#	referer	defined	public
cgi/core	CGI::QueryExtension	#	remote_addr	defined	public
cgi/core	CGI::QueryExtension	#	remote_host	defined	public
cgi/core	CGI::QueryExtension	#	remote_ident	defined	public
cgi/core	CGI::QueryExtension	#	remote_user	defined	public
cgi/core	CGI::QueryExtension	#	request_method	defined	public
cgi/core	CGI::QueryExtension	#	script_name	defined	public
cgi/core	CGI::QueryExtension	#	server_name	defined	public
cgi/core	CGI::QueryExtension	#	server_port	defined	public
cgi/core	CGI::QueryExtension	#	server_protocol	defined	public
cgi/core	CGI::QueryExtension	#	server_software	defined	public
cgi/core	CGI::QueryExtension	#	unescape_filename?	defined	public
cgi/core	CGI::QueryExtension	#	user_agent	defined	public
cgi/core	CGI::QueryExtension::Value	#	[]	defined	public
cgi/core	CGI::QueryExtension::Value	#	first	defined	public
cgi/core	CGI::QueryExtension::Value	#	last	defined	public
cgi/core	CGI::QueryExtension::Value	#	set_params	defined	public
cgi/core	CGI::QueryExtension::Value	#	to_a	defined	public
cgi/core	CGI::QueryExtension::Value	#	to_ary	defined	public
cgi/session	CGI::Session	#	[]	defined	public
cgi/session	CGI::Session	#	[]=	defined	public
cgi/session	CGI::Session	#	close	defined	public
cgi/session	CGI::Session	#	delete	defined	public
cgi/session	CGI::Session	#	new_session	defined	public
cgi/session	CGI::Session	#	session_id	defined	public
cgi/session	CGI::Session	#	update	defined	public
cgi/session	CGI::Session	.	callback	defined	public
cgi/session	CGI::Session	.	new	defined	public
cgi/session	CGI::Session::FileStore	#	close	defined	public
cgi/session	CGI::Session::FileStore	#	delete	defined	public
cgi/session	CGI::Session::FileStore	#	restore	defined	public
cgi/session	CGI::Session::FileStore	#	update	defined	public
cgi/session	CGI::Session::FileStore	.	new	defined	public
cgi/session	CGI::Session::MemoryStore	#	close	defined	public
cgi/session	CGI::Session::MemoryStore	#	delete	defined	public
cgi/session	CGI::Session::MemoryStore	#	restore	defined	public
cgi/session	CGI::Session::MemoryStore	#	update	defined	public
cgi/session	CGI::Session::MemoryStore	.	new	defined	public
cgi/session	CGI::Session::NullStore	#	close	defined	public
cgi/session	CGI::Session::NullStore	#	delete	defined	public
cgi/session	CGI::Session::NullStore	#	restore	defined	public
cgi/session	CGI::Session::NullStore	#	update	defined	public
cgi/session	CGI::Session::NullStore	.	new	defined	public
cgi/session/pstore	CGI::Session::PStore	#	close	defined	public
cgi/session/pstore	CGI::Session::PStore	#	delete	defined	public
cgi/session/pstore	CGI::Session::PStore	#	restore	defined	public
cgi/session/pstore	CGI::Session::PStore	#	update	defined	public
cgi/session/pstore	CGI::Session::PStore	.	new	defined	public
cgi/html	CGI::TagMaker	#	nOE_element_def	defined	public
cgi/html	CGI::TagMaker	#	nO_element_def	defined	public
cgi/html	CGI::TagMaker	#	nn_element_def	defined	public
csv	CSV	::	ConverterEncoding	defined	public
csv	CSV	::	Converters	defined	public
csv	CSV	::	DEFAULT_OPTIONS	defined	public
csv	CSV	::	DateMatcher	defined	public
csv	CSV	::	DateTimeMatcher	defined	public
csv	CSV	::	HeaderConverters	defined	public
csv	CSV	::	VERSION	defined	public
csv	CSV	#	<<	defined	public
csv	CSV	#	add_row	defined	public
csv	CSV	#	puts	defined	public
csv	CSV	#	binmode	defined	public
csv	CSV	#	binmode?	defined	public
csv	CSV	#	close	defined	public
csv	CSV	#	close_read	defined	public
csv	CSV	#	close_write	defined	public
csv	CSV	#	closed?	defined	public
csv	CSV	#	col_sep	defined	public
csv	CSV	#	convert	defined	public
csv	CSV	#	converters	defined	public
csv	CSV	#	each	defined	public
csv	CSV	#	encoding	defined	public
csv	CSV	#	eof	defined	public
csv	CSV	#	eof?	defined	public
csv	CSV	#	external_encoding	defined	public
csv	CSV	#	fcntl	defined	public
csv	CSV	#	field_size_limit	defined	public
csv	CSV	#	fileno	defined	public
csv	CSV	#	to_i	defined	public
csv	CSV	#	flock	defined	public
csv	CSV	#	flush	defined	public
csv	CSV	#	force_quotes?	defined	public
csv	CSV	#	fsync	defined	public
csv	CSV	#	gets	defined	public
csv	CSV	#	readline	defined	public
csv	CSV	#	shift	defined	public
csv	CSV	#	header_convert	defined	public
csv	CSV	#	header_converters	defined	public
csv	CSV	#	header_row?	defined	public
csv	CSV	#	headers	defined	public
csv	CSV	#	inspect	defined	public
csv	CSV	#	internal_encoding	defined	public
csv	CSV	#	ioctl	defined	public
csv	CSV	#	isatty	defined	public
csv	CSV	#	tty?	defined	public
csv	CSV	#	lineno	defined	public
csv	CSV	#	path	defined	public
csv	CSV	#	pid	defined	public
csv	CSV	#	pos	defined	public
csv	CSV	#	tell	defined	public
csv	CSV	#	pos=	defined	public
csv	CSV	#	quote_char	defined	public
csv	CSV	#	read	defined	public
csv	CSV	#	readlines	defined	public
csv	CSV	#	reopen	defined	public
csv	CSV	#	return_headers?	defined	public
csv	CSV	#	rewind	defined	public
csv	CSV	#	row_sep	defined	public
csv	CSV	#	seek	defined	public
csv	CSV	#	skip_blanks?	defined	public
csv	CSV	#	stat	defined	public
csv	CSV	#	string	defined	public
csv	CSV	#	sync	defined	public
csv	CSV	#	sync=	defined	public
csv	CSV	#	to_io	defined	public
csv	CSV	#	truncate	defined	public
csv	CSV	#	unconverted_fields?	defined	public
csv	CSV	#	write_headers?	defined	public
csv	CSV	.	filter	defined	public
csv	CSV	.	foreach	defined	public
csv	CSV	.	generate	defined	public
csv	CSV	.	generate_line	defined	public
csv	CSV	.	instance	defined	public
csv	CSV	.	new	defined	public
csv	CSV	.	open	defined	public
csv	CSV	.	parse	defined	public
csv	CSV	.	parse_line	defined	public
csv	CSV	.	read	defined	public
csv	CSV	.	readlines	defined	public
csv	CSV	.	table	defined	public
csv	CSV::FieldInfo	#	header	defined	public
csv	CSV::FieldInfo	#	header=	defined	public
csv	CSV::FieldInfo	#	index	defined	public
csv	CSV::FieldInfo	#	index=	defined	public
csv	CSV::FieldInfo	#	line	defined	public
csv	CSV::FieldInfo	#	line=	defined	public
csv	CSV::Row	#	<<	defined	public
csv	CSV::Row	#	==	defined	public
csv	CSV::Row	#	[]	defined	public
csv	CSV::Row	#	field	defined	public
csv	CSV::Row	#	[]=	defined	public
csv	CSV::Row	#	deconstruct	defined	public
csv	CSV::Row	#	deconstruct_keys	defined	public
csv	CSV::Row	#	delete	defined	public
csv	CSV::Row	#	delete_if	defined	public
csv	CSV::Row	#	each	defined	public
csv	CSV::Row	#	empty?	defined	public
csv	CSV::Row	#	field?	defined	public
csv	CSV::Row	#	field_row?	defined	public
csv	CSV::Row	#	fields	defined	public
csv	CSV::Row	#	values_at	defined	public
csv	CSV::Row	#	header?	defined	public
csv	CSV::Row	#	include?	defined	public
csv	CSV::Row	#	header_row?	defined	public
csv	CSV::Row	#	headers	defined	public
csv	CSV::Row	#	index	defined	public
csv	CSV::Row	#	inspect	defined	public
csv	CSV::Row	#	length	defined	public
csv	CSV::Row	#	size	defined	public
csv	CSV::Row	#	push	defined	public
csv	CSV::Row	#	row	defined	protected
csv	CSV::Row	#	to_csv	defined	public
csv	CSV::Row	#	to_s	defined	public
csv	CSV::Row	#	to_hash	defined	public
csv	CSV::Row	.	new	defined	public
csv	CSV::Table	#	<<	defined	public
csv	CSV::Table	#	==	defined	public
csv	CSV::Table	#	[]	defined	public
csv	CSV::Table	#	[]=	defined	public
csv	CSV::Table	#	by_col	defined	public
csv	CSV::Table	#	by_col!	defined	public
csv	CSV::Table	#	by_col_or_row	defined	public
csv	CSV::Table	#	by_col_or_row!	defined	public
csv	CSV::Table	#	by_row	defined	public
csv	CSV::Table	#	by_row!	defined	public
csv	CSV::Table	#	delete	defined	public
csv	CSV::Table	#	delete_if	defined	public
csv	CSV::Table	#	each	defined	public
csv	CSV::Table	#	empty?	defined	public
csv	CSV::Table	#	headers	defined	public
csv	CSV::Table	#	inspect	defined	public
csv	CSV::Table	#	length	defined	public
csv	CSV::Table	#	size	defined	public
csv	CSV::Table	#	mode	defined	public
csv	CSV::Table	#	push	defined	public
csv	CSV::Table	#	table	defined	protected
csv	CSV::Table	#	to_a	defined	public
csv	CSV::Table	#	to_csv	defined	public
csv	CSV::Table	#	to_s	defined	public
csv	CSV::Table	#	values_at	defined	public
csv	CSV::Table	.	new	defined	public
_builtin	Class	#	_load	defined	public
_builtin	Class	#	allocate	defined	public
_builtin	Class	#	attached_object	defined	public
_builtin	Class	#	inherited	defined	private
json	Class	#	json_creatable?	added	public
_builtin	Class	#	new	defined	public
_builtin	Class	#	subclasses	defined	public
_builtin	Class	#	superclass	defined	public
_builtin	Class	.	new	defined	public
_builtin	Comparable	#	<	defined	public
_builtin	Comparable	#	<=	defined	public
_builtin	Comparable	#	==	defined	public
_builtin	Comparable	#	>	defined	public
_builtin	Comparable	#	>=	defined	public
_builtin	Comparable	#	between?	defined	public
_builtin	Comparable	#	clamp	defined	public
_builtin	Complex	::	I	defined	private
_builtin	Complex	#	*	defined	public
_builtin	Complex	#	**	defined	public
_builtin	Complex	#	+	defined	public
_builtin	Complex	#	-	defined	public
_builtin	Complex	#	-@	defined	public
_builtin	Complex	#	/	defined	public
_builtin	Complex	#	quo	defined	public
_builtin	Complex	#	<	undefined	public
_builtin	Complex	#	<=	undefined	public
_builtin	Complex	#	<=>	defined	public
_builtin	Complex	#	==	defined	public
_builtin	Complex	#	>	undefined	public
_builtin	Complex	#	>=	undefined	public
_builtin	Complex	#	abs	defined	public
_builtin	Complex	#	magnitude	defined	public
_builtin	Complex	#	abs2	defined	public
_builtin	Complex	#	angle	defined	public
_builtin	Complex	#	arg	defined	public
_builtin	Complex	#	phase	defined	public
_builtin	Complex	#	between?	undefined	public
_builtin	Complex	#	clamp	undefined	public
_builtin	Complex	#	coerce	defined	public
_builtin	Complex	#	conj	defined	public
_builtin	Complex	#	conjugate	defined	public
_builtin	Complex	#	denominator	defined	public
_builtin	Complex	#	fdiv	defined	public
_builtin	Complex	#	finite?	defined	public
_builtin	Complex	#	imag	defined	public
_builtin	Complex	#	imaginary	defined	public
_builtin	Complex	#	infinite?	defined	public
_builtin	Complex	#	inspect	defined	public
_builtin	Complex	#	marshal_dump	defined	private
_builtin	Complex	#	numerator	defined	public
_builtin	Complex	#	polar	defined	public
_builtin	Complex	#	rationalize	defined	public
_builtin	Complex	#	real	defined	public
_builtin	Complex	#	real?	defined	public
_builtin	Complex	#	rect	defined	public
_builtin	Complex	#	rectangular	defined	public
_builtin	Complex	#	to_c	defined	public
_builtin	Complex	#	to_f	defined	public
_builtin	Complex	#	to_i	defined	public
json/add/complex	Complex	#	to_json	added	public
_builtin	Complex	#	to_r	defined	public
_builtin	Complex	#	to_s	defined	public
json/add/complex	Complex	.	json_create	added	public
_builtin	Complex	.	polar	defined	public
_builtin	Complex	.	rect	defined	public
_builtin	Complex	.	rectangular	defined	public
continuation	Continuation	#	[]	defined	public
continuation	Continuation	#	call	defined	public
coverage	Coverage	.	line_stub	defined	public
coverage	Coverage	.	peek_result	defined	public
coverage	Coverage	.	result	defined	public
coverage	Coverage	.	running?	defined	public
coverage	Coverage	.	start	defined	public
drb	DRb	.#	config	defined	public
drb	DRb	.#	current_server	defined	public
drb	DRb	.#	front	defined	public
drb	DRb	.#	here?	defined	public
drb	DRb	.#	install_acl	defined	public
drb	DRb	.#	install_id_conv	defined	public
drb	DRb	.#	primary_server	defined	public
drb	DRb	.#	primary_server=	defined	public
drb	DRb	.#	start_service	defined	public
drb	DRb	.#	stop_service	defined	public
drb	DRb	.#	thread	defined	public
drb	DRb	.#	uri	defined	public
drb	DRb::DRbIdConv	#	to_id	defined	public
drb	DRb::DRbIdConv	#	to_obj	defined	public
drb	DRb::DRbObject	#	==	defined	public
drb	DRb::DRbObject	#	eql?	defined	public
drb	DRb::DRbObject	#	__drbref	defined	public
drb	DRb::DRbObject	#	__drburi	defined	public
drb	DRb::DRbObject	.	new_with_uri	defined	public
drb	DRb::DRbProtocol	.#	add_protocol	defined	public
drb	DRb::DRbRemoteError	#	reason	defined	public
drb	DRb::DRbServer	::	INSECURE_METHOD	defined	public
drb	DRb::DRbServer	#	alive?	defined	public
drb	DRb::DRbServer	#	config	defined	public
drb	DRb::DRbServer	#	front	defined	public
drb	DRb::DRbServer	#	here?	defined	public
drb	DRb::DRbServer	#	stop_service	defined	public
drb	DRb::DRbServer	#	thread	defined	public
drb	DRb::DRbServer	#	uri	defined	public
drb	DRb::DRbServer	#	verbose	defined	public
drb	DRb::DRbServer	#	verbose=	defined	public
drb	DRb::DRbServer	.	default_acl	defined	public
drb	DRb::DRbServer	.	default_argc_limit	defined	public
drb	DRb::DRbServer	.	default_id_conv	defined	public
drb	DRb::DRbServer	.	default_load_limit	defined	public
drb	DRb::DRbServer	.	new	defined	public
drb	DRb::DRbServer	.	verbose	defined	public
drb	DRb::DRbServer	.	verbose=	defined	public
drb/unix	DRb::DRbUNIXSocket	#	accept	defined	public
drb/unix	DRb::DRbUNIXSocket	#	close	defined	public
drb/unix	DRb::DRbUNIXSocket	#	uri	defined	public
drb/unix	DRb::DRbUNIXSocket	.	open	defined	public
drb/unix	DRb::DRbUNIXSocket	.	open_server	defined	public
drb/unix	DRb::DRbUNIXSocket	.	uri_option	defined	public
drb	DRb::DRbUnknown	#	buf	defined	public
drb	DRb::DRbUnknown	#	exception	defined	public
drb	DRb::DRbUnknown	#	name	defined	public
drb	DRb::DRbUnknown	#	reload	defined	public
drb	DRb::DRbUnknownError	#	unknown	defined	public
drb/extserv	DRb::ExtServ	#	alive?	defined	public
drb/extserv	DRb::ExtServ	#	front	defined	public
drb/extserv	DRb::ExtServ	#	server	defined	public
drb/extserv	DRb::ExtServ	#	stop_service	defined	public
drb/extserv	DRb::ExtServ	.	new	defined	public
drb/extservm	DRb::ExtServManager	#	service	defined	public
drb/extservm	DRb::ExtServManager	#	uri	defined	public
drb/extservm	DRb::ExtServManager	#	uri=	defined	public
drb/extservm	DRb::ExtServManager	.	command	defined	public
drb/extservm	DRb::ExtServManager	.	command=	defined	public
drb/extservm	DRb::ExtServManager	.	new	defined	public
drb/gw	DRb::GW	#	[]	defined	public
drb/gw	DRb::GW	#	[]=	defined	public
drb/gw	DRb::GW	.	new	defined	public
drb/timeridconv	DRb::TimerIdConv	#	to_id	defined	public
drb/timeridconv	DRb::TimerIdConv	#	to_obj	defined	public
drb/timeridconv	DRb::TimerIdConv	.	new	defined	public
_builtin	Data	#	==	defined	public
_builtin	Data	#	deconstruct	defined	public
_builtin	Data	#	deconstruct_keys	defined	public
_builtin	Data	#	eql?	defined	public
_builtin	Data	#	hash	defined	public
_builtin	Data	#	inspect	defined	public
_builtin	Data	#	to_s	defined	public
_builtin	Data	#	members	defined	public
_builtin	Data	#	to_h	defined	public
_builtin	Data	#	with	defined	public
_builtin	Data	.	[]	defined	public
_builtin	Data	.	new	defined	public
_builtin	Data	.	define	defined	public
_builtin	Data	.	members	defined	public
date	Date	::	ENGLAND	defined	public
date	Date	::	GREGORIAN	defined	public
date	Date	::	ITALY	defined	public
date	Date	::	JULIAN	defined	public
date	Date	#	+	defined	public
date	Date	#	-	defined	public
date	Date	#	<<	defined	public
date	Date	#	<=>	defined	public
date	Date	#	===	defined	public
date	Date	#	>>	defined	public
date	Date	#	ajd	defined	public
date	Date	#	amjd	defined	public
date	Date	#	asctime	defined	public
date	Date	#	ctime	defined	public
date	Date	#	cwday	defined	public
date	Date	#	cweek	defined	public
date	Date	#	cwyear	defined	public
date	Date	#	day	defined	public
date	Date	#	mday	defined	public
date	Date	#	deconstruct_keys	defined	public
date	Date	#	downto	defined	public
date	Date	#	england	defined	public
date	Date	#	friday?	defined	public
date	Date	#	gregorian	defined	public
date	Date	#	gregorian?	defined	public
date	Date	#	httpdate	defined	public
date	Date	#	iso8601	defined	public
date	Date	#	italy	defined	public
date	Date	#	jd	defined	public
date	Date	#	jisx0301	defined	public
date	Date	#	julian	defined	public
date	Date	#	julian?	defined	public
date	Date	#	ld	defined	public
date	Date	#	leap?	defined	public
date	Date	#	mjd	defined	public
date	Date	#	mon	defined	public
date	Date	#	month	defined	public
date	Date	#	monday?	defined	public
date	Date	#	new_start	defined	public
date	Date	#	next	defined	public
date	Date	#	succ	defined	public
date	Date	#	next_day	defined	public
date	Date	#	next_month	defined	public
date	Date	#	next_year	defined	public
date	Date	#	prev_day	defined	public
date	Date	#	prev_month	defined	public
date	Date	#	prev_year	defined	public
date	Date	#	rfc2822	defined	public
date	Date	#	rfc822	defined	public
date	Date	#	rfc3339	defined	public
date	Date	#	saturday?	defined	public
date	Date	#	start	defined	public
date	Date	#	step	defined	public
date	Date	#	strftime	defined	public
date	Date	#	sunday?	defined	public
date	Date	#	thursday?	defined	public
date	Date	#	to_date	defined	public
date	Date	#	to_datetime	defined	public
json/add/date	Date	#	to_json	added	public
date	Date	#	to_s	defined	public
date	Date	#	to_time	defined	public
date	Date	#	tuesday?	defined	public
date	Date	#	upto	defined	public
date	Date	#	wday	defined	public
date	Date	#	wednesday?	defined	public
date	Date	#	xmlschema	defined	public
date	Date	#	yday	defined	public
date	Date	#	year	defined	public
date	Date	.	_httpdate	defined	public
date	Date	.	_iso8601	defined	public
date	Date	.	_jisx0301	defined	public
date	Date	.	_parse	defined	public
date	Date	.	_rfc2822	defined	public
date	Date	.	_rfc822	defined	public
date	Date	.	_rfc3339	defined	public
date	Date	.	_strptime	defined	public
date	Date	.	_xmlschema	defined	public
date	Date	.	civil	defined	public
date	Date	.	new	defined	public
date	Date	.	commercial	defined	public
date	Date	.	gregorian_leap?	defined	public
date	Date	.	leap?	defined	public
date	Date	.	httpdate	defined	public
date	Date	.	iso8601	defined	public
date	Date	.	jd	defined	public
date	Date	.	jisx0301	defined	public
json/add/date	Date	.	json_create	added	public
date	Date	.	julian_leap?	defined	public
date	Date	.	ordinal	defined	public
date	Date	.	parse	defined	public
date	Date	.	rfc2822	defined	public
date	Date	.	rfc822	defined	public
date	Date	.	rfc3339	defined	public
date	Date	.	strptime	defined	public
date	Date	.	today	defined	public
date	Date	.	valid_civil?	defined	public
date	Date	.	valid_date?	defined	public
date	Date	.	valid_commercial?	defined	public
date	Date	.	valid_jd?	defined	public
date	Date	.	valid_ordinal?	defined	public
date	Date	.	xmlschema	defined	public
date	DateTime	#	deconstruct_keys	defined	public
date	DateTime	#	hour	defined	public
date	DateTime	#	iso8601	defined	public
date	DateTime	#	rfc3339	defined	public
date	DateTime	#	xmlschema	defined	public
date	DateTime	#	jisx0301	defined	public
date	DateTime	#	min	defined	public
date	DateTime	#	minute	defined	public
date	DateTime	#	new_offset	defined	public
date	DateTime	#	offset	defined	public
date	DateTime	#	sec	defined	public
date	DateTime	#	second	defined	public
date	DateTime	#	sec_fraction	defined	public
date	DateTime	#	second_fraction	defined	public
date	DateTime	#	to_date	defined	public
date	DateTime	#	to_datetime	defined	public
json/add/date_time	DateTime	#	to_json	added	public
date	DateTime	#	to_time	defined	public
date	DateTime	#	zone	defined	public
date	DateTime	.	_strptime	defined	public
date	DateTime	.	civil	defined	public
date	DateTime	.	new	defined	public
date	DateTime	.	commercial	defined	public
date	DateTime	.	httpdate	defined	public
date	DateTime	.	iso8601	defined	public
date	DateTime	.	jd	defined	public
date	DateTime	.	jisx0301	defined	public
json/add/date_time	DateTime	.	json_create	added	public
date	DateTime	.	now	defined	public
date	DateTime	.	ordinal	defined	public
date	DateTime	.	parse	defined	public
date	DateTime	.	rfc2822	defined	public
date	DateTime	.	rfc822	defined	public
date	DateTime	.	rfc3339	defined	public
date	DateTime	.	strptime	defined	public
date	DateTime	.	today	defined	public
date	DateTime	.	xmlschema	defined	public
delegate	Delegator	#	!	defined	public
delegate	Delegator	#	!=	defined	public
delegate	Delegator	#	==	defined	public
delegate	Delegator	#	__getobj__	defined	public
delegate	Delegator	#	__setobj__	defined	public
delegate	Delegator	#	freeze	defined	public
delegate	Delegator	#	marshal_dump	defined	public
delegate	Delegator	#	marshal_load	defined	public
delegate	Delegator	#	method_missing	defined	public
delegate	Delegator	#	methods	defined	public
delegate	Delegator	#	protected_methods	defined	public
delegate	Delegator	#	public_methods	defined	public
delegate	Delegator	#	respond_to?	defined	public
delegate	Delegator	#	respond_to_missing?	defined	public
digest/bubblebabble	Digest	.#	bubblebabble	added	public
digest	Digest	.#	hexencode	defined	public
digest	Digest::Base	#	<<	defined	public
digest	Digest::Base	#	update	defined	public
digest	Digest::Base	#	==	defined	public
digest	Digest::Base	#	base64digest	defined	public
digest	Digest::Base	#	base64digest!	defined	public
digest	Digest::Base	#	block_length	defined	public
digest	Digest::Base	#	clone	defined	public
digest	Digest::Base	#	dup	defined	public
digest	Digest::Base	#	digest	defined	public
digest	Digest::Base	#	digest!	defined	public
digest	Digest::Base	#	digest_length	defined	public
digest	Digest::Base	#	length	defined	public
digest	Digest::Base	#	size	defined	public
digest	Digest::Base	#	file	defined	public
digest	Digest::Base	#	hexdigest	defined	public
digest	Digest::Base	#	to_s	defined	public
digest	Digest::Base	#	hexdigest!	defined	public
digest	Digest::Base	#	reset	defined	public
digest	Digest::Base	.	base64digest	defined	public
digest	Digest::Base	.	digest	defined	public
digest	Digest::Base	.	file	defined	public
digest	Digest::Base	.	hexdigest	defined	public
digest	Digest::Base	.	new	defined	public
digest/sha2	Digest::SHA2	#	block_length	defined	public
digest/sha2	Digest::SHA2	#	digest_length	defined	public
digest/sha2	Digest::SHA2	.	new	defined	public
_builtin	Dir	#	chdir	defined	public
_builtin	Dir	#	children	defined	public
_builtin	Dir	#	close	defined	public
_builtin	Dir	#	each	defined	public
_builtin	Dir	#	each_child	defined	public
_builtin	Dir	#	fileno	defined	public
_builtin	Dir	#	inspect	defined	public
_builtin	Dir	#	path	defined	public
_builtin	Dir	#	to_path	defined	public
_builtin	Dir	#	pos	defined	public
_builtin	Dir	#	tell	defined	public
_builtin	Dir	#	pos=	defined	public
_builtin	Dir	#	seek	defined	public
_builtin	Dir	#	read	defined	public
_builtin	Dir	#	rewind	defined	public
_builtin	Dir	.	[]	defined	public
_builtin	Dir	.	glob	defined	public
_builtin	Dir	.	chdir	defined	public
_builtin	Dir	.	children	defined	public
_builtin	Dir	.	chroot	defined	public
_builtin	Dir	.	delete	defined	public
_builtin	Dir	.	rmdir	defined	public
_builtin	Dir	.	unlink	defined	public
_builtin	Dir	.	each_child	defined	public
_builtin	Dir	.	empty?	defined	public
_builtin	Dir	.	entries	defined	public
_builtin	Dir	.	exist?	defined	public
_builtin	Dir	.	fchdir	defined	public
_builtin	Dir	.	for_fd	defined	public
_builtin	Dir	.	foreach	defined	public
_builtin	Dir	.	getwd	defined	public
_builtin	Dir	.	pwd	defined	public
_builtin	Dir	.	home	defined	public
_builtin	Dir	.	mkdir	defined	public
tmpdir	Dir	.	mktmpdir	added	public
_builtin	Dir	.	new	defined	public
_builtin	Dir	.	open	defined	public
tmpdir	Dir	.	tmpdir	added	public
_builtin	ENV	.	[]	defined	public
_builtin	ENV	.	[]=	defined	public
_builtin	ENV	.	store	defined	public
_builtin	ENV	.	assoc	defined	public
_builtin	ENV	.	clear	defined	public
_builtin	ENV	.	clone	defined	public
_builtin	ENV	.	delete	defined	public
_builtin	ENV	.	delete_if	defined	public
_builtin	ENV	.	reject!	defined	public
_builtin	ENV	.	dup	defined	public
_builtin	ENV	.	each	defined	public
_builtin	ENV	.	each_pair	defined	public
_builtin	ENV	.	each_key	defined	public
_builtin	ENV	.	each_value	defined	public
_builtin	ENV	.	empty?	defined	public
_builtin	ENV	.	except	defined	public
_builtin	ENV	.	fetch	defined	public
_builtin	ENV	.	filter	defined	public
_builtin	ENV	.	select	defined	public
_builtin	ENV	.	filter!	defined	public
_builtin	ENV	.	keep_if	defined	public
_builtin	ENV	.	select!	defined	public
_builtin	ENV	.	freeze	defined	public
_builtin	ENV	.	has_key?	defined	public
_builtin	ENV	.	include?	defined	public
_builtin	ENV	.	key?	defined	public
_builtin	ENV	.	member?	defined	public
_builtin	ENV	.	has_value?	defined	public
_builtin	ENV	.	value?	defined	public
_builtin	ENV	.	inspect	defined	public
_builtin	ENV	.	invert	defined	public
_builtin	ENV	.	key	defined	public
_builtin	ENV	.	keys	defined	public
_builtin	ENV	.	length	defined	public
_builtin	ENV	.	size	defined	public
_builtin	ENV	.	merge!	defined	public
_builtin	ENV	.	update	defined	public
_builtin	ENV	.	rassoc	defined	public
_builtin	ENV	.	rehash	defined	public
_builtin	ENV	.	reject	defined	public
_builtin	ENV	.	replace	defined	public
_builtin	ENV	.	shift	defined	public
_builtin	ENV	.	slice	defined	public
_builtin	ENV	.	to_a	defined	public
_builtin	ENV	.	to_h	defined	public
_builtin	ENV	.	to_hash	defined	public
_builtin	ENV	.	to_s	defined	public
_builtin	ENV	.	values	defined	public
_builtin	ENV	.	values_at	defined	public
erb	ERB	#	def_class	defined	public
erb	ERB	#	def_method	defined	public
erb	ERB	#	def_module	defined	public
erb	ERB	#	filename	defined	public
erb	ERB	#	filename=	defined	public
erb	ERB	#	result	defined	public
erb	ERB	#	result_with_hash	defined	public
erb	ERB	#	run	defined	public
erb	ERB	#	set_eoutvar	defined	public
erb	ERB	#	src	defined	public
erb	ERB	.	new	defined	public
erb	ERB	.	version	defined	public
erb	ERB::DefMethod	.#	def_erb_method	defined	public
erb	ERB::Util	.#	h	defined	public
erb	ERB::Util	.#	html_escape	defined	public
erb	ERB::Util	.#	u	defined	public
erb	ERB::Util	.#	url_encode	defined	public
_builtin	Encoding	::	ANSI_X3_4_1968	defined	public
_builtin	Encoding	::	ASCII	defined	public
_builtin	Encoding	::	US_ASCII	defined	public
_builtin	Encoding	::	ASCII_8BIT	defined	public
_builtin	Encoding	::	BINARY	defined	public
_builtin	Encoding	::	BIG5	defined	public
_builtin	Encoding	::	Big5	defined	public
_builtin	Encoding	::	BIG5_HKSCS	defined	public
_builtin	Encoding	::	BIG5_HKSCS_2008	defined	public
_builtin	Encoding	::	Big5_HKSCS	defined	public
_builtin	Encoding	::	Big5_HKSCS_2008	defined	public
_builtin	Encoding	::	BIG5_UAO	defined	public
_builtin	Encoding	::	Big5_UAO	defined	public
_builtin	Encoding	::	CESU_8	defined	public
_builtin	Encoding	::	CP1250	defined	public
_builtin	Encoding	::	WINDOWS_1250	defined	public
_builtin	Encoding	::	Windows_1250	defined	public
_builtin	Encoding	::	CP1251	defined	public
_builtin	Encoding	::	WINDOWS_1251	defined	public
_builtin	Encoding	::	Windows_1251	defined	public
_builtin	Encoding	::	CP1252	defined	public
_builtin	Encoding	::	WINDOWS_1252	defined	public
_builtin	Encoding	::	Windows_1252	defined	public
_builtin	Encoding	::	CP1253	defined	public
_builtin	Encoding	::	WINDOWS_1253	defined	public
_builtin	Encoding	::	Windows_1253	defined	public
_builtin	Encoding	::	CP1254	defined	public
_builtin	Encoding	::	WINDOWS_1254	defined	public
_builtin	Encoding	::	Windows_1254	defined	public
_builtin	Encoding	::	CP1255	defined	public
_builtin	Encoding	::	WINDOWS_1255	defined	public
_builtin	Encoding	::	Windows_1255	defined	public
_builtin	Encoding	::	CP1256	defined	public
_builtin	Encoding	::	WINDOWS_1256	defined	public
_builtin	Encoding	::	Windows_1256	defined	public
_builtin	Encoding	::	CP1257	defined	public
_builtin	Encoding	::	WINDOWS_1257	defined	public
_builtin	Encoding	::	Windows_1257	defined	public
_builtin	Encoding	::	CP1258	defined	public
_builtin	Encoding	::	WINDOWS_1258	defined	public
_builtin	Encoding	::	Windows_1258	defined	public
_builtin	Encoding	::	CP437	defined	public
_builtin	Encoding	::	IBM437	defined	public
_builtin	Encoding	::	CP50220	defined	public
_builtin	Encoding	::	CP50221	defined	public
_builtin	Encoding	::	CP51932	defined	public
_builtin	Encoding	::	CP65000	defined	public
_builtin	Encoding	::	UTF_7	defined	public
_builtin	Encoding	::	CP65001	defined	public
_builtin	Encoding	::	UTF_8	defined	public
_builtin	Encoding	::	CP720	defined	public
_builtin	Encoding	::	IBM720	defined	public
_builtin	Encoding	::	CP737	defined	public
_builtin	Encoding	::	IBM737	defined	public
_builtin	Encoding	::	CP775	defined	public
_builtin	Encoding	::	IBM775	defined	public
_builtin	Encoding	::	CP850	defined	public
_builtin	Encoding	::	IBM850	defined	public
_builtin	Encoding	::	CP852	defined	public
_builtin	Encoding	::	IBM852	defined	public
_builtin	Encoding	::	CP855	defined	public
_builtin	Encoding	::	IBM855	defined	public
_builtin	Encoding	::	CP857	defined	public
_builtin	Encoding	::	IBM857	defined	public
_builtin	Encoding	::	CP860	defined	public
_builtin	Encoding	::	IBM860	defined	public
_builtin	Encoding	::	CP861	defined	public
_builtin	Encoding	::	IBM861	defined	public
_builtin	Encoding	::	CP862	defined	public
_builtin	Encoding	::	IBM862	defined	public
_builtin	Encoding	::	CP863	defined	public
_builtin	Encoding	::	IBM863	defined	public
_builtin	Encoding	::	CP864	defined	public
_builtin	Encoding	::	IBM864	defined	public
_builtin	Encoding	::	CP865	defined	public
_builtin	Encoding	::	IBM865	defined	public
_builtin	Encoding	::	CP866	defined	public
_builtin	Encoding	::	IBM866	defined	public
_builtin	Encoding	::	CP869	defined	public
_builtin	Encoding	::	IBM869	defined	public
_builtin	Encoding	::	CP874	defined	public
_builtin	Encoding	::	WINDOWS_874	defined	public
_builtin	Encoding	::	Windows_874	defined	public
_builtin	Encoding	::	CP878	defined	public
_builtin	Encoding	::	KOI8_R	defined	public
_builtin	Encoding	::	CP932	defined	public
_builtin	Encoding	::	CSWINDOWS31J	defined	public
_builtin	Encoding	::	CsWindows31J	defined	public
_builtin	Encoding	::	PCK	defined	public
_builtin	Encoding	::	SJIS	defined	public
_builtin	Encoding	::	WINDOWS_31J	defined	public
_builtin	Encoding	::	Windows_31J	defined	public
_builtin	Encoding	::	CP936	defined	public
_builtin	Encoding	::	GBK	defined	public
_builtin	Encoding	::	CP949	defined	public
_builtin	Encoding	::	CP950	defined	public
_builtin	Encoding	::	CP951	defined	public
_builtin	Encoding	::	EBCDIC_CP_US	defined	public
_builtin	Encoding	::	IBM037	defined	public
_builtin	Encoding	::	EMACS_MULE	defined	public
_builtin	Encoding	::	Emacs_Mule	defined	public
_builtin	Encoding	::	EUCCN	defined	public
_builtin	Encoding	::	EUC_CN	defined	public
_builtin	Encoding	::	EucCN	defined	public
_builtin	Encoding	::	GB2312	defined	public
_builtin	Encoding	::	EUCJP	defined	public
_builtin	Encoding	::	EUC_JP	defined	public
_builtin	Encoding	::	EucJP	defined	public
_builtin	Encoding	::	EUCJP_MS	defined	public
_builtin	Encoding	::	EUC_JP_MS	defined	public
_builtin	Encoding	::	EucJP_ms	defined	public
_builtin	Encoding	::	EUCKR	defined	public
_builtin	Encoding	::	EUC_KR	defined	public
_builtin	Encoding	::	EucKR	defined	public
_builtin	Encoding	::	EUCTW	defined	public
_builtin	Encoding	::	EUC_TW	defined	public
_builtin	Encoding	::	EucTW	defined	public
_builtin	Encoding	::	EUC_JISX0213	defined	public
_builtin	Encoding	::	EUC_JIS_2004	defined	public
_builtin	Encoding	::	GB12345	defined	public
_builtin	Encoding	::	GB18030	defined	public
_builtin	Encoding	::	GB1988	defined	public
_builtin	Encoding	::	ISO2022_JP	defined	public
_builtin	Encoding	::	ISO_2022_JP	defined	public
_builtin	Encoding	::	ISO2022_JP2	defined	public
_builtin	Encoding	::	ISO_2022_JP_2	defined	public
_builtin	Encoding	::	ISO8859_1	defined	public
_builtin	Encoding	::	ISO_8859_1	defined	public
_builtin	Encoding	::	ISO8859_10	defined	public
_builtin	Encoding	::	ISO_8859_10	defined	public
_builtin	Encoding	::	ISO8859_11	defined	public
_builtin	Encoding	::	ISO_8859_11	defined	public
_builtin	Encoding	::	ISO8859_13	defined	public
_builtin	Encoding	::	ISO_8859_13	defined	public
_builtin	Encoding	::	ISO8859_14	defined	public
_builtin	Encoding	::	ISO_8859_14	defined	public
_builtin	Encoding	::	ISO8859_15	defined	public
_builtin	Encoding	::	ISO_8859_15	defined	public
_builtin	Encoding	::	ISO8859_16	defined	public
_builtin	Encoding	::	ISO_8859_16	defined	public
_builtin	Encoding	::	ISO8859_2	defined	public
_builtin	Encoding	::	ISO_8859_2	defined	public
_builtin	Encoding	::	ISO8859_3	defined	public
_builtin	Encoding	::	ISO_8859_3	defined	public
_builtin	Encoding	::	ISO8859_4	defined	public
_builtin	Encoding	::	ISO_8859_4	defined	public
_builtin	Encoding	::	ISO8859_5	defined	public
_builtin	Encoding	::	ISO_8859_5	defined	public
_builtin	Encoding	::	ISO8859_6	defined	public
_builtin	Encoding	::	ISO_8859_6	defined	public
_builtin	Encoding	::	ISO8859_7	defined	public
_builtin	Encoding	::	ISO_8859_7	defined	public
_builtin	Encoding	::	ISO8859_8	defined	public
_builtin	Encoding	::	ISO_8859_8	defined	public
_builtin	Encoding	::	ISO8859_9	defined	public
_builtin	Encoding	::	ISO_8859_9	defined	public
_builtin	Encoding	::	ISO_2022_JP_KDDI	defined	public
_builtin	Encoding	::	KOI8_U	defined	public
_builtin	Encoding	::	MACCENTEURO	defined	public
_builtin	Encoding	::	MacCentEuro	defined	public
_builtin	Encoding	::	MACCROATIAN	defined	public
_builtin	Encoding	::	MacCroatian	defined	public
_builtin	Encoding	::	MACCYRILLIC	defined	public
_builtin	Encoding	::	MacCyrillic	defined	public
_builtin	Encoding	::	MACGREEK	defined	public
_builtin	Encoding	::	MacGreek	defined	public
_builtin	Encoding	::	MACICELAND	defined	public
_builtin	Encoding	::	MacIceland	defined	public
_builtin	Encoding	::	MACJAPAN	defined	public
_builtin	Encoding	::	MACJAPANESE	defined	public
_builtin	Encoding	::	MacJapan	defined	public
_builtin	Encoding	::	MacJapanese	defined	public
_builtin	Encoding	::	MACROMAN	defined	public
_builtin	Encoding	::	MacRoman	defined	public
_builtin	Encoding	::	MACROMANIA	defined	public
_builtin	Encoding	::	MacRomania	defined	public
_builtin	Encoding	::	MACTHAI	defined	public
_builtin	Encoding	::	MacThai	defined	public
_builtin	Encoding	::	MACTURKISH	defined	public
_builtin	Encoding	::	MacTurkish	defined	public
_builtin	Encoding	::	MACUKRAINE	defined	public
_builtin	Encoding	::	MacUkraine	defined	public
_builtin	Encoding	::	SHIFT_JIS	defined	public
_builtin	Encoding	::	Shift_JIS	defined	public
_builtin	Encoding	::	SJIS_DOCOMO	defined	public
_builtin	Encoding	::	SJIS_DoCoMo	defined	public
_builtin	Encoding	::	SJIS_KDDI	defined	public
_builtin	Encoding	::	SJIS_SOFTBANK	defined	public
_builtin	Encoding	::	SJIS_SoftBank	defined	public
_builtin	Encoding	::	STATELESS_ISO_2022_JP	defined	public
_builtin	Encoding	::	Stateless_ISO_2022_JP	defined	public
_builtin	Encoding	::	STATELESS_ISO_2022_JP_KDDI	defined	public
_builtin	Encoding	::	Stateless_ISO_2022_JP_KDDI	defined	public
_builtin	Encoding	::	TIS_620	defined	public
_builtin	Encoding	::	UCS_2BE	defined	public
_builtin	Encoding	::	UTF_16BE	defined	public
_builtin	Encoding	::	UCS_4BE	defined	public
_builtin	Encoding	::	UTF_32BE	defined	public
_builtin	Encoding	::	UCS_4LE	defined	public
_builtin	Encoding	::	UTF_32LE	defined	public
_builtin	Encoding	::	UTF8_DOCOMO	defined	public
_builtin	Encoding	::	UTF8_DoCoMo	defined	public
_builtin	Encoding	::	UTF8_KDDI	defined	public
_builtin	Encoding	::	UTF8_MAC	defined	public
_builtin	Encoding	::	UTF_8_HFS	defined	public
_builtin	Encoding	::	UTF_8_MAC	defined	public
_builtin	Encoding	::	UTF8_SOFTBANK	defined	public
_builtin	Encoding	::	UTF8_SoftBank	defined	public
_builtin	Encoding	::	UTF_16	defined	public
_builtin	Encoding	::	UTF_16LE	defined	public
_builtin	Encoding	::	UTF_32	defined	public
_builtin	Encoding	#	ascii_compatible?	defined	public
_builtin	Encoding	#	dummy?	defined	public
_builtin	Encoding	#	inspect	defined	public
_builtin	Encoding	#	name	defined	public
_builtin	Encoding	#	to_s	defined	public
_builtin	Encoding	#	names	defined	public
_builtin	Encoding	.	aliases	defined	public
_builtin	Encoding	.	compatible?	defined	public
_builtin	Encoding	.	default_external	defined	public
_builtin	Encoding	.	default_external=	defined	public
_builtin	Encoding	.	default_internal	defined	public
_builtin	Encoding	.	default_internal=	defined	public
_builtin	Encoding	.	find	defined	public
_builtin	Encoding	.	list	defined	public
_builtin	Encoding	.	locale_charmap	defined	public
_builtin	Encoding	.	name_list	defined	public
_builtin	Encoding::Converter	#	convert	defined	public
_builtin	Encoding::Converter	#	convpath	defined	public
_builtin	Encoding::Converter	#	destination_encoding	defined	public
_builtin	Encoding::Converter	#	finish	defined	public
_builtin	Encoding::Converter	#	insert_output	defined	public
_builtin	Encoding::Converter	#	inspect	defined	public
_builtin	Encoding::Converter	#	last_error	defined	public
_builtin	Encoding::Converter	#	primitive_convert	defined	public
_builtin	Encoding::Converter	#	primitive_errinfo	defined	public
_builtin	Encoding::Converter	#	putback	defined	public
_builtin	Encoding::Converter	#	replacement	defined	public
_builtin	Encoding::Converter	#	replacement=	defined	public
_builtin	Encoding::Converter	#	source_encoding	defined	public
_builtin	Encoding::Converter	.	asciicompat_encoding	defined	public
_builtin	Encoding::Converter	.	new	defined	public
_builtin	Encoding::Converter	.	search_convpath	defined	public
_builtin	Encoding::InvalidByteSequenceError	#	destination_encoding	defined	public
_builtin	Encoding::InvalidByteSequenceError	#	destination_encoding_name	defined	public
_builtin	Encoding::InvalidByteSequenceError	#	error_bytes	defined	public
_builtin	Encoding::InvalidByteSequenceError	#	incomplete_input?	defined	public
_builtin	Encoding::InvalidByteSequenceError	#	readagain_bytes	defined	public
_builtin	Encoding::InvalidByteSequenceError	#	source_encoding	defined	public
_builtin	Encoding::InvalidByteSequenceError	#	source_encoding_name	defined	public
_builtin	Encoding::UndefinedConversionError	#	destination_encoding	defined	public
_builtin	Encoding::UndefinedConversionError	#	destination_encoding_name	defined	public
_builtin	Encoding::UndefinedConversionError	#	error_char	defined	public
_builtin	Encoding::UndefinedConversionError	#	source_encoding	defined	public
_builtin	Encoding::UndefinedConversionError	#	source_encoding_name	defined	public
_builtin	Enumerable	#	all?	defined	public
_builtin	Enumerable	#	any?	defined	public
_builtin	Enumerable	#	chain	defined	public
_builtin	Enumerable	#	chunk	defined	public
_builtin	Enumerable	#	chunk_while	defined	public
_builtin	Enumerable	#	collect	defined	public
_builtin	Enumerable	#	map	defined	public
_builtin	Enumerable	#	collect_concat	defined	public
_builtin	Enumerable	#	flat_map	defined	public
_builtin	Enumerable	#	compact	defined	public
_builtin	Enumerable	#	count	defined	public
_builtin	Enumerable	#	cycle	defined	public
_builtin	Enumerable	#	detect	defined	public
_builtin	Enumerable	#	find	defined	public
_builtin	Enumerable	#	drop	defined	public
_builtin	Enumerable	#	drop_while	defined	public
_builtin	Enumerable	#	each_cons	defined	public
_builtin	Enumerable	#	each_entry	defined	public
_builtin	Enumerable	#	each_slice	defined	public
_builtin	Enumerable	#	each_with_index	defined	public
_builtin	Enumerable	#	each_with_object	defined	public
_builtin	Enumerable	#	entries	defined	public
_builtin	Enumerable	#	to_a	defined	public
_builtin	Enumerable	#	filter	defined	public
_builtin	Enumerable	#	find_all	defined	public
_builtin	Enumerable	#	select	defined	public
_builtin	Enumerable	#	filter_map	defined	public
_builtin	Enumerable	#	find_index	defined	public
_builtin	Enumerable	#	first	defined	public
_builtin	Enumerable	#	grep	defined	public
_builtin	Enumerable	#	grep_v	defined	public
_builtin	Enumerable	#	group_by	defined	public
_builtin	Enumerable	#	include?	defined	public
_builtin	Enumerable	#	member?	defined	public
_builtin	Enumerable	#	inject	defined	public
_builtin	Enumerable	#	reduce	defined	public
_builtin	Enumerable	#	lazy	defined	public
_builtin	Enumerable	#	max	defined	public
_builtin	Enumerable	#	max_by	defined	public
_builtin	Enumerable	#	min	defined	public
_builtin	Enumerable	#	min_by	defined	public
_builtin	Enumerable	#	minmax	defined	public
_builtin	Enumerable	#	minmax_by	defined	public
_builtin	Enumerable	#	none?	defined	public
_builtin	Enumerable	#	one?	defined	public
_builtin	Enumerable	#	partition	defined	public
_builtin	Enumerable	#	reject	defined	public
_builtin	Enumerable	#	reverse_each	defined	public
_builtin	Enumerable	#	slice_after	defined	public
_builtin	Enumerable	#	slice_before	defined	public
_builtin	Enumerable	#	slice_when	defined	public
_builtin	Enumerable	#	sort	defined	public
_builtin	Enumerable	#	sort_by	defined	public
_builtin	Enumerable	#	sum	defined	public
_builtin	Enumerable	#	take	defined	public
_builtin	Enumerable	#	take_while	defined	public
_builtin	Enumerable	#	tally	defined	public
_builtin	Enumerable	#	to_h	defined	public
_builtin	Enumerable	#	to_set	defined	public
_builtin	Enumerable	#	uniq	defined	public
_builtin	Enumerable	#	zip	defined	public
_builtin	Enumerator	#	+	defined	public
_builtin	Enumerator	#	each	defined	public
_builtin	Enumerator	#	feed	defined	public
_builtin	Enumerator	#	next	defined	public
_builtin	Enumerator	#	next_values	defined	public
_builtin	Enumerator	#	peek	defined	public
_builtin	Enumerator	#	peek_values	defined	public
_builtin	Enumerator	#	rewind	defined	public
_builtin	Enumerator	#	size	defined	public
_builtin	Enumerator	#	with_index	defined	public
_builtin	Enumerator	#	with_object	defined	public
_builtin	Enumerator	.	new	defined	public
_builtin	Enumerator	.	produce	defined	public
_builtin	Enumerator	.	product	defined	public
_builtin	Enumerator::ArithmeticSequence	#	==	defined	public
_builtin	Enumerator::ArithmeticSequence	#	begin	defined	public
_builtin	Enumerator::ArithmeticSequence	#	each	defined	public
_builtin	Enumerator::ArithmeticSequence	#	end	defined	public
_builtin	Enumerator::ArithmeticSequence	#	exclude_end?	defined	public
_builtin	Enumerator::ArithmeticSequence	#	first	defined	public
_builtin	Enumerator::ArithmeticSequence	#	hash	defined	public
_builtin	Enumerator::ArithmeticSequence	#	inspect	defined	public
_builtin	Enumerator::ArithmeticSequence	#	last	defined	public
_builtin	Enumerator::ArithmeticSequence	#	size	defined	public
_builtin	Enumerator::ArithmeticSequence	#	step	defined	public
_builtin	Enumerator::Chain	#	each	defined	public
_builtin	Enumerator::Chain	#	inspect	defined	public
_builtin	Enumerator::Chain	#	rewind	defined	public
_builtin	Enumerator::Chain	#	size	defined	public
_builtin	Enumerator::Chain	.	new	defined	public
_builtin	Enumerator::Generator	#	each	defined	public
_builtin	Enumerator::Lazy	#	chunk	defined	public
_builtin	Enumerator::Lazy	#	chunk_while	defined	public
_builtin	Enumerator::Lazy	#	collect	defined	public
_builtin	Enumerator::Lazy	#	map	defined	public
_builtin	Enumerator::Lazy	#	collect_concat	defined	public
_builtin	Enumerator::Lazy	#	flat_map	defined	public
_builtin	Enumerator::Lazy	#	compact	defined	public
_builtin	Enumerator::Lazy	#	drop	defined	public
_builtin	Enumerator::Lazy	#	drop_while	defined	public
_builtin	Enumerator::Lazy	#	eager	defined	public
_builtin	Enumerator::Lazy	#	enum_for	defined	public
_builtin	Enumerator::Lazy	#	to_enum	defined	public
_builtin	Enumerator::Lazy	#	filter	defined	public
_builtin	Enumerator::Lazy	#	find_all	defined	public
_builtin	Enumerator::Lazy	#	select	defined	public
_builtin	Enumerator::Lazy	#	filter_map	defined	public
_builtin	Enumerator::Lazy	#	force	defined	public
_builtin	Enumerator::Lazy	#	grep	defined	public
_builtin	Enumerator::Lazy	#	grep_v	defined	public
_builtin	Enumerator::Lazy	#	lazy	defined	public
_builtin	Enumerator::Lazy	#	reject	defined	public
_builtin	Enumerator::Lazy	#	slice_after	defined	public
_builtin	Enumerator::Lazy	#	slice_before	defined	public
_builtin	Enumerator::Lazy	#	slice_when	defined	public
_builtin	Enumerator::Lazy	#	take	defined	public
_builtin	Enumerator::Lazy	#	take_while	defined	public
_builtin	Enumerator::Lazy	#	uniq	defined	public
_builtin	Enumerator::Lazy	#	with_index	defined	public
_builtin	Enumerator::Lazy	#	zip	defined	public
_builtin	Enumerator::Lazy	.	new	defined	public
_builtin	Enumerator::Product	#	each	defined	public
_builtin	Enumerator::Product	#	inspect	defined	public
_builtin	Enumerator::Product	#	rewind	defined	public
_builtin	Enumerator::Product	#	size	defined	public
_builtin	Enumerator::Product	.	new	defined	public
_builtin	Enumerator::Yielder	#	<<	defined	public
_builtin	Enumerator::Yielder	#	to_proc	defined	public
_builtin	Enumerator::Yielder	#	yield	defined	public
_builtin	Errno::EXXX	::	Errno	defined	public
_builtin	Errno::EXXX	.	new	defined	public
etc	Etc	::	CS_GNU_LIBC_VERSION	defined	public
etc	Etc	::	CS_GNU_LIBPTHREAD_VERSION	defined	public
etc	Etc	::	CS_PATH	defined	public
etc	Etc	::	CS_POSIX_V6_ILP32_OFF32_CFLAGS	defined	public
etc	Etc	::	CS_POSIX_V6_ILP32_OFF32_LDFLAGS	defined	public
etc	Etc	::	CS_POSIX_V6_ILP32_OFF32_LIBS	defined	public
etc	Etc	::	CS_POSIX_V6_ILP32_OFFBIG_CFLAGS	defined	public
etc	Etc	::	CS_POSIX_V6_ILP32_OFFBIG_LDFLAGS	defined	public
etc	Etc	::	CS_POSIX_V6_ILP32_OFFBIG_LIBS	defined	public
etc	Etc	::	CS_POSIX_V6_LP64_OFF64_CFLAGS	defined	public
etc	Etc	::	CS_POSIX_V6_LP64_OFF64_LDFLAGS	defined	public
etc	Etc	::	CS_POSIX_V6_LP64_OFF64_LIBS	defined	public
etc	Etc	::	CS_POSIX_V6_LPBIG_OFFBIG_CFLAGS	defined	public
etc	Etc	::	CS_POSIX_V6_LPBIG_OFFBIG_LDFLAGS	defined	public
etc	Etc	::	CS_POSIX_V6_LPBIG_OFFBIG_LIBS	defined	public
etc	Etc	::	CS_POSIX_V6_WIDTH_RESTRICTED_ENVS	defined	public
etc	Etc	::	CS_POSIX_V7_ILP32_OFF32_CFLAGS	defined	public
etc	Etc	::	CS_POSIX_V7_ILP32_OFF32_LDFLAGS	defined	public
etc	Etc	::	CS_POSIX_V7_ILP32_OFF32_LIBS	defined	public
etc	Etc	::	CS_POSIX_V7_ILP32_OFFBIG_CFLAGS	defined	public
etc	Etc	::	CS_POSIX_V7_ILP32_OFFBIG_LDFLAGS	defined	public
etc	Etc	::	CS_POSIX_V7_ILP32_OFFBIG_LIBS	defined	public
etc	Etc	::	CS_POSIX_V7_LP64_OFF64_CFLAGS	defined	public
etc	Etc	::	CS_POSIX_V7_LP64_OFF64_LDFLAGS	defined	public
etc	Etc	::	CS_POSIX_V7_LP64_OFF64_LIBS	defined	public
etc	Etc	::	CS_POSIX_V7_LPBIG_OFFBIG_CFLAGS	defined	public
etc	Etc	::	CS_POSIX_V7_LPBIG_OFFBIG_LDFLAGS	defined	public
etc	Etc	::	CS_POSIX_V7_LPBIG_OFFBIG_LIBS	defined	public
etc	Etc	::	CS_POSIX_V7_THREADS_CFLAGS	defined	public
etc	Etc	::	CS_POSIX_V7_THREADS_LDFLAGS	defined	public
etc	Etc	::	CS_POSIX_V7_WIDTH_RESTRICTED_ENVS	defined	public
etc	Etc	::	CS_V6_ENV	defined	public
etc	Etc	::	CS_V7_ENV	defined	public
etc	Etc	::	PC_2_SYMLINKS	defined	public
etc	Etc	::	PC_ALLOC_SIZE_MIN	defined	public
etc	Etc	::	PC_ASYNC_IO	defined	public
etc	Etc	::	PC_CHOWN_RESTRICTED	defined	public
etc	Etc	::	PC_FILESIZEBITS	defined	public
etc	Etc	::	PC_LINK_MAX	defined	public
etc	Etc	::	PC_MAX_CANON	defined	public
etc	Etc	::	PC_MAX_INPUT	defined	public
etc	Etc	::	PC_NAME_MAX	defined	public
etc	Etc	::	PC_NO_TRUNC	defined	public
etc	Etc	::	PC_PATH_MAX	defined	public
etc	Etc	::	PC_PIPE_BUF	defined	public
etc	Etc	::	PC_PRIO_IO	defined	public
etc	Etc	::	PC_REC_INCR_XFER_SIZE	defined	public
etc	Etc	::	PC_REC_MAX_XFER_SIZE	defined	public
etc	Etc	::	PC_REC_MIN_XFER_SIZE	defined	public
etc	Etc	::	PC_REC_XFER_ALIGN	defined	public
etc	Etc	::	PC_SYMLINK_MAX	defined	public
etc	Etc	::	PC_SYNC_IO	defined	public
etc	Etc	::	PC_TIMESTAMP_RESOLUTION	defined	public
etc	Etc	::	PC_VDISABLE	defined	public
etc	Etc	::	SC_2_CHAR_TERM	defined	public
etc	Etc	::	SC_2_C_BIND	defined	public
etc	Etc	::	SC_2_C_DEV	defined	public
etc	Etc	::	SC_2_FORT_DEV	defined	public
etc	Etc	::	SC_2_FORT_RUN	defined	public
etc	Etc	::	SC_2_LOCALEDEF	defined	public
etc	Etc	::	SC_2_PBS	defined	public
etc	Etc	::	SC_2_PBS_ACCOUNTING	defined	public
etc	Etc	::	SC_2_PBS_CHECKPOINT	defined	public
etc	Etc	::	SC_2_PBS_LOCATE	defined	public
etc	Etc	::	SC_2_PBS_MESSAGE	defined	public
etc	Etc	::	SC_2_PBS_TRACK	defined	public
etc	Etc	::	SC_2_SW_DEV	defined	public
etc	Etc	::	SC_2_UPE	defined	public
etc	Etc	::	SC_2_VERSION	defined	public
etc	Etc	::	SC_ADVISORY_INFO	defined	public
etc	Etc	::	SC_AIO_LISTIO_MAX	defined	public
etc	Etc	::	SC_AIO_MAX	defined	public
etc	Etc	::	SC_AIO_PRIO_DELTA_MAX	defined	public
etc	Etc	::	SC_ARG_MAX	defined	public
etc	Etc	::	SC_ASYNCHRONOUS_IO	defined	public
etc	Etc	::	SC_ATEXIT_MAX	defined	public
etc	Etc	::	SC_AVPHYS_PAGES	defined	public
etc	Etc	::	SC_BARRIERS	defined	public
etc	Etc	::	SC_BC_BASE_MAX	defined	public
etc	Etc	::	SC_BC_DIM_MAX	defined	public
etc	Etc	::	SC_BC_SCALE_MAX	defined	public
etc	Etc	::	SC_BC_STRING_MAX	defined	public
etc	Etc	::	SC_CHILD_MAX	defined	public
etc	Etc	::	SC_CLK_TCK	defined	public
etc	Etc	::	SC_CLOCK_SELECTION	defined	public
etc	Etc	::	SC_COLL_WEIGHTS_MAX	defined	public
etc	Etc	::	SC_CPUSET_SIZE	defined	public
etc	Etc	::	SC_CPUTIME	defined	public
etc	Etc	::	SC_DELAYTIMER_MAX	defined	public
etc	Etc	::	SC_EXPR_NEST_MAX	defined	public
etc	Etc	::	SC_FSYNC	defined	public
etc	Etc	::	SC_GETGR_R_SIZE_MAX	defined	public
etc	Etc	::	SC_GETPW_R_SIZE_MAX	defined	public
etc	Etc	::	SC_HOST_NAME_MAX	defined	public
etc	Etc	::	SC_IOV_MAX	defined	public
etc	Etc	::	SC_IPV6	defined	public
etc	Etc	::	SC_JOB_CONTROL	defined	public
etc	Etc	::	SC_LINE_MAX	defined	public
etc	Etc	::	SC_LOGIN_NAME_MAX	defined	public
etc	Etc	::	SC_MAPPED_FILES	defined	public
etc	Etc	::	SC_MEMLOCK	defined	public
etc	Etc	::	SC_MEMLOCK_RANGE	defined	public
etc	Etc	::	SC_MEMORY_PROTECTION	defined	public
etc	Etc	::	SC_MESSAGE_PASSING	defined	public
etc	Etc	::	SC_MONOTONIC_CLOCK	defined	public
etc	Etc	::	SC_MQ_OPEN_MAX	defined	public
etc	Etc	::	SC_MQ_PRIO_MAX	defined	public
etc	Etc	::	SC_NGROUPS_MAX	defined	public
etc	Etc	::	SC_NPROCESSORS_CONF	defined	public
etc	Etc	::	SC_NPROCESSORS_ONLN	defined	public
etc	Etc	::	SC_OPEN_MAX	defined	public
etc	Etc	::	SC_PAGESIZE	defined	public
etc	Etc	::	SC_PAGE_SIZE	defined	public
etc	Etc	::	SC_PHYS_PAGES	defined	public
etc	Etc	::	SC_PRIORITIZED_IO	defined	public
etc	Etc	::	SC_PRIORITY_SCHEDULING	defined	public
etc	Etc	::	SC_RAW_SOCKETS	defined	public
etc	Etc	::	SC_READER_WRITER_LOCKS	defined	public
etc	Etc	::	SC_REALTIME_SIGNALS	defined	public
etc	Etc	::	SC_REGEXP	defined	public
etc	Etc	::	SC_RE_DUP_MAX	defined	public
etc	Etc	::	SC_RTSIG_MAX	defined	public
etc	Etc	::	SC_SAVED_IDS	defined	public
etc	Etc	::	SC_SEMAPHORES	defined	public
etc	Etc	::	SC_SEM_NSEMS_MAX	defined	public
etc	Etc	::	SC_SEM_VALUE_MAX	defined	public
etc	Etc	::	SC_SHARED_MEMORY_OBJECTS	defined	public
etc	Etc	::	SC_SHELL	defined	public
etc	Etc	::	SC_SIGQUEUE_MAX	defined	public
etc	Etc	::	SC_SPAWN	defined	public
etc	Etc	::	SC_SPIN_LOCKS	defined	public
etc	Etc	::	SC_SPORADIC_SERVER	defined	public
etc	Etc	::	SC_SS_REPL_MAX	defined	public
etc	Etc	::	SC_STREAM_MAX	defined	public
etc	Etc	::	SC_SYMLOOP_MAX	defined	public
etc	Etc	::	SC_SYNCHRONIZED_IO	defined	public
etc	Etc	::	SC_THREADS	defined	public
etc	Etc	::	SC_THREAD_ATTR_STACKADDR	defined	public
etc	Etc	::	SC_THREAD_ATTR_STACKSIZE	defined	public
etc	Etc	::	SC_THREAD_CPUTIME	defined	public
etc	Etc	::	SC_THREAD_DESTRUCTOR_ITERATIONS	defined	public
etc	Etc	::	SC_THREAD_KEYS_MAX	defined	public
etc	Etc	::	SC_THREAD_PRIORITY_SCHEDULING	defined	public
etc	Etc	::	SC_THREAD_PRIO_INHERIT	defined	public
etc	Etc	::	SC_THREAD_PRIO_PROTECT	defined	public
etc	Etc	::	SC_THREAD_PROCESS_SHARED	defined	public
etc	Etc	::	SC_THREAD_ROBUST_PRIO_INHERIT	defined	public
etc	Etc	::	SC_THREAD_ROBUST_PRIO_PROTECT	defined	public
etc	Etc	::	SC_THREAD_SAFE_FUNCTIONS	defined	public
etc	Etc	::	SC_THREAD_SPORADIC_SERVER	defined	public
etc	Etc	::	SC_THREAD_STACK_MIN	defined	public
etc	Etc	::	SC_THREAD_THREADS_MAX	defined	public
etc	Etc	::	SC_TIMEOUTS	defined	public
etc	Etc	::	SC_TIMERS	defined	public
etc	Etc	::	SC_TIMER_MAX	defined	public
etc	Etc	::	SC_TRACE	defined	public
etc	Etc	::	SC_TRACE_EVENT_FILTER	defined	public
etc	Etc	::	SC_TRACE_EVENT_NAME_MAX	defined	public
etc	Etc	::	SC_TRACE_INHERIT	defined	public
etc	Etc	::	SC_TRACE_LOG	defined	public
etc	Etc	::	SC_TRACE_NAME_MAX	defined	public
etc	Etc	::	SC_TRACE_SYS_MAX	defined	public
etc	Etc	::	SC_TRACE_USER_EVENT_MAX	defined	public
etc	Etc	::	SC_TTY_NAME_MAX	defined	public
etc	Etc	::	SC_TYPED_MEMORY_OBJECTS	defined	public
etc	Etc	::	SC_TZNAME_MAX	defined	public
etc	Etc	::	SC_V6_ILP32_OFF32	defined	public
etc	Etc	::	SC_V6_ILP32_OFFBIG	defined	public
etc	Etc	::	SC_V6_LP64_OFF64	defined	public
etc	Etc	::	SC_V6_LPBIG_OFFBIG	defined	public
etc	Etc	::	SC_V7_ILP32_OFF32	defined	public
etc	Etc	::	SC_V7_ILP32_OFFBIG	defined	public
etc	Etc	::	SC_V7_LP64_OFF64	defined	public
etc	Etc	::	SC_V7_LPBIG_OFFBIG	defined	public
etc	Etc	::	SC_VERSION	defined	public
etc	Etc	::	SC_XOPEN_CRYPT	defined	public
etc	Etc	::	SC_XOPEN_ENH_I18N	defined	public
etc	Etc	::	SC_XOPEN_REALTIME	defined	public
etc	Etc	::	SC_XOPEN_REALTIME_THREADS	defined	public
etc	Etc	::	SC_XOPEN_SHM	defined	public
etc	Etc	::	SC_XOPEN_STREAMS	defined	public
etc	Etc	::	SC_XOPEN_UNIX	defined	public
etc	Etc	::	SC_XOPEN_UUCP	defined	public
etc	Etc	::	SC_XOPEN_VERSION	defined	public
etc	Etc	.#	confstr	defined	public
etc	Etc	.#	endgrent	defined	public
etc	Etc	.#	endpwent	defined	public
etc	Etc	.#	getgrent	defined	public
etc	Etc	.#	getgrgid	defined	public
etc	Etc	.#	getgrnam	defined	public
etc	Etc	.#	getlogin	defined	public
etc	Etc	.#	getpwent	defined	public
etc	Etc	.#	getpwnam	defined	public
etc	Etc	.#	getpwuid	defined	public
etc	Etc	.#	group	defined	public
etc	Etc	.#	nprocessors	defined	public
etc	Etc	.#	passwd	defined	public
etc	Etc	.#	setgrent	defined	public
etc	Etc	.#	setpwent	defined	public
etc	Etc	.#	sysconf	defined	public
etc	Etc	.#	sysconfdir	defined	public
etc	Etc	.#	systmpdir	defined	public
etc	Etc	.#	uname	defined	public
etc	Etc::Group	#	gid	defined	public
etc	Etc::Group	#	gid=	defined	public
etc	Etc::Group	#	mem	defined	public
etc	Etc::Group	#	mem=	defined	public
etc	Etc::Group	#	name	defined	public
etc	Etc::Group	#	name=	defined	public
etc	Etc::Group	#	passwd	defined	public
etc	Etc::Group	#	passwd=	defined	public
etc	Etc::Group	.	each	defined	public
etc	Etc::Passwd	#	age	defined	public
etc	Etc::Passwd	#	age=	defined	public
etc	Etc::Passwd	#	change	defined	public
etc	Etc::Passwd	#	change=	defined	public
etc	Etc::Passwd	#	comment	defined	public
etc	Etc::Passwd	#	comment=	defined	public
etc	Etc::Passwd	#	dir	defined	public
etc	Etc::Passwd	#	dir=	defined	public
etc	Etc::Passwd	#	expire	defined	public
etc	Etc::Passwd	#	expire=	defined	public
etc	Etc::Passwd	#	gecos	defined	public
etc	Etc::Passwd	#	gecos=	defined	public
etc	Etc::Passwd	#	gid	defined	public
etc	Etc::Passwd	#	gid=	defined	public
etc	Etc::Passwd	#	name	defined	public
etc	Etc::Passwd	#	name=	defined	public
etc	Etc::Passwd	#	passwd	defined	public
etc	Etc::Passwd	#	passwd=	defined	public
etc	Etc::Passwd	#	quota	defined	public
etc	Etc::Passwd	#	quota=	defined	public
etc	Etc::Passwd	#	shell	defined	public
etc	Etc::Passwd	#	shell=	defined	public
etc	Etc::Passwd	#	uclass	defined	public
etc	Etc::Passwd	#	uclass=	defined	public
etc	Etc::Passwd	#	uid	defined	public
etc	Etc::Passwd	#	uid=	defined	public
etc	Etc::Passwd	.	each	defined	public
_builtin	Exception	#	==	defined	public
_builtin	Exception	#	backtrace	defined	public
_builtin	Exception	#	backtrace_locations	defined	public
_builtin	Exception	#	cause	defined	public
_builtin	Exception	#	detailed_message	defined	public
_builtin	Exception	#	exception	defined	public
_builtin	Exception	#	full_message	defined	public
_builtin	Exception	#	inspect	defined	public
_builtin	Exception	#	message	defined	public
_builtin	Exception	#	to_s	defined	public
_builtin	Exception	#	set_backtrace	defined	public
json/add/exception	Exception	#	to_json	added	public
_builtin	Exception	.	exception	defined	public
_builtin	Exception	.	new	defined	public
json/add/exception	Exception	.	json_create	added	public
_builtin	Exception	.	to_tty?	defined	public
_builtin	FalseClass	#	&	defined	public
_builtin	FalseClass	#	^	defined	public
_builtin	FalseClass	#	|	defined	public
_builtin	FalseClass	#	inspect	defined	public
_builtin	FalseClass	#	to_s	defined	public
fcntl	Fcntl	::	FD_CLOEXEC	defined	public
fcntl	Fcntl	::	F_DUPFD	defined	public
fcntl	Fcntl	::	F_GETFD	defined	public
fcntl	Fcntl	::	F_GETFL	defined	public
fcntl	Fcntl	::	F_GETLK	defined	public
fcntl	Fcntl	::	F_RDLCK	defined	public
fcntl	Fcntl	::	F_SETFD	defined	public
fcntl	Fcntl	::	F_SETFL	defined	public
fcntl	Fcntl	::	F_SETLK	defined	public
fcntl	Fcntl	::	F_SETLKW	defined	public
fcntl	Fcntl	::	F_UNLCK	defined	public
fcntl	Fcntl	::	F_WRLCK	defined	public
fcntl	Fcntl	::	O_ACCMODE	defined	public
fcntl	Fcntl	::	O_APPEND	defined	public
fcntl	Fcntl	::	O_CREAT	defined	public
fcntl	Fcntl	::	O_EXCL	defined	public
fcntl	Fcntl	::	O_NDELAY	defined	public
fcntl	Fcntl	::	O_NONBLOCK	defined	public
fcntl	Fcntl	::	O_NOCTTY	defined	public
fcntl	Fcntl	::	O_RDONLY	defined	public
fcntl	Fcntl	::	O_RDWR	defined	public
fcntl	Fcntl	::	O_TRUNC	defined	public
fcntl	Fcntl	::	O_WRONLY	defined	public
_builtin	Fiber	#	alive?	defined	public
_builtin	Fiber	#	backtrace	defined	public
_builtin	Fiber	#	backtrace_locations	defined	public
_builtin	Fiber	#	blocking?	defined	public
_builtin	Fiber	#	kill	defined	public
_builtin	Fiber	#	raise	defined	public
_builtin	Fiber	#	resume	defined	public
_builtin	Fiber	#	storage	defined	public
_builtin	Fiber	#	storage=	defined	public
_builtin	Fiber	#	transfer	defined	public
_builtin	Fiber	.	[]	defined	public
_builtin	Fiber	.	[]=	defined	public
_builtin	Fiber	.	blocking	defined	public
_builtin	Fiber	.	blocking?	defined	public
_builtin	Fiber	.	current	defined	public
_builtin	Fiber	.	current_scheduler	defined	public
_builtin	Fiber	.	new	defined	public
_builtin	Fiber	.	schedule	defined	public
_builtin	Fiber	.	scheduler	defined	public
_builtin	Fiber	.	set_scheduler	defined	public
_builtin	Fiber	.	yield	defined	public
fiddle	Fiddle	::	ALIGN_CHAR	defined	public
fiddle	Fiddle	::	ALIGN_DOUBLE	defined	public
fiddle	Fiddle	::	ALIGN_FLOAT	defined	public
fiddle	Fiddle	::	ALIGN_INT	defined	public
fiddle	Fiddle	::	ALIGN_INTPTR_T	defined	public
fiddle	Fiddle	::	ALIGN_LONG	defined	public
fiddle	Fiddle	::	ALIGN_LONG_LONG	defined	public
fiddle	Fiddle	::	ALIGN_PTRDIFF_T	defined	public
fiddle	Fiddle	::	ALIGN_SHORT	defined	public
fiddle	Fiddle	::	ALIGN_SIZE_T	defined	public
fiddle	Fiddle	::	ALIGN_SSIZE_T	defined	public
fiddle	Fiddle	::	ALIGN_UINTPTR_T	defined	public
fiddle	Fiddle	::	ALIGN_VOIDP	defined	public
fiddle	Fiddle	::	BUILD_RUBY_PLATFORM	defined	public
fiddle	Fiddle	::	NULL	defined	public
fiddle	Fiddle	::	RUBY_FREE	defined	public
fiddle	Fiddle	::	SIZEOF_CHAR	defined	public
fiddle	Fiddle	::	SIZEOF_DOUBLE	defined	public
fiddle	Fiddle	::	SIZEOF_FLOAT	defined	public
fiddle	Fiddle	::	SIZEOF_INT	defined	public
fiddle	Fiddle	::	SIZEOF_INTPTR_T	defined	public
fiddle	Fiddle	::	SIZEOF_LONG	defined	public
fiddle	Fiddle	::	SIZEOF_LONG_LONG	defined	public
fiddle	Fiddle	::	SIZEOF_PTRDIFF_T	defined	public
fiddle	Fiddle	::	SIZEOF_SHORT	defined	public
fiddle	Fiddle	::	SIZEOF_SIZE_T	defined	public
fiddle	Fiddle	::	SIZEOF_SSIZE_T	defined	public
fiddle	Fiddle	::	SIZEOF_UINTPTR_T	defined	public
fiddle	Fiddle	::	SIZEOF_VOIDP	defined	public
fiddle	Fiddle	::	TYPE_CHAR	defined	public
fiddle	Fiddle	::	TYPE_DOUBLE	defined	public
fiddle	Fiddle	::	TYPE_FLOAT	defined	public
fiddle	Fiddle	::	TYPE_INT	defined	public
fiddle	Fiddle	::	TYPE_INTPTR_T	defined	public
fiddle	Fiddle	::	TYPE_LONG	defined	public
fiddle	Fiddle	::	TYPE_LONG_LONG	defined	public
fiddle	Fiddle	::	TYPE_PTRDIFF_T	defined	public
fiddle	Fiddle	::	TYPE_SHORT	defined	public
fiddle	Fiddle	::	TYPE_SIZE_T	defined	public
fiddle	Fiddle	::	TYPE_SSIZE_T	defined	public
fiddle	Fiddle	::	TYPE_UINTPTR_T	defined	public
fiddle	Fiddle	::	TYPE_VOID	defined	public
fiddle	Fiddle	::	TYPE_VOIDP	defined	public
fiddle	Fiddle	::	WINDOWS	defined	public
fiddle	Fiddle	.#	dlopen	defined	public
fiddle	Fiddle	.#	dlunwrap	defined	public
fiddle	Fiddle	.#	dlwrap	defined	public
fiddle	Fiddle	.#	free	defined	public
fiddle	Fiddle	.#	malloc	defined	public
fiddle	Fiddle	.#	realloc	defined	public
fiddle	Fiddle	.	last_error	defined	public
fiddle	Fiddle	.	last_error=	defined	public
fiddle	Fiddle	.	win32_last_error	defined	public
fiddle	Fiddle	.	win32_last_error=	defined	public
fiddle/import	Fiddle::CStruct	#	to_i	defined	public
fiddle/import	Fiddle::CStruct	#	to_ptr	defined	public
fiddle/import	Fiddle::CStruct	.	malloc	defined	public
fiddle/import	Fiddle::CStruct	.	new	defined	public
fiddle/import	Fiddle::CStruct	.	size	defined	public
fiddle	Fiddle::Closure	#	args	defined	public
fiddle	Fiddle::Closure	#	ctype	defined	public
fiddle	Fiddle::Closure	#	to_i	defined	public
fiddle	Fiddle::Closure	.	new	defined	public
fiddle	Fiddle::Closure::BlockCaller	#	call	defined	public
fiddle	Fiddle::Closure::BlockCaller	.	new	defined	public
fiddle	Fiddle::Function	::	DEFAULT	defined	public
fiddle	Fiddle::Function	::	STDCALL	defined	public
fiddle	Fiddle::Function	#	abi	defined	public
fiddle	Fiddle::Function	#	call	defined	public
fiddle	Fiddle::Function	#	name	defined	public
fiddle	Fiddle::Function	#	ptr	defined	public
fiddle	Fiddle::Function	#	to_i	defined	public
fiddle	Fiddle::Function	.	new	defined	public
fiddle	Fiddle::Handle	::	DEFAULT	defined	public
fiddle	Fiddle::Handle	::	NEXT	defined	public
fiddle	Fiddle::Handle	::	RTLD_GLOBAL	defined	public
fiddle	Fiddle::Handle	::	RTLD_LAZY	defined	public
fiddle	Fiddle::Handle	::	RTLD_NOW	defined	public
fiddle	Fiddle::Handle	#	[]	defined	public
fiddle	Fiddle::Handle	#	sym	defined	public
fiddle	Fiddle::Handle	#	close	defined	public
fiddle	Fiddle::Handle	#	close_enabled?	defined	public
fiddle	Fiddle::Handle	#	disable_close	defined	public
fiddle	Fiddle::Handle	#	enable_close	defined	public
fiddle	Fiddle::Handle	#	to_i	defined	public
fiddle	Fiddle::Handle	.	[]	defined	public
fiddle	Fiddle::Handle	.	sym	defined	public
fiddle	Fiddle::Handle	.	new	defined	public
fiddle/import	Fiddle::Importer	#	[]	defined	public
fiddle/import	Fiddle::Importer	#	bind	defined	public
fiddle/import	Fiddle::Importer	#	create_value	defined	public
fiddle/import	Fiddle::Importer	#	value	defined	public
fiddle/import	Fiddle::Importer	#	dlload	defined	public
fiddle/import	Fiddle::Importer	#	extern	defined	public
fiddle/import	Fiddle::Importer	#	import_symbol	defined	public
fiddle/import	Fiddle::Importer	#	sizeof	defined	public
fiddle/import	Fiddle::Importer	#	struct	defined	public
fiddle/import	Fiddle::Importer	#	typealias	defined	public
fiddle/import	Fiddle::Importer	#	union	defined	public
fiddle	Fiddle::MemoryView	#	[]	defined	public
fiddle	Fiddle::MemoryView	#	byte_size	defined	public
fiddle	Fiddle::MemoryView	#	format	defined	public
fiddle	Fiddle::MemoryView	#	item_size	defined	public
fiddle	Fiddle::MemoryView	#	ndim	defined	public
fiddle	Fiddle::MemoryView	#	obj	defined	public
fiddle	Fiddle::MemoryView	#	readonly?	defined	public
fiddle	Fiddle::MemoryView	#	release	defined	public
fiddle	Fiddle::MemoryView	#	shape	defined	public
fiddle	Fiddle::MemoryView	#	strides	defined	public
fiddle	Fiddle::MemoryView	#	sub_offsets	defined	public
fiddle	Fiddle::MemoryView	#	to_s	defined	public
fiddle	Fiddle::MemoryView	.	export	defined	public
fiddle	Fiddle::MemoryView	.	new	defined	public
fiddle	Fiddle::Pointer	#	+	defined	public
fiddle	Fiddle::Pointer	#	+@	defined	public
fiddle	Fiddle::Pointer	#	ptr	defined	public
fiddle	Fiddle::Pointer	#	-	defined	public
fiddle	Fiddle::Pointer	#	-@	defined	public
fiddle	Fiddle::Pointer	#	ref	defined	public
fiddle	Fiddle::Pointer	#	<=>	defined	public
fiddle	Fiddle::Pointer	#	==	defined	public
fiddle	Fiddle::Pointer	#	eql?	defined	public
fiddle	Fiddle::Pointer	#	[]	defined	public
fiddle	Fiddle::Pointer	#	[]=	defined	public
fiddle	Fiddle::Pointer	#	free	defined	public
fiddle	Fiddle::Pointer	#	free=	defined	public
fiddle	Fiddle::Pointer	#	null?	defined	public
fiddle	Fiddle::Pointer	#	size	defined	public
fiddle	Fiddle::Pointer	#	size=	defined	public
fiddle	Fiddle::Pointer	#	to_i	defined	public
fiddle	Fiddle::Pointer	#	to_int	defined	public
fiddle	Fiddle::Pointer	#	to_s	defined	public
fiddle	Fiddle::Pointer	#	to_str	defined	public
fiddle	Fiddle::Pointer	#	to_value	defined	public
fiddle	Fiddle::Pointer	.	[]	defined	public
fiddle	Fiddle::Pointer	.	to_ptr	defined	public
fiddle	Fiddle::Pointer	.	malloc	defined	public
fiddle	Fiddle::Pointer	.	new	defined	public
_builtin	File	::	ALT_SEPARATOR	defined	public
_builtin	File	::	PATH_SEPARATOR	defined	public
_builtin	File	::	SEPARATOR	defined	public
_builtin	File	::	Separator	defined	public
_builtin	File	#	atime	defined	public
_builtin	File	#	birthtime	defined	public
_builtin	File	#	chmod	defined	public
_builtin	File	#	chown	defined	public
_builtin	File	#	ctime	defined	public
_builtin	File	#	flock	defined	public
_builtin	File	#	lstat	defined	public
_builtin	File	#	mtime	defined	public
_builtin	File	#	path	defined	public
_builtin	File	#	to_path	defined	public
_builtin	File	#	size	defined	public
_builtin	File	#	truncate	defined	public
_builtin	File	.	absolute_path	defined	public
_builtin	File	.	absolute_path?	defined	public
_builtin	File	.	atime	defined	public
_builtin	File	.	basename	defined	public
_builtin	File	.	birthtime	defined	public
_builtin	File	.	blockdev?	defined	public
_builtin	File	.	chardev?	defined	public
_builtin	File	.	chmod	defined	public
_builtin	File	.	chown	defined	public
_builtin	File	.	ctime	defined	public
_builtin	File	.	delete	defined	public
_builtin	File	.	unlink	defined	public
_builtin	File	.	directory?	defined	public
_builtin	File	.	dirname	defined	public
_builtin	File	.	empty?	defined	public
_builtin	File	.	zero?	defined	public
_builtin	File	.	executable?	defined	public
_builtin	File	.	executable_real?	defined	public
_builtin	File	.	exist?	defined	public
_builtin	File	.	expand_path	defined	public
_builtin	File	.	extname	defined	public
_builtin	File	.	file?	defined	public
_builtin	File	.	fnmatch	defined	public
_builtin	File	.	fnmatch?	defined	public
_builtin	File	.	ftype	defined	public
_builtin	File	.	grpowned?	defined	public
_builtin	File	.	identical?	defined	public
_builtin	File	.	join	defined	public
_builtin	File	.	lchmod	defined	public
_builtin	File	.	lchown	defined	public
_builtin	File	.	link	defined	public
_builtin	File	.	lstat	defined	public
_builtin	File	.	lutime	defined	public
_builtin	File	.	mkfifo	defined	public
_builtin	File	.	mtime	defined	public
_builtin	File	.	new	defined	public
_builtin	File	.	open	defined	public
_builtin	File	.	owned?	defined	public
_builtin	File	.	path	defined	public
_builtin	File	.	pipe?	defined	public
_builtin	File	.	readable?	defined	public
_builtin	File	.	readable_real?	defined	public
_builtin	File	.	readlink	defined	public
_builtin	File	.	realdirpath	defined	public
_builtin	File	.	realpath	defined	public
_builtin	File	.	rename	defined	public
_builtin	File	.	setgid?	defined	public
_builtin	File	.	setuid?	defined	public
_builtin	File	.	size	defined	public
_builtin	File	.	size?	defined	public
_builtin	File	.	socket?	defined	public
_builtin	File	.	split	defined	public
_builtin	File	.	stat	defined	public
_builtin	File	.	sticky?	defined	public
_builtin	File	.	symlink	defined	public
_builtin	File	.	symlink?	defined	public
_builtin	File	.	truncate	defined	public
_builtin	File	.	umask	defined	public
_builtin	File	.	utime	defined	public
_builtin	File	.	world_readable?	defined	public
_builtin	File	.	world_writable?	defined	public
_builtin	File	.	writable?	defined	public
_builtin	File	.	writable_real?	defined	public
_builtin	File::Constants	::	APPEND	defined	public
_builtin	File::Constants	::	BINARY	defined	public
_builtin	File::Constants	::	CREAT	defined	public
_builtin	File::Constants	::	DIRECT	defined	public
_builtin	File::Constants	::	DSYNC	defined	public
_builtin	File::Constants	::	EXCL	defined	public
_builtin	File::Constants	::	FNM_CASEFOLD	defined	public
_builtin	File::Constants	::	FNM_DOTMATCH	defined	public
_builtin	File::Constants	::	FNM_EXTGLOB	defined	public
_builtin	File::Constants	::	FNM_NOESCAPE	defined	public
_builtin	File::Constants	::	FNM_PATHNAME	defined	public
_builtin	File::Constants	::	FNM_SYSCASE	defined	public
_builtin	File::Constants	::	LOCK_EX	defined	public
_builtin	File::Constants	::	LOCK_NB	defined	public
_builtin	File::Constants	::	LOCK_SH	defined	public
_builtin	File::Constants	::	LOCK_UN	defined	public
_builtin	File::Constants	::	NOATIME	defined	public
_builtin	File::Constants	::	NOCTTY	defined	public
_builtin	File::Constants	::	NOFOLLOW	defined	public
_builtin	File::Constants	::	NONBLOCK	defined	public
_builtin	File::Constants	::	NULL	defined	public
_builtin	File::Constants	::	RDONLY	defined	public
_builtin	File::Constants	::	RDWR	defined	public
_builtin	File::Constants	::	RSYNC	defined	public
_builtin	File::Constants	::	SHARE_DELETE	defined	public
_builtin	File::Constants	::	SYNC	defined	public
_builtin	File::Constants	::	TMPFILE	defined	public
_builtin	File::Constants	::	TRUNC	defined	public
_builtin	File::Constants	::	WRONLY	defined	public
_builtin	File::Stat	#	<=>	defined	public
_builtin	File::Stat	#	atime	defined	public
_builtin	File::Stat	#	birthtime	defined	public
_builtin	File::Stat	#	blksize	defined	public
_builtin	File::Stat	#	blockdev?	defined	public
_builtin	File::Stat	#	blocks	defined	public
_builtin	File::Stat	#	chardev?	defined	public
_builtin	File::Stat	#	ctime	defined	public
_builtin	File::Stat	#	dev	defined	public
_builtin	File::Stat	#	dev_major	defined	public
_builtin	File::Stat	#	dev_minor	defined	public
_builtin	File::Stat	#	directory?	defined	public
_builtin	File::Stat	#	executable?	defined	public
_builtin	File::Stat	#	executable_real?	defined	public
_builtin	File::Stat	#	file?	defined	public
_builtin	File::Stat	#	ftype	defined	public
_builtin	File::Stat	#	gid	defined	public
_builtin	File::Stat	#	grpowned?	defined	public
_builtin	File::Stat	#	ino	defined	public
_builtin	File::Stat	#	mode	defined	public
_builtin	File::Stat	#	mtime	defined	public
_builtin	File::Stat	#	nlink	defined	public
_builtin	File::Stat	#	owned?	defined	public
_builtin	File::Stat	#	pipe?	defined	public
_builtin	File::Stat	#	rdev	defined	public
_builtin	File::Stat	#	rdev_major	defined	public
_builtin	File::Stat	#	rdev_minor	defined	public
_builtin	File::Stat	#	readable?	defined	public
_builtin	File::Stat	#	readable_real?	defined	public
_builtin	File::Stat	#	setgid?	defined	public
_builtin	File::Stat	#	setuid?	defined	public
_builtin	File::Stat	#	size	defined	public
_builtin	File::Stat	#	size?	defined	public
_builtin	File::Stat	#	socket?	defined	public
_builtin	File::Stat	#	sticky?	defined	public
_builtin	File::Stat	#	symlink?	defined	public
_builtin	File::Stat	#	uid	defined	public
_builtin	File::Stat	#	world_readable?	defined	public
_builtin	File::Stat	#	world_writable?	defined	public
_builtin	File::Stat	#	writable?	defined	public
_builtin	File::Stat	#	writable_real?	defined	public
_builtin	File::Stat	#	zero?	defined	public
_builtin	File::Stat	.	new	defined	public
_builtin	FileTest	.#	blockdev?	defined	public
_builtin	FileTest	.#	chardev?	defined	public
_builtin	FileTest	.#	directory?	defined	public
_builtin	FileTest	.#	empty?	defined	public
_builtin	FileTest	.#	zero?	defined	public
_builtin	FileTest	.#	executable?	defined	public
_builtin	FileTest	.#	executable_real?	defined	public
_builtin	FileTest	.#	exist?	defined	public
_builtin	FileTest	.#	file?	defined	public
_builtin	FileTest	.#	grpowned?	defined	public
_builtin	FileTest	.#	identical?	defined	public
_builtin	FileTest	.#	owned?	defined	public
_builtin	FileTest	.#	pipe?	defined	public
_builtin	FileTest	.#	readable?	defined	public
_builtin	FileTest	.#	readable_real?	defined	public
_builtin	FileTest	.#	setgid?	defined	public
_builtin	FileTest	.#	setuid?	defined	public
_builtin	FileTest	.#	size	defined	public
_builtin	FileTest	.#	size?	defined	public
_builtin	FileTest	.#	socket?	defined	public
_builtin	FileTest	.#	sticky?	defined	public
_builtin	FileTest	.#	symlink?	defined	public
_builtin	FileTest	.#	world_readable?	defined	public
_builtin	FileTest	.#	world_writable?	defined	public
_builtin	FileTest	.#	writable?	defined	public
_builtin	FileTest	.#	writable_real?	defined	public
fileutils	FileUtils	::	METHODS	defined	public
fileutils	FileUtils	::	OPT_TABLE	defined	public
rake	FileUtils	#	ruby	added	public
rake	FileUtils	#	safe_ln	added	public
rake	FileUtils	#	sh	added	public
rake	FileUtils	#	split_all	added	public
fileutils	FileUtils	.#	cd	defined	public
fileutils	FileUtils	.#	chdir	defined	public
fileutils	FileUtils	.#	chmod	defined	public
fileutils	FileUtils	.#	chmod_R	defined	public
fileutils	FileUtils	.#	chown	defined	public
fileutils	FileUtils	.#	chown_R	defined	public
fileutils	FileUtils	.#	cmp	defined	public
fileutils	FileUtils	.#	compare_file	defined	public
fileutils	FileUtils	.#	identical?	defined	public
fileutils	FileUtils	.#	compare_stream	defined	public
fileutils	FileUtils	.#	copy	defined	public
fileutils	FileUtils	.#	cp	defined	public
fileutils	FileUtils	.#	copy_entry	defined	public
fileutils	FileUtils	.#	copy_file	defined	public
fileutils	FileUtils	.#	copy_stream	defined	public
fileutils	FileUtils	.#	cp_lr	defined	public
fileutils	FileUtils	.#	cp_r	defined	public
fileutils	FileUtils	.#	getwd	defined	public
fileutils	FileUtils	.#	pwd	defined	public
fileutils	FileUtils	.#	install	defined	public
fileutils	FileUtils	.#	link	defined	public
fileutils	FileUtils	.#	ln	defined	public
fileutils	FileUtils	.#	ln_s	defined	public
fileutils	FileUtils	.#	symlink	defined	public
fileutils	FileUtils	.#	ln_sf	defined	public
fileutils	FileUtils	.#	ln_sr	defined	public
fileutils	FileUtils	.#	makedirs	defined	public
fileutils	FileUtils	.#	mkdir_p	defined	public
fileutils	FileUtils	.#	mkpath	defined	public
fileutils	FileUtils	.#	mkdir	defined	public
fileutils	FileUtils	.#	move	defined	public
fileutils	FileUtils	.#	mv	defined	public
fileutils	FileUtils	.#	remove	defined	public
fileutils	FileUtils	.#	rm	defined	public
fileutils	FileUtils	.#	remove_dir	defined	public
fileutils	FileUtils	.#	remove_entry	defined	public
fileutils	FileUtils	.#	remove_entry_secure	defined	public
fileutils	FileUtils	.#	remove_file	defined	public
fileutils	FileUtils	.#	rm_f	defined	public
fileutils	FileUtils	.#	safe_unlink	defined	public
fileutils	FileUtils	.#	rm_r	defined	public
fileutils	FileUtils	.#	rm_rf	defined	public
fileutils	FileUtils	.#	rmtree	defined	public
fileutils	FileUtils	.#	rmdir	defined	public
fileutils	FileUtils	.#	touch	defined	public
fileutils	FileUtils	.#	uptodate?	defined	public
fileutils	FileUtils	.	collect_method	defined	public
fileutils	FileUtils	.	commands	defined	public
fileutils	FileUtils	.	have_option?	defined	public
fileutils	FileUtils	.	options	defined	public
fileutils	FileUtils	.	options_of	defined	public
find	Find	.#	find	defined	public
find	Find	.#	prune	defined	public
_builtin	Float	::	DIG	defined	public
_builtin	Float	::	EPSILON	defined	public
_builtin	Float	::	INFINITY	defined	public
_builtin	Float	::	MANT_DIG	defined	public
_builtin	Float	::	MAX	defined	public
_builtin	Float	::	MAX_10_EXP	defined	public
_builtin	Float	::	MAX_EXP	defined	public
_builtin	Float	::	MIN	defined	public
_builtin	Float	::	MIN_10_EXP	defined	public
_builtin	Float	::	MIN_EXP	defined	public
_builtin	Float	::	NAN	defined	public
_builtin	Float	::	RADIX	defined	public
_builtin	Float	#	%	defined	public
_builtin	Float	#	modulo	defined	public
_builtin	Float	#	*	defined	public
_builtin	Float	#	**	defined	public
_builtin	Float	#	+	defined	public
_builtin	Float	#	-	defined	public
_builtin	Float	#	-@	defined	public
_builtin	Float	#	/	defined	public
_builtin	Float	#	<	defined	public
_builtin	Float	#	<=	defined	public
_builtin	Float	#	<=>	defined	public
_builtin	Float	#	==	defined	public
_builtin	Float	#	>	defined	public
_builtin	Float	#	>=	defined	public
_builtin	Float	#	abs	defined	public
_builtin	Float	#	magnitude	defined	public
_builtin	Float	#	angle	defined	public
_builtin	Float	#	arg	defined	public
_builtin	Float	#	phase	defined	public
_builtin	Float	#	ceil	defined	public
_builtin	Float	#	denominator	defined	public
_builtin	Float	#	divmod	defined	public
_builtin	Float	#	eql?	defined	public
_builtin	Float	#	finite?	defined	public
_builtin	Float	#	floor	defined	public
_builtin	Float	#	hash	defined	public
_builtin	Float	#	infinite?	defined	public
_builtin	Float	#	inspect	defined	public
_builtin	Float	#	to_s	defined	public
_builtin	Float	#	nan?	defined	public
_builtin	Float	#	negative?	defined	public
_builtin	Float	#	next_float	defined	public
_builtin	Float	#	numerator	defined	public
_builtin	Float	#	positive?	defined	public
_builtin	Float	#	prev_float	defined	public
_builtin	Float	#	rationalize	defined	public
_builtin	Float	#	round	defined	public
bigdecimal/util	Float	#	to_d	added	public
_builtin	Float	#	to_f	defined	public
_builtin	Float	#	to_i	defined	public
_builtin	Float	#	truncate	defined	public
_builtin	Float	#	to_r	defined	public
_builtin	Float	#	zero?	defined	public
forwardable	Forwardable	::	FORWARDABLE_VERSION	defined	public
forwardable	Forwardable	#	def_delegator	defined	public
forwardable	Forwardable	#	def_instance_delegator	defined	public
forwardable	Forwardable	#	def_delegators	defined	public
forwardable	Forwardable	#	def_instance_delegators	defined	public
forwardable	Forwardable	#	delegate	defined	public
forwardable	Forwardable	#	instance_delegate	defined	public
forwardable	Forwardable	.	debug	defined	public
forwardable	Forwardable	.	debug=	defined	public
_builtin	FrozenError	#	receiver	defined	public
_builtin	FrozenError	.	new	defined	public
_builtin	GC	::	INTERNAL_CONSTANTS	defined	public
_builtin	GC	::	OPTS	defined	public
_builtin	GC	#	garbage_collect	defined	public
_builtin	GC	.	auto_compact	defined	public
_builtin	GC	.	auto_compact=	defined	public
_builtin	GC	.	compact	defined	public
_builtin	GC	.	config	defined	public
_builtin	GC	.	count	defined	public
_builtin	GC	.	disable	defined	public
_builtin	GC	.	enable	defined	public
_builtin	GC	.	latest_compact_info	defined	public
_builtin	GC	.	latest_gc_info	defined	public
_builtin	GC	.	measure_total_time	defined	public
_builtin	GC	.	measure_total_time=	defined	public
_builtin	GC	.	start	defined	public
_builtin	GC	.	stat	defined	public
_builtin	GC	.	stat_heap	defined	public
_builtin	GC	.	stress	defined	public
_builtin	GC	.	stress=	defined	public
_builtin	GC	.	total_time	defined	public
_builtin	GC	.	verify_compaction_references	defined	public
_builtin	GC::Profiler	.	clear	defined	public
_builtin	GC::Profiler	.	disable	defined	public
_builtin	GC::Profiler	.	enable	defined	public
_builtin	GC::Profiler	.	enabled?	defined	public
_builtin	GC::Profiler	.	raw_data	defined	public
_builtin	GC::Profiler	.	report	defined	public
_builtin	GC::Profiler	.	result	defined	public
_builtin	GC::Profiler	.	total_time	defined	public
rubygems	Gem	::	ConfigMap	defined	public
rubygems	Gem	::	RubyGemsVersion	defined	public
rubygems	Gem	::	WIN_PATTERNS	defined	public
rubygems	Gem	.#	clear_paths	defined	public
rubygems	Gem	.#	dir	defined	public
rubygems	Gem	.#	ensure_gem_subdirectories	defined	public
rubygems	Gem	.#	marshal_version	defined	public
rubygems	Gem	.#	path	defined	public
rubygems	Gem	.#	prefix	defined	public
rubygems	Gem	.#	ruby	defined	public
rubygems	Gem	.#	win_platform?	defined	public
rubygems/defaults	Gem	.	default_bindir	added	public
rubygems/defaults	Gem	.	default_dir	added	public
rubygems/defaults	Gem	.	default_exec_format	added	public
rubygems/defaults	Gem	.	default_path	added	public
rubygems/defaults	Gem	.	default_sources	added	public
rubygems/defaults	Gem	.	default_system_source_cache_dir	added	public
rubygems/defaults	Gem	.	default_user_source_cache_dir	added	public
rubygems/defaults	Gem	.	ruby_engine	added	public
rubygems/defaults	Gem	.	user_dir	added	public
rubygems/command	Gem::Command	::	HELP	defined	public
rubygems/command	Gem::Command	#	add_extra_args	defined	public
rubygems/command	Gem::Command	#	add_option	defined	public
rubygems/command	Gem::Command	#	arguments	defined	public
rubygems/command	Gem::Command	#	begins?	defined	public
rubygems/command	Gem::Command	#	command	defined	public
rubygems/command	Gem::Command	#	defaults	defined	public
rubygems/command	Gem::Command	#	defaults=	defined	public
rubygems/command	Gem::Command	#	defaults_str	defined	public
rubygems/command	Gem::Command	#	description	defined	public
rubygems/command	Gem::Command	#	execute	defined	public
rubygems/command	Gem::Command	#	get_all_gem_names	defined	public
rubygems/command	Gem::Command	#	get_one_gem_name	defined	public
rubygems/command	Gem::Command	#	get_one_optional_argument	defined	public
rubygems/command	Gem::Command	#	handle_options	defined	public
rubygems/command	Gem::Command	#	handles?	defined	public
rubygems/command	Gem::Command	#	invoke	defined	public
rubygems/command	Gem::Command	#	merge_options	defined	public
rubygems/command	Gem::Command	#	options	defined	public
rubygems/command	Gem::Command	#	program_name	defined	public
rubygems/command	Gem::Command	#	program_name=	defined	public
rubygems/command	Gem::Command	#	remove_option	defined	public
rubygems/command	Gem::Command	#	show_help	defined	public
rubygems/command	Gem::Command	#	show_lookup_failure	defined	public
rubygems/command	Gem::Command	#	summary	defined	public
rubygems/command	Gem::Command	#	summary=	defined	public
rubygems/command	Gem::Command	#	usage	defined	public
rubygems/command	Gem::Command	#	when_invoked	defined	public
rubygems/command	Gem::Command	.	add_common_option	defined	public
rubygems/command	Gem::Command	.	add_specific_extra_args	defined	public
rubygems/command	Gem::Command	.	build_args	defined	public
rubygems/command	Gem::Command	.	build_args=	defined	public
rubygems/command	Gem::Command	.	common_options	defined	public
rubygems/command	Gem::Command	.	extra_args	defined	public
rubygems/command	Gem::Command	.	extra_args=	defined	public
rubygems/command	Gem::Command	.	specific_extra_args	defined	public
rubygems/command	Gem::Command	.	specific_extra_args_hash	defined	public
rubygems/command_manager	Gem::CommandManager	#	[]	defined	public
rubygems/command_manager	Gem::CommandManager	#	command_names	defined	public
rubygems/command_manager	Gem::CommandManager	#	find_command	defined	public
rubygems/command_manager	Gem::CommandManager	#	find_command_possibilities	defined	public
rubygems/command_manager	Gem::CommandManager	#	process_args	defined	public
rubygems/command_manager	Gem::CommandManager	#	register_command	defined	public
rubygems/command_manager	Gem::CommandManager	#	run	defined	public
rubygems/command_manager	Gem::CommandManager	.	instance	defined	public
rubygems/commands/build_command	Gem::Commands::BuildCommand	#	arguments	defined	public
rubygems/commands/build_command	Gem::Commands::BuildCommand	#	execute	defined	public
rubygems/commands/build_command	Gem::Commands::BuildCommand	#	load_gemspecs	defined	public
rubygems/commands/build_command	Gem::Commands::BuildCommand	#	usage	defined	public
rubygems/commands/build_command	Gem::Commands::BuildCommand	#	yaml?	defined	public
rubygems/commands/dependency_command	Gem::Commands::DependencyCommand	#	arguments	defined	public
rubygems/commands/dependency_command	Gem::Commands::DependencyCommand	#	execute	defined	public
rubygems/commands/dependency_command	Gem::Commands::DependencyCommand	#	find_gems	defined	public
rubygems/commands/dependency_command	Gem::Commands::DependencyCommand	#	find_reverse_dependencies	defined	public
rubygems/commands/dependency_command	Gem::Commands::DependencyCommand	#	print_dependencies	defined	public
rubygems/commands/dependency_command	Gem::Commands::DependencyCommand	#	usage	defined	public
rubygems/commands/help_command	Gem::Commands::HelpCommand	::	EXAMPLES	defined	public
rubygems/commands/help_command	Gem::Commands::HelpCommand	::	PLATFORMS	defined	public
rubygems/commands/lock_command	Gem::Commands::LockCommand	#	complain	defined	public
rubygems/commands/lock_command	Gem::Commands::LockCommand	#	spec_path	defined	public
rubygems/commands/unpack_command	Gem::Commands::UnpackCommand	#	get_path	defined	public
rubygems/commands/update_command	Gem::Commands::UpdateCommand	#	do_rubygems_update	defined	public
rubygems/commands/update_command	Gem::Commands::UpdateCommand	#	which_to_update	defined	public
rubygems/commands/which_command	Gem::Commands::WhichCommand	::	EXT	defined	public
rubygems/commands/which_command	Gem::Commands::WhichCommand	#	find_paths	defined	public
rubygems/commands/which_command	Gem::Commands::WhichCommand	#	gem_paths	defined	public
rubygems/config_file	Gem::ConfigFile	::	DEFAULT_BACKTRACE	defined	protected
rubygems/config_file	Gem::ConfigFile	::	DEFAULT_BENCHMARK	defined	protected
rubygems/config_file	Gem::ConfigFile	::	DEFAULT_BULK_THRESHOLD	defined	protected
rubygems/config_file	Gem::ConfigFile	::	DEFAULT_UPDATE_SOURCES	defined	protected
rubygems/config_file	Gem::ConfigFile	::	DEFAULT_VERBOSITY	defined	protected
rubygems/config_file	Gem::ConfigFile	::	OPERATING_SYSTEM_DEFAULTS	defined	protected
rubygems/config_file	Gem::ConfigFile	::	PLATFORM_DEFAULTS	defined	protected
rubygems/config_file	Gem::ConfigFile	::	SYSTEM_WIDE_CONFIG_FILE	defined	protected
rubygems/config_file	Gem::ConfigFile	#	[]	defined	public
rubygems/config_file	Gem::ConfigFile	#	[]=	defined	public
rubygems/config_file	Gem::ConfigFile	#	args	defined	public
rubygems/config_file	Gem::ConfigFile	#	backtrace	defined	public
rubygems/config_file	Gem::ConfigFile	#	backtrace=	defined	public
rubygems/config_file	Gem::ConfigFile	#	benchmark	defined	public
rubygems/config_file	Gem::ConfigFile	#	benchmark=	defined	public
rubygems/config_file	Gem::ConfigFile	#	bulk_threshold	defined	public
rubygems/config_file	Gem::ConfigFile	#	bulk_threshold=	defined	public
rubygems/config_file	Gem::ConfigFile	#	config_file_name	defined	public
rubygems/config_file	Gem::ConfigFile	#	each	defined	public
rubygems/config_file	Gem::ConfigFile	#	handle_arguments	defined	public
rubygems/config_file	Gem::ConfigFile	#	hash	defined	protected
rubygems/config_file	Gem::ConfigFile	#	load_file	defined	public
rubygems/config_file	Gem::ConfigFile	#	path	defined	public
rubygems/config_file	Gem::ConfigFile	#	path=	defined	public
rubygems/config_file	Gem::ConfigFile	#	really_verbose	defined	public
rubygems/config_file	Gem::ConfigFile	#	update_sources	defined	public
rubygems/config_file	Gem::ConfigFile	#	update_sources=	defined	public
rubygems/config_file	Gem::ConfigFile	#	verbose	defined	public
rubygems/config_file	Gem::ConfigFile	#	verbose=	defined	public
rubygems/config_file	Gem::ConfigFile	#	write	defined	public
rubygems/user_interaction	Gem::DefaultUserInteraction	#	ui	defined	public
rubygems/user_interaction	Gem::DefaultUserInteraction	#	ui=	defined	public
rubygems/user_interaction	Gem::DefaultUserInteraction	#	use_ui	defined	public
rubygems/user_interaction	Gem::DefaultUserInteraction	.	ui	defined	public
rubygems/user_interaction	Gem::DefaultUserInteraction	.	ui=	defined	public
rubygems/user_interaction	Gem::DefaultUserInteraction	.	use_ui	defined	public
rubygems/dependency	Gem::Dependency	::	TYPES	defined	public
rubygems/dependency	Gem::Dependency	#	<=>	defined	public
rubygems/dependency	Gem::Dependency	#	=~	defined	public
rubygems/dependency	Gem::Dependency	#	name	defined	public
rubygems/dependency	Gem::Dependency	#	name=	defined	public
rubygems/dependency	Gem::Dependency	#	requirements_list	defined	public
rubygems/dependency	Gem::Dependency	#	type	defined	public
rubygems/dependency	Gem::Dependency	#	version_requirements	defined	public
rubygems/dependency	Gem::Dependency	#	version_requirements=	defined	public
rubygems/dependency_installer	Gem::DependencyInstaller	::	DEFAULT_OPTIONS	defined	public
rubygems/dependency_installer	Gem::DependencyInstaller	#	find_gems_with_sources	defined	public
rubygems/dependency_installer	Gem::DependencyInstaller	#	find_spec_by_name_and_version	defined	public
rubygems/dependency_installer	Gem::DependencyInstaller	#	gather_dependencies	defined	public
rubygems/dependency_installer	Gem::DependencyInstaller	#	gems_to_install	defined	public
rubygems/dependency_installer	Gem::DependencyInstaller	#	install	defined	public
rubygems/dependency_installer	Gem::DependencyInstaller	#	installed_gems	defined	public
rubygems/dependency_installer	Gem::DependencyInstaller	.	new	defined	public
rubygems/dependency_list	Gem::DependencyList	#	add	defined	public
rubygems/dependency_list	Gem::DependencyList	#	dependency_order	defined	public
rubygems/dependency_list	Gem::DependencyList	#	find_name	defined	public
rubygems/dependency_list	Gem::DependencyList	#	ok?	defined	public
rubygems/dependency_list	Gem::DependencyList	#	ok_to_remove?	defined	public
rubygems/dependency_list	Gem::DependencyList	#	remove_by_name	defined	public
rubygems/dependency_list	Gem::DependencyList	#	spec_predecessors	defined	public
rubygems/dependency_list	Gem::DependencyList	.	from_source_index	defined	public
rubygems/ext/builder	Gem::Ext::Builder	.	class_name	defined	public
rubygems/ext/builder	Gem::Ext::Builder	.	make	defined	public
rubygems/ext/builder	Gem::Ext::Builder	.	redirector	defined	public
rubygems/ext/builder	Gem::Ext::Builder	.	run	defined	public
rubygems/ext/configure_builder	Gem::Ext::ConfigureBuilder	.	build	defined	public
rubygems/ext/ext_conf_builder	Gem::Ext::ExtConfBuilder	.	build	defined	public
rubygems/ext/rake_builder	Gem::Ext::RakeBuilder	.	build	defined	public
rubygems/package	Gem::FileOperations	.	new	defined	public
rubygems/gem_runner	Gem::GemRunner	#	run	defined	public
rubygems/install_update_options	Gem::InstallUpdateOptions	#	add_install_update_options	defined	public
rubygems/install_update_options	Gem::InstallUpdateOptions	#	install_update_defaults_str	defined	public
rubygems/installer	Gem::Installer	#	app_script_text	defined	public
rubygems/installer	Gem::Installer	#	bin_dir	defined	public
rubygems/installer	Gem::Installer	#	build_extensions	defined	public
rubygems/installer	Gem::Installer	#	ensure_dependency	defined	public
rubygems/installer	Gem::Installer	#	extract_files	defined	public
rubygems/installer	Gem::Installer	#	formatted_program_filename	defined	public
rubygems/installer	Gem::Installer	#	gem_home	defined	public
rubygems/installer	Gem::Installer	#	generate_bin	defined	public
rubygems/installer	Gem::Installer	#	generate_bin_script	defined	public
rubygems/installer	Gem::Installer	#	generate_bin_symlink	defined	public
rubygems/installer	Gem::Installer	#	generate_windows_script	defined	public
rubygems/installer	Gem::Installer	#	install	defined	public
rubygems/installer	Gem::Installer	#	installation_satisfies_dependency?	defined	public
rubygems/installer	Gem::Installer	#	shebang	defined	public
rubygems/installer	Gem::Installer	#	spec	defined	public
rubygems/installer	Gem::Installer	#	unpack	defined	public
rubygems/installer	Gem::Installer	#	windows_stub_script	defined	public
rubygems/installer	Gem::Installer	#	write_spec	defined	public
rubygems/installer	Gem::Installer	.	exec_format	defined	public
rubygems/installer	Gem::Installer	.	exec_format=	defined	public
rubygems/installer	Gem::Installer	.	home_install_warning	defined	public
rubygems/installer	Gem::Installer	.	home_install_warning=	defined	public
rubygems/installer	Gem::Installer	.	new	defined	public
rubygems/installer	Gem::Installer	.	path_warning	defined	public
rubygems/installer	Gem::Installer	.	path_warning=	defined	public
rubygems	Gem::LoadError	#	name	defined	public
rubygems	Gem::LoadError	#	name=	defined	public
rubygems/local_remote_options	Gem::LocalRemoteOptions	#	accept_uri_http	defined	public
rubygems/local_remote_options	Gem::LocalRemoteOptions	#	add_bulk_threshold_option	defined	public
rubygems/local_remote_options	Gem::LocalRemoteOptions	#	add_local_remote_options	defined	public
rubygems/local_remote_options	Gem::LocalRemoteOptions	#	add_proxy_option	defined	public
rubygems/local_remote_options	Gem::LocalRemoteOptions	#	add_source_option	defined	public
rubygems/local_remote_options	Gem::LocalRemoteOptions	#	add_update_sources_option	defined	public
rubygems/local_remote_options	Gem::LocalRemoteOptions	#	both?	defined	public
rubygems/local_remote_options	Gem::LocalRemoteOptions	#	local?	defined	public
rubygems/local_remote_options	Gem::LocalRemoteOptions	#	remote?	defined	public
rubygems/package	Gem::Package	.	open	defined	public
rubygems/package	Gem::Package	.	pack	defined	public
rubygems/package/tar_header	Gem::Package::TarHeader	::	FIELDS	defined	public
rubygems/package/tar_header	Gem::Package::TarHeader	::	PACK_FORMAT	defined	public
rubygems/package/tar_header	Gem::Package::TarHeader	::	UNPACK_FORMAT	defined	public
rubygems/package/tar_header	Gem::Package::TarHeader	#	==	defined	public
rubygems/package/tar_header	Gem::Package::TarHeader	#	checksum	defined	public
rubygems/package/tar_header	Gem::Package::TarHeader	#	devmajor	defined	public
rubygems/package/tar_header	Gem::Package::TarHeader	#	devminor	defined	public
rubygems/package/tar_header	Gem::Package::TarHeader	#	empty?	defined	public
rubygems/package/tar_header	Gem::Package::TarHeader	#	gid	defined	public
rubygems/package/tar_header	Gem::Package::TarHeader	#	gname	defined	public
rubygems/package/tar_header	Gem::Package::TarHeader	#	linkname	defined	public
rubygems/package/tar_header	Gem::Package::TarHeader	#	magic	defined	public
rubygems/package/tar_header	Gem::Package::TarHeader	#	mode	defined	public
rubygems/package/tar_header	Gem::Package::TarHeader	#	mtime	defined	public
rubygems/package/tar_header	Gem::Package::TarHeader	#	name	defined	public
rubygems/package/tar_header	Gem::Package::TarHeader	#	prefix	defined	public
rubygems/package/tar_header	Gem::Package::TarHeader	#	size	defined	public
rubygems/package/tar_header	Gem::Package::TarHeader	#	to_s	defined	public
rubygems/package/tar_header	Gem::Package::TarHeader	#	typeflag	defined	public
rubygems/package/tar_header	Gem::Package::TarHeader	#	uid	defined	public
rubygems/package/tar_header	Gem::Package::TarHeader	#	uname	defined	public
rubygems/package/tar_header	Gem::Package::TarHeader	#	update_checksum	defined	public
rubygems/package/tar_header	Gem::Package::TarHeader	#	version	defined	public
rubygems/package/tar_header	Gem::Package::TarHeader	.	from	defined	public
rubygems/package/tar_reader	Gem::Package::TarReader	#	close	defined	public
rubygems/package/tar_reader	Gem::Package::TarReader	#	each	defined	public
rubygems/package/tar_reader	Gem::Package::TarReader	#	each_entry	defined	public
rubygems/package/tar_reader	Gem::Package::TarReader	#	rewind	defined	public
rubygems/package/tar_reader	Gem::Package::TarReader	.	new	defined	public
rubygems/package/tar_reader/entry	Gem::Package::TarReader::Entry	#	bytes_read	defined	public
rubygems/package/tar_reader/entry	Gem::Package::TarReader::Entry	#	close	defined	public
rubygems/package/tar_reader/entry	Gem::Package::TarReader::Entry	#	closed?	defined	public
rubygems/package/tar_reader/entry	Gem::Package::TarReader::Entry	#	directory?	defined	public
rubygems/package/tar_reader/entry	Gem::Package::TarReader::Entry	#	eof?	defined	public
rubygems/package/tar_reader/entry	Gem::Package::TarReader::Entry	#	file?	defined	public
rubygems/package/tar_reader/entry	Gem::Package::TarReader::Entry	#	full_name	defined	public
rubygems/package/tar_reader/entry	Gem::Package::TarReader::Entry	#	getc	defined	public
rubygems/package/tar_reader/entry	Gem::Package::TarReader::Entry	#	header	defined	public
rubygems/package/tar_reader/entry	Gem::Package::TarReader::Entry	#	pos	defined	public
rubygems/package/tar_reader/entry	Gem::Package::TarReader::Entry	#	read	defined	public
rubygems/package/tar_reader/entry	Gem::Package::TarReader::Entry	#	rewind	defined	public
rubygems/package/tar_writer	Gem::Package::TarWriter	#	add_file	defined	public
rubygems/package/tar_writer	Gem::Package::TarWriter	#	add_file_simple	defined	public
rubygems/package/tar_writer	Gem::Package::TarWriter	#	check_closed	defined	public
rubygems/package/tar_writer	Gem::Package::TarWriter	#	close	defined	public
rubygems/package/tar_writer	Gem::Package::TarWriter	#	closed?	defined	public
rubygems/package/tar_writer	Gem::Package::TarWriter	#	flush	defined	public
rubygems/package/tar_writer	Gem::Package::TarWriter	#	mkdir	defined	public
rubygems/package/tar_writer	Gem::Package::TarWriter	.	new	defined	public
rubygems/package/tar_writer	Gem::Package::TarWriter::BoundedStream	#	limit	defined	public
rubygems/package/tar_writer	Gem::Package::TarWriter::BoundedStream	#	write	defined	public
rubygems/package/tar_writer	Gem::Package::TarWriter::BoundedStream	#	written	defined	public
rubygems/package/tar_writer	Gem::Package::TarWriter::BoundedStream	.	new	defined	public
rubygems/package/tar_writer	Gem::Package::TarWriter::RestrictedStream	#	write	defined	public
rubygems/package/tar_writer	Gem::Package::TarWriter::RestrictedStream	.	new	defined	public
rubygems/platform	Gem::Platform	::	CURRENT	defined	public
rubygems/platform	Gem::Platform	::	RUBY	defined	public
rubygems/platform	Gem::Platform	#	==	defined	public
rubygems/platform	Gem::Platform	#	===	defined	public
rubygems/platform	Gem::Platform	#	=~	defined	public
rubygems/platform	Gem::Platform	#	cpu	defined	public
rubygems/platform	Gem::Platform	#	cpu=	defined	public
rubygems/platform	Gem::Platform	#	os	defined	public
rubygems/platform	Gem::Platform	#	os=	defined	public
rubygems/platform	Gem::Platform	#	to_a	defined	public
rubygems/platform	Gem::Platform	#	to_s	defined	public
rubygems/platform	Gem::Platform	#	version	defined	public
rubygems/platform	Gem::Platform	#	version=	defined	public
rubygems/platform	Gem::Platform	.	local	defined	public
rubygems/platform	Gem::Platform	.	match	defined	public
rubygems/platform	Gem::Platform	.	new	defined	public
rubygems/remote_fetcher	Gem::RemoteFetcher	#	download	defined	public
rubygems/remote_fetcher	Gem::RemoteFetcher	#	fetch_path	defined	public
rubygems/remote_fetcher	Gem::RemoteFetcher	#	request	defined	public
rubygems/remote_fetcher	Gem::RemoteFetcher	.	fetcher	defined	public
rubygems/remote_fetcher	Gem::RemoteFetcher::FetchError	#	uri	defined	public
rubygems/remote_fetcher	Gem::RemoteFetcher::FetchError	.	new	defined	public
rubygems/requirement	Gem::Requirement	::	OPS	defined	public
rubygems/requirement	Gem::Requirement	#	===	defined	public
rubygems/requirement	Gem::Requirement	#	=~	defined	public
rubygems/requirement	Gem::Requirement	#	satisfied_by?	defined	public
rubygems/requirement	Gem::Requirement	#	as_list	defined	public
rubygems/requirement	Gem::Requirement	#	concat	defined	public
rubygems/requirement	Gem::Requirement	#	exact?	defined	public
rubygems/requirement	Gem::Requirement	#	none?	defined	public
rubygems/requirement	Gem::Requirement	#	prerelease?	defined	public
rubygems/requirement	Gem::Requirement	#	pretty_print	defined	public
rubygems/requirement	Gem::Requirement	#	specific?	defined	public
rubygems/requirement	Gem::Requirement	#	to_s	defined	public
rubygems/requirement	Gem::Requirement	.	create	defined	public
rubygems/requirement	Gem::Requirement	.	default	defined	public
rubygems/requirement	Gem::Requirement	.	new	defined	public
rubygems/requirement	Gem::Requirement	.	parse	defined	public
rubygems/security	Gem::Security	::	AlmostNoSecurity	defined	public
rubygems/security	Gem::Security	::	HighSecurity	defined	public
rubygems/security	Gem::Security	::	LowSecurity	defined	public
rubygems/security	Gem::Security	::	MediumSecurity	defined	public
rubygems/security	Gem::Security	::	NoSecurity	defined	public
rubygems/security	Gem::Security	::	OPT	defined	public
rubygems/security	Gem::Security	::	Policies	defined	public
rubygems/security	Gem::Security	.	add_trusted_cert	defined	public
rubygems/security	Gem::Security	.	build_cert	defined	public
rubygems/security	Gem::Security	.	build_self_signed_cert	defined	public
rubygems/security	Gem::Security	.	sign_cert	defined	public
rubygems/security	Gem::Security	.	verify_trust_dir	defined	public
rubygems/security	Gem::Security::Policy	#	only_signed	defined	public
rubygems/security	Gem::Security::Policy	#	only_signed=	defined	public
rubygems/security	Gem::Security::Policy	#	only_trusted	defined	public
rubygems/security	Gem::Security::Policy	#	only_trusted=	defined	public
rubygems/security	Gem::Security::Policy	#	verify_chain	defined	public
rubygems/security	Gem::Security::Policy	#	verify_chain=	defined	public
rubygems/security	Gem::Security::Policy	#	verify_data	defined	public
rubygems/security	Gem::Security::Policy	#	verify_data=	defined	public
rubygems/security	Gem::Security::Policy	#	verify_gem	defined	public
rubygems/security	Gem::Security::Policy	#	verify_root	defined	public
rubygems/security	Gem::Security::Policy	#	verify_root=	defined	public
rubygems/security	Gem::Security::Policy	#	verify_signer	defined	public
rubygems/security	Gem::Security::Policy	#	verify_signer=	defined	public
rubygems/security	Gem::Security::Policy	.	new	defined	public
rubygems/security	Gem::Security::Policy	.	trusted_cert_path	defined	public
rubygems/security	Gem::Security::Signer	#	cert_chain	defined	public
rubygems/security	Gem::Security::Signer	#	cert_chain=	defined	public
rubygems/security	Gem::Security::Signer	#	key	defined	public
rubygems/security	Gem::Security::Signer	#	key=	defined	public
rubygems/security	Gem::Security::Signer	#	sign	defined	public
rubygems/security	Gem::Security::Signer	.	new	defined	public
rubygems/spec_fetcher	Gem::SpecFetcher	#	cache_dir	defined	public
rubygems/spec_fetcher	Gem::SpecFetcher	#	dir	defined	public
rubygems/spec_fetcher	Gem::SpecFetcher	#	fetch	defined	public
rubygems/spec_fetcher	Gem::SpecFetcher	#	fetch_spec	defined	public
rubygems/spec_fetcher	Gem::SpecFetcher	#	find_matching	defined	public
rubygems/spec_fetcher	Gem::SpecFetcher	#	latest_specs	defined	public
rubygems/spec_fetcher	Gem::SpecFetcher	#	legacy_repos	defined	public
rubygems/spec_fetcher	Gem::SpecFetcher	#	list	defined	public
rubygems/spec_fetcher	Gem::SpecFetcher	#	load_specs	defined	public
rubygems/spec_fetcher	Gem::SpecFetcher	#	specs	defined	public
rubygems/spec_fetcher	Gem::SpecFetcher	#	warn_legacy	defined	public
rubygems/spec_fetcher	Gem::SpecFetcher	.	fetcher	defined	public
rubygems/spec_fetcher	Gem::SpecFetcher	.	fetcher=	defined	public
rubygems/specification	Gem::Specification	::	CURRENT_SPECIFICATION_VERSION	defined	public
rubygems/specification	Gem::Specification	::	MARSHAL_FIELDS	defined	public
rubygems/specification	Gem::Specification	::	NONEXISTENT_SPECIFICATION_VERSION	defined	public
rubygems/specification	Gem::Specification	::	SPECIFICATION_VERSION_HISTORY	defined	public
rubygems/specification	Gem::Specification	::	TODAY	defined	public
rubygems/specification	Gem::Specification	#	_dump	defined	public
rubygems/specification	Gem::Specification	#	add_bindir	defined	public
rubygems/specification	Gem::Specification	#	add_dependency	defined	public
rubygems/specification	Gem::Specification	#	add_runtime_dependency	defined	public
rubygems/specification	Gem::Specification	#	add_development_dependency	defined	public
rubygems/specification	Gem::Specification	#	author	defined	public
rubygems/specification	Gem::Specification	#	author=	defined	public
rubygems/specification	Gem::Specification	#	authors	defined	public
rubygems/specification	Gem::Specification	#	authors=	defined	public
rubygems/specification	Gem::Specification	#	autorequire	defined	public
rubygems/specification	Gem::Specification	#	autorequire=	defined	public
rubygems/specification	Gem::Specification	#	bindir	defined	public
rubygems/specification	Gem::Specification	#	bindir=	defined	public
rubygems/specification	Gem::Specification	#	cert_chain	defined	public
rubygems/specification	Gem::Specification	#	cert_chain=	defined	public
rubygems/specification	Gem::Specification	#	date	defined	public
rubygems/specification	Gem::Specification	#	date=	defined	public
rubygems/specification	Gem::Specification	#	default_executable	defined	public
rubygems/specification	Gem::Specification	#	default_executable=	defined	public
rubygems/specification	Gem::Specification	#	dependencies	defined	public
rubygems/specification	Gem::Specification	#	dependent_gems	defined	public
rubygems/specification	Gem::Specification	#	description	defined	public
rubygems/specification	Gem::Specification	#	description=	defined	public
rubygems/specification	Gem::Specification	#	development_dependencies	defined	public
rubygems/specification	Gem::Specification	#	email	defined	public
rubygems/specification	Gem::Specification	#	email=	defined	public
rubygems/specification	Gem::Specification	#	executable	defined	public
rubygems/specification	Gem::Specification	#	executable=	defined	public
rubygems/specification	Gem::Specification	#	executables	defined	public
rubygems/specification	Gem::Specification	#	executables=	defined	public
rubygems/specification	Gem::Specification	#	extensions	defined	public
rubygems/specification	Gem::Specification	#	extensions=	defined	public
rubygems/specification	Gem::Specification	#	extra_rdoc_files	defined	public
rubygems/specification	Gem::Specification	#	extra_rdoc_files=	defined	public
rubygems/specification	Gem::Specification	#	file_name	defined	public
rubygems/specification	Gem::Specification	#	files	defined	public
rubygems/specification	Gem::Specification	#	files=	defined	public
rubygems/specification	Gem::Specification	#	full_gem_path	defined	public
rubygems/specification	Gem::Specification	#	full_name	defined	public
rubygems/specification	Gem::Specification	#	has_rdoc	defined	public
rubygems/specification	Gem::Specification	#	has_rdoc=	defined	public
rubygems/specification	Gem::Specification	#	has_rdoc?	defined	public
rubygems/specification	Gem::Specification	#	has_test_suite?	defined	public
rubygems/specification	Gem::Specification	#	has_unit_tests?	defined	public
rubygems/specification	Gem::Specification	#	homepage	defined	public
rubygems/specification	Gem::Specification	#	homepage=	defined	public
rubygems/specification	Gem::Specification	#	lib_files	defined	public
rubygems/specification	Gem::Specification	#	loaded_from	defined	public
rubygems/specification	Gem::Specification	#	loaded_from=	defined	public
rubygems/specification	Gem::Specification	#	name	defined	public
rubygems/specification	Gem::Specification	#	name=	defined	public
rubygems/specification	Gem::Specification	#	normalize	defined	public
rubygems/specification	Gem::Specification	#	original_name	defined	public
rubygems/specification	Gem::Specification	#	original_platform	defined	public
rubygems/specification	Gem::Specification	#	original_platform=	defined	public
rubygems/specification	Gem::Specification	#	platform	defined	public
rubygems/specification	Gem::Specification	#	platform=	defined	public
rubygems/specification	Gem::Specification	#	post_install_message	defined	public
rubygems/specification	Gem::Specification	#	post_install_message=	defined	public
rubygems/specification	Gem::Specification	#	rdoc_options	defined	public
rubygems/specification	Gem::Specification	#	rdoc_options=	defined	public
rubygems/specification	Gem::Specification	#	require_path	defined	public
rubygems/specification	Gem::Specification	#	require_path=	defined	public
rubygems/specification	Gem::Specification	#	require_paths	defined	public
rubygems/specification	Gem::Specification	#	require_paths=	defined	public
rubygems/specification	Gem::Specification	#	required_ruby_version	defined	public
rubygems/specification	Gem::Specification	#	required_ruby_version=	defined	public
rubygems/specification	Gem::Specification	#	required_rubygems_version	defined	public
rubygems/specification	Gem::Specification	#	required_rubygems_version=	defined	public
rubygems/specification	Gem::Specification	#	requirements	defined	public
rubygems/specification	Gem::Specification	#	requirements=	defined	public
rubygems/specification	Gem::Specification	#	rubygems_version	defined	public
rubygems/specification	Gem::Specification	#	rubygems_version=	defined	public
rubygems/specification	Gem::Specification	#	runtime_dependencies	defined	public
rubygems/specification	Gem::Specification	#	satisfies_requirement?	defined	public
rubygems/specification	Gem::Specification	#	signing_key	defined	public
rubygems/specification	Gem::Specification	#	signing_key=	defined	public
rubygems/specification	Gem::Specification	#	specification_version	defined	public
rubygems/specification	Gem::Specification	#	specification_version=	defined	public
rubygems/specification	Gem::Specification	#	summary	defined	public
rubygems/specification	Gem::Specification	#	summary=	defined	public
rubygems/specification	Gem::Specification	#	test_file	defined	public
rubygems/specification	Gem::Specification	#	test_file=	defined	public
rubygems/specification	Gem::Specification	#	test_files	defined	public
rubygems/specification	Gem::Specification	#	test_files=	defined	public
rubygems/specification	Gem::Specification	#	to_ruby	defined	public
rubygems/specification	Gem::Specification	#	validate	defined	public
rubygems/specification	Gem::Specification	#	version	defined	public
rubygems/specification	Gem::Specification	#	version=	defined	public
rubygems/specification	Gem::Specification	#	yaml_initialize	defined	public
rubygems/specification	Gem::Specification	.	_load	defined	public
rubygems/specification	Gem::Specification	.	array_attributes	defined	public
rubygems/specification	Gem::Specification	.	attribute_names	defined	public
rubygems/specification	Gem::Specification	.	from_yaml	defined	public
rubygems/specification	Gem::Specification	.	load	defined	public
rubygems/specification	Gem::Specification	.	normalize_yaml_input	defined	public
rubygems/specification	Gem::Specification	.	required_attribute?	defined	public
rubygems/specification	Gem::Specification	.	required_attributes	defined	public
rubygems/specification	Gem::Specification	.	stubs	defined	public
rubygems/specification	Gem::Specification	.	stubs_for	defined	public
rubygems/user_interaction	Gem::StreamUI	#	alert	defined	public
rubygems/user_interaction	Gem::StreamUI	#	alert_error	defined	public
rubygems/user_interaction	Gem::StreamUI	#	alert_warning	defined	public
rubygems/user_interaction	Gem::StreamUI	#	ask	defined	public
rubygems/user_interaction	Gem::StreamUI	#	ask_yes_no	defined	public
rubygems/user_interaction	Gem::StreamUI	#	choose_from_list	defined	public
rubygems/user_interaction	Gem::StreamUI	#	errs	defined	public
rubygems/user_interaction	Gem::StreamUI	#	ins	defined	public
rubygems/user_interaction	Gem::StreamUI	#	outs	defined	public
rubygems/user_interaction	Gem::StreamUI	#	progress_reporter	defined	public
rubygems/user_interaction	Gem::StreamUI	#	say	defined	public
rubygems/user_interaction	Gem::StreamUI	#	terminate_interaction	defined	public
rubygems/user_interaction	Gem::StreamUI	.	new	defined	public
rubygems/user_interaction	Gem::StreamUI::SilentProgressReporter	#	count	defined	public
rubygems/user_interaction	Gem::StreamUI::SilentProgressReporter	#	done	defined	public
rubygems/user_interaction	Gem::StreamUI::SilentProgressReporter	#	updated	defined	public
rubygems/user_interaction	Gem::StreamUI::SilentProgressReporter	.	new	defined	public
rubygems/user_interaction	Gem::StreamUI::SimpleProgressReporter	#	count	defined	public
rubygems/user_interaction	Gem::StreamUI::SimpleProgressReporter	#	done	defined	public
rubygems/user_interaction	Gem::StreamUI::SimpleProgressReporter	#	updated	defined	public
rubygems/user_interaction	Gem::StreamUI::SimpleProgressReporter	.	new	defined	public
rubygems/user_interaction	Gem::StreamUI::VerboseProgressReporter	#	count	defined	public
rubygems/user_interaction	Gem::StreamUI::VerboseProgressReporter	#	done	defined	public
rubygems/user_interaction	Gem::StreamUI::VerboseProgressReporter	#	updated	defined	public
rubygems/user_interaction	Gem::StreamUI::VerboseProgressReporter	.	new	defined	public
rubygems/uninstaller	Gem::Uninstaller	#	ask_if_ok	defined	public
rubygems/uninstaller	Gem::Uninstaller	#	bin_dir	defined	public
rubygems/uninstaller	Gem::Uninstaller	#	dependencies_ok?	defined	public
rubygems/uninstaller	Gem::Uninstaller	#	gem_home	defined	public
rubygems/uninstaller	Gem::Uninstaller	#	path_ok?	defined	public
rubygems/uninstaller	Gem::Uninstaller	#	remove	defined	public
rubygems/uninstaller	Gem::Uninstaller	#	remove_all	defined	public
rubygems/uninstaller	Gem::Uninstaller	#	remove_executables	defined	public
rubygems/uninstaller	Gem::Uninstaller	#	spec	defined	public
rubygems/uninstaller	Gem::Uninstaller	#	uninstall	defined	public
rubygems/uninstaller	Gem::Uninstaller	#	uninstall_gem	defined	public
rubygems/uninstaller	Gem::Uninstaller	.	new	defined	public
rubygems/user_interaction	Gem::UserInteraction	#	alert	defined	public
rubygems/user_interaction	Gem::UserInteraction	#	alert_error	defined	public
rubygems/user_interaction	Gem::UserInteraction	#	alert_warning	defined	public
rubygems/user_interaction	Gem::UserInteraction	#	ask	defined	public
rubygems/user_interaction	Gem::UserInteraction	#	ask_yes_no	defined	public
rubygems/user_interaction	Gem::UserInteraction	#	choose_from_list	defined	public
rubygems/user_interaction	Gem::UserInteraction	#	say	defined	public
rubygems/user_interaction	Gem::UserInteraction	#	terminate_interaction	defined	public
rubygems/validator	Gem::Validator	::	ErrorData	defined	public
rubygems/validator	Gem::Validator	#	alien	defined	public
rubygems/validator	Gem::Validator	#	remove_leading_dot_dir	defined	public
rubygems/validator	Gem::Validator	#	unit_test	defined	public
rubygems/validator	Gem::Validator	#	verify_gem	defined	public
rubygems/validator	Gem::Validator	#	verify_gem_file	defined	public
rubygems/version	Gem::Version	::	Requirement	defined	public
rubygems/version	Gem::Version	#	<=>	defined	public
rubygems/version	Gem::Version	#	bump	defined	public
rubygems/version	Gem::Version	#	eql?	defined	public
rubygems/version	Gem::Version	#	marshal_dump	defined	public
rubygems/version	Gem::Version	#	marshal_load	defined	public
rubygems/version	Gem::Version	#	prerelease?	defined	public
rubygems/version	Gem::Version	#	release	defined	public
rubygems/version	Gem::Version	#	to_s	defined	public
rubygems/version	Gem::Version	#	version	defined	public
rubygems/version	Gem::Version	.	correct?	defined	public
rubygems/version	Gem::Version	.	create	defined	public
rubygems/version	Gem::Version	.	new	defined	public
rubygems/version_option	Gem::VersionOption	#	add_platform_option	defined	public
rubygems/version_option	Gem::VersionOption	#	add_version_option	defined	public
getoptlong	GetoptLong	::	ARGUMENT_FLAGS	defined	protected
getoptlong	GetoptLong	::	NO_ARGUMENT	defined	protected
getoptlong	GetoptLong	::	OPTIONAL_ARGUMENT	defined	protected
getoptlong	GetoptLong	::	ORDERINGS	defined	protected
getoptlong	GetoptLong	::	PERMUTE	defined	protected
getoptlong	GetoptLong	::	REQUIRED_ARGUMENT	defined	protected
getoptlong	GetoptLong	::	REQUIRE_ORDER	defined	protected
getoptlong	GetoptLong	::	RETURN_IN_ORDER	defined	protected
getoptlong	GetoptLong	::	STATUS_STARTED	defined	protected
getoptlong	GetoptLong	::	STATUS_TERMINATED	defined	protected
getoptlong	GetoptLong	::	STATUS_YET	defined	protected
getoptlong	GetoptLong	#	each	defined	public
getoptlong	GetoptLong	#	each_option	defined	public
getoptlong	GetoptLong	#	error	defined	public
getoptlong	GetoptLong	#	error?	defined	public
getoptlong	GetoptLong	#	error_message	defined	public
getoptlong	GetoptLong	#	get	defined	public
getoptlong	GetoptLong	#	get_option	defined	public
getoptlong	GetoptLong	#	ordering	defined	public
getoptlong	GetoptLong	#	ordering=	defined	public
getoptlong	GetoptLong	#	quiet	defined	public
getoptlong	GetoptLong	#	quiet?	defined	public
getoptlong	GetoptLong	#	quiet=	defined	public
getoptlong	GetoptLong	#	set_error	defined	protected
getoptlong	GetoptLong	#	set_options	defined	public
getoptlong	GetoptLong	#	terminate	defined	public
getoptlong	GetoptLong	#	terminated?	defined	public
getoptlong	GetoptLong	.	new	defined	public
_builtin	Hash	#	<	defined	public
_builtin	Hash	#	<=	defined	public
_builtin	Hash	#	==	defined	public
_builtin	Hash	#	===	defined	public
_builtin	Hash	#	eql?	defined	public
_builtin	Hash	#	>	defined	public
_builtin	Hash	#	>=	defined	public
_builtin	Hash	#	[]	defined	public
_builtin	Hash	#	[]=	defined	public
_builtin	Hash	#	store	defined	public
_builtin	Hash	#	assoc	defined	public
_builtin	Hash	#	clear	defined	public
_builtin	Hash	#	clone	defined	public
_builtin	Hash	#	dup	defined	public
_builtin	Hash	#	compact	defined	public
_builtin	Hash	#	compact!	defined	public
_builtin	Hash	#	compare_by_identity	defined	public
_builtin	Hash	#	compare_by_identity?	defined	public
_builtin	Hash	#	deconstruct_keys	defined	public
_builtin	Hash	#	default	defined	public
_builtin	Hash	#	default=	defined	public
_builtin	Hash	#	default_proc	defined	public
_builtin	Hash	#	default_proc=	defined	public
_builtin	Hash	#	delete	defined	public
_builtin	Hash	#	delete_if	defined	public
_builtin	Hash	#	reject!	defined	public
_builtin	Hash	#	dig	defined	public
_builtin	Hash	#	each	defined	public
_builtin	Hash	#	each_pair	defined	public
_builtin	Hash	#	each_key	defined	public
_builtin	Hash	#	each_value	defined	public
_builtin	Hash	#	empty?	defined	public
_builtin	Hash	#	equal?	defined	public
_builtin	Hash	#	except	defined	public
_builtin	Hash	#	fetch	defined	public
_builtin	Hash	#	fetch_values	defined	public
_builtin	Hash	#	filter	defined	public
_builtin	Hash	#	select	defined	public
_builtin	Hash	#	filter!	defined	public
_builtin	Hash	#	keep_if	defined	public
_builtin	Hash	#	select!	defined	public
_builtin	Hash	#	flatten	defined	public
_builtin	Hash	#	has_key?	defined	public
_builtin	Hash	#	include?	defined	public
_builtin	Hash	#	key?	defined	public
_builtin	Hash	#	member?	defined	public
_builtin	Hash	#	has_value?	defined	public
_builtin	Hash	#	value?	defined	public
_builtin	Hash	#	hash	defined	public
_builtin	Hash	#	inspect	defined	public
_builtin	Hash	#	to_s	defined	public
_builtin	Hash	#	invert	defined	public
_builtin	Hash	#	key	defined	public
_builtin	Hash	#	keys	defined	public
_builtin	Hash	#	length	defined	public
_builtin	Hash	#	size	defined	public
_builtin	Hash	#	merge	defined	public
_builtin	Hash	#	merge!	defined	public
_builtin	Hash	#	update	defined	public
_builtin	Hash	#	rassoc	defined	public
_builtin	Hash	#	rehash	defined	public
_builtin	Hash	#	reject	defined	public
_builtin	Hash	#	replace	defined	public
_builtin	Hash	#	shift	defined	public
_builtin	Hash	#	slice	defined	public
_builtin	Hash	#	to_a	defined	public
_builtin	Hash	#	to_h	defined	public
_builtin	Hash	#	to_hash	defined	public
_builtin	Hash	#	to_proc	defined	public
_builtin	Hash	#	transform_keys	defined	public
_builtin	Hash	#	transform_keys!	defined	public
_builtin	Hash	#	transform_values	defined	public
_builtin	Hash	#	transform_values!	defined	public
_builtin	Hash	#	values	defined	public
_builtin	Hash	#	values_at	defined	public
_builtin	Hash	.	[]	defined	public
_builtin	Hash	.	new	defined	public
_builtin	Hash	.	ruby2_keywords_hash	defined	public
_builtin	Hash	.	ruby2_keywords_hash?	defined	public
_builtin	Hash	.	try_convert	defined	public
_builtin	IO	::	SEEK_CUR	defined	public
_builtin	IO	::	SEEK_DATA	defined	public
_builtin	IO	::	SEEK_END	defined	public
_builtin	IO	::	SEEK_HOLE	defined	public
_builtin	IO	::	SEEK_SET	defined	public
_builtin	IO	#	<<	defined	public
_builtin	IO	#	advise	defined	public
_builtin	IO	#	autoclose=	defined	public
_builtin	IO	#	autoclose?	defined	public
_builtin	IO	#	binmode	defined	public
_builtin	IO	#	binmode?	defined	public
_builtin	IO	#	clone	defined	public
_builtin	IO	#	dup	defined	public
_builtin	IO	#	close	defined	public
_builtin	IO	#	close_on_exec=	defined	public
_builtin	IO	#	close_on_exec?	defined	public
_builtin	IO	#	close_read	defined	public
_builtin	IO	#	close_write	defined	public
_builtin	IO	#	closed?	defined	public
io/console	IO	#	cooked	added	public
io/console	IO	#	cooked!	added	public
_builtin	IO	#	each	defined	public
_builtin	IO	#	each_line	defined	public
_builtin	IO	#	each_byte	defined	public
_builtin	IO	#	each_char	defined	public
_builtin	IO	#	each_codepoint	defined	public
io/console	IO	#	echo=	added	public
io/console	IO	#	echo?	added	public
_builtin	IO	#	eof	defined	public
_builtin	IO	#	eof?	defined	public
expect	IO	#	expect	added	public
_builtin	IO	#	external_encoding	defined	public
_builtin	IO	#	fcntl	defined	public
_builtin	IO	#	fdatasync	defined	public
_builtin	IO	#	fileno	defined	public
_builtin	IO	#	to_i	defined	public
_builtin	IO	#	flush	defined	public
_builtin	IO	#	fsync	defined	public
_builtin	IO	#	getbyte	defined	public
_builtin	IO	#	getc	defined	public
io/console	IO	#	getch	added	public
_builtin	IO	#	gets	defined	public
io/console	IO	#	iflush	added	public
_builtin	IO	#	internal_encoding	defined	public
_builtin	IO	#	ioctl	defined	public
io/console	IO	#	ioflush	added	public
_builtin	IO	#	isatty	defined	public
_builtin	IO	#	tty?	defined	public
_builtin	IO	#	lineno	defined	public
_builtin	IO	#	lineno=	defined	public
io/console	IO	#	noecho	added	public
io/nonblock	IO	#	nonblock	added	public
io/nonblock	IO	#	nonblock=	added	public
io/nonblock	IO	#	nonblock?	added	public
io/wait	IO	#	nread	added	public
io/console	IO	#	oflush	added	public
_builtin	IO	#	path	defined	public
_builtin	IO	#	to_path	defined	public
etc	IO	#	pathconf	added	public
_builtin	IO	#	pid	defined	public
_builtin	IO	#	pos	defined	public
_builtin	IO	#	tell	defined	public
_builtin	IO	#	pos=	defined	public
_builtin	IO	#	pread	defined	public
_builtin	IO	#	print	defined	public
_builtin	IO	#	printf	defined	public
_builtin	IO	#	putc	defined	public
_builtin	IO	#	puts	defined	public
_builtin	IO	#	pwrite	defined	public
io/console	IO	#	raw	added	public
io/console	IO	#	raw!	added	public
_builtin	IO	#	read	defined	public
_builtin	IO	#	read_nonblock	defined	public
_builtin	IO	#	readbyte	defined	public
_builtin	IO	#	readchar	defined	public
_builtin	IO	#	readline	defined	public
_builtin	IO	#	readlines	defined	public
_builtin	IO	#	readpartial	defined	public
io/wait	IO	#	ready?	added	public
_builtin	IO	#	reopen	defined	public
_builtin	IO	#	rewind	defined	public
_builtin	IO	#	seek	defined	public
_builtin	IO	#	set_encoding	defined	public
_builtin	IO	#	set_encoding_by_bom	defined	public
_builtin	IO	#	stat	defined	public
_builtin	IO	#	sync	defined	public
_builtin	IO	#	sync=	defined	public
_builtin	IO	#	sysread	defined	public
_builtin	IO	#	sysseek	defined	public
_builtin	IO	#	syswrite	defined	public
_builtin	IO	#	timeout	defined	public
_builtin	IO	#	timeout=	defined	public
_builtin	IO	#	to_io	defined	public
_builtin	IO	#	ungetbyte	defined	public
_builtin	IO	#	ungetc	defined	public
io/wait	IO	#	wait	added	public
io/wait	IO	#	wait_readable	added	public
io/wait	IO	#	wait_priority	added	public
io/wait	IO	#	wait_writable	added	public
io/console	IO	#	winsize	added	public
io/console	IO	#	winsize=	added	public
_builtin	IO	#	write	defined	public
_builtin	IO	#	write_nonblock	defined	public
_builtin	IO	.	binread	defined	public
_builtin	IO	.	binwrite	defined	public
io/console	IO	.	console	added	public
io/console/size	IO	.	console_size	added	public
_builtin	IO	.	copy_stream	defined	public
io/console/size	IO	.	default_console_size	added	public
_builtin	IO	.	for_fd	defined	public
_builtin	IO	.	new	defined	public
_builtin	IO	.	open	defined	public
_builtin	IO	.	foreach	defined	public
_builtin	IO	.	pipe	defined	public
_builtin	IO	.	popen	defined	public
_builtin	IO	.	read	defined	public
_builtin	IO	.	readlines	defined	public
_builtin	IO	.	select	defined	public
_builtin	IO	.	sysopen	defined	public
_builtin	IO	.	try_convert	defined	public
_builtin	IO	.	write	defined	public
_builtin	IO::Buffer	::	BIG_ENDIAN	defined	public
_builtin	IO::Buffer	::	HOST_ENDIAN	defined	public
_builtin	IO::Buffer	::	LITTLE_ENDIAN	defined	public
_builtin	IO::Buffer	::	NETWORK_ENDIAN	defined	public
_builtin	IO::Buffer	::	DEFAULT_SIZE	defined	public
_builtin	IO::Buffer	::	EXTERNAL	defined	public
_builtin	IO::Buffer	::	INTERNAL	defined	public
_builtin	IO::Buffer	::	LOCKED	defined	public
_builtin	IO::Buffer	::	MAPPED	defined	public
_builtin	IO::Buffer	::	PAGE_SIZE	defined	public
_builtin	IO::Buffer	::	PRIVATE	defined	public
_builtin	IO::Buffer	::	READONLY	defined	public
_builtin	IO::Buffer	::	SHARED	defined	public
_builtin	IO::Buffer	#	&	defined	public
_builtin	IO::Buffer	#	^	defined	public
_builtin	IO::Buffer	#	|	defined	public
_builtin	IO::Buffer	#	<=>	defined	public
_builtin	IO::Buffer	#	~	defined	public
_builtin	IO::Buffer	#	and!	defined	public
_builtin	IO::Buffer	#	or!	defined	public
_builtin	IO::Buffer	#	xor!	defined	public
_builtin	IO::Buffer	#	clear	defined	public
_builtin	IO::Buffer	#	copy	defined	public
_builtin	IO::Buffer	#	each	defined	public
_builtin	IO::Buffer	#	each_byte	defined	public
_builtin	IO::Buffer	#	empty?	defined	public
_builtin	IO::Buffer	#	external?	defined	public
_builtin	IO::Buffer	#	free	defined	public
_builtin	IO::Buffer	#	get_string	defined	public
_builtin	IO::Buffer	#	get_value	defined	public
_builtin	IO::Buffer	#	get_values	defined	public
_builtin	IO::Buffer	#	hexdump	defined	public
_builtin	IO::Buffer	#	inspect	defined	public
_builtin	IO::Buffer	#	internal?	defined	public
_builtin	IO::Buffer	#	locked	defined	public
_builtin	IO::Buffer	#	locked?	defined	public
_builtin	IO::Buffer	#	mapped?	defined	public
_builtin	IO::Buffer	#	not!	defined	public
_builtin	IO::Buffer	#	null?	defined	public
_builtin	IO::Buffer	#	pread	defined	public
_builtin	IO::Buffer	#	private?	defined	public
_builtin	IO::Buffer	#	pwrite	defined	public
_builtin	IO::Buffer	#	read	defined	public
_builtin	IO::Buffer	#	readonly?	defined	public
_builtin	IO::Buffer	#	resize	defined	public
_builtin	IO::Buffer	#	set_string	defined	public
_builtin	IO::Buffer	#	set_value	defined	public
_builtin	IO::Buffer	#	set_values	defined	public
_builtin	IO::Buffer	#	shared?	defined	public
_builtin	IO::Buffer	#	size	defined	public
_builtin	IO::Buffer	#	slice	defined	public
_builtin	IO::Buffer	#	to_s	defined	public
_builtin	IO::Buffer	#	transfer	defined	public
_builtin	IO::Buffer	#	valid?	defined	public
_builtin	IO::Buffer	#	values	defined	public
_builtin	IO::Buffer	#	write	defined	public
_builtin	IO::Buffer	.	for	defined	public
_builtin	IO::Buffer	.	map	defined	public
_builtin	IO::Buffer	.	new	defined	public
_builtin	IO::Buffer	.	size_of	defined	public
_builtin	IO::Buffer	.	string	defined	public
ipaddr	IPAddr	::	IN4MASK	defined	protected
ipaddr	IPAddr	::	IN6FORMAT	defined	protected
ipaddr	IPAddr	::	IN6MASK	defined	protected
ipaddr	IPAddr	#	&	defined	public
ipaddr	IPAddr	#	<<	defined	public
ipaddr	IPAddr	#	<=>	defined	public
ipaddr	IPAddr	#	==	defined	public
ipaddr	IPAddr	#	===	defined	public
ipaddr	IPAddr	#	include?	defined	public
ipaddr	IPAddr	#	>>	defined	public
ipaddr	IPAddr	#	|	defined	public
ipaddr	IPAddr	#	~	defined	public
ipaddr	IPAddr	#	eql?	defined	public
ipaddr	IPAddr	#	family	defined	public
ipaddr	IPAddr	#	hash	defined	public
ipaddr	IPAddr	#	hton	defined	public
ipaddr	IPAddr	#	inspect	defined	public
ipaddr	IPAddr	#	ip6_arpa	defined	public
ipaddr	IPAddr	#	ip6_int	defined	public
ipaddr	IPAddr	#	ipv4?	defined	public
ipaddr	IPAddr	#	ipv4_compat	defined	public
ipaddr	IPAddr	#	ipv4_compat?	defined	public
ipaddr	IPAddr	#	ipv4_mapped	defined	public
ipaddr	IPAddr	#	ipv4_mapped?	defined	public
ipaddr	IPAddr	#	ipv6?	defined	public
ipaddr	IPAddr	#	mask	defined	public
ipaddr	IPAddr	#	mask!	defined	protected
ipaddr	IPAddr	#	native	defined	public
ipaddr	IPAddr	#	prefix	defined	public
ipaddr	IPAddr	#	prefix=	defined	public
ipaddr	IPAddr	#	reverse	defined	public
ipaddr	IPAddr	#	set	defined	protected
ipaddr	IPAddr	#	succ	defined	public
ipaddr	IPAddr	#	to_i	defined	public
ipaddr	IPAddr	#	to_range	defined	public
ipaddr	IPAddr	#	to_s	defined	public
ipaddr	IPAddr	#	to_string	defined	public
ipaddr	IPAddr	.	new	defined	public
ipaddr	IPAddr	.	new_ntoh	defined	public
ipaddr	IPAddr	.	ntop	defined	public
socket	IPSocket	#	addr	defined	public
socket	IPSocket	#	peeraddr	defined	public
socket	IPSocket	#	recvfrom	defined	public
resolv-replace	IPSocket	.	getaddress	redefined	public
socket	IPSocket	.	getaddress	defined	public
irb/input-method	IRB	::	STDIN_FILE_NAME	added	public
irb	IRB	.	CurrentContext	defined	public
irb/inspector	IRB	.	Inspector	added	public
irb	IRB	.	conf	defined	public
irb	IRB	.	irb_abort	defined	public
irb	IRB	.	irb_at_exit	defined	public
irb	IRB	.	irb_exit	defined	public
irb/help	IRB	.	print_usage	added	public
irb	IRB	.	start	defined	public
irb	IRB	.	version	defined	public
irb/context	IRB::Context	::	IDNAME_IVARS	defined	public
irb/context	IRB::Context	::	NOPRINTING_IVARS	defined	public
irb/context	IRB::Context	::	NO_INSPECTING_IVARS	defined	public
irb/context	IRB::Context	#	__inspect__	defined	public
irb/context	IRB::Context	#	__to_s__	defined	public
irb/context	IRB::Context	#	ap_name	defined	public
irb/context	IRB::Context	#	ap_name=	defined	public
irb/context	IRB::Context	#	auto_indent_mode	defined	public
irb/context	IRB::Context	#	auto_indent_mode=	defined	public
irb/context	IRB::Context	#	back_trace_limit	defined	public
irb/context	IRB::Context	#	back_trace_limit=	defined	public
irb/context	IRB::Context	#	debug?	defined	public
irb/context	IRB::Context	#	debug_level	defined	public
irb/context	IRB::Context	#	debug_level=	defined	public
irb/context	IRB::Context	#	echo	defined	public
irb/context	IRB::Context	#	echo?	defined	public
irb/context	IRB::Context	#	echo=	defined	public
irb/ext/eval_history	IRB::Context	#	eval_history	added	public
irb/ext/eval_history	IRB::Context	#	eval_history=	added	public
irb/context	IRB::Context	#	evaluate	defined	public
irb/context	IRB::Context	#	exit	defined	public
irb/context	IRB::Context	#	file_input?	defined	public
irb/context	IRB::Context	#	ignore_eof	defined	public
irb/context	IRB::Context	#	ignore_eof?	defined	public
irb/context	IRB::Context	#	ignore_eof=	defined	public
irb/context	IRB::Context	#	ignore_sigint	defined	public
irb/context	IRB::Context	#	ignore_sigint?	defined	public
irb/context	IRB::Context	#	ignore_sigint=	defined	public
irb/context	IRB::Context	#	inspect	defined	public
irb/context	IRB::Context	#	to_s	defined	public
irb/context	IRB::Context	#	inspect?	defined	public
irb/context	IRB::Context	#	inspect_mode	defined	public
irb/context	IRB::Context	#	inspect_mode=	defined	public
irb/context	IRB::Context	#	io	defined	public
irb/context	IRB::Context	#	io=	defined	public
irb/context	IRB::Context	#	irb	defined	public
irb/context	IRB::Context	#	irb=	defined	public
irb/context	IRB::Context	#	irb_name	defined	public
irb/context	IRB::Context	#	irb_name=	defined	public
irb/context	IRB::Context	#	irb_path	defined	public
irb/context	IRB::Context	#	irb_path=	defined	public
irb/context	IRB::Context	#	last_value	defined	public
irb/context	IRB::Context	#	load_modules	defined	public
irb/context	IRB::Context	#	main	defined	public
irb/context	IRB::Context	#	prompt_c	defined	public
irb/context	IRB::Context	#	prompt_c=	defined	public
irb/context	IRB::Context	#	prompt_i	defined	public
irb/context	IRB::Context	#	prompt_i=	defined	public
irb/context	IRB::Context	#	prompt_mode	defined	public
irb/context	IRB::Context	#	prompt_mode=	defined	public
irb/context	IRB::Context	#	prompt_n	defined	public
irb/context	IRB::Context	#	prompt_n=	defined	public
irb/context	IRB::Context	#	prompt_s	defined	public
irb/context	IRB::Context	#	prompt_s=	defined	public
irb/context	IRB::Context	#	prompting?	defined	public
irb/context	IRB::Context	#	rc	defined	public
irb/context	IRB::Context	#	rc?	defined	public
irb/context	IRB::Context	#	return_format	defined	public
irb/context	IRB::Context	#	return_format=	defined	public
irb/context	IRB::Context	#	set_last_value	defined	public
irb/context	IRB::Context	#	thread	defined	public
irb/ext/use-loader	IRB::Context	#	use_loader	added	public
irb/ext/use-loader	IRB::Context	#	use_loader?	added	public
irb/ext/use-loader	IRB::Context	#	use_loader=	added	public
irb/context	IRB::Context	#	use_readline	defined	public
irb/context	IRB::Context	#	use_readline?	defined	public
irb/ext/tracer	IRB::Context	#	use_tracer	added	public
irb/ext/tracer	IRB::Context	#	use_tracer?	added	public
irb/ext/tracer	IRB::Context	#	use_tracer=	added	public
irb/context	IRB::Context	#	verbose	defined	public
irb/context	IRB::Context	#	verbose=	defined	public
irb/context	IRB::Context	#	verbose?	defined	public
irb/context	IRB::Context	#	workspace	defined	public
irb/context	IRB::Context	#	workspace=	defined	public
irb/context	IRB::Context	.	new	defined	public
irb/input-method	IRB::FileInputMethod	#	encoding	defined	public
irb/input-method	IRB::FileInputMethod	#	gets	defined	public
irb/input-method	IRB::FileInputMethod	.	new	defined	public
irb/frame	IRB::Frame	#	bottom	defined	public
irb/frame	IRB::Frame	#	top	defined	public
irb/frame	IRB::Frame	#	trace_func	defined	public
irb/frame	IRB::Frame	.	bottom	defined	public
irb/frame	IRB::Frame	.	sender	defined	public
irb/frame	IRB::Frame	.	top	defined	public
irb/input-method	IRB::InputMethod	#	file_name	defined	public
irb/input-method	IRB::InputMethod	#	gets	defined	public
irb/input-method	IRB::InputMethod	#	readable_atfer_eof?	defined	public
irb/input-method	IRB::InputMethod	.	new	defined	public
irb/inspector	IRB::Inspector	#	init	defined	public
irb/inspector	IRB::Inspector	#	inspect_value	defined	public
irb/inspector	IRB::Inspector	.	def_inspector	defined	public
irb/inspector	IRB::Inspector	.	keys_with_inspector	defined	public
irb/output-method	IRB::OutputMethod	#	pp	defined	public
irb/output-method	IRB::OutputMethod	#	ppx	defined	public
irb/output-method	IRB::OutputMethod	#	print	defined	public
irb/output-method	IRB::OutputMethod	#	printn	defined	public
irb/output-method	IRB::OutputMethod	#	puts	defined	public
irb/input-method	IRB::ReadlineInputMethod	#	encoding	defined	public
irb/input-method	IRB::ReadlineInputMethod	#	eof?	defined	public
irb/input-method	IRB::ReadlineInputMethod	#	gets	defined	public
irb/input-method	IRB::ReadlineInputMethod	#	line	defined	public
irb/input-method	IRB::ReadlineInputMethod	#	readable_atfer_eof?	defined	public
irb/input-method	IRB::ReadlineInputMethod	.	new	defined	public
irb/input-method	IRB::RelineInputMethod	#	eof?	defined	public
irb/input-method	IRB::RelineInputMethod	#	gets	defined	public
irb/input-method	IRB::RelineInputMethod	.	new	defined	public
irb/input-method	IRB::StdioInputMethod	#	encoding	defined	public
irb/input-method	IRB::StdioInputMethod	#	eof?	defined	public
irb/input-method	IRB::StdioInputMethod	#	gets	defined	public
irb/input-method	IRB::StdioInputMethod	#	line	defined	public
irb/input-method	IRB::StdioInputMethod	#	readable_atfer_eof?	defined	public
irb/input-method	IRB::StdioInputMethod	.	new	defined	public
irb/output-method	IRB::StdioOutputMethod	#	print	defined	public
_builtin	Integer	#	%	defined	public
_builtin	Integer	#	modulo	defined	public
_builtin	Integer	#	&	defined	public
_builtin	Integer	#	*	defined	public
_builtin	Integer	#	**	defined	public
_builtin	Integer	#	pow	defined	public
_builtin	Integer	#	+	defined	public
_builtin	Integer	#	-	defined	public
_builtin	Integer	#	-@	defined	public
_builtin	Integer	#	/	defined	public
_builtin	Integer	#	<	defined	public
_builtin	Integer	#	<<	defined	public
_builtin	Integer	#	<=	defined	public
_builtin	Integer	#	<=>	defined	public
_builtin	Integer	#	==	defined	public
_builtin	Integer	#	===	defined	public
_builtin	Integer	#	>	defined	public
_builtin	Integer	#	>=	defined	public
_builtin	Integer	#	>>	defined	public
_builtin	Integer	#	[]	defined	public
_builtin	Integer	#	^	defined	public
_builtin	Integer	#	|	defined	public
_builtin	Integer	#	~	defined	public
_builtin	Integer	#	abs	defined	public
_builtin	Integer	#	magnitude	defined	public
_builtin	Integer	#	allbits?	defined	public
_builtin	Integer	#	anybits?	defined	public
_builtin	Integer	#	bit_length	defined	public
_builtin	Integer	#	ceil	defined	public
_builtin	Integer	#	ceildiv	defined	public
_builtin	Integer	#	chr	defined	public
_builtin	Integer	#	denominator	defined	public
_builtin	Integer	#	digits	defined	public
_builtin	Integer	#	div	defined	public
_builtin	Integer	#	divmod	defined	public
_builtin	Integer	#	downto	defined	public
_builtin	Integer	#	even?	defined	public
_builtin	Integer	#	fdiv	defined	public
_builtin	Integer	#	floor	defined	public
_builtin	Integer	#	gcd	defined	public
_builtin	Integer	#	gcdlcm	defined	public
_builtin	Integer	#	hash	defined	public
_builtin	Integer	#	inspect	defined	public
_builtin	Integer	#	to_s	defined	public
_builtin	Integer	#	integer?	defined	public
_builtin	Integer	#	lcm	defined	public
_builtin	Integer	#	next	defined	public
_builtin	Integer	#	succ	defined	public
_builtin	Integer	#	nobits?	defined	public
_builtin	Integer	#	numerator	defined	public
_builtin	Integer	#	odd?	defined	public
_builtin	Integer	#	ord	defined	public
_builtin	Integer	#	pred	defined	public
prime	Integer	#	prime?	added	public
prime	Integer	#	prime_division	added	public
_builtin	Integer	#	rationalize	defined	public
_builtin	Integer	#	remainder	defined	public
_builtin	Integer	#	round	defined	public
_builtin	Integer	#	size	defined	public
_builtin	Integer	#	times	defined	public
openssl	Integer	#	to_bn	added	public
bigdecimal/util	Integer	#	to_d	added	public
_builtin	Integer	#	to_f	defined	public
_builtin	Integer	#	to_i	defined	public
_builtin	Integer	#	to_int	defined	public
_builtin	Integer	#	to_r	defined	public
_builtin	Integer	#	truncate	defined	public
_builtin	Integer	#	upto	defined	public
prime	Integer	.	each_prime	added	public
prime	Integer	.	from_prime_division	added	public
_builtin	Integer	.	sqrt	defined	public
_builtin	Integer	.	try_convert	defined	public
json	JSON	::	Infinity	defined	public
json	JSON	::	JSON_LOADED	defined	public
json	JSON	::	MinusInfinity	defined	public
json	JSON	::	NaN	defined	public
json	JSON	::	VERSION	defined	public
json	JSON	.#	dump	defined	public
json	JSON	.#	fast_generate	defined	public
json	JSON	.#	fast_unparse	defined	public
json	JSON	.#	generate	defined	public
json	JSON	.#	unparse	defined	public
json	JSON	.#	load	defined	public
json	JSON	.#	restore	defined	public
json	JSON	.#	load_file	defined	public
json	JSON	.#	load_file!	defined	public
json	JSON	.#	parse	defined	public
json	JSON	.#	parse!	defined	public
json	JSON	.#	pretty_generate	defined	public
json	JSON	.#	pretty_unparse	defined	public
json	JSON	.	[]	defined	public
json	JSON	.	create_id	defined	public
json	JSON	.	create_id=	defined	public
json	JSON	.	generator	defined	public
json	JSON	.	parser	defined	public
json	JSON	.	state	defined	public
json	JSON::Ext::Generator::GeneratorMethods::Array	#	to_json	defined	public
json	JSON::Ext::Generator::GeneratorMethods::FalseClass	#	to_json	defined	public
json	JSON::Ext::Generator::GeneratorMethods::Float	#	to_json	defined	public
json	JSON::Ext::Generator::GeneratorMethods::Hash	#	to_json	defined	public
json	JSON::Ext::Generator::GeneratorMethods::Integer	#	to_json	defined	public
json	JSON::Ext::Generator::GeneratorMethods::NilClass	#	to_json	defined	public
json	JSON::Ext::Generator::GeneratorMethods::Object	#	to_json	defined	public
json	JSON::Ext::Generator::GeneratorMethods::String	#	to_json	defined	public
json	JSON::Ext::Generator::GeneratorMethods::String	#	to_json_raw	defined	public
json	JSON::Ext::Generator::GeneratorMethods::String	#	to_json_raw_object	defined	public
json	JSON::Ext::Generator::GeneratorMethods::String::Extend	.	json_create	defined	public
json	JSON::Ext::Generator::GeneratorMethods::TrueClass	#	to_json	defined	public
json	JSON::Parser	#	parse	defined	public
json	JSON::Parser	#	source	defined	public
json	JSON::Parser	.	new	defined	public
json	JSON::State	#	[]	defined	public
json	JSON::State	#	[]=	defined	public
json	JSON::State	#	allow_nan?	defined	public
json	JSON::State	#	array_nl	defined	public
json	JSON::State	#	array_nl=	defined	public
json	JSON::State	#	ascii_only?	defined	public
json	JSON::State	#	buffer_initial_length	defined	public
json	JSON::State	#	buffer_initial_length=	defined	public
json	JSON::State	#	check_circular?	defined	public
json	JSON::State	#	configure	defined	public
json	JSON::State	#	merge	defined	public
json	JSON::State	#	depth	defined	public
json	JSON::State	#	depth=	defined	public
json	JSON::State	#	generate	defined	public
json	JSON::State	#	indent	defined	public
json	JSON::State	#	indent=	defined	public
json	JSON::State	#	max_nesting	defined	public
json	JSON::State	#	max_nesting=	defined	public
json	JSON::State	#	object_nl	defined	public
json	JSON::State	#	object_nl=	defined	public
json	JSON::State	#	space	defined	public
json	JSON::State	#	space=	defined	public
json	JSON::State	#	space_before	defined	public
json	JSON::State	#	space_before=	defined	public
json	JSON::State	#	to_h	defined	public
json	JSON::State	#	to_hash	defined	public
json	JSON::State	.	from_state	defined	public
json	JSON::State	.	new	defined	public
bigdecimal/jacobian	Jacobian	.#	dfdxi	defined	public
bigdecimal/jacobian	Jacobian	.#	isEqual	defined	public
bigdecimal/jacobian	Jacobian	.#	jacobian	defined	public
kconv	Kconv	::	ASCII	defined	public
kconv	Kconv	::	AUTO	defined	public
kconv	Kconv	::	BINARY	defined	public
kconv	Kconv	::	EUC	defined	public
kconv	Kconv	::	JIS	defined	public
kconv	Kconv	::	NOCONV	defined	public
kconv	Kconv	::	SJIS	defined	public
kconv	Kconv	::	UNKNOWN	defined	public
kconv	Kconv	::	UTF16	defined	public
kconv	Kconv	::	UTF32	defined	public
kconv	Kconv	::	UTF8	defined	public
kconv	Kconv	.#	guess	defined	public
kconv	Kconv	.#	iseuc	defined	public
kconv	Kconv	.#	isjis	defined	public
kconv	Kconv	.#	issjis	defined	public
kconv	Kconv	.#	isutf8	defined	public
kconv	Kconv	.#	kconv	defined	public
kconv	Kconv	.#	toeuc	defined	public
kconv	Kconv	.#	tojis	defined	public
kconv	Kconv	.#	tolocale	defined	public
kconv	Kconv	.#	tosjis	defined	public
kconv	Kconv	.#	toutf16	defined	public
kconv	Kconv	.#	toutf32	defined	public
kconv	Kconv	.#	toutf8	defined	public
mkmf	Kernel	::	CONFIG	added	private
delegate	Kernel	#	DelegateClass	added	private
digest	Kernel	#	Digest	added	private
json	Kernel	#	JSON	added	private
mkmf	Kernel	#	arg_config	added	private
mkmf	Kernel	#	cc_command	added	private
mkmf	Kernel	#	check_signedness	added	private
mkmf	Kernel	#	check_sizeof	added	private
un	Kernel	#	chmod	added	private
mkmf	Kernel	#	convertible_int	added	private
un	Kernel	#	cp	added	private
mkmf	Kernel	#	cpp_command	added	private
mkmf	Kernel	#	create_header	added	private
mkmf	Kernel	#	create_makefile	added	private
mkmf	Kernel	#	create_tmpsrc	added	private
mkmf	Kernel	#	depend_rules	added	private
mkmf	Kernel	#	dir_config	added	private
mkmf	Kernel	#	dummy_makefile	added	private
mkmf	Kernel	#	egrep_cpp	added	private
mkmf	Kernel	#	enable_config	added	private
mkmf	Kernel	#	find_executable	added	private
mkmf	Kernel	#	find_header	added	private
mkmf	Kernel	#	find_library	added	private
mkmf	Kernel	#	find_type	added	private
rubygems	Kernel	#	gem	added	private
mkmf	Kernel	#	have_const	added	private
mkmf	Kernel	#	have_devel?	added	private
mkmf	Kernel	#	have_framework	added	private
mkmf	Kernel	#	have_func	added	private
mkmf	Kernel	#	have_header	added	private
mkmf	Kernel	#	have_library	added	private
mkmf	Kernel	#	have_macro	added	private
mkmf	Kernel	#	have_struct_member	added	private
mkmf	Kernel	#	have_type	added	private
mkmf	Kernel	#	have_var	added	private
un	Kernel	#	help	added	private
un	Kernel	#	httpd	added	private
un	Kernel	#	install	added	private
mkmf	Kernel	#	install_files	added	private
mkmf	Kernel	#	install_rb	added	private
json	Kernel	#	j	added	private
json	Kernel	#	jj	added	private
mkmf	Kernel	#	libpathflag	added	private
mkmf	Kernel	#	link_command	added	private
un	Kernel	#	ln	added	private
mkmf	Kernel	#	log_src	added	private
mkmf	Kernel	#	merge_libs	added	private
mkmf	Kernel	#	message	added	private
un	Kernel	#	mkdir	added	private
un	Kernel	#	mkmf	added	private
mkmf	Kernel	#	modified?	added	private
un	Kernel	#	mv	added	private
un	Kernel	#	rm	added	private
mkmf	Kernel	#	rm_f	added	private
mkmf	Kernel	#	rm_rf	added	private
un	Kernel	#	rmdir	added	private
un	Kernel	#	touch	added	private
mkmf	Kernel	#	try_compile	added	private
mkmf	Kernel	#	try_constant	added	private
mkmf	Kernel	#	try_cpp	added	private
mkmf	Kernel	#	try_do	added	private
mkmf	Kernel	#	try_func	added	private
mkmf	Kernel	#	try_link	added	private
mkmf	Kernel	#	try_run	added	private
mkmf	Kernel	#	try_static_assert	added	private
mkmf	Kernel	#	try_type	added	private
mkmf	Kernel	#	try_var	added	private
un	Kernel	#	wait_writable	added	private
mkmf	Kernel	#	with_config	added	private
mkmf	Kernel	#	with_werror	added	private
irb/xmp	Kernel	#	xmp	added	private
mkmf	Kernel	#	xpopen	added	private
mkmf	Kernel	#	xsystem	added	private
psych	Kernel	#	y	added	public
_builtin	Kernel	.#	`	defined	public
_builtin	Kernel	.#	Array	defined	public
bigdecimal	Kernel	.#	BigDecimal	added	public
_builtin	Kernel	.#	Complex	defined	public
_builtin	Kernel	.#	Float	defined	public
_builtin	Kernel	.#	Hash	defined	public
_builtin	Kernel	.#	Integer	defined	public
pathname	Kernel	.#	Pathname	added	public
_builtin	Kernel	.#	Rational	defined	public
_builtin	Kernel	.#	String	defined	public
uri	Kernel	.#	URI	added	public
_builtin	Kernel	.#	__callee__	defined	public
_builtin	Kernel	.#	__dir__	defined	public
_builtin	Kernel	.#	__method__	defined	public
_builtin	Kernel	.#	abort	defined	public
_builtin	Kernel	.#	at_exit	defined	public
_builtin	Kernel	.#	autoload	defined	public
_builtin	Kernel	.#	autoload?	defined	public
_builtin	Kernel	.#	binding	defined	public
_builtin	Kernel	.#	block_given?	defined	public
_builtin	Kernel	.#	iterator?	defined	public
continuation	Kernel	.#	callcc	added	public
_builtin	Kernel	.#	caller	defined	public
_builtin	Kernel	.#	caller_locations	defined	public
_builtin	Kernel	.#	catch	defined	public
_builtin	Kernel	.#	chomp	defined	public
_builtin	Kernel	.#	chop	defined	public
_builtin	Kernel	.#	eval	defined	public
_builtin	Kernel	.#	exec	defined	public
_builtin	Kernel	.#	exit	defined	public
_builtin	Kernel	.#	exit!	defined	public
_builtin	Kernel	.#	fail	defined	public
_builtin	Kernel	.#	raise	defined	public
_builtin	Kernel	.#	fork	defined	public
_builtin	Kernel	.#	format	defined	public
_builtin	Kernel	.#	sprintf	defined	public
_builtin	Kernel	.#	gets	defined	public
_builtin	Kernel	.#	global_variables	defined	public
_builtin	Kernel	.#	gsub	defined	public
_builtin	Kernel	.#	lambda	defined	public
_builtin	Kernel	.#	proc	defined	public
_builtin	Kernel	.#	load	defined	public
_builtin	Kernel	.#	local_variables	defined	public
_builtin	Kernel	.#	loop	defined	public
_builtin	Kernel	.#	open	defined	public
_builtin	Kernel	.#	p	defined	public
_builtin	Kernel	.#	pp	defined	public
_builtin	Kernel	.#	print	defined	public
_builtin	Kernel	.#	printf	defined	public
_builtin	Kernel	.#	putc	defined	public
_builtin	Kernel	.#	puts	defined	public
_builtin	Kernel	.#	rand	defined	public
_builtin	Kernel	.#	readline	defined	public
_builtin	Kernel	.#	readlines	defined	public
_builtin	Kernel	.#	require	defined	public
_builtin	Kernel	.#	require_relative	defined	public
_builtin	Kernel	.#	select	defined	public
_builtin	Kernel	.#	set_trace_func	defined	public
_builtin	Kernel	.#	sleep	defined	public
_builtin	Kernel	.#	spawn	defined	public
_builtin	Kernel	.#	srand	defined	public
_builtin	Kernel	.#	sub	defined	public
_builtin	Kernel	.#	syscall	defined	public
_builtin	Kernel	.#	system	defined	public
_builtin	Kernel	.#	test	defined	public
_builtin	Kernel	.#	throw	defined	public
_builtin	Kernel	.#	trace_var	defined	public
_builtin	Kernel	.#	trap	defined	public
_builtin	Kernel	.#	untrace_var	defined	public
_builtin	Kernel	.#	warn	defined	public
_builtin	Kernel	$	0	defined	public
_builtin	Kernel	$	PROGRAM_NAME	defined	public
_builtin	Kernel	$	1	defined	public
_builtin	Kernel	$	10	defined	public
_builtin	Kernel	$	11	defined	public
_builtin	Kernel	$	2	defined	public
_builtin	Kernel	$	3	defined	public
_builtin	Kernel	$	4	defined	public
_builtin	Kernel	$	5	defined	public
_builtin	Kernel	$	6	defined	public
_builtin	Kernel	$	7	defined	public
_builtin	Kernel	$	8	defined	public
_builtin	Kernel	$	9	defined	public
_builtin	Kernel	$	!	defined	public
_builtin	Kernel	$	"	defined	public
_builtin	Kernel	$	LOADED_FEATURES	defined	public
_builtin	Kernel	$	$	defined	public
_builtin	Kernel	$	&	defined	public
_builtin	Kernel	$	'	defined	public
_builtin	Kernel	$	*	defined	public
_builtin	Kernel	$	+	defined	public
_builtin	Kernel	$	,	defined	public
_builtin	Kernel	$	-0	defined	public
_builtin	Kernel	$	/	defined	public
_builtin	Kernel	$	-F	defined	public
_builtin	Kernel	$	;	defined	public
_builtin	Kernel	$	-I	defined	public
_builtin	Kernel	$	:	defined	public
_builtin	Kernel	$	LOAD_PATH	defined	public
_builtin	Kernel	$	-K	defined	public
_builtin	Kernel	$	KCODE	defined	public
_builtin	Kernel	$	-W	defined	public
_builtin	Kernel	$	-a	defined	public
_builtin	Kernel	$	-d	defined	public
_builtin	Kernel	$	DEBUG	defined	public
_builtin	Kernel	$	-i	defined	public
_builtin	Kernel	$	-l	defined	public
_builtin	Kernel	$	-p	defined	public
_builtin	Kernel	$	-v	defined	public
_builtin	Kernel	$	-w	defined	public
_builtin	Kernel	$	VERBOSE	defined	public
_builtin	Kernel	$	.	defined	public
_builtin	Kernel	$	<	defined	public
_builtin	Kernel	$	=	defined	public
_builtin	Kernel	$	>	defined	public
_builtin	Kernel	$	stdout	defined	public
_builtin	Kernel	$	?	defined	public
_builtin	Kernel	$	@	defined	public
_builtin	Kernel	$	\	defined	public
_builtin	Kernel	$	`	defined	public
_builtin	Kernel	$	~	defined	public
English	Kernel	$	ARGV	added	public
mkmf	Kernel	$	CFLAGS	added	private
English	Kernel	$	CHILD_STATUS	added	public
mkmf	Kernel	$	CPPFLAGS	added	private
English	Kernel	$	DEFAULT_INPUT	added	public
English	Kernel	$	DEFAULT_OUTPUT	added	public
English	Kernel	$	ERROR_INFO	added	public
English	Kernel	$	ERROR_POSITION	added	public
English	Kernel	$	FIELD_SEPARATOR	added	public
English	Kernel	$	FS	added	public
_builtin	Kernel	$	FILENAME	defined	public
English	Kernel	$	IGNORECASE	added	public
English	Kernel	$	INPUT_LINE_NUMBER	added	public
English	Kernel	$	NR	added	public
English	Kernel	$	INPUT_RECORD_SEPARATOR	added	public
English	Kernel	$	RS	added	public
English	Kernel	$	LAST_MATCH_INFO	added	public
English	Kernel	$	LAST_PAREN_MATCH	added	public
English	Kernel	$	LAST_READ_LINE	added	public
mkmf	Kernel	$	LDFLAGS	added	private
English	Kernel	$	MATCH	added	public
English	Kernel	$	OFS	added	public
English	Kernel	$	OUTPUT_FIELD_SEPARATOR	added	public
English	Kernel	$	ORS	added	public
English	Kernel	$	OUTPUT_RECORD_SEPARATOR	added	public
English	Kernel	$	PID	added	public
English	Kernel	$	PROCESS_ID	added	public
English	Kernel	$	POSTMATCH	added	public
English	Kernel	$	PREMATCH	added	public
_builtin	Kernel	$	SAFE	defined	public
_builtin	Kernel	$	_	defined	public
mkmf	Kernel	$	archdir	added	private
mkmf	Kernel	$	defs	added	private
mkmf	Kernel	$	hdrdir	added	private
mkmf	Kernel	$	libdir	added	private
mkmf	Kernel	$	libs	added	private
mkmf	Kernel	$	sitearchdir	added	private
mkmf	Kernel	$	sitelibdir	added	private
mkmf	Kernel	$	srcdir	added	private
_builtin	Kernel	$	stderr	defined	public
_builtin	Kernel	$	stdin	defined	public
mkmf	Kernel	$	topdir	added	private
_builtin	KeyError	#	key	defined	public
_builtin	KeyError	#	receiver	defined	public
_builtin	KeyError	.	new	defined	public
bigdecimal/ludcmp	LUSolve	.#	ludecomp	defined	public
bigdecimal/ludcmp	LUSolve	.#	lusolve	defined	public
_builtin	LoadError	#	path	defined	public
_builtin	LocalJumpError	#	exit_value	defined	public
_builtin	LocalJumpError	#	reason	defined	public
logger	Logger	::	ProgName	defined	public
logger	Logger	::	SEV_LABEL	defined	public
logger	Logger	::	VERSION	defined	public
logger	Logger	#	<<	defined	public
logger	Logger	#	add	defined	public
logger	Logger	#	log	defined	public
logger	Logger	#	close	defined	public
logger	Logger	#	datetime_format	defined	public
logger	Logger	#	datetime_format=	defined	public
logger	Logger	#	debug	defined	public
logger	Logger	#	debug?	defined	public
logger	Logger	#	error	defined	public
logger	Logger	#	error?	defined	public
logger	Logger	#	fatal	defined	public
logger	Logger	#	fatal?	defined	public
logger	Logger	#	formatter	defined	public
logger	Logger	#	formatter=	defined	public
logger	Logger	#	info	defined	public
logger	Logger	#	info?	defined	public
logger	Logger	#	level	defined	public
logger	Logger	#	sev_threshold	defined	public
logger	Logger	#	level=	defined	public
logger	Logger	#	sev_threshold=	defined	public
logger	Logger	#	progname	defined	public
logger	Logger	#	progname=	defined	public
logger	Logger	#	unknown	defined	public
logger	Logger	#	warn	defined	public
logger	Logger	#	warn?	defined	public
logger	Logger	.	new	defined	public
logger	Logger::Formatter	::	Format	defined	public
logger	Logger::Formatter	#	call	defined	public
logger	Logger::Formatter	#	datetime_format	defined	public
logger	Logger::Formatter	#	datetime_format=	defined	public
logger	Logger::LogDevice	#	close	defined	public
logger	Logger::LogDevice	#	dev	defined	public
logger	Logger::LogDevice	#	filename	defined	public
logger	Logger::LogDevice	#	write	defined	public
logger	Logger::LogDevice	.	new	defined	public
logger	Logger::Severity	::	DEBUG	defined	public
logger	Logger::Severity	::	ERROR	defined	public
logger	Logger::Severity	::	FATAL	defined	public
logger	Logger::Severity	::	INFO	defined	public
logger	Logger::Severity	::	UNKNOWN	defined	public
logger	Logger::Severity	::	WARN	defined	public
_builtin	Marshal	::	MAJOR_VERSION	defined	public
_builtin	Marshal	::	MINOR_VERSION	defined	public
_builtin	Marshal	.#	dump	defined	public
_builtin	Marshal	.#	load	defined	public
_builtin	Marshal	.#	restore	defined	public
_builtin	MatchData	#	==	defined	public
_builtin	MatchData	#	eql?	defined	public
_builtin	MatchData	#	[]	defined	public
_builtin	MatchData	#	begin	defined	public
_builtin	MatchData	#	bytebegin	defined	public
_builtin	MatchData	#	byteend	defined	public
_builtin	MatchData	#	byteoffset	defined	public
_builtin	MatchData	#	captures	defined	public
_builtin	MatchData	#	deconstruct	defined	public
_builtin	MatchData	#	deconstruct_keys	defined	public
_builtin	MatchData	#	end	defined	public
_builtin	MatchData	#	hash	defined	public
_builtin	MatchData	#	inspect	defined	public
_builtin	MatchData	#	length	defined	public
_builtin	MatchData	#	size	defined	public
_builtin	MatchData	#	match	defined	public
_builtin	MatchData	#	match_length	defined	public
_builtin	MatchData	#	named_captures	defined	public
_builtin	MatchData	#	names	defined	public
_builtin	MatchData	#	offset	defined	public
_builtin	MatchData	#	post_match	defined	public
_builtin	MatchData	#	pre_match	defined	public
_builtin	MatchData	#	regexp	defined	public
_builtin	MatchData	#	string	defined	public
_builtin	MatchData	#	to_a	defined	public
_builtin	MatchData	#	to_s	defined	public
_builtin	MatchData	#	values_at	defined	public
_builtin	Math	::	E	defined	public
_builtin	Math	::	PI	defined	public
_builtin	Math	.#	acos	defined	public
_builtin	Math	.#	acosh	defined	public
_builtin	Math	.#	asin	defined	public
_builtin	Math	.#	asinh	defined	public
_builtin	Math	.#	atan	defined	public
_builtin	Math	.#	atan2	defined	public
_builtin	Math	.#	atanh	defined	public
_builtin	Math	.#	cbrt	defined	public
_builtin	Math	.#	cos	defined	public
_builtin	Math	.#	cosh	defined	public
_builtin	Math	.#	erf	defined	public
_builtin	Math	.#	erfc	defined	public
_builtin	Math	.#	exp	defined	public
_builtin	Math	.#	frexp	defined	public
_builtin	Math	.#	gamma	defined	public
_builtin	Math	.#	hypot	defined	public
_builtin	Math	.#	ldexp	defined	public
_builtin	Math	.#	lgamma	defined	public
_builtin	Math	.#	log	defined	public
_builtin	Math	.#	log10	defined	public
_builtin	Math	.#	log2	defined	public
_builtin	Math	.#	sin	defined	public
_builtin	Math	.#	sinh	defined	public
_builtin	Math	.#	sqrt	defined	public
_builtin	Math	.#	tan	defined	public
_builtin	Math	.#	tanh	defined	public
matrix	Matrix	#	*	defined	public
matrix	Matrix	#	**	defined	public
matrix	Matrix	#	+	defined	public
matrix	Matrix	#	+@	defined	public
matrix	Matrix	#	-	defined	public
matrix	Matrix	#	-@	defined	public
matrix	Matrix	#	/	defined	public
matrix	Matrix	#	==	defined	public
matrix	Matrix	#	eql?	defined	public
matrix	Matrix	#	[]	defined	public
matrix	Matrix	#	component	defined	public
matrix	Matrix	#	element	defined	public
matrix	Matrix	#	[]=	defined	public
matrix	Matrix	#	adjugate	defined	public
matrix	Matrix	#	antisymmetric?	defined	public
matrix	Matrix	#	skew_symmetric?	defined	public
matrix	Matrix	#	coerce	defined	public
matrix	Matrix	#	cofactor	defined	public
matrix	Matrix	#	cofactor_expansion	defined	public
matrix	Matrix	#	laplace_expansion	defined	public
matrix	Matrix	#	collect	defined	public
matrix	Matrix	#	map	defined	public
matrix	Matrix	#	collect!	defined	public
matrix	Matrix	#	map!	defined	public
matrix	Matrix	#	column	defined	public
matrix	Matrix	#	column_count	defined	public
matrix	Matrix	#	column_size	defined	public
matrix	Matrix	#	column_vectors	defined	public
matrix	Matrix	#	combine	defined	public
matrix	Matrix	#	conj	defined	public
matrix	Matrix	#	conjugate	defined	public
matrix	Matrix	#	det	defined	public
matrix	Matrix	#	determinant	defined	public
matrix	Matrix	#	det_e	defined	public
matrix	Matrix	#	determinant_e	defined	public
matrix	Matrix	#	diagonal?	defined	public
matrix	Matrix	#	each	defined	public
matrix	Matrix	#	each_with_index	defined	public
matrix	Matrix	#	eigen	defined	public
matrix	Matrix	#	eigensystem	defined	public
matrix	Matrix	#	elements_to_f	defined	public
matrix	Matrix	#	elements_to_i	defined	public
matrix	Matrix	#	elements_to_r	defined	public
matrix	Matrix	#	empty?	defined	public
matrix	Matrix	#	entrywise_product	defined	public
matrix	Matrix	#	hadamard_product	defined	public
matrix	Matrix	#	find_index	defined	public
matrix	Matrix	#	index	defined	public
matrix	Matrix	#	first_minor	defined	public
matrix	Matrix	#	hash	defined	public
matrix	Matrix	#	hermitian?	defined	public
matrix	Matrix	#	hstack	defined	public
matrix	Matrix	#	imag	defined	public
matrix	Matrix	#	imaginary	defined	public
matrix	Matrix	#	inspect	defined	public
matrix	Matrix	#	inv	defined	public
matrix	Matrix	#	inverse	defined	public
matrix	Matrix	#	lower_triangular?	defined	public
matrix	Matrix	#	lup	defined	public
matrix	Matrix	#	lup_decomposition	defined	public
matrix	Matrix	#	minor	defined	public
matrix	Matrix	#	normal?	defined	public
matrix	Matrix	#	orthogonal?	defined	public
matrix	Matrix	#	permutation?	defined	public
matrix	Matrix	#	rank	defined	public
matrix	Matrix	#	rank_e	defined	public
matrix	Matrix	#	real	defined	public
matrix	Matrix	#	real?	defined	public
matrix	Matrix	#	rect	defined	public
matrix	Matrix	#	rectangular	defined	public
matrix	Matrix	#	regular?	defined	public
matrix	Matrix	#	round	defined	public
matrix	Matrix	#	row	defined	public
matrix	Matrix	#	row_count	defined	public
matrix	Matrix	#	row_size	defined	public
matrix	Matrix	#	row_vectors	defined	public
matrix	Matrix	#	singular?	defined	public
matrix	Matrix	#	square?	defined	public
matrix	Matrix	#	symmetric?	defined	public
matrix	Matrix	#	t	defined	public
matrix	Matrix	#	transpose	defined	public
matrix	Matrix	#	to_a	defined	public
matrix	Matrix	#	to_s	defined	public
matrix	Matrix	#	tr	defined	public
matrix	Matrix	#	trace	defined	public
matrix	Matrix	#	unitary?	defined	public
matrix	Matrix	#	upper_triangular?	defined	public
matrix	Matrix	#	vstack	defined	public
matrix	Matrix	#	zero?	defined	public
matrix	Matrix	.	[]	defined	public
matrix	Matrix	.	I	defined	public
matrix	Matrix	.	identity	defined	public
matrix	Matrix	.	unit	defined	public
matrix	Matrix	.	build	defined	public
matrix	Matrix	.	column_vector	defined	public
matrix	Matrix	.	columns	defined	public
matrix	Matrix	.	combine	defined	public
matrix	Matrix	.	diagonal	defined	public
matrix	Matrix	.	empty	defined	public
matrix	Matrix	.	hstack	defined	public
matrix	Matrix	.	row_vector	defined	public
matrix	Matrix	.	rows	defined	public
matrix	Matrix	.	scalar	defined	public
matrix	Matrix	.	vstack	defined	public
matrix	Matrix	.	zero	defined	public
matrix	Matrix::EigenvalueDecomposition	#	d	defined	public
matrix	Matrix::EigenvalueDecomposition	#	eigenvalue_matrix	defined	public
matrix	Matrix::EigenvalueDecomposition	#	eigenvalues	defined	public
matrix	Matrix::EigenvalueDecomposition	#	eigenvector_matrix	defined	public
matrix	Matrix::EigenvalueDecomposition	#	v	defined	public
matrix	Matrix::EigenvalueDecomposition	#	eigenvector_matrix_inv	defined	public
matrix	Matrix::EigenvalueDecomposition	#	v_inv	defined	public
matrix	Matrix::EigenvalueDecomposition	#	eigenvectors	defined	public
matrix	Matrix::EigenvalueDecomposition	#	to_a	defined	public
matrix	Matrix::EigenvalueDecomposition	#	to_ary	defined	public
matrix	Matrix::LUPDecomposition	#	det	defined	public
matrix	Matrix::LUPDecomposition	#	determinant	defined	public
matrix	Matrix::LUPDecomposition	#	l	defined	public
matrix	Matrix::LUPDecomposition	#	p	defined	public
matrix	Matrix::LUPDecomposition	#	pivots	defined	public
matrix	Matrix::LUPDecomposition	#	singular?	defined	public
matrix	Matrix::LUPDecomposition	#	solve	defined	public
matrix	Matrix::LUPDecomposition	#	to_a	defined	public
matrix	Matrix::LUPDecomposition	#	to_ary	defined	public
matrix	Matrix::LUPDecomposition	#	u	defined	public
_builtin	Method	#	<<	defined	public
_builtin	Method	#	==	defined	public
_builtin	Method	#	eql?	defined	public
_builtin	Method	#	===	defined	public
_builtin	Method	#	[]	defined	public
_builtin	Method	#	call	defined	public
_builtin	Method	#	>>	defined	public
_builtin	Method	#	arity	defined	public
_builtin	Method	#	clone	defined	public
_builtin	Method	#	curry	defined	public
_builtin	Method	#	hash	defined	public
_builtin	Method	#	inspect	defined	public
_builtin	Method	#	to_s	defined	public
_builtin	Method	#	name	defined	public
_builtin	Method	#	original_name	defined	public
_builtin	Method	#	owner	defined	public
_builtin	Method	#	parameters	defined	public
_builtin	Method	#	receiver	defined	public
_builtin	Method	#	source_location	defined	public
_builtin	Method	#	super_method	defined	public
_builtin	Method	#	to_proc	defined	public
_builtin	Method	#	unbind	defined	public
_builtin	Module	#	<	defined	public
_builtin	Module	#	<=	defined	public
_builtin	Module	#	<=>	defined	public
_builtin	Module	#	===	defined	public
_builtin	Module	#	>	defined	public
_builtin	Module	#	>=	defined	public
_builtin	Module	#	alias_method	defined	public
_builtin	Module	#	ancestors	defined	public
_builtin	Module	#	append_features	defined	private
_builtin	Module	#	attr	defined	public
_builtin	Module	#	attr_accessor	defined	public
_builtin	Module	#	attr_reader	defined	public
_builtin	Module	#	attr_writer	defined	public
_builtin	Module	#	autoload	defined	public
_builtin	Module	#	autoload?	defined	public
_builtin	Module	#	class_eval	defined	public
_builtin	Module	#	module_eval	defined	public
_builtin	Module	#	class_exec	defined	public
_builtin	Module	#	module_exec	defined	public
_builtin	Module	#	class_variable_defined?	defined	public
_builtin	Module	#	class_variable_get	defined	public
_builtin	Module	#	class_variable_set	defined	public
_builtin	Module	#	class_variables	defined	public
_builtin	Module	#	const_added	defined	private
_builtin	Module	#	const_defined?	defined	public
_builtin	Module	#	const_get	defined	public
_builtin	Module	#	const_missing	defined	public
_builtin	Module	#	const_set	defined	public
_builtin	Module	#	const_source_location	defined	public
_builtin	Module	#	constants	defined	public
_builtin	Module	#	define_method	defined	public
_builtin	Module	#	deprecate_constant	defined	public
_builtin	Module	#	extend_object	defined	private
_builtin	Module	#	extended	defined	private
_builtin	Module	#	freeze	defined	public
_builtin	Module	#	include	defined	public
_builtin	Module	#	include?	defined	public
_builtin	Module	#	included	defined	private
_builtin	Module	#	included_modules	defined	public
_builtin	Module	#	inspect	defined	public
_builtin	Module	#	name	defined	public
_builtin	Module	#	to_s	defined	public
_builtin	Module	#	instance_method	defined	public
_builtin	Module	#	instance_methods	defined	public
_builtin	Module	#	method_added	defined	private
_builtin	Module	#	method_defined?	defined	public
_builtin	Module	#	method_removed	defined	private
_builtin	Module	#	method_undefined	defined	private
_builtin	Module	#	module_function	defined	private
_builtin	Module	#	prepend	defined	public
_builtin	Module	#	prepend_features	defined	private
_builtin	Module	#	prepended	defined	private
_builtin	Module	#	private	defined	private
_builtin	Module	#	private_class_method	defined	public
_builtin	Module	#	private_constant	defined	public
_builtin	Module	#	private_instance_methods	defined	public
_builtin	Module	#	private_method_defined?	defined	public
_builtin	Module	#	protected	defined	private
_builtin	Module	#	protected_instance_methods	defined	public
_builtin	Module	#	protected_method_defined?	defined	public
_builtin	Module	#	public	defined	private
_builtin	Module	#	public_class_method	defined	public
_builtin	Module	#	public_constant	defined	public
_builtin	Module	#	public_instance_method	defined	public
_builtin	Module	#	public_instance_methods	defined	public
_builtin	Module	#	public_method_defined?	defined	public
rake	Module	#	rake_extension	added	public
_builtin	Module	#	refine	defined	private
_builtin	Module	#	refinements	defined	public
_builtin	Module	#	remove_class_variable	defined	public
_builtin	Module	#	remove_const	defined	private
_builtin	Module	#	remove_method	defined	public
_builtin	Module	#	ruby2_keywords	defined	private
_builtin	Module	#	set_temporary_name	defined	public
_builtin	Module	#	singleton_class?	defined	public
_builtin	Module	#	undef_method	defined	public
_builtin	Module	#	undefined_instance_methods	defined	public
_builtin	Module	#	using	defined	private
_builtin	Module	.	constants	defined	public
_builtin	Module	.	nesting	defined	public
_builtin	Module	.	new	defined	public
_builtin	Module	.	used_modules	defined	public
_builtin	Module	.	used_refinements	defined	public
monitor	Monitor	#	enter	defined	public
monitor	Monitor	#	mon_enter	defined	public
monitor	Monitor	#	exit	defined	public
monitor	Monitor	#	mon_exit	defined	public
monitor	Monitor	#	mon_check_owner	defined	public
monitor	Monitor	#	mon_locked?	defined	public
monitor	Monitor	#	mon_owned?	defined	public
monitor	Monitor	#	mon_synchronize	defined	public
monitor	Monitor	#	synchronize	defined	public
monitor	Monitor	#	mon_try_enter	defined	public
monitor	Monitor	#	try_enter	defined	public
monitor	Monitor	#	try_mon_enter	defined	public
monitor	Monitor	#	new_cond	defined	public
monitor	Monitor	#	wait_for_cond	defined	public
monitor	Monitor	.	new	defined	public
monitor	MonitorMixin	#	mon_enter	defined	public
monitor	MonitorMixin	#	mon_exit	defined	public
monitor	MonitorMixin	#	mon_locked?	defined	public
monitor	MonitorMixin	#	mon_owned?	defined	public
monitor	MonitorMixin	#	mon_synchronize	defined	public
monitor	MonitorMixin	#	synchronize	defined	public
monitor	MonitorMixin	#	mon_try_enter	defined	public
monitor	MonitorMixin	#	try_mon_enter	defined	public
monitor	MonitorMixin	#	new_cond	defined	public
monitor	MonitorMixin::ConditionVariable	#	broadcast	defined	public
monitor	MonitorMixin::ConditionVariable	#	signal	defined	public
monitor	MonitorMixin::ConditionVariable	#	wait	defined	public
monitor	MonitorMixin::ConditionVariable	#	wait_until	defined	public
monitor	MonitorMixin::ConditionVariable	#	wait_while	defined	public
mutex_m	Mutex_m	#	lock	defined	public
mutex_m	Mutex_m	#	mu_lock	defined	public
mutex_m	Mutex_m	#	locked?	defined	public
mutex_m	Mutex_m	#	mu_locked?	defined	public
mutex_m	Mutex_m	#	mu_extended	defined	public
mutex_m	Mutex_m	#	mu_synchronize	defined	public
mutex_m	Mutex_m	#	synchronize	defined	public
mutex_m	Mutex_m	#	mu_try_lock	defined	public
mutex_m	Mutex_m	#	try_lock	defined	public
mutex_m	Mutex_m	#	mu_unlock	defined	public
mutex_m	Mutex_m	#	unlock	defined	public
mutex_m	Mutex_m	.	append_features	defined	public
mutex_m	Mutex_m	.	define_aliases	defined	public
mutex_m	Mutex_m	.	extend_object	defined	public
nkf	NKF	::	ASCII	defined	public
nkf	NKF	::	AUTO	defined	public
nkf	NKF	::	BINARY	defined	public
nkf	NKF	::	EUC	defined	public
nkf	NKF	::	JIS	defined	public
nkf	NKF	::	NKF_RELEASE_DATE	defined	public
nkf	NKF	::	NKF_VERSION	defined	public
nkf	NKF	::	NOCONV	defined	public
nkf	NKF	::	SJIS	defined	public
nkf	NKF	::	UNKNOWN	defined	public
nkf	NKF	::	UTF16	defined	public
nkf	NKF	::	UTF32	defined	public
nkf	NKF	::	UTF8	defined	public
nkf	NKF	::	VERSION	defined	public
nkf	NKF	.#	guess	defined	public
nkf	NKF	.#	nkf	defined	public
_builtin	NameError	#	local_variables	defined	public
_builtin	NameError	#	name	defined	public
_builtin	NameError	#	receiver	defined	public
_builtin	NameError	#	to_s	defined	public
_builtin	NameError	.	new	defined	public
net/ftp	Net::FTP	::	DEFAULT_BLOCKSIZE	defined	public
net/ftp	Net::FTP	::	FTP_PORT	defined	public
net/ftp	Net::FTP	#	abort	defined	public
net/ftp	Net::FTP	#	acct	defined	public
net/ftp	Net::FTP	#	binary	defined	public
net/ftp	Net::FTP	#	binary=	defined	public
net/ftp	Net::FTP	#	chdir	defined	public
net/ftp	Net::FTP	#	close	defined	public
net/ftp	Net::FTP	#	closed?	defined	public
net/ftp	Net::FTP	#	connect	defined	public
net/ftp	Net::FTP	#	debug_mode	defined	public
net/ftp	Net::FTP	#	debug_mode=	defined	public
net/ftp	Net::FTP	#	delete	defined	public
net/ftp	Net::FTP	#	dir	defined	public
net/ftp	Net::FTP	#	list	defined	public
net/ftp	Net::FTP	#	ls	defined	public
net/ftp	Net::FTP	#	get	defined	public
net/ftp	Net::FTP	#	getbinaryfile	defined	public
net/ftp	Net::FTP	#	getdir	defined	public
net/ftp	Net::FTP	#	pwd	defined	public
net/ftp	Net::FTP	#	gettextfile	defined	public
net/ftp	Net::FTP	#	help	defined	public
net/ftp	Net::FTP	#	last_response	defined	public
net/ftp	Net::FTP	#	last_response_code	defined	public
net/ftp	Net::FTP	#	lastresp	defined	public
net/ftp	Net::FTP	#	login	defined	public
net/ftp	Net::FTP	#	mdtm	defined	public
net/ftp	Net::FTP	#	mkdir	defined	public
net/ftp	Net::FTP	#	mlsd	defined	public
net/ftp	Net::FTP	#	mlst	defined	public
net/ftp	Net::FTP	#	mtime	defined	public
net/ftp	Net::FTP	#	nlst	defined	public
net/ftp	Net::FTP	#	noop	defined	public
net/ftp	Net::FTP	#	open_timeout	defined	public
net/ftp	Net::FTP	#	open_timeout=	defined	public
net/ftp	Net::FTP	#	passive	defined	public
net/ftp	Net::FTP	#	passive=	defined	public
net/ftp	Net::FTP	#	put	defined	public
net/ftp	Net::FTP	#	putbinaryfile	defined	public
net/ftp	Net::FTP	#	puttextfile	defined	public
net/ftp	Net::FTP	#	quit	defined	public
net/ftp	Net::FTP	#	read_timeout	defined	public
net/ftp	Net::FTP	#	read_timeout=	defined	public
net/ftp	Net::FTP	#	rename	defined	public
net/ftp	Net::FTP	#	resume	defined	public
net/ftp	Net::FTP	#	resume=	defined	public
net/ftp	Net::FTP	#	retrbinary	defined	public
net/ftp	Net::FTP	#	retrlines	defined	public
net/ftp	Net::FTP	#	return_code	defined	public
net/ftp	Net::FTP	#	return_code=	defined	public
net/ftp	Net::FTP	#	rmdir	defined	public
net/ftp	Net::FTP	#	sendcmd	defined	public
net/ftp	Net::FTP	#	set_socket	defined	public
net/ftp	Net::FTP	#	site	defined	public
net/ftp	Net::FTP	#	size	defined	public
net/ftp	Net::FTP	#	status	defined	public
net/ftp	Net::FTP	#	storbinary	defined	public
net/ftp	Net::FTP	#	storlines	defined	public
net/ftp	Net::FTP	#	system	defined	public
net/ftp	Net::FTP	#	voidcmd	defined	public
net/ftp	Net::FTP	#	welcome	defined	public
net/ftp	Net::FTP	.	default_passive	defined	public
net/ftp	Net::FTP	.	default_passive=	defined	public
net/ftp	Net::FTP	.	new	defined	public
net/ftp	Net::FTP	.	open	defined	public
net/ftp	Net::FTP::MLSxEntry	#	appendable?	defined	public
net/ftp	Net::FTP::MLSxEntry	#	charset	defined	public
net/ftp	Net::FTP::MLSxEntry	#	creatable?	defined	public
net/ftp	Net::FTP::MLSxEntry	#	create	defined	public
net/ftp	Net::FTP::MLSxEntry	#	deletable?	defined	public
net/ftp	Net::FTP::MLSxEntry	#	directory?	defined	public
net/ftp	Net::FTP::MLSxEntry	#	directory_makable?	defined	public
net/ftp	Net::FTP::MLSxEntry	#	enterable?	defined	public
net/ftp	Net::FTP::MLSxEntry	#	facts	defined	public
net/ftp	Net::FTP::MLSxEntry	#	file?	defined	public
net/ftp	Net::FTP::MLSxEntry	#	lang	defined	public
net/ftp	Net::FTP::MLSxEntry	#	listable?	defined	public
net/ftp	Net::FTP::MLSxEntry	#	media_type	defined	public
net/ftp	Net::FTP::MLSxEntry	#	modify	defined	public
net/ftp	Net::FTP::MLSxEntry	#	pathname	defined	public
net/ftp	Net::FTP::MLSxEntry	#	perm	defined	public
net/ftp	Net::FTP::MLSxEntry	#	purgeable?	defined	public
net/ftp	Net::FTP::MLSxEntry	#	readable?	defined	public
net/ftp	Net::FTP::MLSxEntry	#	renamable?	defined	public
net/ftp	Net::FTP::MLSxEntry	#	size	defined	public
net/ftp	Net::FTP::MLSxEntry	#	type	defined	public
net/ftp	Net::FTP::MLSxEntry	#	unique	defined	public
net/ftp	Net::FTP::MLSxEntry	#	writable?	defined	public
net/http	Net::HTTP	#	active?	defined	public
net/http	Net::HTTP	#	started?	defined	public
net/http	Net::HTTP	#	address	defined	public
net/http	Net::HTTP	#	ca_file	defined	public
net/http	Net::HTTP	#	ca_file=	defined	public
net/http	Net::HTTP	#	ca_path	defined	public
net/http	Net::HTTP	#	ca_path=	defined	public
net/http	Net::HTTP	#	cert	defined	public
net/http	Net::HTTP	#	cert=	defined	public
net/http	Net::HTTP	#	cert_store	defined	public
net/http	Net::HTTP	#	cert_store=	defined	public
net/http	Net::HTTP	#	ciphers	defined	public
net/http	Net::HTTP	#	ciphers=	defined	public
net/http	Net::HTTP	#	close_on_empty_response	defined	public
net/http	Net::HTTP	#	close_on_empty_response=	defined	public
net/http	Net::HTTP	#	continue_timeout	defined	public
net/http	Net::HTTP	#	continue_timeout=	defined	public
net/http	Net::HTTP	#	copy	defined	public
net/http	Net::HTTP	#	delete	defined	public
net/http	Net::HTTP	#	finish	defined	public
net/http	Net::HTTP	#	get	defined	public
net/http	Net::HTTP	#	get2	defined	public
net/http	Net::HTTP	#	request_get	defined	public
net/http	Net::HTTP	#	head	defined	public
net/http	Net::HTTP	#	head2	defined	public
net/http	Net::HTTP	#	request_head	defined	public
net/http	Net::HTTP	#	keep_alive_timeout	defined	public
net/http	Net::HTTP	#	keep_alive_timeout=	defined	public
net/http	Net::HTTP	#	key	defined	public
net/http	Net::HTTP	#	key=	defined	public
net/http	Net::HTTP	#	local_host	defined	public
net/http	Net::HTTP	#	local_host=	defined	public
net/http	Net::HTTP	#	local_port	defined	public
net/http	Net::HTTP	#	local_port=	defined	public
net/http	Net::HTTP	#	lock	defined	public
net/http	Net::HTTP	#	max_retries	defined	public
net/http	Net::HTTP	#	max_retries=	defined	public
net/http	Net::HTTP	#	mkcol	defined	public
net/http	Net::HTTP	#	move	defined	public
net/http	Net::HTTP	#	open_timeout	defined	public
net/http	Net::HTTP	#	open_timeout=	defined	public
net/http	Net::HTTP	#	options	defined	public
net/http	Net::HTTP	#	patch	defined	public
net/http	Net::HTTP	#	peer_cert	defined	public
net/http	Net::HTTP	#	port	defined	public
net/http	Net::HTTP	#	post	defined	public
net/http	Net::HTTP	#	post2	defined	public
net/http	Net::HTTP	#	request_post	defined	public
net/http	Net::HTTP	#	propfind	defined	public
net/http	Net::HTTP	#	proppatch	defined	public
net/http	Net::HTTP	#	proxy?	defined	public
net/http	Net::HTTP	#	proxy_address	defined	public
net/http	Net::HTTP	#	proxyaddr	defined	public
net/http	Net::HTTP	#	proxy_address=	defined	public
net/http	Net::HTTP	#	proxy_from_env=	defined	public
net/http	Net::HTTP	#	proxy_from_env?	defined	public
net/http	Net::HTTP	#	proxy_pass	defined	public
net/http	Net::HTTP	#	proxy_pass=	defined	public
net/http	Net::HTTP	#	proxy_port	defined	public
net/http	Net::HTTP	#	proxyport	defined	public
net/http	Net::HTTP	#	proxy_port=	defined	public
net/http	Net::HTTP	#	proxy_uri	defined	public
net/http	Net::HTTP	#	proxy_user	defined	public
net/http	Net::HTTP	#	proxy_user=	defined	public
net/http	Net::HTTP	#	put	defined	public
net/http	Net::HTTP	#	put2	defined	public
net/http	Net::HTTP	#	request_put	defined	public
net/http	Net::HTTP	#	read_timeout	defined	public
net/http	Net::HTTP	#	read_timeout=	defined	public
net/http	Net::HTTP	#	request	defined	public
net/http	Net::HTTP	#	send_request	defined	public
net/http	Net::HTTP	#	set_debug_output	defined	public
net/http	Net::HTTP	#	ssl_timeout	defined	public
net/http	Net::HTTP	#	ssl_timeout=	defined	public
net/http	Net::HTTP	#	ssl_version	defined	public
net/http	Net::HTTP	#	ssl_version=	defined	public
net/http	Net::HTTP	#	start	defined	public
net/http	Net::HTTP	#	trace	defined	public
net/http	Net::HTTP	#	unlock	defined	public
net/http	Net::HTTP	#	use_ssl=	defined	public
net/http	Net::HTTP	#	use_ssl?	defined	public
net/http	Net::HTTP	#	verify_callback	defined	public
net/http	Net::HTTP	#	verify_callback=	defined	public
net/http	Net::HTTP	#	verify_depth	defined	public
net/http	Net::HTTP	#	verify_depth=	defined	public
net/http	Net::HTTP	#	verify_mode	defined	public
net/http	Net::HTTP	#	verify_mode=	defined	public
net/http	Net::HTTP	#	write_timeout	defined	public
net/http	Net::HTTP	#	write_timeout=	defined	public
net/http	Net::HTTP	.	Proxy	defined	public
net/http	Net::HTTP	.	default_port	defined	public
net/http	Net::HTTP	.	http_default_port	defined	public
net/http	Net::HTTP	.	get	defined	public
net/http	Net::HTTP	.	get_print	defined	public
net/http	Net::HTTP	.	get_response	defined	public
net/http	Net::HTTP	.	https_default_port	defined	public
net/http	Net::HTTP	.	is_version_1_1?	defined	public
net/http	Net::HTTP	.	version_1_1?	defined	public
net/http	Net::HTTP	.	is_version_1_2?	defined	public
net/http	Net::HTTP	.	version_1_2?	defined	public
net/http	Net::HTTP	.	new	defined	public
net/http	Net::HTTP	.	post_form	defined	public
net/http	Net::HTTP	.	proxy_address	defined	public
net/http	Net::HTTP	.	proxy_class?	defined	public
net/http	Net::HTTP	.	proxy_pass	defined	public
net/http	Net::HTTP	.	proxy_port	defined	public
net/http	Net::HTTP	.	proxy_user	defined	public
net/http	Net::HTTP	.	start	defined	public
net/http	Net::HTTP	.	version_1_2	defined	public
net/http	Net::HTTPExceptions	#	response	defined	public
net/http	Net::HTTPGenericRequest	#	body	defined	public
net/http	Net::HTTPGenericRequest	#	body=	defined	public
net/http	Net::HTTPGenericRequest	#	body_exist?	defined	public
net/http	Net::HTTPGenericRequest	#	body_stream	defined	public
net/http	Net::HTTPGenericRequest	#	body_stream=	defined	public
net/http	Net::HTTPGenericRequest	#	method	defined	public
net/http	Net::HTTPGenericRequest	#	path	defined	public
net/http	Net::HTTPGenericRequest	#	request_body_permitted?	defined	public
net/http	Net::HTTPGenericRequest	#	response_body_permitted?	defined	public
net/http	Net::HTTPHeader	#	[]	defined	public
net/http	Net::HTTPHeader	#	[]=	defined	public
net/http	Net::HTTPHeader	#	add_field	defined	public
net/http	Net::HTTPHeader	#	basic_auth	defined	public
net/http	Net::HTTPHeader	#	canonical_each	defined	public
net/http	Net::HTTPHeader	#	each_capitalized	defined	public
net/http	Net::HTTPHeader	#	chunked?	defined	public
net/http	Net::HTTPHeader	#	content_length	defined	public
net/http	Net::HTTPHeader	#	content_length=	defined	public
net/http	Net::HTTPHeader	#	content_range	defined	public
net/http	Net::HTTPHeader	#	content_type	defined	public
net/http	Net::HTTPHeader	#	content_type=	defined	public
net/http	Net::HTTPHeader	#	set_content_type	defined	public
net/http	Net::HTTPHeader	#	delete	defined	public
net/http	Net::HTTPHeader	#	each	defined	public
net/http	Net::HTTPHeader	#	each_header	defined	public
net/http	Net::HTTPHeader	#	each_capitalized_name	defined	public
net/http	Net::HTTPHeader	#	each_key	defined	public
net/http	Net::HTTPHeader	#	each_name	defined	public
net/http	Net::HTTPHeader	#	each_value	defined	public
net/http	Net::HTTPHeader	#	fetch	defined	public
net/http	Net::HTTPHeader	#	form_data=	defined	public
net/http	Net::HTTPHeader	#	set_form_data	defined	public
net/http	Net::HTTPHeader	#	get_fields	defined	public
net/http	Net::HTTPHeader	#	key?	defined	public
net/http	Net::HTTPHeader	#	length	defined	public
net/http	Net::HTTPHeader	#	size	defined	public
net/http	Net::HTTPHeader	#	main_type	defined	public
net/http	Net::HTTPHeader	#	method	defined	public
net/http	Net::HTTPHeader	#	proxy_basic_auth	defined	public
net/http	Net::HTTPHeader	#	range	defined	public
net/http	Net::HTTPHeader	#	range=	defined	public
net/http	Net::HTTPHeader	#	set_range	defined	public
net/http	Net::HTTPHeader	#	range_length	defined	public
net/http	Net::HTTPHeader	#	sub_type	defined	public
net/http	Net::HTTPHeader	#	type_params	defined	public
net/http	Net::HTTPRequest	.	new	defined	public
net/http	Net::HTTPResponse	::	CODE_CLASS_TO_OBJ	defined	public
net/http	Net::HTTPResponse	::	CODE_TO_OBJ	defined	public
net/http	Net::HTTPResponse	#	body	defined	public
net/http	Net::HTTPResponse	#	entity	defined	public
net/http	Net::HTTPResponse	#	code	defined	public
net/http	Net::HTTPResponse	#	header	defined	public
net/http	Net::HTTPResponse	#	reader_header	defined	public
net/http	Net::HTTPResponse	#	response	defined	public
net/http	Net::HTTPResponse	#	http_version	defined	public
net/http	Net::HTTPResponse	#	message	defined	public
net/http	Net::HTTPResponse	#	msg	defined	public
net/http	Net::HTTPResponse	#	read_body	defined	public
net/http	Net::HTTPResponse	#	value	defined	public
net/http	Net::HTTPResponse	.	body_permitted?	defined	public
net/imap	Net::IMAP	::	ANSWERED	defined	public
net/imap	Net::IMAP	::	DELETED	defined	public
net/imap	Net::IMAP	::	DRAFT	defined	public
net/imap	Net::IMAP	::	FLAGGED	defined	public
net/imap	Net::IMAP	::	MARKED	defined	public
net/imap	Net::IMAP	::	NOINFERIORS	defined	public
net/imap	Net::IMAP	::	NOSELECT	defined	public
net/imap	Net::IMAP	::	RECENT	defined	public
net/imap	Net::IMAP	::	SEEN	defined	public
net/imap	Net::IMAP	::	UNMARKED	defined	public
net/imap	Net::IMAP	#	add_response_handler	defined	public
net/imap	Net::IMAP	#	append	defined	public
net/imap	Net::IMAP	#	authenticate	defined	public
net/imap	Net::IMAP	#	capability	defined	public
net/imap	Net::IMAP	#	check	defined	public
net/imap	Net::IMAP	#	close	defined	public
net/imap	Net::IMAP	#	copy	defined	public
net/imap	Net::IMAP	#	create	defined	public
net/imap	Net::IMAP	#	delete	defined	public
net/imap	Net::IMAP	#	disconnect	defined	public
net/imap	Net::IMAP	#	disconnected?	defined	public
net/imap	Net::IMAP	#	examine	defined	public
net/imap	Net::IMAP	#	expunge	defined	public
net/imap	Net::IMAP	#	fetch	defined	public
net/imap	Net::IMAP	#	getacl	defined	public
net/imap	Net::IMAP	#	getquota	defined	public
net/imap	Net::IMAP	#	getquotaroot	defined	public
net/imap	Net::IMAP	#	greeting	defined	public
net/imap	Net::IMAP	#	idle	defined	public
net/imap	Net::IMAP	#	idle_done	defined	public
net/imap	Net::IMAP	#	list	defined	public
net/imap	Net::IMAP	#	login	defined	public
net/imap	Net::IMAP	#	logout	defined	public
net/imap	Net::IMAP	#	lsub	defined	public
net/imap	Net::IMAP	#	move	defined	public
net/imap	Net::IMAP	#	noop	defined	public
net/imap	Net::IMAP	#	remove_response_handler	defined	public
net/imap	Net::IMAP	#	rename	defined	public
net/imap	Net::IMAP	#	response_handlers	defined	public
net/imap	Net::IMAP	#	responses	defined	public
net/imap	Net::IMAP	#	search	defined	public
net/imap	Net::IMAP	#	select	defined	public
net/imap	Net::IMAP	#	setacl	defined	public
net/imap	Net::IMAP	#	setquota	defined	public
net/imap	Net::IMAP	#	sort	defined	public
net/imap	Net::IMAP	#	uid_sort	defined	public
net/imap	Net::IMAP	#	starttls	defined	public
net/imap	Net::IMAP	#	status	defined	public
net/imap	Net::IMAP	#	store	defined	public
net/imap	Net::IMAP	#	subscribe	defined	public
net/imap	Net::IMAP	#	thread	defined	public
net/imap	Net::IMAP	#	uid_copy	defined	public
net/imap	Net::IMAP	#	uid_fetch	defined	public
net/imap	Net::IMAP	#	uid_move	defined	public
net/imap	Net::IMAP	#	uid_search	defined	public
net/imap	Net::IMAP	#	uid_store	defined	public
net/imap	Net::IMAP	#	uid_thread	defined	public
net/imap	Net::IMAP	#	unsubscribe	defined	public
net/imap	Net::IMAP	#	xlist	defined	public
net/imap	Net::IMAP	.	add_authenticator	defined	public
net/imap	Net::IMAP	.	debug	defined	public
net/imap	Net::IMAP	.	debug=	defined	public
net/imap	Net::IMAP	.	decode_utf7	defined	public
net/imap	Net::IMAP	.	default_imap_port	defined	public
net/imap	Net::IMAP	.	default_port	defined	public
net/imap	Net::IMAP	.	default_imaps_port	defined	public
net/imap	Net::IMAP	.	default_ssl_port	defined	public
net/imap	Net::IMAP	.	default_tls_port	defined	public
net/imap	Net::IMAP	.	encode_utf7	defined	public
net/imap	Net::IMAP	.	format_date	defined	public
net/imap	Net::IMAP	.	format_datetime	defined	public
net/imap	Net::IMAP	.	new	defined	public
net/imap	Net::IMAP::Address	#	host	defined	public
net/imap	Net::IMAP::Address	#	mailbox	defined	public
net/imap	Net::IMAP::Address	#	name	defined	public
net/imap	Net::IMAP::Address	#	route	defined	public
net/imap	Net::IMAP::BodyTypeBasic	#	content_id	defined	public
net/imap	Net::IMAP::BodyTypeBasic	#	description	defined	public
net/imap	Net::IMAP::BodyTypeBasic	#	disposition	defined	public
net/imap	Net::IMAP::BodyTypeBasic	#	encoding	defined	public
net/imap	Net::IMAP::BodyTypeBasic	#	extension	defined	public
net/imap	Net::IMAP::BodyTypeBasic	#	language	defined	public
net/imap	Net::IMAP::BodyTypeBasic	#	md5	defined	public
net/imap	Net::IMAP::BodyTypeBasic	#	media_subtype	defined	public
net/imap	Net::IMAP::BodyTypeBasic	#	subtype	defined	public
net/imap	Net::IMAP::BodyTypeBasic	#	media_type	defined	public
net/imap	Net::IMAP::BodyTypeBasic	#	multipart?	defined	public
net/imap	Net::IMAP::BodyTypeBasic	#	param	defined	public
net/imap	Net::IMAP::BodyTypeBasic	#	size	defined	public
net/imap	Net::IMAP::BodyTypeMessage	#	body	defined	public
net/imap	Net::IMAP::BodyTypeMessage	#	content_id	defined	public
net/imap	Net::IMAP::BodyTypeMessage	#	description	defined	public
net/imap	Net::IMAP::BodyTypeMessage	#	disposition	defined	public
net/imap	Net::IMAP::BodyTypeMessage	#	encoding	defined	public
net/imap	Net::IMAP::BodyTypeMessage	#	envelope	defined	public
net/imap	Net::IMAP::BodyTypeMessage	#	extension	defined	public
net/imap	Net::IMAP::BodyTypeMessage	#	language	defined	public
net/imap	Net::IMAP::BodyTypeMessage	#	lines	defined	public
net/imap	Net::IMAP::BodyTypeMessage	#	md5	defined	public
net/imap	Net::IMAP::BodyTypeMessage	#	media_subtype	defined	public
net/imap	Net::IMAP::BodyTypeMessage	#	subtype	defined	public
net/imap	Net::IMAP::BodyTypeMessage	#	media_type	defined	public
net/imap	Net::IMAP::BodyTypeMessage	#	multipart?	defined	public
net/imap	Net::IMAP::BodyTypeMessage	#	param	defined	public
net/imap	Net::IMAP::BodyTypeMessage	#	size	defined	public
net/imap	Net::IMAP::BodyTypeMultipart	#	disposition	defined	public
net/imap	Net::IMAP::BodyTypeMultipart	#	extension	defined	public
net/imap	Net::IMAP::BodyTypeMultipart	#	language	defined	public
net/imap	Net::IMAP::BodyTypeMultipart	#	media_subtype	defined	public
net/imap	Net::IMAP::BodyTypeMultipart	#	subtype	defined	public
net/imap	Net::IMAP::BodyTypeMultipart	#	media_type	defined	public
net/imap	Net::IMAP::BodyTypeMultipart	#	multipart?	defined	public
net/imap	Net::IMAP::BodyTypeMultipart	#	param	defined	public
net/imap	Net::IMAP::BodyTypeMultipart	#	parts	defined	public
net/imap	Net::IMAP::BodyTypeText	#	content_id	defined	public
net/imap	Net::IMAP::BodyTypeText	#	description	defined	public
net/imap	Net::IMAP::BodyTypeText	#	disposition	defined	public
net/imap	Net::IMAP::BodyTypeText	#	encoding	defined	public
net/imap	Net::IMAP::BodyTypeText	#	extension	defined	public
net/imap	Net::IMAP::BodyTypeText	#	language	defined	public
net/imap	Net::IMAP::BodyTypeText	#	lines	defined	public
net/imap	Net::IMAP::BodyTypeText	#	md5	defined	public
net/imap	Net::IMAP::BodyTypeText	#	media_subtype	defined	public
net/imap	Net::IMAP::BodyTypeText	#	subtype	defined	public
net/imap	Net::IMAP::BodyTypeText	#	media_type	defined	public
net/imap	Net::IMAP::BodyTypeText	#	multipart?	defined	public
net/imap	Net::IMAP::BodyTypeText	#	param	defined	public
net/imap	Net::IMAP::BodyTypeText	#	size	defined	public
net/imap	Net::IMAP::ContentDisposition	#	dsp_type	defined	public
net/imap	Net::IMAP::ContentDisposition	#	param	defined	public
net/imap	Net::IMAP::ContinuationRequest	#	data	defined	public
net/imap	Net::IMAP::ContinuationRequest	#	raw_data	defined	public
net/imap	Net::IMAP::Envelope	#	bcc	defined	public
net/imap	Net::IMAP::Envelope	#	cc	defined	public
net/imap	Net::IMAP::Envelope	#	date	defined	public
net/imap	Net::IMAP::Envelope	#	from	defined	public
net/imap	Net::IMAP::Envelope	#	in_reply_to	defined	public
net/imap	Net::IMAP::Envelope	#	message_id	defined	public
net/imap	Net::IMAP::Envelope	#	reply_to	defined	public
net/imap	Net::IMAP::Envelope	#	sender	defined	public
net/imap	Net::IMAP::Envelope	#	subject	defined	public
net/imap	Net::IMAP::Envelope	#	to	defined	public
net/imap	Net::IMAP::FetchData	#	attr	defined	public
net/imap	Net::IMAP::FetchData	#	seqno	defined	public
net/imap	Net::IMAP::MailboxACLItem	#	rights	defined	public
net/imap	Net::IMAP::MailboxACLItem	#	user	defined	public
net/imap	Net::IMAP::MailboxList	#	attr	defined	public
net/imap	Net::IMAP::MailboxList	#	delim	defined	public
net/imap	Net::IMAP::MailboxList	#	name	defined	public
net/imap	Net::IMAP::MailboxQuota	#	mailbox	defined	public
net/imap	Net::IMAP::MailboxQuota	#	quota	defined	public
net/imap	Net::IMAP::MailboxQuota	#	usage	defined	public
net/imap	Net::IMAP::MailboxQuotaRoot	#	mailbox	defined	public
net/imap	Net::IMAP::MailboxQuotaRoot	#	quotaroots	defined	public
net/imap	Net::IMAP::ResponseCode	#	data	defined	public
net/imap	Net::IMAP::ResponseCode	#	name	defined	public
net/imap	Net::IMAP::ResponseError	#	response	defined	public
net/imap	Net::IMAP::ResponseError	#	response=	defined	public
net/imap	Net::IMAP::ResponseText	#	code	defined	public
net/imap	Net::IMAP::ResponseText	#	text	defined	public
net/imap	Net::IMAP::StatusData	#	attr	defined	public
net/imap	Net::IMAP::StatusData	#	mailbox	defined	public
net/imap	Net::IMAP::TaggedResponse	#	data	defined	public
net/imap	Net::IMAP::TaggedResponse	#	name	defined	public
net/imap	Net::IMAP::TaggedResponse	#	raw_data	defined	public
net/imap	Net::IMAP::TaggedResponse	#	tag	defined	public
net/imap	Net::IMAP::ThreadMember	#	children	defined	public
net/imap	Net::IMAP::ThreadMember	#	seqno	defined	public
net/imap	Net::IMAP::UntaggedResponse	#	data	defined	public
net/imap	Net::IMAP::UntaggedResponse	#	name	defined	public
net/imap	Net::IMAP::UntaggedResponse	#	raw_data	defined	public
net/pop	Net::POP3	::	Revision	defined	public
net/pop	Net::POP3	#	active?	defined	public
net/pop	Net::POP3	#	started?	defined	public
net/pop	Net::POP3	#	address	defined	public
net/pop	Net::POP3	#	apop?	defined	public
net/pop	Net::POP3	#	auth_only	defined	public
net/pop	Net::POP3	#	delete_all	defined	public
net/pop	Net::POP3	#	disable_ssl	defined	public
net/pop	Net::POP3	#	each	defined	public
net/pop	Net::POP3	#	each_mail	defined	public
net/pop	Net::POP3	#	enable_ssl	defined	public
net/pop	Net::POP3	#	finish	defined	public
net/pop	Net::POP3	#	mails	defined	public
net/pop	Net::POP3	#	n_bytes	defined	public
net/pop	Net::POP3	#	n_mails	defined	public
net/pop	Net::POP3	#	open_timeout	defined	public
net/pop	Net::POP3	#	open_timeout=	defined	public
net/pop	Net::POP3	#	port	defined	public
net/pop	Net::POP3	#	read_timeout	defined	public
net/pop	Net::POP3	#	read_timeout=	defined	public
net/pop	Net::POP3	#	reset	defined	public
net/pop	Net::POP3	#	set_debug_output	defined	public
net/pop	Net::POP3	#	start	defined	public
net/pop	Net::POP3	#	use_ssl?	defined	public
net/pop	Net::POP3	.	APOP	defined	public
net/pop	Net::POP3	.	auth_only	defined	public
net/pop	Net::POP3	.	certs	defined	public
net/pop	Net::POP3	.	default_pop3_port	defined	public
net/pop	Net::POP3	.	default_port	defined	public
net/pop	Net::POP3	.	default_pop3s_port	defined	public
net/pop	Net::POP3	.	delete_all	defined	public
net/pop	Net::POP3	.	disable_ssl	defined	public
net/pop	Net::POP3	.	enable_ssl	defined	public
net/pop	Net::POP3	.	foreach	defined	public
net/pop	Net::POP3	.	new	defined	public
net/pop	Net::POP3	.	socket_type	defined	public
net/pop	Net::POP3	.	ssl_params	defined	public
net/pop	Net::POP3	.	start	defined	public
net/pop	Net::POP3	.	use_ssl?	defined	public
net/pop	Net::POP3	.	verify	defined	public
net/pop	Net::POPMail	#	all	defined	public
net/pop	Net::POPMail	#	mail	defined	public
net/pop	Net::POPMail	#	pop	defined	public
net/pop	Net::POPMail	#	delete	defined	public
net/pop	Net::POPMail	#	delete!	defined	public
net/pop	Net::POPMail	#	deleted?	defined	public
net/pop	Net::POPMail	#	header	defined	public
net/pop	Net::POPMail	#	length	defined	public
net/pop	Net::POPMail	#	size	defined	public
net/pop	Net::POPMail	#	number	defined	public
net/pop	Net::POPMail	#	top	defined	public
net/pop	Net::POPMail	#	uidl	defined	public
net/pop	Net::POPMail	#	unique_id	defined	public
net/smtp	Net::SMTP	::	DEFAULT_AUTH_TYPE	defined	public
net/smtp	Net::SMTP	#	address	defined	public
net/smtp	Net::SMTP	#	authenticate	defined	public
net/smtp	Net::SMTP	#	capable_auth_types	defined	public
net/smtp	Net::SMTP	#	capable_cram_md5_auth?	defined	public
net/smtp	Net::SMTP	#	capable_login_auth?	defined	public
net/smtp	Net::SMTP	#	capable_plain_auth?	defined	public
net/smtp	Net::SMTP	#	capable_starttls?	defined	public
net/smtp	Net::SMTP	#	data	defined	public
net/smtp	Net::SMTP	#	debug_output=	defined	public
net/smtp	Net::SMTP	#	set_debug_output	defined	public
net/smtp	Net::SMTP	#	disable_ssl	defined	public
net/smtp	Net::SMTP	#	disable_tls	defined	public
net/smtp	Net::SMTP	#	disable_starttls	defined	public
net/smtp	Net::SMTP	#	ehlo	defined	public
net/smtp	Net::SMTP	#	enable_ssl	defined	public
net/smtp	Net::SMTP	#	enable_tls	defined	public
net/smtp	Net::SMTP	#	enable_starttls	defined	public
net/smtp	Net::SMTP	#	enable_starttls_auto	defined	public
net/smtp	Net::SMTP	#	esmtp	defined	public
net/smtp	Net::SMTP	#	esmtp?	defined	public
net/smtp	Net::SMTP	#	esmtp=	defined	public
net/smtp	Net::SMTP	#	finish	defined	public
net/smtp	Net::SMTP	#	helo	defined	public
net/smtp	Net::SMTP	#	inspect	defined	public
net/smtp	Net::SMTP	#	mailfrom	defined	public
net/smtp	Net::SMTP	#	open_message_stream	defined	public
net/smtp	Net::SMTP	#	ready	defined	public
net/smtp	Net::SMTP	#	open_timeout	defined	public
net/smtp	Net::SMTP	#	open_timeout=	defined	public
net/smtp	Net::SMTP	#	port	defined	public
net/smtp	Net::SMTP	#	quit	defined	public
net/smtp	Net::SMTP	#	rcptto	defined	public
net/smtp	Net::SMTP	#	rcptto_list	defined	public
net/smtp	Net::SMTP	#	read_timeout	defined	public
net/smtp	Net::SMTP	#	read_timeout=	defined	public
net/smtp	Net::SMTP	#	rset	defined	public
net/smtp	Net::SMTP	#	send_mail	defined	public
net/smtp	Net::SMTP	#	send_message	defined	public
net/smtp	Net::SMTP	#	sendmail	defined	public
net/smtp	Net::SMTP	#	ssl?	defined	public
net/smtp	Net::SMTP	#	tls?	defined	public
net/smtp	Net::SMTP	#	start	defined	public
net/smtp	Net::SMTP	#	started?	defined	public
net/smtp	Net::SMTP	#	starttls	defined	public
net/smtp	Net::SMTP	#	starttls?	defined	public
net/smtp	Net::SMTP	#	starttls_always?	defined	public
net/smtp	Net::SMTP	#	starttls_auto?	defined	public
net/smtp	Net::SMTP	.	default_port	defined	public
net/smtp	Net::SMTP	.	default_ssl_context	defined	public
net/smtp	Net::SMTP	.	default_ssl_port	defined	public
net/smtp	Net::SMTP	.	default_tls_port	defined	public
net/smtp	Net::SMTP	.	default_submission_port	defined	public
net/smtp	Net::SMTP	.	new	defined	public
net/smtp	Net::SMTP	.	start	defined	public
bigdecimal/newton	Newton	.#	nlsolve	defined	public
bigdecimal/newton	Newton	.#	norm	defined	public
_builtin	NilClass	#	&	defined	public
_builtin	NilClass	#	=~	defined	public
_builtin	NilClass	#	^	defined	public
_builtin	NilClass	#	|	defined	public
_builtin	NilClass	#	nil?	defined	public
_builtin	NilClass	#	rationalize	defined	public
_builtin	NilClass	#	to_a	defined	public
_builtin	NilClass	#	to_c	defined	public
bigdecimal/util	NilClass	#	to_d	added	public
_builtin	NilClass	#	to_f	defined	public
_builtin	NilClass	#	to_h	defined	public
_builtin	NilClass	#	to_i	defined	public
_builtin	NilClass	#	to_r	defined	public
_builtin	NilClass	#	to_s	defined	public
_builtin	NoMatchingPatternKeyError	#	key	defined	public
_builtin	NoMatchingPatternKeyError	#	matchee	defined	public
_builtin	NoMatchingPatternKeyError	.	new	defined	public
_builtin	NoMethodError	#	args	defined	public
_builtin	NoMethodError	#	private_call?	defined	public
_builtin	NoMethodError	.	new	defined	public
_builtin	Numeric	#	%	defined	public
_builtin	Numeric	#	modulo	defined	public
_builtin	Numeric	#	+@	defined	public
_builtin	Numeric	#	-@	defined	public
_builtin	Numeric	#	/	defined	public
_builtin	Numeric	#	<=>	defined	public
_builtin	Numeric	#	abs	defined	public
_builtin	Numeric	#	magnitude	defined	public
_builtin	Numeric	#	abs2	defined	public
_builtin	Numeric	#	angle	defined	public
_builtin	Numeric	#	arg	defined	public
_builtin	Numeric	#	phase	defined	public
_builtin	Numeric	#	ceil	defined	public
_builtin	Numeric	#	coerce	defined	public
_builtin	Numeric	#	conj	defined	public
_builtin	Numeric	#	conjugate	defined	public
_builtin	Numeric	#	denominator	defined	public
_builtin	Numeric	#	div	defined	public
_builtin	Numeric	#	divmod	defined	public
_builtin	Numeric	#	eql?	defined	public
_builtin	Numeric	#	fdiv	defined	public
_builtin	Numeric	#	finite?	defined	public
_builtin	Numeric	#	floor	defined	public
_builtin	Numeric	#	i	defined	public
_builtin	Numeric	#	imag	defined	public
_builtin	Numeric	#	imaginary	defined	public
_builtin	Numeric	#	infinite?	defined	public
_builtin	Numeric	#	integer?	defined	public
_builtin	Numeric	#	negative?	defined	public
_builtin	Numeric	#	nonzero?	defined	public
_builtin	Numeric	#	numerator	defined	public
_builtin	Numeric	#	polar	defined	public
_builtin	Numeric	#	positive?	defined	public
_builtin	Numeric	#	quo	defined	public
_builtin	Numeric	#	real	defined	public
_builtin	Numeric	#	real?	defined	public
_builtin	Numeric	#	rect	defined	public
_builtin	Numeric	#	rectangular	defined	public
_builtin	Numeric	#	remainder	defined	public
_builtin	Numeric	#	round	defined	public
_builtin	Numeric	#	step	defined	public
_builtin	Numeric	#	to_c	defined	public
_builtin	Numeric	#	to_int	defined	public
_builtin	Numeric	#	truncate	defined	public
_builtin	Numeric	#	zero?	defined	public
_builtin	Object	::	ARGF	defined	private
_builtin	Object	::	ARGV	defined	private
optparse	Object	::	ARGV	redefined	public
_builtin	Object	::	DATA	defined	private
_builtin	Object	::	ENV	defined	private
_builtin	Object	::	RUBY_COPYRIGHT	defined	private
_builtin	Object	::	RUBY_DESCRIPTION	defined	private
_builtin	Object	::	RUBY_ENGINE	defined	private
_builtin	Object	::	RUBY_ENGINE_VERSION	defined	private
_builtin	Object	::	RUBY_PATCHLEVEL	defined	private
_builtin	Object	::	RUBY_PLATFORM	defined	private
_builtin	Object	::	RUBY_RELEASE_DATE	defined	private
_builtin	Object	::	RUBY_REVISION	defined	private
_builtin	Object	::	RUBY_VERSION	defined	private
_builtin	Object	::	SCRIPT_LINES__	defined	private
_builtin	Object	::	STDERR	defined	private
_builtin	Object	::	STDIN	defined	private
_builtin	Object	::	STDOUT	defined	private
_builtin	Object	::	TOPLEVEL_BINDING	defined	private
_builtin	Object	#	!~	defined	public
_builtin	Object	#	<=>	defined	public
_builtin	Object	#	==	defined	public
_builtin	Object	#	===	defined	public
_builtin	Object	#	_dump	defined	public
_builtin	Object	#	class	defined	public
_builtin	Object	#	clone	defined	public
_builtin	Object	#	define_singleton_method	defined	public
_builtin	Object	#	display	defined	public
_builtin	Object	#	dup	defined	public
_builtin	Object	#	enum_for	defined	public
_builtin	Object	#	to_enum	defined	public
_builtin	Object	#	eql?	defined	public
_builtin	Object	#	equal?	defined	public
_builtin	Object	#	extend	defined	public
_builtin	Object	#	freeze	defined	public
_builtin	Object	#	frozen?	defined	public
_builtin	Object	#	hash	defined	public
_builtin	Object	#	initialize	defined	private
_builtin	Object	#	initialize_clone	defined	private
_builtin	Object	#	initialize_copy	defined	private
_builtin	Object	#	initialize_dup	defined	private
_builtin	Object	#	inspect	defined	public
_builtin	Object	#	instance_of?	defined	public
_builtin	Object	#	instance_variable_defined?	defined	public
_builtin	Object	#	instance_variable_get	defined	public
_builtin	Object	#	instance_variable_set	defined	public
_builtin	Object	#	instance_variables	defined	public
_builtin	Object	#	is_a?	defined	public
_builtin	Object	#	kind_of?	defined	public
_builtin	Object	#	itself	defined	public
_builtin	Object	#	marshal_dump	defined	public
_builtin	Object	#	marshal_load	defined	public
_builtin	Object	#	method	defined	public
_builtin	Object	#	methods	defined	public
_builtin	Object	#	nil?	defined	public
_builtin	Object	#	object_id	defined	public
pp	Object	#	pretty_inspect	added	public
pp	Object	#	pretty_print	added	public
pp	Object	#	pretty_print_cycle	added	public
pp	Object	#	pretty_print_inspect	added	public
pp	Object	#	pretty_print_instance_variables	added	public
_builtin	Object	#	private_methods	defined	public
_builtin	Object	#	protected_methods	defined	public
_builtin	Object	#	public_method	defined	public
_builtin	Object	#	public_methods	defined	public
_builtin	Object	#	public_send	defined	public
_builtin	Object	#	remove_instance_variable	defined	public
_builtin	Object	#	respond_to?	defined	public
_builtin	Object	#	respond_to_missing?	defined	private
_builtin	Object	#	send	defined	public
_builtin	Object	#	singleton_class	defined	public
_builtin	Object	#	singleton_method	defined	public
_builtin	Object	#	singleton_methods	defined	public
_builtin	Object	#	tap	defined	public
_builtin	Object	#	then	defined	public
_builtin	Object	#	yield_self	defined	public
_builtin	Object	#	to_a	nomethod	public
_builtin	Object	#	to_ary	nomethod	public
_builtin	Object	#	to_hash	nomethod	public
_builtin	Object	#	to_int	nomethod	public
_builtin	Object	#	to_io	nomethod	public
_builtin	Object	#	to_proc	nomethod	public
_builtin	Object	#	to_regexp	nomethod	public
_builtin	Object	#	to_s	defined	public
_builtin	Object	#	to_str	nomethod	public
psych	Object	#	to_yaml	added	public
_builtin	Object	.	new	defined	public
psych	Object	.	yaml_tag	added	public
_builtin	ObjectSpace	.#	_id2ref	defined	public
objspace	ObjectSpace	.#	allocation_class_path	added	public
objspace	ObjectSpace	.#	allocation_generation	added	public
objspace	ObjectSpace	.#	allocation_method_id	added	public
objspace	ObjectSpace	.#	allocation_sourcefile	added	public
objspace	ObjectSpace	.#	allocation_sourceline	added	public
objspace	ObjectSpace	.#	count_nodes	added	public
_builtin	ObjectSpace	.#	count_objects	defined	public
objspace	ObjectSpace	.#	count_objects_size	added	public
objspace	ObjectSpace	.#	count_tdata_objects	added	public
_builtin	ObjectSpace	.#	define_finalizer	defined	public
objspace	ObjectSpace	.#	dump	added	public
objspace	ObjectSpace	.#	dump_all	added	public
_builtin	ObjectSpace	.#	each_object	defined	public
_builtin	ObjectSpace	.#	garbage_collect	defined	public
objspace	ObjectSpace	.#	memsize_of	added	public
objspace	ObjectSpace	.#	memsize_of_all	added	public
objspace	ObjectSpace	.#	reachable_objects_from	added	public
objspace	ObjectSpace	.#	reachable_objects_from_root	added	public
objspace	ObjectSpace	.#	trace_object_allocations	added	public
objspace	ObjectSpace	.#	trace_object_allocations_clear	added	public
objspace	ObjectSpace	.#	trace_object_allocations_start	added	public
objspace	ObjectSpace	.#	trace_object_allocations_stop	added	public
_builtin	ObjectSpace	.#	undefine_finalizer	defined	public
_builtin	ObjectSpace::WeakKeyMap	#	[]	defined	public
_builtin	ObjectSpace::WeakKeyMap	#	[]=	defined	public
_builtin	ObjectSpace::WeakKeyMap	#	clear	defined	public
_builtin	ObjectSpace::WeakKeyMap	#	delete	defined	public
_builtin	ObjectSpace::WeakKeyMap	#	getkey	defined	public
_builtin	ObjectSpace::WeakKeyMap	#	inspect	defined	public
_builtin	ObjectSpace::WeakKeyMap	#	key?	defined	public
_builtin	ObjectSpace::WeakMap	#	[]	defined	public
_builtin	ObjectSpace::WeakMap	#	[]=	defined	public
_builtin	ObjectSpace::WeakMap	#	delete	defined	public
_builtin	ObjectSpace::WeakMap	#	each	defined	public
_builtin	ObjectSpace::WeakMap	#	each_pair	defined	public
_builtin	ObjectSpace::WeakMap	#	each_key	defined	public
_builtin	ObjectSpace::WeakMap	#	each_value	defined	public
_builtin	ObjectSpace::WeakMap	#	include?	defined	public
_builtin	ObjectSpace::WeakMap	#	key?	defined	public
_builtin	ObjectSpace::WeakMap	#	member?	defined	public
_builtin	ObjectSpace::WeakMap	#	inspect	defined	public
_builtin	ObjectSpace::WeakMap	#	keys	defined	public
_builtin	ObjectSpace::WeakMap	#	length	defined	public
_builtin	ObjectSpace::WeakMap	#	size	defined	public
_builtin	ObjectSpace::WeakMap	#	values	defined	public
observer	Observable	#	add_observer	defined	public
observer	Observable	#	changed	defined	public
observer	Observable	#	changed?	defined	public
observer	Observable	#	count_observers	defined	public
observer	Observable	#	delete_observer	defined	public
observer	Observable	#	delete_observers	defined	public
observer	Observable	#	notify_observers	defined	public
open3	Open3	.#	capture2	defined	public
open3	Open3	.#	capture2e	defined	public
open3	Open3	.#	capture3	defined	public
open3	Open3	.#	pipeline	defined	public
open3	Open3	.#	pipeline_r	defined	public
open3	Open3	.#	pipeline_rw	defined	public
open3	Open3	.#	pipeline_start	defined	public
open3	Open3	.#	pipeline_w	defined	public
open3	Open3	.#	popen2	defined	public
open3	Open3	.#	popen2e	defined	public
open3	Open3	.#	popen3	defined	public
openssl	OpenSSL	::	OPENSSL_FIPS	defined	public
openssl	OpenSSL	::	OPENSSL_LIBRARY_VERSION	defined	public
openssl	OpenSSL	::	OPENSSL_VERSION	defined	public
openssl	OpenSSL	::	OPENSSL_VERSION_NUMBER	defined	public
openssl	OpenSSL	::	VERSION	defined	public
openssl	OpenSSL	.#	debug	defined	public
openssl	OpenSSL	.#	debug=	defined	public
openssl	OpenSSL	.#	errors	defined	public
openssl	OpenSSL	.#	fips_mode=	defined	public
openssl	OpenSSL::ASN1	::	BIT_STRING	defined	public
openssl	OpenSSL::ASN1	::	BMPSTRING	defined	public
openssl	OpenSSL::ASN1	::	BOOLEAN	defined	public
openssl	OpenSSL::ASN1	::	CHARACTER_STRING	defined	public
openssl	OpenSSL::ASN1	::	EMBEDDED_PDV	defined	public
openssl	OpenSSL::ASN1	::	ENUMERATED	defined	public
openssl	OpenSSL::ASN1	::	EOC	defined	public
openssl	OpenSSL::ASN1	::	EXTERNAL	defined	public
openssl	OpenSSL::ASN1	::	GENERALIZEDTIME	defined	public
openssl	OpenSSL::ASN1	::	GENERALSTRING	defined	public
openssl	OpenSSL::ASN1	::	GRAPHICSTRING	defined	public
openssl	OpenSSL::ASN1	::	IA5STRING	defined	public
openssl	OpenSSL::ASN1	::	INTEGER	defined	public
openssl	OpenSSL::ASN1	::	ISO64STRING	defined	public
openssl	OpenSSL::ASN1	::	NULL	defined	public
openssl	OpenSSL::ASN1	::	NUMERICSTRING	defined	public
openssl	OpenSSL::ASN1	::	OBJECT	defined	public
openssl	OpenSSL::ASN1	::	OBJECT_DESCRIPTOR	defined	public
openssl	OpenSSL::ASN1	::	OCTET_STRING	defined	public
openssl	OpenSSL::ASN1	::	PRINTABLESTRING	defined	public
openssl	OpenSSL::ASN1	::	REAL	defined	public
openssl	OpenSSL::ASN1	::	RELATIVE_OID	defined	public
openssl	OpenSSL::ASN1	::	SEQUENCE	defined	public
openssl	OpenSSL::ASN1	::	SET	defined	public
openssl	OpenSSL::ASN1	::	T61STRING	defined	public
openssl	OpenSSL::ASN1	::	UNIVERSALSTRING	defined	public
openssl	OpenSSL::ASN1	::	UNIVERSAL_TAG_NAME	defined	public
openssl	OpenSSL::ASN1	::	UTCTIME	defined	public
openssl	OpenSSL::ASN1	::	UTF8STRING	defined	public
openssl	OpenSSL::ASN1	::	VIDEOTEXSTRING	defined	public
openssl	OpenSSL::ASN1	.#	BMPString	defined	public
openssl	OpenSSL::ASN1	.#	BitString	defined	public
openssl	OpenSSL::ASN1	.#	Boolean	defined	public
openssl	OpenSSL::ASN1	.#	Enumerated	defined	public
openssl	OpenSSL::ASN1	.#	GeneralString	defined	public
openssl	OpenSSL::ASN1	.#	GeneralizedTime	defined	public
openssl	OpenSSL::ASN1	.#	GraphicString	defined	public
openssl	OpenSSL::ASN1	.#	IA5String	defined	public
openssl	OpenSSL::ASN1	.#	ISO64String	defined	public
openssl	OpenSSL::ASN1	.#	Integer	defined	public
openssl	OpenSSL::ASN1	.#	Null	defined	public
openssl	OpenSSL::ASN1	.#	NumericString	defined	public
openssl	OpenSSL::ASN1	.#	ObjectId	defined	public
openssl	OpenSSL::ASN1	.#	OctetString	defined	public
openssl	OpenSSL::ASN1	.#	PrintableString	defined	public
openssl	OpenSSL::ASN1	.#	Sequence	defined	public
openssl	OpenSSL::ASN1	.#	Set	defined	public
openssl	OpenSSL::ASN1	.#	T61String	defined	public
openssl	OpenSSL::ASN1	.#	UTCTime	defined	public
openssl	OpenSSL::ASN1	.#	UTF8String	defined	public
openssl	OpenSSL::ASN1	.#	UniversalString	defined	public
openssl	OpenSSL::ASN1	.#	VideotexString	defined	public
openssl	OpenSSL::ASN1	.#	decode	defined	public
openssl	OpenSSL::ASN1	.#	decode_all	defined	public
openssl	OpenSSL::ASN1	.#	traverse	defined	public
openssl	OpenSSL::ASN1::ASN1Data	#	tag	defined	public
openssl	OpenSSL::ASN1::ASN1Data	#	tag=	defined	public
openssl	OpenSSL::ASN1::ASN1Data	#	tag_class	defined	public
openssl	OpenSSL::ASN1::ASN1Data	#	tag_class=	defined	public
openssl	OpenSSL::ASN1::ASN1Data	#	to_der	defined	public
openssl	OpenSSL::ASN1::ASN1Data	#	value	defined	public
openssl	OpenSSL::ASN1::ASN1Data	#	value=	defined	public
openssl	OpenSSL::ASN1::ASN1Data	.	new	defined	public
openssl	OpenSSL::ASN1::BMPString	.	new	defined	public
openssl	OpenSSL::ASN1::BitString	#	unused_bits	defined	public
openssl	OpenSSL::ASN1::BitString	#	unused_bits=	defined	public
openssl	OpenSSL::ASN1::BitString	.	new	defined	public
openssl	OpenSSL::ASN1::Boolean	.	new	defined	public
openssl	OpenSSL::ASN1::Constructive	#	each	defined	public
openssl	OpenSSL::ASN1::Constructive	#	tagging	defined	public
openssl	OpenSSL::ASN1::Constructive	#	tagging=	defined	public
openssl	OpenSSL::ASN1::Enumerated	.	new	defined	public
openssl	OpenSSL::ASN1::GeneralString	.	new	defined	public
openssl	OpenSSL::ASN1::GeneralizedTime	.	new	defined	public
openssl	OpenSSL::ASN1::GraphicString	.	new	defined	public
openssl	OpenSSL::ASN1::IA5String	.	new	defined	public
openssl	OpenSSL::ASN1::ISO64String	.	new	defined	public
openssl	OpenSSL::ASN1::Integer	.	new	defined	public
openssl	OpenSSL::ASN1::Null	.	new	defined	public
openssl	OpenSSL::ASN1::NumericString	.	new	defined	public
openssl	OpenSSL::ASN1::ObjectId	#	ln	defined	public
openssl	OpenSSL::ASN1::ObjectId	#	long_name	defined	public
openssl	OpenSSL::ASN1::ObjectId	#	oid	defined	public
openssl	OpenSSL::ASN1::ObjectId	#	short_name	defined	public
openssl	OpenSSL::ASN1::ObjectId	#	sn	defined	public
openssl	OpenSSL::ASN1::ObjectId	.	new	defined	public
openssl	OpenSSL::ASN1::ObjectId	.	register	defined	public
openssl	OpenSSL::ASN1::OctetString	.	new	defined	public
openssl	OpenSSL::ASN1::Primitive	#	tagging	defined	public
openssl	OpenSSL::ASN1::Primitive	#	tagging=	defined	public
openssl	OpenSSL::ASN1::PrintableString	.	new	defined	public
openssl	OpenSSL::ASN1::Sequence	.	new	defined	public
openssl	OpenSSL::ASN1::Set	.	new	defined	public
openssl	OpenSSL::ASN1::T61String	.	new	defined	public
openssl	OpenSSL::ASN1::UTCTime	.	new	defined	public
openssl	OpenSSL::ASN1::UTF8String	.	new	defined	public
openssl	OpenSSL::ASN1::UniversalString	.	new	defined	public
openssl	OpenSSL::ASN1::VideotexString	.	new	defined	public
openssl	OpenSSL::BN	#	%	defined	public
openssl	OpenSSL::BN	#	*	defined	public
openssl	OpenSSL::BN	#	**	defined	public
openssl	OpenSSL::BN	#	+	defined	public
openssl	OpenSSL::BN	#	-	defined	public
openssl	OpenSSL::BN	#	/	defined	public
openssl	OpenSSL::BN	#	<<	defined	public
openssl	OpenSSL::BN	#	<=>	defined	public
openssl	OpenSSL::BN	#	cmp	defined	public
openssl	OpenSSL::BN	#	==	defined	public
openssl	OpenSSL::BN	#	===	defined	public
openssl	OpenSSL::BN	#	eql?	defined	public
openssl	OpenSSL::BN	#	>>	defined	public
openssl	OpenSSL::BN	#	bit_set?	defined	public
openssl	OpenSSL::BN	#	clear_bit!	defined	public
openssl	OpenSSL::BN	#	coerce	defined	public
openssl	OpenSSL::BN	#	copy	defined	public
openssl	OpenSSL::BN	#	gcd	defined	public
openssl	OpenSSL::BN	#	lshift!	defined	public
openssl	OpenSSL::BN	#	mask_bits!	defined	public
openssl	OpenSSL::BN	#	mod_add	defined	public
openssl	OpenSSL::BN	#	mod_exp	defined	public
openssl	OpenSSL::BN	#	mod_inverse	defined	public
openssl	OpenSSL::BN	#	mod_mul	defined	public
openssl	OpenSSL::BN	#	mod_sqr	defined	public
openssl	OpenSSL::BN	#	mod_sub	defined	public
openssl	OpenSSL::BN	#	negative?	defined	public
openssl	OpenSSL::BN	#	num_bits	defined	public
openssl	OpenSSL::BN	#	num_bytes	defined	public
openssl	OpenSSL::BN	#	odd?	defined	public
openssl	OpenSSL::BN	#	one?	defined	public
openssl	OpenSSL::BN	#	pretty_print	defined	public
openssl	OpenSSL::BN	#	prime?	defined	public
openssl	OpenSSL::BN	#	prime_fasttest?	defined	public
openssl	OpenSSL::BN	#	rshift!	defined	public
openssl	OpenSSL::BN	#	set_bit!	defined	public
openssl	OpenSSL::BN	#	sqr	defined	public
openssl	OpenSSL::BN	#	to_bn	defined	public
openssl	OpenSSL::BN	#	to_i	defined	public
openssl	OpenSSL::BN	#	to_int	defined	public
openssl	OpenSSL::BN	#	to_s	defined	public
openssl	OpenSSL::BN	#	ucmp	defined	public
openssl	OpenSSL::BN	#	zero?	defined	public
openssl	OpenSSL::BN	.	generate_prime	defined	public
openssl	OpenSSL::BN	.	new	defined	public
openssl	OpenSSL::BN	.	pseudo_rand	defined	public
openssl	OpenSSL::BN	.	pseudo_rand_range	defined	public
openssl	OpenSSL::BN	.	rand	defined	public
openssl	OpenSSL::BN	.	rand_range	defined	public
openssl	OpenSSL::Buffering	::	BLOCK_SIZE	defined	public
openssl	OpenSSL::Buffering	#	<<	defined	public
openssl	OpenSSL::Buffering	#	close	defined	public
openssl	OpenSSL::Buffering	#	each	defined	public
openssl	OpenSSL::Buffering	#	each_line	defined	public
openssl	OpenSSL::Buffering	#	each_byte	defined	public
openssl	OpenSSL::Buffering	#	eof	defined	public
openssl	OpenSSL::Buffering	#	eof?	defined	public
openssl	OpenSSL::Buffering	#	flush	defined	public
openssl	OpenSSL::Buffering	#	getc	defined	public
openssl	OpenSSL::Buffering	#	gets	defined	public
openssl	OpenSSL::Buffering	#	print	defined	public
openssl	OpenSSL::Buffering	#	printf	defined	public
openssl	OpenSSL::Buffering	#	puts	defined	public
openssl	OpenSSL::Buffering	#	read	defined	public
openssl	OpenSSL::Buffering	#	read_nonblock	defined	public
openssl	OpenSSL::Buffering	#	readchar	defined	public
openssl	OpenSSL::Buffering	#	readline	defined	public
openssl	OpenSSL::Buffering	#	readlines	defined	public
openssl	OpenSSL::Buffering	#	readpartial	defined	public
openssl	OpenSSL::Buffering	#	sync	defined	public
openssl	OpenSSL::Buffering	#	sync=	defined	public
openssl	OpenSSL::Buffering	#	ungetc	defined	public
openssl	OpenSSL::Buffering	#	write	defined	public
openssl	OpenSSL::Buffering	#	write_nonblock	defined	public
openssl	OpenSSL::Cipher	#	block_size	defined	public
openssl	OpenSSL::Cipher	#	decrypt	defined	public
openssl	OpenSSL::Cipher	#	encrypt	defined	public
openssl	OpenSSL::Cipher	#	final	defined	public
openssl	OpenSSL::Cipher	#	iv=	defined	public
openssl	OpenSSL::Cipher	#	iv_len	defined	public
openssl	OpenSSL::Cipher	#	key=	defined	public
openssl	OpenSSL::Cipher	#	key_len	defined	public
openssl	OpenSSL::Cipher	#	key_len=	defined	public
openssl	OpenSSL::Cipher	#	name	defined	public
openssl	OpenSSL::Cipher	#	padding=	defined	public
openssl	OpenSSL::Cipher	#	pkcs5_keyivgen	defined	public
openssl	OpenSSL::Cipher	#	random_iv	defined	public
openssl	OpenSSL::Cipher	#	random_key	defined	public
openssl	OpenSSL::Cipher	#	reset	defined	public
openssl	OpenSSL::Cipher	#	update	defined	public
openssl	OpenSSL::Cipher	.	ciphers	defined	public
openssl	OpenSSL::Cipher	.	new	defined	public
openssl	OpenSSL::Cipher::AES	.	new	defined	public
openssl	OpenSSL::Cipher::AES128	.	new	defined	public
openssl	OpenSSL::Cipher::AES192	.	new	defined	public
openssl	OpenSSL::Cipher::AES256	.	new	defined	public
openssl	OpenSSL::Cipher::BF	.	new	defined	public
openssl	OpenSSL::Cipher::CAST5	.	new	defined	public
openssl	OpenSSL::Cipher::DES	.	new	defined	public
openssl	OpenSSL::Cipher::IDEA	.	new	defined	public
openssl	OpenSSL::Cipher::RC2	.	new	defined	public
openssl	OpenSSL::Cipher::RC4	.	new	defined	public
openssl	OpenSSL::Cipher::RC5	.	new	defined	public
openssl	OpenSSL::Config	::	DEFAULT_CONFIG_FILE	defined	public
openssl	OpenSSL::Config	#	each	defined	public
openssl	OpenSSL::Config	#	get_value	defined	public
openssl	OpenSSL::Config	.	load	defined	public
openssl	OpenSSL::Config	.	new	defined	public
openssl	OpenSSL::Config	.	parse	defined	public
openssl	OpenSSL::Digest	#	<<	defined	public
openssl	OpenSSL::Digest	#	update	defined	public
openssl	OpenSSL::Digest	#	block_length	defined	public
openssl	OpenSSL::Digest	#	digest_length	defined	public
openssl	OpenSSL::Digest	#	name	defined	public
openssl	OpenSSL::Digest	#	reset	defined	public
openssl	OpenSSL::Digest	.	digest	defined	public
openssl	OpenSSL::Digest	.	new	defined	public
openssl	OpenSSL::Digest::DSS	.	digest	defined	public
openssl	OpenSSL::Digest::DSS	.	hexdigest	defined	public
openssl	OpenSSL::Digest::DSS	.	new	defined	public
openssl	OpenSSL::Digest::DSS1	.	digest	defined	public
openssl	OpenSSL::Digest::DSS1	.	hexdigest	defined	public
openssl	OpenSSL::Digest::DSS1	.	new	defined	public
openssl	OpenSSL::Digest::Digest	.	new	defined	public
openssl	OpenSSL::Digest::MD2	.	digest	defined	public
openssl	OpenSSL::Digest::MD2	.	hexdigest	defined	public
openssl	OpenSSL::Digest::MD2	.	new	defined	public
openssl	OpenSSL::Digest::MD4	.	digest	defined	public
openssl	OpenSSL::Digest::MD4	.	hexdigest	defined	public
openssl	OpenSSL::Digest::MD4	.	new	defined	public
openssl	OpenSSL::Digest::MD5	.	digest	defined	public
openssl	OpenSSL::Digest::MD5	.	hexdigest	defined	public
openssl	OpenSSL::Digest::MD5	.	new	defined	public
openssl	OpenSSL::Digest::MDC2	.	digest	defined	public
openssl	OpenSSL::Digest::MDC2	.	hexdigest	defined	public
openssl	OpenSSL::Digest::MDC2	.	new	defined	public
openssl	OpenSSL::Digest::RIPEMD160	.	digest	defined	public
openssl	OpenSSL::Digest::RIPEMD160	.	hexdigest	defined	public
openssl	OpenSSL::Digest::RIPEMD160	.	new	defined	public
openssl	OpenSSL::Digest::SHA	.	digest	defined	public
openssl	OpenSSL::Digest::SHA	.	hexdigest	defined	public
openssl	OpenSSL::Digest::SHA	.	new	defined	public
openssl	OpenSSL::Digest::SHA1	.	digest	defined	public
openssl	OpenSSL::Digest::SHA1	.	hexdigest	defined	public
openssl	OpenSSL::Digest::SHA1	.	new	defined	public
openssl	OpenSSL::Digest::SHA224	.	digest	defined	public
openssl	OpenSSL::Digest::SHA224	.	hexdigest	defined	public
openssl	OpenSSL::Digest::SHA224	.	new	defined	public
openssl	OpenSSL::Digest::SHA256	.	digest	defined	public
openssl	OpenSSL::Digest::SHA256	.	hexdigest	defined	public
openssl	OpenSSL::Digest::SHA256	.	new	defined	public
openssl	OpenSSL::Digest::SHA384	.	digest	defined	public
openssl	OpenSSL::Digest::SHA384	.	hexdigest	defined	public
openssl	OpenSSL::Digest::SHA384	.	new	defined	public
openssl	OpenSSL::Digest::SHA512	.	digest	defined	public
openssl	OpenSSL::Digest::SHA512	.	hexdigest	defined	public
openssl	OpenSSL::Digest::SHA512	.	new	defined	public
openssl	OpenSSL::Engine	::	METHOD_ALL	defined	public
openssl	OpenSSL::Engine	::	METHOD_CIPHERS	defined	public
openssl	OpenSSL::Engine	::	METHOD_DH	defined	public
openssl	OpenSSL::Engine	::	METHOD_DIGESTS	defined	public
openssl	OpenSSL::Engine	::	METHOD_DSA	defined	public
openssl	OpenSSL::Engine	::	METHOD_NONE	defined	public
openssl	OpenSSL::Engine	::	METHOD_RAND	defined	public
openssl	OpenSSL::Engine	::	METHOD_RSA	defined	public
openssl	OpenSSL::Engine	#	cipher	defined	public
openssl	OpenSSL::Engine	#	cmds	defined	public
openssl	OpenSSL::Engine	#	ctrl_cmd	defined	public
openssl	OpenSSL::Engine	#	digest	defined	public
openssl	OpenSSL::Engine	#	finish	defined	public
openssl	OpenSSL::Engine	#	id	defined	public
openssl	OpenSSL::Engine	#	load_private_key	defined	public
openssl	OpenSSL::Engine	#	load_public_key	defined	public
openssl	OpenSSL::Engine	#	name	defined	public
openssl	OpenSSL::Engine	#	set_default	defined	public
openssl	OpenSSL::Engine	.	by_id	defined	public
openssl	OpenSSL::Engine	.	cleanup	defined	public
openssl	OpenSSL::Engine	.	engines	defined	public
openssl	OpenSSL::Engine	.	load	defined	public
openssl	OpenSSL::HMAC	#	<<	defined	public
openssl	OpenSSL::HMAC	#	update	defined	public
openssl	OpenSSL::HMAC	#	digest	defined	public
openssl	OpenSSL::HMAC	#	hexdigest	defined	public
openssl	OpenSSL::HMAC	#	inspect	defined	public
openssl	OpenSSL::HMAC	#	to_s	defined	public
openssl	OpenSSL::HMAC	#	reset	defined	public
openssl	OpenSSL::HMAC	.	digest	defined	public
openssl	OpenSSL::HMAC	.	hexdigest	defined	public
openssl	OpenSSL::HMAC	.	new	defined	public
openssl	OpenSSL::Netscape::SPKI	#	challenge	defined	public
openssl	OpenSSL::Netscape::SPKI	#	challenge=	defined	public
openssl	OpenSSL::Netscape::SPKI	#	public_key	defined	public
openssl	OpenSSL::Netscape::SPKI	#	public_key=	defined	public
openssl	OpenSSL::Netscape::SPKI	#	sign	defined	public
openssl	OpenSSL::Netscape::SPKI	#	to_der	defined	public
openssl	OpenSSL::Netscape::SPKI	#	to_pem	defined	public
openssl	OpenSSL::Netscape::SPKI	#	to_s	defined	public
openssl	OpenSSL::Netscape::SPKI	#	to_text	defined	public
openssl	OpenSSL::Netscape::SPKI	#	verify	defined	public
openssl	OpenSSL::Netscape::SPKI	.	new	defined	public
openssl	OpenSSL::OCSP	::	NOCASIGN	defined	public
openssl	OpenSSL::OCSP	::	NOCERTS	defined	public
openssl	OpenSSL::OCSP	::	NOCHAIN	defined	public
openssl	OpenSSL::OCSP	::	NOCHECKS	defined	public
openssl	OpenSSL::OCSP	::	NODELEGATED	defined	public
openssl	OpenSSL::OCSP	::	NOEXPLICIT	defined	public
openssl	OpenSSL::OCSP	::	NOINTERN	defined	public
openssl	OpenSSL::OCSP	::	NOSIGS	defined	public
openssl	OpenSSL::OCSP	::	NOTIME	defined	public
openssl	OpenSSL::OCSP	::	NOVERIFY	defined	public
openssl	OpenSSL::OCSP	::	RESPID_KEY	defined	public
openssl	OpenSSL::OCSP	::	RESPONSE_STATUS_INTERNALERROR	defined	public
openssl	OpenSSL::OCSP	::	RESPONSE_STATUS_MALFORMEDREQUEST	defined	public
openssl	OpenSSL::OCSP	::	RESPONSE_STATUS_SIGREQUIRED	defined	public
openssl	OpenSSL::OCSP	::	RESPONSE_STATUS_SUCCESSFUL	defined	public
openssl	OpenSSL::OCSP	::	RESPONSE_STATUS_TRYLATER	defined	public
openssl	OpenSSL::OCSP	::	RESPONSE_STATUS_UNAUTHORIZED	defined	public
openssl	OpenSSL::OCSP	::	REVOKED_STATUS_AFFILIATIONCHANGED	defined	public
openssl	OpenSSL::OCSP	::	REVOKED_STATUS_CACOMPROMISE	defined	public
openssl	OpenSSL::OCSP	::	REVOKED_STATUS_CERTIFICATEHOLD	defined	public
openssl	OpenSSL::OCSP	::	REVOKED_STATUS_CESSATIONOFOPERATION	defined	public
openssl	OpenSSL::OCSP	::	REVOKED_STATUS_KEYCOMPROMISE	defined	public
openssl	OpenSSL::OCSP	::	REVOKED_STATUS_NOSTATUS	defined	public
openssl	OpenSSL::OCSP	::	REVOKED_STATUS_REMOVEFROMCRL	defined	public
openssl	OpenSSL::OCSP	::	REVOKED_STATUS_SUPERSEDED	defined	public
openssl	OpenSSL::OCSP	::	REVOKED_STATUS_UNSPECIFIED	defined	public
openssl	OpenSSL::OCSP	::	TRUSTOTHER	defined	public
openssl	OpenSSL::OCSP	::	V_CERTSTATUS_GOOD	defined	public
openssl	OpenSSL::OCSP	::	V_CERTSTATUS_REVOKED	defined	public
openssl	OpenSSL::OCSP	::	V_CERTSTATUS_UNKNOWN	defined	public
openssl	OpenSSL::OCSP::BasicResponse	#	add_nonce	defined	public
openssl	OpenSSL::OCSP::BasicResponse	#	add_status	defined	public
openssl	OpenSSL::OCSP::BasicResponse	#	copy_nonce	defined	public
openssl	OpenSSL::OCSP::BasicResponse	#	sign	defined	public
openssl	OpenSSL::OCSP::BasicResponse	#	status	defined	public
openssl	OpenSSL::OCSP::BasicResponse	#	verify	defined	public
openssl	OpenSSL::OCSP::BasicResponse	.	new	defined	public
openssl	OpenSSL::OCSP::CertificateId	#	cmp	defined	public
openssl	OpenSSL::OCSP::CertificateId	#	cmp_issuer	defined	public
openssl	OpenSSL::OCSP::CertificateId	#	serial	defined	public
openssl	OpenSSL::OCSP::CertificateId	.	new	defined	public
openssl	OpenSSL::OCSP::Request	#	add_certid	defined	public
openssl	OpenSSL::OCSP::Request	#	add_nonce	defined	public
openssl	OpenSSL::OCSP::Request	#	certid	defined	public
openssl	OpenSSL::OCSP::Request	#	check_nonce	defined	public
openssl	OpenSSL::OCSP::Request	#	sign	defined	public
openssl	OpenSSL::OCSP::Request	#	to_der	defined	public
openssl	OpenSSL::OCSP::Request	#	verify	defined	public
openssl	OpenSSL::OCSP::Request	.	new	defined	public
openssl	OpenSSL::OCSP::Response	#	basic	defined	public
openssl	OpenSSL::OCSP::Response	#	status	defined	public
openssl	OpenSSL::OCSP::Response	#	status_string	defined	public
openssl	OpenSSL::OCSP::Response	#	to_der	defined	public
openssl	OpenSSL::OCSP::Response	.	create	defined	public
openssl	OpenSSL::OCSP::Response	.	new	defined	public
openssl	OpenSSL::PKCS12	#	ca_certs	defined	public
openssl	OpenSSL::PKCS12	#	certificate	defined	public
openssl	OpenSSL::PKCS12	#	key	defined	public
openssl	OpenSSL::PKCS12	#	to_der	defined	public
openssl	OpenSSL::PKCS12	.	create	defined	public
openssl	OpenSSL::PKCS12	.	new	defined	public
openssl	OpenSSL::PKCS5	.#	pbkdf2_hmac	defined	public
openssl	OpenSSL::PKCS5	.#	pbkdf2_hmac_sha1	defined	public
openssl	OpenSSL::PKCS7	::	BINARY	defined	public
openssl	OpenSSL::PKCS7	::	DETACHED	defined	public
openssl	OpenSSL::PKCS7	::	NOATTR	defined	public
openssl	OpenSSL::PKCS7	::	NOCERTS	defined	public
openssl	OpenSSL::PKCS7	::	NOCHAIN	defined	public
openssl	OpenSSL::PKCS7	::	NOINTERN	defined	public
openssl	OpenSSL::PKCS7	::	NOSIGS	defined	public
openssl	OpenSSL::PKCS7	::	NOSMIMECAP	defined	public
openssl	OpenSSL::PKCS7	::	NOVERIFY	defined	public
openssl	OpenSSL::PKCS7	::	TEXT	defined	public
openssl	OpenSSL::PKCS7	#	add_certificate	defined	public
openssl	OpenSSL::PKCS7	#	add_crl	defined	public
openssl	OpenSSL::PKCS7	#	add_data	defined	public
openssl	OpenSSL::PKCS7	#	data=	defined	public
openssl	OpenSSL::PKCS7	#	add_recipient	defined	public
openssl	OpenSSL::PKCS7	#	add_signer	defined	public
openssl	OpenSSL::PKCS7	#	certificates	defined	public
openssl	OpenSSL::PKCS7	#	certificates=	defined	public
openssl	OpenSSL::PKCS7	#	cipher=	defined	public
openssl	OpenSSL::PKCS7	#	crls	defined	public
openssl	OpenSSL::PKCS7	#	crls=	defined	public
openssl	OpenSSL::PKCS7	#	data	defined	public
openssl	OpenSSL::PKCS7	#	decrypt	defined	public
openssl	OpenSSL::PKCS7	#	detached	defined	public
openssl	OpenSSL::PKCS7	#	detached?	defined	public
openssl	OpenSSL::PKCS7	#	detached=	defined	public
openssl	OpenSSL::PKCS7	#	error_string	defined	public
openssl	OpenSSL::PKCS7	#	error_string=	defined	public
openssl	OpenSSL::PKCS7	#	recipients	defined	public
openssl	OpenSSL::PKCS7	#	signers	defined	public
openssl	OpenSSL::PKCS7	#	to_der	defined	public
openssl	OpenSSL::PKCS7	#	to_pem	defined	public
openssl	OpenSSL::PKCS7	#	to_s	defined	public
openssl	OpenSSL::PKCS7	#	type	defined	public
openssl	OpenSSL::PKCS7	#	type=	defined	public
openssl	OpenSSL::PKCS7	#	verify	defined	public
openssl	OpenSSL::PKCS7	.	encrypt	defined	public
openssl	OpenSSL::PKCS7	.	new	defined	public
openssl	OpenSSL::PKCS7	.	read_smime	defined	public
openssl	OpenSSL::PKCS7	.	sign	defined	public
openssl	OpenSSL::PKCS7	.	write_smime	defined	public
openssl	OpenSSL::PKCS7::RecipientInfo	#	enc_key	defined	public
openssl	OpenSSL::PKCS7::RecipientInfo	#	issuer	defined	public
openssl	OpenSSL::PKCS7::RecipientInfo	#	serial	defined	public
openssl	OpenSSL::PKCS7::RecipientInfo	.	new	defined	public
openssl	OpenSSL::PKCS7::SignerInfo	#	issuer	defined	public
openssl	OpenSSL::PKCS7::SignerInfo	#	name	defined	public
openssl	OpenSSL::PKCS7::SignerInfo	#	serial	defined	public
openssl	OpenSSL::PKCS7::SignerInfo	#	signed_time	defined	public
openssl	OpenSSL::PKCS7::SignerInfo	.	new	defined	public
openssl	OpenSSL::PKey::DH	#	compute_key	defined	public
openssl	OpenSSL::PKey::DH	#	export	defined	public
openssl	OpenSSL::PKey::DH	#	to_pem	defined	public
openssl	OpenSSL::PKey::DH	#	to_s	defined	public
openssl	OpenSSL::PKey::DH	#	g	defined	public
openssl	OpenSSL::PKey::DH	#	g=	defined	public
openssl	OpenSSL::PKey::DH	#	generate_key!	defined	public
openssl	OpenSSL::PKey::DH	#	p	defined	public
openssl	OpenSSL::PKey::DH	#	p=	defined	public
openssl	OpenSSL::PKey::DH	#	params	defined	public
openssl	OpenSSL::PKey::DH	#	params_ok?	defined	public
openssl	OpenSSL::PKey::DH	#	priv_key	defined	public
openssl	OpenSSL::PKey::DH	#	priv_key=	defined	public
openssl	OpenSSL::PKey::DH	#	pub_key	defined	public
openssl	OpenSSL::PKey::DH	#	pub_key=	defined	public
openssl	OpenSSL::PKey::DH	#	to_der	defined	public
openssl	OpenSSL::PKey::DH	#	to_text	defined	public
openssl	OpenSSL::PKey::DH	.	generate	defined	public
openssl	OpenSSL::PKey::DH	.	new	defined	public
openssl	OpenSSL::PKey::DSA	#	export	defined	public
openssl	OpenSSL::PKey::DSA	#	to_pem	defined	public
openssl	OpenSSL::PKey::DSA	#	to_s	defined	public
openssl	OpenSSL::PKey::DSA	#	g	defined	public
openssl	OpenSSL::PKey::DSA	#	g=	defined	public
openssl	OpenSSL::PKey::DSA	#	p	defined	public
openssl	OpenSSL::PKey::DSA	#	p=	defined	public
openssl	OpenSSL::PKey::DSA	#	params	defined	public
openssl	OpenSSL::PKey::DSA	#	priv_key	defined	public
openssl	OpenSSL::PKey::DSA	#	priv_key=	defined	public
openssl	OpenSSL::PKey::DSA	#	private?	defined	public
openssl	OpenSSL::PKey::DSA	#	pub_key	defined	public
openssl	OpenSSL::PKey::DSA	#	pub_key=	defined	public
openssl	OpenSSL::PKey::DSA	#	public?	defined	public
openssl	OpenSSL::PKey::DSA	#	public_key	defined	public
openssl	OpenSSL::PKey::DSA	#	q	defined	public
openssl	OpenSSL::PKey::DSA	#	q=	defined	public
openssl	OpenSSL::PKey::DSA	#	syssign	defined	public
openssl	OpenSSL::PKey::DSA	#	sysverify	defined	public
openssl	OpenSSL::PKey::DSA	#	to_der	defined	public
openssl	OpenSSL::PKey::DSA	#	to_text	defined	public
openssl	OpenSSL::PKey::DSA	.	generate	defined	public
openssl	OpenSSL::PKey::DSA	.	new	defined	public
openssl	OpenSSL::PKey::EC	::	NAMED_CURVE	defined	public
openssl	OpenSSL::PKey::EC	#	check_key	defined	public
openssl	OpenSSL::PKey::EC	#	dh_compute_key	defined	public
openssl	OpenSSL::PKey::EC	#	dsa_sign_asn1	defined	public
openssl	OpenSSL::PKey::EC	#	dsa_verify_asn1	defined	public
openssl	OpenSSL::PKey::EC	#	generate_key	defined	public
openssl	OpenSSL::PKey::EC	#	group	defined	public
openssl	OpenSSL::PKey::EC	#	group=	defined	public
openssl	OpenSSL::PKey::EC	#	private_key	defined	public
openssl	OpenSSL::PKey::EC	#	private_key=	defined	public
openssl	OpenSSL::PKey::EC	#	private_key?	defined	public
openssl	OpenSSL::PKey::EC	#	public_key	defined	public
openssl	OpenSSL::PKey::EC	#	public_key=	defined	public
openssl	OpenSSL::PKey::EC	#	public_key?	defined	public
openssl	OpenSSL::PKey::EC	#	to_der	defined	public
openssl	OpenSSL::PKey::EC	#	to_pem	defined	public
openssl	OpenSSL::PKey::EC	#	to_text	defined	public
openssl	OpenSSL::PKey::EC	.	builtin_curves	defined	public
openssl	OpenSSL::PKey::EC	.	new	defined	public
openssl	OpenSSL::PKey::EC::Group	#	==	defined	public
openssl	OpenSSL::PKey::EC::Group	#	eql?	defined	public
openssl	OpenSSL::PKey::EC::Group	#	asn1_flag	defined	public
openssl	OpenSSL::PKey::EC::Group	#	asn1_flag=	defined	public
openssl	OpenSSL::PKey::EC::Group	#	cofactor	defined	public
openssl	OpenSSL::PKey::EC::Group	#	curve_name	defined	public
openssl	OpenSSL::PKey::EC::Group	#	degree	defined	public
openssl	OpenSSL::PKey::EC::Group	#	generator	defined	public
openssl	OpenSSL::PKey::EC::Group	#	order	defined	public
openssl	OpenSSL::PKey::EC::Group	#	point_conversion_form	defined	public
openssl	OpenSSL::PKey::EC::Group	#	point_conversion_form=	defined	public
openssl	OpenSSL::PKey::EC::Group	#	seed	defined	public
openssl	OpenSSL::PKey::EC::Group	#	seed=	defined	public
openssl	OpenSSL::PKey::EC::Group	#	set_generator	defined	public
openssl	OpenSSL::PKey::EC::Group	#	to_der	defined	public
openssl	OpenSSL::PKey::EC::Group	#	to_pem	defined	public
openssl	OpenSSL::PKey::EC::Group	#	to_text	defined	public
openssl	OpenSSL::PKey::EC::Group	.	new	defined	public
openssl	OpenSSL::PKey::EC::Point	#	==	defined	public
openssl	OpenSSL::PKey::EC::Point	#	eql?	defined	public
openssl	OpenSSL::PKey::EC::Point	#	group	defined	public
openssl	OpenSSL::PKey::EC::Point	#	infinity?	defined	public
openssl	OpenSSL::PKey::EC::Point	#	invert!	defined	public
openssl	OpenSSL::PKey::EC::Point	#	make_affine!	defined	public
openssl	OpenSSL::PKey::EC::Point	#	on_curve?	defined	public
openssl	OpenSSL::PKey::EC::Point	#	set_to_infinity!	defined	public
openssl	OpenSSL::PKey::EC::Point	#	to_bn	defined	public
openssl	OpenSSL::PKey::EC::Point	.	new	defined	public
openssl	OpenSSL::PKey::PKey	#	sign	defined	public
openssl	OpenSSL::PKey::PKey	#	verify	defined	public
openssl	OpenSSL::PKey::RSA	::	NO_PADDING	defined	public
openssl	OpenSSL::PKey::RSA	::	PKCS1_OAEP_PADDING	defined	public
openssl	OpenSSL::PKey::RSA	::	PKCS1_PADDING	defined	public
openssl	OpenSSL::PKey::RSA	::	SSLV23_PADDING	defined	public
openssl	OpenSSL::PKey::RSA	#	d	defined	public
openssl	OpenSSL::PKey::RSA	#	d=	defined	public
openssl	OpenSSL::PKey::RSA	#	dmp1	defined	public
openssl	OpenSSL::PKey::RSA	#	dmp1=	defined	public
openssl	OpenSSL::PKey::RSA	#	dmq1	defined	public
openssl	OpenSSL::PKey::RSA	#	dmq1=	defined	public
openssl	OpenSSL::PKey::RSA	#	e	defined	public
openssl	OpenSSL::PKey::RSA	#	e=	defined	public
openssl	OpenSSL::PKey::RSA	#	export	defined	public
openssl	OpenSSL::PKey::RSA	#	to_pem	defined	public
openssl	OpenSSL::PKey::RSA	#	to_s	defined	public
openssl	OpenSSL::PKey::RSA	#	iqmp	defined	public
openssl	OpenSSL::PKey::RSA	#	iqmp=	defined	public
openssl	OpenSSL::PKey::RSA	#	n	defined	public
openssl	OpenSSL::PKey::RSA	#	n=	defined	public
openssl	OpenSSL::PKey::RSA	#	p	defined	public
openssl	OpenSSL::PKey::RSA	#	p=	defined	public
openssl	OpenSSL::PKey::RSA	#	params	defined	public
openssl	OpenSSL::PKey::RSA	#	private?	defined	public
openssl	OpenSSL::PKey::RSA	#	private_decrypt	defined	public
openssl	OpenSSL::PKey::RSA	#	private_encrypt	defined	public
openssl	OpenSSL::PKey::RSA	#	public?	defined	public
openssl	OpenSSL::PKey::RSA	#	public_decrypt	defined	public
openssl	OpenSSL::PKey::RSA	#	public_encrypt	defined	public
openssl	OpenSSL::PKey::RSA	#	public_key	defined	public
openssl	OpenSSL::PKey::RSA	#	q	defined	public
openssl	OpenSSL::PKey::RSA	#	q=	defined	public
openssl	OpenSSL::PKey::RSA	#	to_der	defined	public
openssl	OpenSSL::PKey::RSA	#	to_text	defined	public
openssl	OpenSSL::PKey::RSA	.	generate	defined	public
openssl	OpenSSL::PKey::RSA	.	new	defined	public
openssl	OpenSSL::Random	.#	egd	defined	public
openssl	OpenSSL::Random	.#	egd_bytes	defined	public
openssl	OpenSSL::Random	.#	load_random_file	defined	public
openssl	OpenSSL::Random	.#	pseudo_bytes	defined	public
openssl	OpenSSL::Random	.#	random_add	defined	public
openssl	OpenSSL::Random	.#	random_bytes	defined	public
openssl	OpenSSL::Random	.#	seed	defined	public
openssl	OpenSSL::Random	.#	status?	defined	public
openssl	OpenSSL::Random	.#	write_random_file	defined	public
openssl	OpenSSL::SSL	::	OP_ALL	defined	public
openssl	OpenSSL::SSL	::	OP_CIPHER_SERVER_PREFERENCE	defined	public
openssl	OpenSSL::SSL	::	OP_DONT_INSERT_EMPTY_FRAGMENTS	defined	public
openssl	OpenSSL::SSL	::	OP_MICROSOFT_BIG_SSLV3_BUFFER	defined	public
openssl	OpenSSL::SSL	::	OP_MICROSOFT_SESS_ID_BUG	defined	public
openssl	OpenSSL::SSL	::	OP_MSIE_SSLV2_RSA_PADDING	defined	public
openssl	OpenSSL::SSL	::	OP_NETSCAPE_CHALLENGE_BUG	defined	public
openssl	OpenSSL::SSL	::	OP_NETSCAPE_REUSE_CIPHER_CHANGE_BUG	defined	public
openssl	OpenSSL::SSL	::	OP_SSLEAY_080_CLIENT_DH_BUG	defined	public
openssl	OpenSSL::SSL	::	OP_SSLREF2_REUSE_CERT_TYPE_BUG	defined	public
openssl	OpenSSL::SSL	::	OP_TLS_BLOCK_PADDING_BUG	defined	public
openssl	OpenSSL::SSL	::	OP_TLS_D5_BUG	defined	public
openssl	OpenSSL::SSL	::	OP_EPHEMERAL_RSA	defined	public
openssl	OpenSSL::SSL	::	OP_NETSCAPE_CA_DN_BUG	defined	public
openssl	OpenSSL::SSL	::	OP_NETSCAPE_DEMO_CIPHER_CHANGE_BUG	defined	public
openssl	OpenSSL::SSL	::	OP_NO_COMPRESSION	defined	public
openssl	OpenSSL::SSL	::	OP_NO_SESSION_RESUMPTION_ON_RENEGOTIATION	defined	public
openssl	OpenSSL::SSL	::	OP_NO_SSLv2	defined	public
openssl	OpenSSL::SSL	::	OP_NO_SSLv3	defined	public
openssl	OpenSSL::SSL	::	OP_NO_TICKET	defined	public
openssl	OpenSSL::SSL	::	OP_NO_TLSv1	defined	public
openssl	OpenSSL::SSL	::	OP_NO_TLSv1_1	defined	public
openssl	OpenSSL::SSL	::	OP_NO_TLSv1_2	defined	public
openssl	OpenSSL::SSL	::	OP_PKCS1_CHECK_1	defined	public
openssl	OpenSSL::SSL	::	OP_PKCS1_CHECK_2	defined	public
openssl	OpenSSL::SSL	::	OP_SINGLE_DH_USE	defined	public
openssl	OpenSSL::SSL	::	OP_SINGLE_ECDH_USE	defined	public
openssl	OpenSSL::SSL	::	OP_TLS_ROLLBACK_BUG	defined	public
openssl	OpenSSL::SSL	::	VERIFY_CLIENT_ONCE	defined	public
openssl	OpenSSL::SSL	::	VERIFY_FAIL_IF_NO_PEER_CERT	defined	public
openssl	OpenSSL::SSL	::	VERIFY_NONE	defined	public
openssl	OpenSSL::SSL	::	VERIFY_PEER	defined	public
openssl	OpenSSL::SSL::SSLContext	::	DEFAULT_CERT_STORE	defined	public
openssl	OpenSSL::SSL::SSLContext	::	DEFAULT_PARAMS	defined	public
openssl	OpenSSL::SSL::SSLContext	::	METHODS	defined	public
openssl	OpenSSL::SSL::SSLContext	::	SESSION_CACHE_BOTH	defined	public
openssl	OpenSSL::SSL::SSLContext	::	SESSION_CACHE_CLIENT	defined	public
openssl	OpenSSL::SSL::SSLContext	::	SESSION_CACHE_NO_AUTO_CLEAR	defined	public
openssl	OpenSSL::SSL::SSLContext	::	SESSION_CACHE_NO_INTERNAL	defined	public
openssl	OpenSSL::SSL::SSLContext	::	SESSION_CACHE_NO_INTERNAL_LOOKUP	defined	public
openssl	OpenSSL::SSL::SSLContext	::	SESSION_CACHE_NO_INTERNAL_STORE	defined	public
openssl	OpenSSL::SSL::SSLContext	::	SESSION_CACHE_OFF	defined	public
openssl	OpenSSL::SSL::SSLContext	::	SESSION_CACHE_SERVER	defined	public
openssl	OpenSSL::SSL::SSLContext	#	ca_file	defined	public
openssl	OpenSSL::SSL::SSLContext	#	ca_file=	defined	public
openssl	OpenSSL::SSL::SSLContext	#	ca_path	defined	public
openssl	OpenSSL::SSL::SSLContext	#	ca_path=	defined	public
openssl	OpenSSL::SSL::SSLContext	#	cert	defined	public
openssl	OpenSSL::SSL::SSLContext	#	cert=	defined	public
openssl	OpenSSL::SSL::SSLContext	#	cert_store	defined	public
openssl	OpenSSL::SSL::SSLContext	#	cert_store=	defined	public
openssl	OpenSSL::SSL::SSLContext	#	ciphers	defined	public
openssl	OpenSSL::SSL::SSLContext	#	ciphers=	defined	public
openssl	OpenSSL::SSL::SSLContext	#	client_ca	defined	public
openssl	OpenSSL::SSL::SSLContext	#	client_ca=	defined	public
openssl	OpenSSL::SSL::SSLContext	#	client_cert_cb	defined	public
openssl	OpenSSL::SSL::SSLContext	#	client_cert_cb=	defined	public
openssl	OpenSSL::SSL::SSLContext	#	extra_chain_cert	defined	public
openssl	OpenSSL::SSL::SSLContext	#	extra_chain_cert=	defined	public
openssl	OpenSSL::SSL::SSLContext	#	flush_sessions	defined	public
openssl	OpenSSL::SSL::SSLContext	#	key	defined	public
openssl	OpenSSL::SSL::SSLContext	#	key=	defined	public
openssl	OpenSSL::SSL::SSLContext	#	options	defined	public
openssl	OpenSSL::SSL::SSLContext	#	options=	defined	public
openssl	OpenSSL::SSL::SSLContext	#	renegotiation_cb	defined	public
openssl	OpenSSL::SSL::SSLContext	#	renegotiation_cb=	defined	public
openssl	OpenSSL::SSL::SSLContext	#	servername_cb	defined	public
openssl	OpenSSL::SSL::SSLContext	#	servername_cb=	defined	public
openssl	OpenSSL::SSL::SSLContext	#	session_add	defined	public
openssl	OpenSSL::SSL::SSLContext	#	session_cache_mode	defined	public
openssl	OpenSSL::SSL::SSLContext	#	session_cache_mode=	defined	public
openssl	OpenSSL::SSL::SSLContext	#	session_cache_size	defined	public
openssl	OpenSSL::SSL::SSLContext	#	session_cache_size=	defined	public
openssl	OpenSSL::SSL::SSLContext	#	session_cache_stats	defined	public
openssl	OpenSSL::SSL::SSLContext	#	session_get_cb	defined	public
openssl	OpenSSL::SSL::SSLContext	#	session_get_cb=	defined	public
openssl	OpenSSL::SSL::SSLContext	#	session_id_context	defined	public
openssl	OpenSSL::SSL::SSLContext	#	session_id_context=	defined	public
openssl	OpenSSL::SSL::SSLContext	#	session_new_cb	defined	public
openssl	OpenSSL::SSL::SSLContext	#	session_new_cb=	defined	public
openssl	OpenSSL::SSL::SSLContext	#	session_remove	defined	public
openssl	OpenSSL::SSL::SSLContext	#	session_remove_cb	defined	public
openssl	OpenSSL::SSL::SSLContext	#	session_remove_cb=	defined	public
openssl	OpenSSL::SSL::SSLContext	#	set_params	defined	public
openssl	OpenSSL::SSL::SSLContext	#	ssl_timeout	defined	public
openssl	OpenSSL::SSL::SSLContext	#	timeout	defined	public
openssl	OpenSSL::SSL::SSLContext	#	ssl_timeout=	defined	public
openssl	OpenSSL::SSL::SSLContext	#	timeout=	defined	public
openssl	OpenSSL::SSL::SSLContext	#	ssl_version=	defined	public
openssl	OpenSSL::SSL::SSLContext	#	tmp_dh_callback	defined	public
openssl	OpenSSL::SSL::SSLContext	#	tmp_dh_callback=	defined	public
openssl	OpenSSL::SSL::SSLContext	#	verify_callback	defined	public
openssl	OpenSSL::SSL::SSLContext	#	verify_callback=	defined	public
openssl	OpenSSL::SSL::SSLContext	#	verify_depth	defined	public
openssl	OpenSSL::SSL::SSLContext	#	verify_depth=	defined	public
openssl	OpenSSL::SSL::SSLContext	#	verify_mode	defined	public
openssl	OpenSSL::SSL::SSLContext	#	verify_mode=	defined	public
openssl	OpenSSL::SSL::SSLContext	.	new	defined	public
openssl	OpenSSL::SSL::SSLServer	#	accept	defined	public
openssl	OpenSSL::SSL::SSLServer	#	close	defined	public
openssl	OpenSSL::SSL::SSLServer	#	listen	defined	public
openssl	OpenSSL::SSL::SSLServer	#	shutdown	defined	public
openssl	OpenSSL::SSL::SSLServer	#	start_immediately	defined	public
openssl	OpenSSL::SSL::SSLServer	#	start_immediately=	defined	public
openssl	OpenSSL::SSL::SSLServer	#	to_io	defined	public
openssl	OpenSSL::SSL::SSLServer	.	new	defined	public
openssl	OpenSSL::SSL::SSLSocket	#	accept	defined	public
openssl	OpenSSL::SSL::SSLSocket	#	accept_nonblock	defined	public
openssl	OpenSSL::SSL::SSLSocket	#	cert	defined	public
openssl	OpenSSL::SSL::SSLSocket	#	cipher	defined	public
openssl	OpenSSL::SSL::SSLSocket	#	connect	defined	public
openssl	OpenSSL::SSL::SSLSocket	#	connect_nonblock	defined	public
openssl	OpenSSL::SSL::SSLSocket	#	context	defined	public
openssl	OpenSSL::SSL::SSLSocket	#	hostname	defined	public
openssl	OpenSSL::SSL::SSLSocket	#	hostname=	defined	public
openssl	OpenSSL::SSL::SSLSocket	#	io	defined	public
openssl	OpenSSL::SSL::SSLSocket	#	to_io	defined	public
openssl	OpenSSL::SSL::SSLSocket	#	peer_cert	defined	public
openssl	OpenSSL::SSL::SSLSocket	#	peer_cert_chain	defined	public
openssl	OpenSSL::SSL::SSLSocket	#	pending	defined	public
openssl	OpenSSL::SSL::SSLSocket	#	post_connection_check	defined	public
openssl	OpenSSL::SSL::SSLSocket	#	session	defined	public
openssl	OpenSSL::SSL::SSLSocket	#	session=	defined	public
openssl	OpenSSL::SSL::SSLSocket	#	session_reused?	defined	public
openssl	OpenSSL::SSL::SSLSocket	#	state	defined	public
openssl	OpenSSL::SSL::SSLSocket	#	sync_close	defined	public
openssl	OpenSSL::SSL::SSLSocket	#	sync_close=	defined	public
openssl	OpenSSL::SSL::SSLSocket	#	sysclose	defined	public
openssl	OpenSSL::SSL::SSLSocket	#	sysread	defined	public
openssl	OpenSSL::SSL::SSLSocket	#	syswrite	defined	public
openssl	OpenSSL::SSL::SSLSocket	#	verify_result	defined	public
openssl	OpenSSL::SSL::SSLSocket	.	new	defined	public
openssl	OpenSSL::SSL::Session	#	==	defined	public
openssl	OpenSSL::SSL::Session	#	id	defined	public
openssl	OpenSSL::SSL::Session	#	time	defined	public
openssl	OpenSSL::SSL::Session	#	time=	defined	public
openssl	OpenSSL::SSL::Session	#	timeout	defined	public
openssl	OpenSSL::SSL::Session	#	timeout=	defined	public
openssl	OpenSSL::SSL::Session	#	to_der	defined	public
openssl	OpenSSL::SSL::Session	#	to_pem	defined	public
openssl	OpenSSL::SSL::Session	#	to_text	defined	public
openssl	OpenSSL::SSL::Session	.	new	defined	public
openssl	OpenSSL::SSL::SocketForwarder	#	addr	defined	public
openssl	OpenSSL::SSL::SocketForwarder	#	closed?	defined	public
openssl	OpenSSL::SSL::SocketForwarder	#	do_not_reverse_lookup=	defined	public
openssl	OpenSSL::SSL::SocketForwarder	#	fcntl	defined	public
openssl	OpenSSL::SSL::SocketForwarder	#	getsockopt	defined	public
openssl	OpenSSL::SSL::SocketForwarder	#	peeraddr	defined	public
openssl	OpenSSL::SSL::SocketForwarder	#	setsockopt	defined	public
openssl	OpenSSL::X509	::	DEFAULT_CERT_AREA	defined	public
openssl	OpenSSL::X509	::	DEFAULT_CERT_DIR	defined	public
openssl	OpenSSL::X509	::	DEFAULT_CERT_DIR_ENV	defined	public
openssl	OpenSSL::X509	::	DEFAULT_CERT_FILE	defined	public
openssl	OpenSSL::X509	::	DEFAULT_CERT_FILE_ENV	defined	public
openssl	OpenSSL::X509	::	DEFAULT_PRIVATE_DIR	defined	public
openssl	OpenSSL::X509	::	PURPOSE_ANY	defined	public
openssl	OpenSSL::X509	::	PURPOSE_CRL_SIGN	defined	public
openssl	OpenSSL::X509	::	PURPOSE_NS_SSL_SERVER	defined	public
openssl	OpenSSL::X509	::	PURPOSE_OCSP_HELPER	defined	public
openssl	OpenSSL::X509	::	PURPOSE_SMIME_ENCRYPT	defined	public
openssl	OpenSSL::X509	::	PURPOSE_SMIME_SIGN	defined	public
openssl	OpenSSL::X509	::	PURPOSE_SSL_CLIENT	defined	public
openssl	OpenSSL::X509	::	PURPOSE_SSL_SERVER	defined	public
openssl	OpenSSL::X509	::	TRUST_COMPAT	defined	public
openssl	OpenSSL::X509	::	TRUST_EMAIL	defined	public
openssl	OpenSSL::X509	::	TRUST_OBJECT_SIGN	defined	public
openssl	OpenSSL::X509	::	TRUST_OCSP_REQUEST	defined	public
openssl	OpenSSL::X509	::	TRUST_OCSP_SIGN	defined	public
openssl	OpenSSL::X509	::	TRUST_SSL_CLIENT	defined	public
openssl	OpenSSL::X509	::	TRUST_SSL_SERVER	defined	public
openssl	OpenSSL::X509	::	V_ERR_AKID_ISSUER_SERIAL_MISMATCH	defined	public
openssl	OpenSSL::X509	::	V_ERR_AKID_SKID_MISMATCH	defined	public
openssl	OpenSSL::X509	::	V_ERR_APPLICATION_VERIFICATION	defined	public
openssl	OpenSSL::X509	::	V_ERR_CERT_CHAIN_TOO_LONG	defined	public
openssl	OpenSSL::X509	::	V_ERR_CERT_HAS_EXPIRED	defined	public
openssl	OpenSSL::X509	::	V_ERR_CERT_NOT_YET_VALID	defined	public
openssl	OpenSSL::X509	::	V_ERR_CERT_REJECTED	defined	public
openssl	OpenSSL::X509	::	V_ERR_CERT_REVOKED	defined	public
openssl	OpenSSL::X509	::	V_ERR_CERT_SIGNATURE_FAILURE	defined	public
openssl	OpenSSL::X509	::	V_ERR_CERT_UNTRUSTED	defined	public
openssl	OpenSSL::X509	::	V_ERR_CRL_HAS_EXPIRED	defined	public
openssl	OpenSSL::X509	::	V_ERR_CRL_NOT_YET_VALID	defined	public
openssl	OpenSSL::X509	::	V_ERR_CRL_SIGNATURE_FAILURE	defined	public
openssl	OpenSSL::X509	::	V_ERR_DEPTH_ZERO_SELF_SIGNED_CERT	defined	public
openssl	OpenSSL::X509	::	V_ERR_ERROR_IN_CERT_NOT_AFTER_FIELD	defined	public
openssl	OpenSSL::X509	::	V_ERR_ERROR_IN_CERT_NOT_BEFORE_FIELD	defined	public
openssl	OpenSSL::X509	::	V_ERR_ERROR_IN_CRL_LAST_UPDATE_FIELD	defined	public
openssl	OpenSSL::X509	::	V_ERR_ERROR_IN_CRL_NEXT_UPDATE_FIELD	defined	public
openssl	OpenSSL::X509	::	V_ERR_INVALID_CA	defined	public
openssl	OpenSSL::X509	::	V_ERR_INVALID_PURPOSE	defined	public
openssl	OpenSSL::X509	::	V_ERR_KEYUSAGE_NO_CERTSIGN	defined	public
openssl	OpenSSL::X509	::	V_ERR_OUT_OF_MEM	defined	public
openssl	OpenSSL::X509	::	V_ERR_PATH_LENGTH_EXCEEDED	defined	public
openssl	OpenSSL::X509	::	V_ERR_SELF_SIGNED_CERT_IN_CHAIN	defined	public
openssl	OpenSSL::X509	::	V_ERR_SUBJECT_ISSUER_MISMATCH	defined	public
openssl	OpenSSL::X509	::	V_ERR_UNABLE_TO_DECODE_ISSUER_PUBLIC_KEY	defined	public
openssl	OpenSSL::X509	::	V_ERR_UNABLE_TO_DECRYPT_CERT_SIGNATURE	defined	public
openssl	OpenSSL::X509	::	V_ERR_UNABLE_TO_DECRYPT_CRL_SIGNATURE	defined	public
openssl	OpenSSL::X509	::	V_ERR_UNABLE_TO_GET_CRL	defined	public
openssl	OpenSSL::X509	::	V_ERR_UNABLE_TO_GET_ISSUER_CERT	defined	public
openssl	OpenSSL::X509	::	V_ERR_UNABLE_TO_GET_ISSUER_CERT_LOCALLY	defined	public
openssl	OpenSSL::X509	::	V_ERR_UNABLE_TO_VERIFY_LEAF_SIGNATURE	defined	public
openssl	OpenSSL::X509	::	V_FLAG_CRL_CHECK	defined	public
openssl	OpenSSL::X509	::	V_FLAG_CRL_CHECK_ALL	defined	public
openssl	OpenSSL::X509	::	V_OK	defined	public
openssl	OpenSSL::X509::Attribute	#	oid	defined	public
openssl	OpenSSL::X509::Attribute	#	oid=	defined	public
openssl	OpenSSL::X509::Attribute	#	to_der	defined	public
openssl	OpenSSL::X509::Attribute	#	value	defined	public
openssl	OpenSSL::X509::Attribute	#	value=	defined	public
openssl	OpenSSL::X509::Attribute	.	new	defined	public
openssl	OpenSSL::X509::CRL	#	add_extension	defined	public
openssl	OpenSSL::X509::CRL	#	add_revoked	defined	public
openssl	OpenSSL::X509::CRL	#	extensions	defined	public
openssl	OpenSSL::X509::CRL	#	extensions=	defined	public
openssl	OpenSSL::X509::CRL	#	issuer	defined	public
openssl	OpenSSL::X509::CRL	#	issuer=	defined	public
openssl	OpenSSL::X509::CRL	#	last_update	defined	public
openssl	OpenSSL::X509::CRL	#	last_update=	defined	public
openssl	OpenSSL::X509::CRL	#	next_update	defined	public
openssl	OpenSSL::X509::CRL	#	next_update=	defined	public
openssl	OpenSSL::X509::CRL	#	revoked	defined	public
openssl	OpenSSL::X509::CRL	#	revoked=	defined	public
openssl	OpenSSL::X509::CRL	#	sign	defined	public
openssl	OpenSSL::X509::CRL	#	signature_algorithm	defined	public
openssl	OpenSSL::X509::CRL	#	to_der	defined	public
openssl	OpenSSL::X509::CRL	#	to_pem	defined	public
openssl	OpenSSL::X509::CRL	#	to_s	defined	public
openssl	OpenSSL::X509::CRL	#	to_text	defined	public
openssl	OpenSSL::X509::CRL	#	verify	defined	public
openssl	OpenSSL::X509::CRL	#	version	defined	public
openssl	OpenSSL::X509::CRL	#	version=	defined	public
openssl	OpenSSL::X509::CRL	.	new	defined	public
openssl	OpenSSL::X509::Certificate	#	add_extension	defined	public
openssl	OpenSSL::X509::Certificate	#	check_private_key	defined	public
openssl	OpenSSL::X509::Certificate	#	extensions	defined	public
openssl	OpenSSL::X509::Certificate	#	extensions=	defined	public
openssl	OpenSSL::X509::Certificate	#	issuer	defined	public
openssl	OpenSSL::X509::Certificate	#	issuer=	defined	public
openssl	OpenSSL::X509::Certificate	#	not_after	defined	public
openssl	OpenSSL::X509::Certificate	#	not_after=	defined	public
openssl	OpenSSL::X509::Certificate	#	not_before	defined	public
openssl	OpenSSL::X509::Certificate	#	not_before=	defined	public
openssl	OpenSSL::X509::Certificate	#	public_key	defined	public
openssl	OpenSSL::X509::Certificate	#	public_key=	defined	public
openssl	OpenSSL::X509::Certificate	#	serial	defined	public
openssl	OpenSSL::X509::Certificate	#	serial=	defined	public
openssl	OpenSSL::X509::Certificate	#	sign	defined	public
openssl	OpenSSL::X509::Certificate	#	signature_algorithm	defined	public
openssl	OpenSSL::X509::Certificate	#	subject	defined	public
openssl	OpenSSL::X509::Certificate	#	subject=	defined	public
openssl	OpenSSL::X509::Certificate	#	to_der	defined	public
openssl	OpenSSL::X509::Certificate	#	to_pem	defined	public
openssl	OpenSSL::X509::Certificate	#	to_s	defined	public
openssl	OpenSSL::X509::Certificate	#	to_text	defined	public
openssl	OpenSSL::X509::Certificate	#	verify	defined	public
openssl	OpenSSL::X509::Certificate	#	version	defined	public
openssl	OpenSSL::X509::Certificate	#	version=	defined	public
openssl	OpenSSL::X509::Certificate	.	new	defined	public
openssl	OpenSSL::X509::Extension	#	critical=	defined	public
openssl	OpenSSL::X509::Extension	#	critical?	defined	public
openssl	OpenSSL::X509::Extension	#	oid	defined	public
openssl	OpenSSL::X509::Extension	#	oid=	defined	public
openssl	OpenSSL::X509::Extension	#	to_a	defined	public
openssl	OpenSSL::X509::Extension	#	to_der	defined	public
openssl	OpenSSL::X509::Extension	#	to_h	defined	public
openssl	OpenSSL::X509::Extension	#	to_s	defined	public
openssl	OpenSSL::X509::Extension	#	value	defined	public
openssl	OpenSSL::X509::Extension	#	value=	defined	public
openssl	OpenSSL::X509::Extension	.	new	defined	public
openssl	OpenSSL::X509::ExtensionFactory	#	config	defined	public
openssl	OpenSSL::X509::ExtensionFactory	#	config=	defined	public
openssl	OpenSSL::X509::ExtensionFactory	#	create_ext	defined	public
openssl	OpenSSL::X509::ExtensionFactory	#	create_ext_from_array	defined	public
openssl	OpenSSL::X509::ExtensionFactory	#	create_ext_from_hash	defined	public
openssl	OpenSSL::X509::ExtensionFactory	#	create_ext_from_string	defined	public
openssl	OpenSSL::X509::ExtensionFactory	#	create_extension	defined	public
openssl	OpenSSL::X509::ExtensionFactory	#	crl	defined	public
openssl	OpenSSL::X509::ExtensionFactory	#	crl=	defined	public
openssl	OpenSSL::X509::ExtensionFactory	#	issuer_certificate	defined	public
openssl	OpenSSL::X509::ExtensionFactory	#	issuer_certificate=	defined	public
openssl	OpenSSL::X509::ExtensionFactory	#	subject_certificate	defined	public
openssl	OpenSSL::X509::ExtensionFactory	#	subject_certificate=	defined	public
openssl	OpenSSL::X509::ExtensionFactory	#	subject_request	defined	public
openssl	OpenSSL::X509::ExtensionFactory	#	subject_request=	defined	public
openssl	OpenSSL::X509::ExtensionFactory	.	new	defined	public
openssl	OpenSSL::X509::Name	::	COMPAT	defined	public
openssl	OpenSSL::X509::Name	::	DEFAULT_OBJECT_TYPE	defined	public
openssl	OpenSSL::X509::Name	::	MULTILINE	defined	public
openssl	OpenSSL::X509::Name	::	OBJECT_TYPE_TEMPLATE	defined	public
openssl	OpenSSL::X509::Name	::	ONELINE	defined	public
openssl	OpenSSL::X509::Name	::	RFC2253	defined	public
openssl	OpenSSL::X509::Name	#	<=>	defined	public
openssl	OpenSSL::X509::Name	#	cmp	defined	public
openssl	OpenSSL::X509::Name	#	add_entry	defined	public
openssl	OpenSSL::X509::Name	#	hash_old	defined	public
openssl	OpenSSL::X509::Name	#	to_a	defined	public
openssl	OpenSSL::X509::Name	#	to_der	defined	public
openssl	OpenSSL::X509::Name	#	to_s	defined	public
openssl	OpenSSL::X509::Name	.	new	defined	public
openssl	OpenSSL::X509::Name	.	parse	defined	public
openssl	OpenSSL::X509::Name	.	parse_openssl	defined	public
openssl	OpenSSL::X509::Name	.	parse_rfc2253	defined	public
openssl	OpenSSL::X509::Request	#	add_attribute	defined	public
openssl	OpenSSL::X509::Request	#	attributes	defined	public
openssl	OpenSSL::X509::Request	#	attributes=	defined	public
openssl	OpenSSL::X509::Request	#	public_key	defined	public
openssl	OpenSSL::X509::Request	#	public_key=	defined	public
openssl	OpenSSL::X509::Request	#	sign	defined	public
openssl	OpenSSL::X509::Request	#	signature_algorithm	defined	public
openssl	OpenSSL::X509::Request	#	subject	defined	public
openssl	OpenSSL::X509::Request	#	subject=	defined	public
openssl	OpenSSL::X509::Request	#	to_der	defined	public
openssl	OpenSSL::X509::Request	#	to_pem	defined	public
openssl	OpenSSL::X509::Request	#	to_s	defined	public
openssl	OpenSSL::X509::Request	#	to_text	defined	public
openssl	OpenSSL::X509::Request	#	verify	defined	public
openssl	OpenSSL::X509::Request	#	version	defined	public
openssl	OpenSSL::X509::Request	#	version=	defined	public
openssl	OpenSSL::X509::Request	.	new	defined	public
openssl	OpenSSL::X509::Revoked	#	add_extension	defined	public
openssl	OpenSSL::X509::Revoked	#	extensions	defined	public
openssl	OpenSSL::X509::Revoked	#	extensions=	defined	public
openssl	OpenSSL::X509::Revoked	#	serial	defined	public
openssl	OpenSSL::X509::Revoked	#	serial=	defined	public
openssl	OpenSSL::X509::Revoked	#	time	defined	public
openssl	OpenSSL::X509::Revoked	#	time=	defined	public
openssl	OpenSSL::X509::Revoked	.	new	defined	public
openssl	OpenSSL::X509::Store	#	add_cert	defined	public
openssl	OpenSSL::X509::Store	#	add_crl	defined	public
openssl	OpenSSL::X509::Store	#	add_file	defined	public
openssl	OpenSSL::X509::Store	#	add_path	defined	public
openssl	OpenSSL::X509::Store	#	chain	defined	public
openssl	OpenSSL::X509::Store	#	error	defined	public
openssl	OpenSSL::X509::Store	#	error_string	defined	public
openssl	OpenSSL::X509::Store	#	flags=	defined	public
openssl	OpenSSL::X509::Store	#	purpose=	defined	public
openssl	OpenSSL::X509::Store	#	set_default_paths	defined	public
openssl	OpenSSL::X509::Store	#	time=	defined	public
openssl	OpenSSL::X509::Store	#	trust=	defined	public
openssl	OpenSSL::X509::Store	#	verify	defined	public
openssl	OpenSSL::X509::Store	#	verify_callback	defined	public
openssl	OpenSSL::X509::Store	#	verify_callback=	defined	public
openssl	OpenSSL::X509::Store	.	new	defined	public
openssl	OpenSSL::X509::StoreContext	#	chain	defined	public
openssl	OpenSSL::X509::StoreContext	#	cleanup	defined	public
openssl	OpenSSL::X509::StoreContext	#	current_cert	defined	public
openssl	OpenSSL::X509::StoreContext	#	current_crl	defined	public
openssl	OpenSSL::X509::StoreContext	#	error	defined	public
openssl	OpenSSL::X509::StoreContext	#	error=	defined	public
openssl	OpenSSL::X509::StoreContext	#	error_depth	defined	public
openssl	OpenSSL::X509::StoreContext	#	error_string	defined	public
openssl	OpenSSL::X509::StoreContext	#	flags=	defined	public
openssl	OpenSSL::X509::StoreContext	#	purpose=	defined	public
openssl	OpenSSL::X509::StoreContext	#	time=	defined	public
openssl	OpenSSL::X509::StoreContext	#	trust=	defined	public
openssl	OpenSSL::X509::StoreContext	#	verify	defined	public
openssl	OpenSSL::X509::StoreContext	.	new	defined	public
ostruct	OpenStruct	::	InspectKey	defined	protected
ostruct	OpenStruct	#	==	defined	public
ostruct	OpenStruct	#	[]	defined	public
ostruct	OpenStruct	#	[]=	defined	public
ostruct	OpenStruct	#	delete_field	defined	public
ostruct	OpenStruct	#	dig	defined	public
ostruct	OpenStruct	#	each_pair	defined	public
ostruct	OpenStruct	#	eql?	defined	public
ostruct	OpenStruct	#	hash	defined	public
ostruct	OpenStruct	#	inspect	defined	public
ostruct	OpenStruct	#	to_s	defined	public
ostruct	OpenStruct	#	modifiable	defined	protected
ostruct	OpenStruct	#	new_ostruct_member	defined	protected
ostruct	OpenStruct	#	to_h	defined	public
json/add/ostruct	OpenStruct	#	to_json	added	public
json/add/ostruct	OpenStruct	.	json_create	added	public
ostruct	OpenStruct	.	new	defined	public
open-uri	OpenURI	.	open_uri	defined	public
open-uri	OpenURI::Meta	#	base_uri	defined	public
open-uri	OpenURI::Meta	#	charset	defined	public
open-uri	OpenURI::Meta	#	content_encoding	defined	public
open-uri	OpenURI::Meta	#	content_type	defined	public
open-uri	OpenURI::Meta	#	last_modified	defined	public
open-uri	OpenURI::Meta	#	meta	defined	public
open-uri	OpenURI::Meta	#	status	defined	public
open-uri	OpenURI::OpenRead	#	open	defined	public
open-uri	OpenURI::OpenRead	#	read	defined	public
optparse	OptionParser	#	accept	defined	public
optparse	OptionParser	#	banner	defined	public
optparse	OptionParser	#	banner=	defined	public
optparse	OptionParser	#	default_argv	defined	public
optparse	OptionParser	#	default_argv=	defined	public
optparse	OptionParser	#	environment	defined	public
optparse	OptionParser	#	getopts	defined	public
optparse	OptionParser	#	help	defined	public
optparse	OptionParser	#	to_s	defined	public
optparse	OptionParser	#	load	defined	public
optparse	OptionParser	#	make_switch	defined	public
optparse	OptionParser	#	on	defined	public
optparse	OptionParser	#	on_head	defined	public
optparse	OptionParser	#	on_tail	defined	public
optparse	OptionParser	#	order	defined	public
optparse	OptionParser	#	order!	defined	public
optparse	OptionParser	#	parse	defined	public
optparse	OptionParser	#	parse!	defined	public
optparse	OptionParser	#	permute	defined	public
optparse	OptionParser	#	permute!	defined	public
optparse	OptionParser	#	program_name	defined	public
optparse	OptionParser	#	program_name=	defined	public
optparse	OptionParser	#	reject	defined	public
optparse	OptionParser	#	release	defined	public
optparse	OptionParser	#	release=	defined	public
optparse	OptionParser	#	separator	defined	public
optparse	OptionParser	#	summarize	defined	public
optparse	OptionParser	#	summary_indent	defined	public
optparse	OptionParser	#	summary_indent=	defined	public
optparse	OptionParser	#	summary_width	defined	public
optparse	OptionParser	#	summary_width=	defined	public
optparse	OptionParser	#	to_a	defined	public
optparse	OptionParser	#	ver	defined	public
optparse	OptionParser	#	version	defined	public
optparse	OptionParser	#	version=	defined	public
optparse	OptionParser	.	accept	defined	public
optparse	OptionParser	.	getopts	defined	public
optparse	OptionParser	.	new	defined	public
optparse	OptionParser	.	reject	defined	public
optparse	OptionParser::Arguable	#	getopts	defined	public
optparse	OptionParser::Arguable	#	options	defined	public
optparse	OptionParser::Arguable	#	options=	defined	public
optparse	OptionParser::Arguable	#	order!	defined	public
optparse	OptionParser::Arguable	#	parse!	defined	public
optparse	OptionParser::Arguable	#	permute!	defined	public
optparse	OptionParser::ParseError	#	args	defined	public
optparse	OptionParser::ParseError	#	inspect	defined	public
optparse	OptionParser::ParseError	#	message	defined	public
optparse	OptionParser::ParseError	#	to_s	defined	public
optparse	OptionParser::ParseError	#	reason	defined	public
optparse	OptionParser::ParseError	#	reason=	defined	public
optparse	OptionParser::ParseError	#	recover	defined	public
optparse	OptionParser::ParseError	#	set_backtrace	defined	public
optparse	OptionParser::ParseError	#	set_option	defined	public
optparse	OptionParser::ParseError	.	filter_backtrace	defined	public
pp	PP	#	comma_breakable	defined	public
pp	PP	#	object_group	defined	public
pp	PP	#	pp	defined	public
pp	PP	#	seplist	defined	public
pp	PP	.	pp	defined	public
pp	PP	.	sharing_detection	defined	public
pp	PP	.	sharing_detection=	defined	public
pp	PP	.	singleline_pp	defined	public
pstore	PStore	::	EMPTY_MARSHAL_CHECKSUM	defined	private
pstore	PStore	::	EMPTY_MARSHAL_DATA	defined	private
pstore	PStore	::	EMPTY_STRING	defined	private
pstore	PStore	::	RDWR_ACCESS	defined	private
pstore	PStore	::	RD_ACCESS	defined	private
pstore	PStore	::	WR_ACCESS	defined	private
pstore	PStore	#	[]	defined	public
pstore	PStore	#	[]=	defined	public
pstore	PStore	#	abort	defined	public
pstore	PStore	#	commit	defined	public
pstore	PStore	#	delete	defined	public
pstore	PStore	#	fetch	defined	public
pstore	PStore	#	in_transaction	defined	private
pstore	PStore	#	path	defined	public
pstore	PStore	#	root?	defined	public
pstore	PStore	#	roots	defined	public
pstore	PStore	#	transaction	defined	public
pstore	PStore	#	ultra_safe	defined	public
pstore	PStore	#	ultra_safe=	defined	public
pstore	PStore	.	new	defined	public
pstore	PStore::DummyMutex	#	synchronize	defined	public
pty	PTY	.#	getpty	defined	public
pty	PTY	.#	spawn	defined	public
pty	PTY	.	check	defined	public
pty	PTY	.	open	defined	public
pty	PTY::ChildExited	#	status	defined	public
pathname	Pathname	::	SEPARATOR_PAT	defined	public
pathname	Pathname	::	TO_PATH	defined	public
pathname	Pathname	#	+	defined	public
pathname	Pathname	#	/	defined	public
pathname	Pathname	#	<=>	defined	public
pathname	Pathname	#	==	defined	public
pathname	Pathname	#	===	defined	public
pathname	Pathname	#	eql?	defined	public
pathname	Pathname	#	absolute?	defined	public
pathname	Pathname	#	ascend	defined	public
pathname	Pathname	#	atime	defined	public
pathname	Pathname	#	basename	defined	public
pathname	Pathname	#	binread	defined	public
pathname	Pathname	#	binwrite	defined	public
pathname	Pathname	#	birthtime	defined	public
pathname	Pathname	#	blockdev?	defined	public
pathname	Pathname	#	chardev?	defined	public
pathname	Pathname	#	children	defined	public
pathname	Pathname	#	chmod	defined	public
pathname	Pathname	#	chown	defined	public
pathname	Pathname	#	cleanpath	defined	public
pathname	Pathname	#	ctime	defined	public
pathname	Pathname	#	delete	defined	public
pathname	Pathname	#	unlink	defined	public
pathname	Pathname	#	descend	defined	public
pathname	Pathname	#	directory?	defined	public
pathname	Pathname	#	dirname	defined	public
pathname	Pathname	#	each_child	defined	public
pathname	Pathname	#	each_entry	defined	public
pathname	Pathname	#	each_filename	defined	public
pathname	Pathname	#	each_line	defined	public
pathname	Pathname	#	empty?	defined	public
pathname	Pathname	#	entries	defined	public
pathname	Pathname	#	executable?	defined	public
pathname	Pathname	#	executable_real?	defined	public
pathname	Pathname	#	exist?	defined	public
pathname	Pathname	#	expand_path	defined	public
pathname	Pathname	#	extname	defined	public
pathname	Pathname	#	file?	defined	public
pathname	Pathname	#	find	defined	public
pathname	Pathname	#	fnmatch	defined	public
pathname	Pathname	#	fnmatch?	defined	public
pathname	Pathname	#	ftype	defined	public
pathname	Pathname	#	glob	defined	public
pathname	Pathname	#	grpowned?	defined	public
pathname	Pathname	#	hash	defined	public
pathname	Pathname	#	join	defined	public
pathname	Pathname	#	lchmod	defined	public
pathname	Pathname	#	lchown	defined	public
pathname	Pathname	#	lstat	defined	public
pathname	Pathname	#	lutime	defined	public
pathname	Pathname	#	make_link	defined	public
pathname	Pathname	#	make_symlink	defined	public
pathname	Pathname	#	mkdir	defined	public
pathname	Pathname	#	mkpath	defined	public
pathname	Pathname	#	mountpoint?	defined	public
pathname	Pathname	#	mtime	defined	public
pathname	Pathname	#	open	defined	public
pathname	Pathname	#	opendir	defined	public
pathname	Pathname	#	owned?	defined	public
pathname	Pathname	#	parent	defined	public
pathname	Pathname	#	pipe?	defined	public
pathname	Pathname	#	read	defined	public
pathname	Pathname	#	readable?	defined	public
pathname	Pathname	#	readable_real?	defined	public
pathname	Pathname	#	readlines	defined	public
pathname	Pathname	#	readlink	defined	public
pathname	Pathname	#	realdirpath	defined	public
pathname	Pathname	#	realpath	defined	public
pathname	Pathname	#	relative?	defined	public
pathname	Pathname	#	relative_path_from	defined	public
pathname	Pathname	#	rename	defined	public
pathname	Pathname	#	rmdir	defined	public
pathname	Pathname	#	rmtree	defined	public
pathname	Pathname	#	root?	defined	public
pathname	Pathname	#	setgid?	defined	public
pathname	Pathname	#	setuid?	defined	public
pathname	Pathname	#	size	defined	public
pathname	Pathname	#	size?	defined	public
pathname	Pathname	#	socket?	defined	public
pathname	Pathname	#	split	defined	public
pathname	Pathname	#	stat	defined	public
pathname	Pathname	#	sticky?	defined	public
pathname	Pathname	#	sub	defined	public
pathname	Pathname	#	sub_ext	defined	public
pathname	Pathname	#	symlink?	defined	public
pathname	Pathname	#	sysopen	defined	public
pathname	Pathname	#	to_path	defined	public
pathname	Pathname	#	to_s	defined	public
pathname	Pathname	#	truncate	defined	public
pathname	Pathname	#	utime	defined	public
pathname	Pathname	#	world_readable?	defined	public
pathname	Pathname	#	world_writable?	defined	public
pathname	Pathname	#	writable?	defined	public
pathname	Pathname	#	writable_real?	defined	public
pathname	Pathname	#	write	defined	public
pathname	Pathname	#	zero?	defined	public
pathname	Pathname	.	getwd	defined	public
pathname	Pathname	.	pwd	defined	public
pathname	Pathname	.	glob	defined	public
pathname	Pathname	.	new	defined	public
prettyprint	PrettyPrint	#	breakable	defined	public
prettyprint	PrettyPrint	#	flush	defined	public
prettyprint	PrettyPrint	#	genspace	defined	public
prettyprint	PrettyPrint	#	group	defined	public
prettyprint	PrettyPrint	#	indent	defined	public
prettyprint	PrettyPrint	#	maxwidth	defined	public
prettyprint	PrettyPrint	#	nest	defined	public
prettyprint	PrettyPrint	#	newline	defined	public
prettyprint	PrettyPrint	#	output	defined	public
prettyprint	PrettyPrint	#	text	defined	public
prettyprint	PrettyPrint	.	format	defined	public
prettyprint	PrettyPrint	.	new	defined	public
prettyprint	PrettyPrint	.	singleline_format	defined	public
prime	Prime	#	each	defined	public
prime	Prime	#	int_from_prime_division	defined	public
prime	Prime	#	prime?	defined	public
prime	Prime	#	prime_division	defined	public
prime	Prime	.	each	defined	public
prime	Prime	.	instance	defined	public
prime	Prime	.	int_from_prime_division	defined	public
prime	Prime	.	prime?	defined	public
prime	Prime	.	prime_division	defined	public
prime	Prime::EratosthenesGenerator	#	next	defined	public
prime	Prime::EratosthenesGenerator	#	succ	defined	public
prime	Prime::EratosthenesGenerator	#	rewind	defined	public
prime	Prime::Generator23	#	next	defined	public
prime	Prime::Generator23	#	succ	defined	public
prime	Prime::Generator23	#	rewind	defined	public
prime	Prime::PseudoPrimeGenerator	#	each	defined	public
prime	Prime::PseudoPrimeGenerator	#	each_with_index	defined	public
prime	Prime::PseudoPrimeGenerator	#	with_index	defined	public
prime	Prime::PseudoPrimeGenerator	#	next	defined	public
prime	Prime::PseudoPrimeGenerator	#	succ	defined	public
prime	Prime::PseudoPrimeGenerator	#	rewind	defined	public
prime	Prime::PseudoPrimeGenerator	#	upper_bound	defined	public
prime	Prime::PseudoPrimeGenerator	#	upper_bound=	defined	public
prime	Prime::PseudoPrimeGenerator	#	with_object	defined	public
prime	Prime::PseudoPrimeGenerator	.	new	defined	public
prime	Prime::TrialDivisionGenerator	#	next	defined	public
prime	Prime::TrialDivisionGenerator	#	succ	defined	public
prime	Prime::TrialDivisionGenerator	#	rewind	defined	public
prism	Prism	.#	dump	defined	public
prism	Prism	.#	dump_file	defined	public
prism	Prism	.#	lex	defined	public
prism	Prism	.#	lex_file	defined	public
prism	Prism	.#	parse	defined	public
prism	Prism	.#	parse_comments	defined	public
prism	Prism	.#	parse_failure?	defined	public
prism	Prism	.#	parse_file	defined	public
prism	Prism	.#	parse_file_comments	defined	public
prism	Prism	.#	parse_lex	defined	public
prism	Prism	.#	parse_lex_file	defined	public
prism	Prism	.#	parse_success?	defined	public
prism	Prism::Comment	#	location	defined	public
prism	Prism::Comment	#	slice	defined	public
prism	Prism::EmbDocComment	#	trailing?	defined	public
prism	Prism::InlineComment	#	trailing?	defined	public
prism	Prism::LexResult	#	value	defined	public
prism	Prism::Location	#	==	defined	public
prism	Prism::Location	#	adjoin	defined	public
prism	Prism::Location	#	chop	defined	public
prism	Prism::Location	#	comments	defined	public
prism	Prism::Location	#	copy	defined	public
prism	Prism::Location	#	end_character_column	defined	public
prism	Prism::Location	#	end_character_offset	defined	public
prism	Prism::Location	#	end_code_units_column	defined	public
prism	Prism::Location	#	end_code_units_offset	defined	public
prism	Prism::Location	#	end_column	defined	public
prism	Prism::Location	#	end_line	defined	public
prism	Prism::Location	#	end_offset	defined	public
prism	Prism::Location	#	join	defined	public
prism	Prism::Location	#	leading_comments	defined	public
prism	Prism::Location	#	length	defined	public
prism	Prism::Location	#	slice	defined	public
prism	Prism::Location	#	slice_lines	defined	public
prism	Prism::Location	#	source_lines	defined	public
prism	Prism::Location	#	start_character_column	defined	public
prism	Prism::Location	#	start_character_offset	defined	public
prism	Prism::Location	#	start_code_units_column	defined	public
prism	Prism::Location	#	start_code_units_offset	defined	public
prism	Prism::Location	#	start_column	defined	public
prism	Prism::Location	#	start_line	defined	public
prism	Prism::Location	#	start_line_slice	defined	public
prism	Prism::Location	#	start_offset	defined	public
prism	Prism::Location	#	trailing_comments	defined	public
prism	Prism::MagicComment	#	key	defined	public
prism	Prism::MagicComment	#	key_loc	defined	public
prism	Prism::MagicComment	#	value	defined	public
prism	Prism::MagicComment	#	value_loc	defined	public
prism	Prism::Node	#	===	defined	public
prism	Prism::Node	#	accept	defined	public
prism	Prism::Node	#	breadth_first_search	defined	public
prism	Prism::Node	#	child_nodes	defined	public
prism	Prism::Node	#	comment_targets	defined	public
prism	Prism::Node	#	compact_child_nodes	defined	public
prism	Prism::Node	#	copy	defined	public
prism	Prism::Node	#	deconstruct	defined	public
prism	Prism::Node	#	deconstruct_keys	defined	public
prism	Prism::Node	#	end_offset	defined	public
prism	Prism::Node	#	inspect	defined	public
prism	Prism::Node	#	location	defined	public
prism	Prism::Node	#	newline?	defined	public
prism	Prism::Node	#	node_id	defined	public
prism	Prism::Node	#	pretty_print	defined	public
prism	Prism::Node	#	script_lines	defined	public
prism	Prism::Node	#	slice	defined	public
prism	Prism::Node	#	slice_lines	defined	public
prism	Prism::Node	#	source_lines	defined	public
prism	Prism::Node	#	start_offset	defined	public
prism	Prism::Node	#	static_literal?	defined	public
prism	Prism::Node	#	to_dot	defined	public
prism	Prism::Node	#	tunnel	defined	public
prism	Prism::Node	#	type	defined	public
prism	Prism::Node	.	fields	defined	public
prism	Prism::Node	.	type	defined	public
prism	Prism::ParseError	#	level	defined	public
prism	Prism::ParseError	#	location	defined	public
prism	Prism::ParseError	#	message	defined	public
prism	Prism::ParseError	#	type	defined	public
prism	Prism::ParseLexResult	#	value	defined	public
prism	Prism::ParseResult	#	attach_comments!	defined	public
prism	Prism::ParseResult	#	comments	defined	public
prism	Prism::ParseResult	#	data_loc	defined	public
prism	Prism::ParseResult	#	errors	defined	public
prism	Prism::ParseResult	#	errors_format	defined	public
prism	Prism::ParseResult	#	failure?	defined	public
prism	Prism::ParseResult	#	magic_comments	defined	public
prism	Prism::ParseResult	#	source	defined	public
prism	Prism::ParseResult	#	success?	defined	public
prism	Prism::ParseResult	#	value	defined	public
prism	Prism::ParseResult	#	warnings	defined	public
prism	Prism::ParseWarning	#	level	defined	public
prism	Prism::ParseWarning	#	location	defined	public
prism	Prism::ParseWarning	#	message	defined	public
prism	Prism::ParseWarning	#	type	defined	public
prism	Prism::Result	#	code_units_cache	defined	public
prism	Prism::Result	#	comments	defined	public
prism	Prism::Result	#	data_loc	defined	public
prism	Prism::Result	#	encoding	defined	public
prism	Prism::Result	#	errors	defined	public
prism	Prism::Result	#	failure?	defined	public
prism	Prism::Result	#	magic_comments	defined	public
prism	Prism::Result	#	source	defined	public
prism	Prism::Result	#	success?	defined	public
prism	Prism::Result	#	warnings	defined	public
prism	Prism::Source	#	byte_offset	defined	public
prism	Prism::Source	#	character_column	defined	public
prism	Prism::Source	#	character_offset	defined	public
prism	Prism::Source	#	code_units_column	defined	public
prism	Prism::Source	#	code_units_offset	defined	public
prism	Prism::Source	#	column	defined	public
prism	Prism::Source	#	encoding	defined	public
prism	Prism::Source	#	line	defined	public
prism	Prism::Source	#	line_end	defined	public
prism	Prism::Source	#	line_start	defined	public
prism	Prism::Source	#	lines	defined	public
prism	Prism::Source	#	offsets	defined	public
prism	Prism::Source	#	slice	defined	public
prism	Prism::Source	#	source	defined	public
prism	Prism::Source	#	start_line	defined	public
prism	Prism::Token	#	==	defined	public
prism	Prism::Token	#	location	defined	public
prism	Prism::Token	#	type	defined	public
prism	Prism::Token	#	value	defined	public
_builtin	Proc	#	<<	defined	public
_builtin	Proc	#	===	defined	public
_builtin	Proc	#	[]	defined	public
_builtin	Proc	#	call	defined	public
_builtin	Proc	#	yield	defined	public
_builtin	Proc	#	>>	defined	public
_builtin	Proc	#	arity	defined	public
_builtin	Proc	#	binding	defined	public
_builtin	Proc	#	curry	defined	public
_builtin	Proc	#	hash	defined	public
_builtin	Proc	#	inspect	defined	public
_builtin	Proc	#	to_s	defined	public
_builtin	Proc	#	lambda?	defined	public
_builtin	Proc	#	parameters	defined	public
_builtin	Proc	#	ruby2_keywords	defined	public
_builtin	Proc	#	source_location	defined	public
_builtin	Proc	#	to_proc	defined	public
_builtin	Proc	.	new	defined	public
_builtin	Process	::	CLOCK_BOOTTIME	defined	public
_builtin	Process	::	CLOCK_BOOTTIME_ALARM	defined	public
_builtin	Process	::	CLOCK_MONOTONIC	defined	public
_builtin	Process	::	CLOCK_MONOTONIC_COARSE	defined	public
_builtin	Process	::	CLOCK_MONOTONIC_FAST	defined	public
_builtin	Process	::	CLOCK_MONOTONIC_PRECISE	defined	public
_builtin	Process	::	CLOCK_MONOTONIC_RAW	defined	public
_builtin	Process	::	CLOCK_MONOTONIC_RAW_APPROX	defined	public
_builtin	Process	::	CLOCK_PROCESS_CPUTIME_ID	defined	public
_builtin	Process	::	CLOCK_PROF	defined	public
_builtin	Process	::	CLOCK_REALTIME	defined	public
_builtin	Process	::	CLOCK_REALTIME_ALARM	defined	public
_builtin	Process	::	CLOCK_REALTIME_COARSE	defined	public
_builtin	Process	::	CLOCK_REALTIME_FAST	defined	public
_builtin	Process	::	CLOCK_REALTIME_PRECISE	defined	public
_builtin	Process	::	CLOCK_SECOND	defined	public
_builtin	Process	::	CLOCK_THREAD_CPUTIME_ID	defined	public
_builtin	Process	::	CLOCK_UPTIME	defined	public
_builtin	Process	::	CLOCK_UPTIME_FAST	defined	public
_builtin	Process	::	CLOCK_UPTIME_PRECISE	defined	public
_builtin	Process	::	CLOCK_UPTIME_RAW	defined	public
_builtin	Process	::	CLOCK_UPTIME_RAW_APPROX	defined	public
_builtin	Process	::	CLOCK_VIRTUAL	defined	public
_builtin	Process	::	PRIO_PGRP	defined	public
_builtin	Process	::	PRIO_PROCESS	defined	public
_builtin	Process	::	PRIO_USER	defined	public
_builtin	Process	::	RLIMIT_AS	defined	public
_builtin	Process	::	RLIMIT_CORE	defined	public
_builtin	Process	::	RLIMIT_CPU	defined	public
_builtin	Process	::	RLIMIT_DATA	defined	public
_builtin	Process	::	RLIMIT_FSIZE	defined	public
_builtin	Process	::	RLIMIT_MEMLOCK	defined	public
_builtin	Process	::	RLIMIT_NOFILE	defined	public
_builtin	Process	::	RLIMIT_NPROC	defined	public
_builtin	Process	::	RLIMIT_RSS	defined	public
_builtin	Process	::	RLIMIT_SBSIZE	defined	public
_builtin	Process	::	RLIMIT_STACK	defined	public
_builtin	Process	::	RLIM_INFINITY	defined	public
_builtin	Process	::	RLIM_SAVED_CUR	defined	public
_builtin	Process	::	RLIM_SAVED_MAX	defined	public
_builtin	Process	::	WNOHANG	defined	public
_builtin	Process	::	WUNTRACED	defined	public
_builtin	Process	.#	argv0	defined	public
_builtin	Process	.#	clock_getres	defined	public
_builtin	Process	.#	clock_gettime	defined	public
_builtin	Process	.#	daemon	defined	public
_builtin	Process	.#	detach	defined	public
_builtin	Process	.#	egid	defined	public
_builtin	Process	.#	egid=	defined	public
_builtin	Process	.#	euid	defined	public
_builtin	Process	.#	euid=	defined	public
_builtin	Process	.#	getpgid	defined	public
_builtin	Process	.#	getpgrp	defined	public
_builtin	Process	.#	getpriority	defined	public
_builtin	Process	.#	getrlimit	defined	public
_builtin	Process	.#	getsid	defined	public
_builtin	Process	.#	gid	defined	public
_builtin	Process	.#	gid=	defined	public
_builtin	Process	.#	groups	defined	public
_builtin	Process	.#	groups=	defined	public
_builtin	Process	.#	initgroups	defined	public
_builtin	Process	.#	kill	defined	public
_builtin	Process	.#	maxgroups	defined	public
_builtin	Process	.#	maxgroups=	defined	public
_builtin	Process	.#	pid	defined	public
_builtin	Process	.#	ppid	defined	public
_builtin	Process	.#	setpgid	defined	public
_builtin	Process	.#	setpgrp	defined	public
_builtin	Process	.#	setpriority	defined	public
_builtin	Process	.#	setproctitle	defined	public
_builtin	Process	.#	setrlimit	defined	public
_builtin	Process	.#	setsid	defined	public
_builtin	Process	.#	times	defined	public
_builtin	Process	.#	uid	defined	public
_builtin	Process	.#	uid=	defined	public
_builtin	Process	.#	wait	defined	public
_builtin	Process	.#	wait2	defined	public
_builtin	Process	.#	waitpid	defined	public
_builtin	Process	.#	waitpid2	defined	public
_builtin	Process	.#	waitall	defined	public
_builtin	Process	.#	warmup	defined	public
_builtin	Process	.	_fork	defined	public
_builtin	Process	.	abort	defined	public
_builtin	Process	.	exec	defined	public
_builtin	Process	.	exit	defined	public
_builtin	Process	.	exit!	defined	public
_builtin	Process	.	fork	defined	public
_builtin	Process	.	last_status	defined	public
_builtin	Process	.	spawn	defined	public
_builtin	Process::GID	.#	change_privilege	defined	public
_builtin	Process::GID	.#	eid	defined	public
_builtin	Process::GID	.#	eid=	defined	public
_builtin	Process::GID	.#	grant_privilege	defined	public
_builtin	Process::GID	.#	from_name	defined	public
_builtin	Process::GID	.#	re_exchange	defined	public
_builtin	Process::GID	.#	re_exchangeable?	defined	public
_builtin	Process::GID	.#	rid	defined	public
_builtin	Process::GID	.#	sid_available?	defined	public
_builtin	Process::GID	.#	switch	defined	public
_builtin	Process::Status	#	&	defined	public
_builtin	Process::Status	#	==	defined	public
_builtin	Process::Status	#	>>	defined	public
_builtin	Process::Status	#	coredump?	defined	public
_builtin	Process::Status	#	exited?	defined	public
_builtin	Process::Status	#	exitstatus	defined	public
_builtin	Process::Status	#	inspect	defined	public
_builtin	Process::Status	#	pid	defined	public
_builtin	Process::Status	#	signaled?	defined	public
_builtin	Process::Status	#	stopped?	defined	public
_builtin	Process::Status	#	stopsig	defined	public
_builtin	Process::Status	#	success?	defined	public
_builtin	Process::Status	#	termsig	defined	public
_builtin	Process::Status	#	to_i	defined	public
_builtin	Process::Status	#	to_s	defined	public
_builtin	Process::Status	.	wait	defined	public
_builtin	Process::Sys	.#	getegid	defined	public
_builtin	Process::Sys	.#	geteuid	defined	public
_builtin	Process::Sys	.#	getgid	defined	public
_builtin	Process::Sys	.#	getuid	defined	public
_builtin	Process::Sys	.#	issetugid	defined	public
_builtin	Process::Sys	.#	setegid	defined	public
_builtin	Process::Sys	.#	seteuid	defined	public
_builtin	Process::Sys	.#	setgid	defined	public
_builtin	Process::Sys	.#	setregid	defined	public
_builtin	Process::Sys	.#	setresgid	defined	public
_builtin	Process::Sys	.#	setresuid	defined	public
_builtin	Process::Sys	.#	setreuid	defined	public
_builtin	Process::Sys	.#	setrgid	defined	public
_builtin	Process::Sys	.#	setruid	defined	public
_builtin	Process::Sys	.#	setuid	defined	public
_builtin	Process::Tms	#	cstime	defined	public
_builtin	Process::Tms	#	cstime=	defined	public
_builtin	Process::Tms	#	cutime	defined	public
_builtin	Process::Tms	#	cutime=	defined	public
_builtin	Process::Tms	#	stime	defined	public
_builtin	Process::Tms	#	stime=	defined	public
_builtin	Process::Tms	#	utime	defined	public
_builtin	Process::Tms	#	utime=	defined	public
_builtin	Process::UID	.#	change_privilege	defined	public
_builtin	Process::UID	.#	eid	defined	public
_builtin	Process::UID	.#	eid=	defined	public
_builtin	Process::UID	.#	grant_privilege	defined	public
_builtin	Process::UID	.#	from_name	defined	public
_builtin	Process::UID	.#	re_exchange	defined	public
_builtin	Process::UID	.#	re_exchangeable?	defined	public
_builtin	Process::UID	.#	rid	defined	public
_builtin	Process::UID	.#	sid_available?	defined	public
_builtin	Process::UID	.#	switch	defined	public
_builtin	Process::Waiter	#	pid	defined	public
psych	Psych	::	LIBYAML_VERSION	defined	public
psych	Psych	::	VERSION	defined	public
psych	Psych	.	dump	defined	public
psych	Psych	.	dump_stream	defined	public
psych	Psych	.	libyaml_version	defined	public
psych	Psych	.	load	defined	public
psych	Psych	.	load_file	defined	public
psych	Psych	.	load_stream	defined	public
psych	Psych	.	parse	defined	public
psych	Psych	.	parse_file	defined	public
psych	Psych	.	parse_stream	defined	public
psych	Psych	.	parser	defined	public
psych	Psych	.	safe_load	defined	public
psych	Psych	.	to_json	defined	public
psych	Psych::Emitter	#	canonical	defined	public
psych	Psych::Emitter	#	canonical=	defined	public
psych	Psych::Emitter	#	indentation	defined	public
psych	Psych::Emitter	#	indentation=	defined	public
psych	Psych::Emitter	#	line_width	defined	public
psych	Psych::Emitter	#	line_width=	defined	public
psych	Psych::Emitter	.	new	defined	public
psych	Psych::Handler	#	alias	defined	public
psych	Psych::Handler	#	empty	defined	public
psych	Psych::Handler	#	end_document	defined	public
psych	Psych::Handler	#	end_mapping	defined	public
psych	Psych::Handler	#	end_sequence	defined	public
psych	Psych::Handler	#	end_stream	defined	public
psych	Psych::Handler	#	scalar	defined	public
psych	Psych::Handler	#	start_document	defined	public
psych	Psych::Handler	#	start_mapping	defined	public
psych	Psych::Handler	#	start_sequence	defined	public
psych	Psych::Handler	#	start_stream	defined	public
psych	Psych::Handler	#	streaming?	defined	public
psych	Psych::Nodes::Alias	#	anchor	defined	public
psych	Psych::Nodes::Alias	#	anchor=	defined	public
psych	Psych::Nodes::Alias	.	new	defined	public
psych	Psych::Nodes::Document	#	implicit	defined	public
psych	Psych::Nodes::Document	#	implicit=	defined	public
psych	Psych::Nodes::Document	#	implicit_end	defined	public
psych	Psych::Nodes::Document	#	implicit_end=	defined	public
psych	Psych::Nodes::Document	#	root	defined	public
psych	Psych::Nodes::Document	#	tag_directives	defined	public
psych	Psych::Nodes::Document	#	tag_directives=	defined	public
psych	Psych::Nodes::Document	#	version	defined	public
psych	Psych::Nodes::Document	#	version=	defined	public
psych	Psych::Nodes::Document	.	new	defined	public
psych	Psych::Nodes::Mapping	::	ANY	defined	public
psych	Psych::Nodes::Mapping	::	BLOCK	defined	public
psych	Psych::Nodes::Mapping	::	FLOW	defined	public
psych	Psych::Nodes::Mapping	#	anchor	defined	public
psych	Psych::Nodes::Mapping	#	anchor=	defined	public
psych	Psych::Nodes::Mapping	#	implicit	defined	public
psych	Psych::Nodes::Mapping	#	implicit=	defined	public
psych	Psych::Nodes::Mapping	#	style	defined	public
psych	Psych::Nodes::Mapping	#	style=	defined	public
psych	Psych::Nodes::Mapping	#	tag	defined	public
psych	Psych::Nodes::Mapping	#	tag=	defined	public
psych	Psych::Nodes::Mapping	.	new	defined	public
psych	Psych::Nodes::Node	#	children	defined	public
psych	Psych::Nodes::Node	#	each	defined	public
psych	Psych::Nodes::Node	#	tag	defined	public
psych	Psych::Nodes::Node	#	to_ruby	defined	public
psych	Psych::Nodes::Node	#	transform	defined	public
psych	Psych::Nodes::Node	#	to_yaml	defined	public
psych	Psych::Nodes::Node	#	yaml	defined	public
psych	Psych::Nodes::Scalar	::	ANY	defined	public
psych	Psych::Nodes::Scalar	::	DOUBLE_QUOTED	defined	public
psych	Psych::Nodes::Scalar	::	FOLDED	defined	public
psych	Psych::Nodes::Scalar	::	LITERAL	defined	public
psych	Psych::Nodes::Scalar	::	PLAIN	defined	public
psych	Psych::Nodes::Scalar	::	SINGLE_QUOTED	defined	public
psych	Psych::Nodes::Scalar	#	anchor	defined	public
psych	Psych::Nodes::Scalar	#	anchor=	defined	public
psych	Psych::Nodes::Scalar	#	plain	defined	public
psych	Psych::Nodes::Scalar	#	plain=	defined	public
psych	Psych::Nodes::Scalar	#	quoted	defined	public
psych	Psych::Nodes::Scalar	#	quoted=	defined	public
psych	Psych::Nodes::Scalar	#	style	defined	public
psych	Psych::Nodes::Scalar	#	style=	defined	public
psych	Psych::Nodes::Scalar	#	tag	defined	public
psych	Psych::Nodes::Scalar	#	tag=	defined	public
psych	Psych::Nodes::Scalar	#	value	defined	public
psych	Psych::Nodes::Scalar	#	value=	defined	public
psych	Psych::Nodes::Scalar	.	new	defined	public
psych	Psych::Nodes::Sequence	::	ANY	defined	public
psych	Psych::Nodes::Sequence	::	BLOCK	defined	public
psych	Psych::Nodes::Sequence	::	FLOW	defined	public
psych	Psych::Nodes::Sequence	#	anchor	defined	public
psych	Psych::Nodes::Sequence	#	anchor=	defined	public
psych	Psych::Nodes::Sequence	#	implicit	defined	public
psych	Psych::Nodes::Sequence	#	implicit=	defined	public
psych	Psych::Nodes::Sequence	#	style	defined	public
psych	Psych::Nodes::Sequence	#	style=	defined	public
psych	Psych::Nodes::Sequence	#	tag	defined	public
psych	Psych::Nodes::Sequence	#	tag=	defined	public
psych	Psych::Nodes::Sequence	.	new	defined	public
psych	Psych::Nodes::Stream	::	ANY	defined	public
psych	Psych::Nodes::Stream	::	UTF16BE	defined	public
psych	Psych::Nodes::Stream	::	UTF16LE	defined	public
psych	Psych::Nodes::Stream	::	UTF8	defined	public
psych	Psych::Nodes::Stream	#	encoding	defined	public
psych	Psych::Nodes::Stream	#	encoding=	defined	public
psych	Psych::Nodes::Stream	.	new	defined	public
psych	Psych::Parser	::	ANY	defined	public
psych	Psych::Parser	::	UTF16BE	defined	public
psych	Psych::Parser	::	UTF16LE	defined	public
psych	Psych::Parser	::	UTF8	defined	public
psych	Psych::Parser	#	handler	defined	public
psych	Psych::Parser	#	handler=	defined	public
psych	Psych::Parser	#	mark	defined	public
psych	Psych::Parser	#	parse	defined	public
psych	Psych::Parser	.	new	defined	public
psych	Psych::Parser::Mark	#	column	defined	public
psych	Psych::Parser::Mark	#	index	defined	public
psych	Psych::Parser::Mark	#	line	defined	public
psych	Psych::ScalarScanner	#	parse_time	defined	public
psych	Psych::ScalarScanner	#	tokenize	defined	public
psych	Psych::ScalarScanner	.	new	defined	public
psych	Psych::Stream	#	finish	defined	public
psych	Psych::Stream	#	start	defined	public
psych	Psych::Stream	.	new	defined	public
psych	Psych::SyntaxError	#	column	defined	public
psych	Psych::SyntaxError	#	context	defined	public
psych	Psych::SyntaxError	#	file	defined	public
psych	Psych::SyntaxError	#	line	defined	public
psych	Psych::SyntaxError	#	offset	defined	public
psych	Psych::SyntaxError	#	problem	defined	public
psych	Psych::TreeBuilder	#	root	defined	public
psych	Psych::TreeBuilder	.	new	defined	public
psych	Psych::Visitors::YAMLTree	#	<<	defined	public
psych	Psych::Visitors::YAMLTree	#	push	defined	public
psych	Psych::Visitors::YAMLTree	#	finish	defined	public
psych	Psych::Visitors::YAMLTree	#	finished	defined	public
psych	Psych::Visitors::YAMLTree	#	finished?	defined	public
psych	Psych::Visitors::YAMLTree	#	start	defined	public
psych	Psych::Visitors::YAMLTree	#	started	defined	public
psych	Psych::Visitors::YAMLTree	#	started?	defined	public
psych	Psych::Visitors::YAMLTree	#	tree	defined	public
psych	Psych::Visitors::YAMLTree	.	create	defined	public
psych	Psych::Visitors::YAMLTree	.	new	defined	public
rdoc	RDoc	::	ATTR_MODIFIERS	defined	public
rdoc	RDoc	::	CLASS_MODIFIERS	defined	public
rdoc	RDoc	::	CONSTANT_MODIFIERS	defined	public
rdoc	RDoc	::	DOT_DOC_FILENAME	defined	public
rdoc	RDoc	::	GENERAL_MODIFIERS	defined	public
rdoc/known_classes	RDoc	::	KNOWN_CLASSES	added	public
rdoc	RDoc	::	METHOD_MODIFIERS	defined	public
rdoc	RDoc	::	VERSION	defined	public
rdoc/code_object	RDoc::CodeObject	#	comment	defined	public
rdoc/code_object	RDoc::CodeObject	#	comment=	defined	public
rdoc/code_object	RDoc::CodeObject	#	document_children	defined	public
rdoc/code_object	RDoc::CodeObject	#	document_children=	defined	public
rdoc/code_object	RDoc::CodeObject	#	document_self	defined	public
rdoc/code_object	RDoc::CodeObject	#	document_self=	defined	public
rdoc/code_object	RDoc::CodeObject	#	documented?	defined	public
rdoc/code_object	RDoc::CodeObject	#	metadata	defined	public
rdoc/code_object	RDoc::CodeObject	#	parent	defined	public
rdoc/code_object	RDoc::CodeObject	#	parent=	defined	public
rdoc/code_object	RDoc::CodeObject	#	parent_file_name	defined	public
rdoc/code_object	RDoc::CodeObject	#	parent_name	defined	public
rdoc/code_object	RDoc::CodeObject	#	remove_classes_and_modules	defined	public
rdoc/code_object	RDoc::CodeObject	#	remove_methods_etc	defined	public
rdoc/code_object	RDoc::CodeObject	#	section	defined	public
rdoc/code_object	RDoc::CodeObject	#	section=	defined	public
rdoc/code_object	RDoc::CodeObject	#	start_doc	defined	public
rdoc/code_object	RDoc::CodeObject	#	stop_doc	defined	public
rdoc/code_object	RDoc::CodeObject	.	new	defined	public
rdoc/code_object/context	RDoc::Context	::	TYPES	defined	public
rdoc/code_object/context	RDoc::Context	::	VISIBILITIES	defined	public
rdoc/code_object/context	RDoc::Context	#	<=>	defined	public
rdoc/code_object/context	RDoc::Context	#	add_alias	defined	public
rdoc/code_object/context	RDoc::Context	#	add_attribute	defined	public
rdoc/code_object/context	RDoc::Context	#	add_class	defined	public
rdoc/code_object/context	RDoc::Context	#	add_class_or_module	defined	public
rdoc/code_object/context	RDoc::Context	#	add_constant	defined	public
rdoc/code_object/context	RDoc::Context	#	add_include	defined	public
rdoc/code_object/context	RDoc::Context	#	add_method	defined	public
rdoc/code_object/context	RDoc::Context	#	add_module	defined	public
rdoc/code_object/context	RDoc::Context	#	add_require	defined	public
rdoc/code_object/context	RDoc::Context	#	add_to	defined	public
rdoc/code_object/context	RDoc::Context	#	aliases	defined	public
rdoc/code_object/context	RDoc::Context	#	attributes	defined	public
rdoc/code_object/context	RDoc::Context	#	classes	defined	public
rdoc/code_object/context	RDoc::Context	#	constants	defined	public
rdoc/code_object/context	RDoc::Context	#	current_section	defined	public
rdoc/code_object/context	RDoc::Context	#	defined_in?	defined	public
rdoc/code_object/context	RDoc::Context	#	each_attribute	defined	public
rdoc/code_object/context	RDoc::Context	#	each_classmodule	defined	public
rdoc/code_object/context	RDoc::Context	#	each_constant	defined	public
rdoc/code_object/context	RDoc::Context	#	each_method	defined	public
rdoc/code_object/context	RDoc::Context	#	find_enclosing_module_named	defined	public
rdoc/code_object/context	RDoc::Context	#	find_local_symbol	defined	public
rdoc/code_object/context	RDoc::Context	#	find_module_named	defined	public
rdoc/code_object/context	RDoc::Context	#	find_symbol	defined	public
rdoc/code_object/context	RDoc::Context	#	in_files	defined	public
rdoc/code_object/context	RDoc::Context	#	includes	defined	public
rdoc/code_object/context	RDoc::Context	#	initialize_classes_and_modules	defined	public
rdoc/code_object/context	RDoc::Context	#	initialize_methods_etc	defined	public
rdoc/code_object/context	RDoc::Context	#	method_list	defined	public
rdoc/code_object/context	RDoc::Context	#	modules	defined	public
rdoc/code_object/context	RDoc::Context	#	name	defined	public
rdoc/code_object/context	RDoc::Context	#	ongoing_visibility=	defined	public
rdoc/code_object/context	RDoc::Context	#	record_location	defined	public
rdoc/code_object/context	RDoc::Context	#	requires	defined	public
rdoc/code_object/context	RDoc::Context	#	sections	defined	public
rdoc/code_object/context	RDoc::Context	#	set_current_section	defined	public
rdoc/code_object/context	RDoc::Context	#	set_visibility_for	defined	public
rdoc/code_object/context	RDoc::Context	#	toplevel	defined	public
rdoc/code_object/context	RDoc::Context	#	unmatched_alias_lists	defined	public
rdoc/code_object/context	RDoc::Context	#	unmatched_alias_lists=	defined	public
rdoc/code_object/context	RDoc::Context	#	visibility	defined	public
rdoc/code_object/context	RDoc::Context	.	new	defined	public
rdoc/code_object/context	RDoc::Context::Section	#	==	defined	public
rdoc/code_object/context	RDoc::Context::Section	#	comment	defined	public
rdoc/code_object/context	RDoc::Context::Section	#	inspect	defined	public
rdoc/code_object/context	RDoc::Context::Section	#	parent	defined	public
rdoc/code_object/context	RDoc::Context::Section	#	sequence	defined	public
rdoc/code_object/context	RDoc::Context::Section	#	set_comment	defined	public
rdoc/code_object/context	RDoc::Context::Section	#	title	defined	public
rdoc/code_object/context	RDoc::Context::Section	.	new	defined	public
rdoc/generator/darkfish	RDoc::Generator::Darkfish	::	GENERATOR_DIR	defined	public
rdoc/generator/darkfish	RDoc::Generator::Darkfish	::	VERSION	defined	public
rdoc/generator/darkfish	RDoc::Generator::Darkfish	#	generate	defined	public
rdoc/generator/darkfish	RDoc::Generator::Darkfish	#	initialize	defined	public
rdoc/generator/json_index	RDoc::Generator::JsonIndex	::	SEARCH_INDEX_FILE	defined	public
rdoc/generator/json_index	RDoc::Generator::JsonIndex	#	generate	defined	public
rdoc/generator/json_index	RDoc::Generator::JsonIndex	.	new	defined	public
rdoc/generator/ri	RDoc::Generator::RI	::	DESCRIPTION	defined	public
rdoc/generator/ri	RDoc::Generator::RI	#	generate	defined	public
rdoc/generator/ri	RDoc::Generator::RI	#	initialize	defined	public
rdoc/markdown	RDoc::Markdown	::	DEFAULT_EXTENSIONS	defined	public
rdoc/markdown	RDoc::Markdown	::	EXTENSIONS	defined	public
rdoc/markdown/entities	RDoc::Markdown	::	HTML_ENTITIES	added	public
rdoc/markdown	RDoc::Markdown	#	break_on_newline	defined	public
rdoc/markdown	RDoc::Markdown	#	break_on_newline=	defined	public
rdoc/markdown	RDoc::Markdown	#	css	defined	public
rdoc/markdown	RDoc::Markdown	#	css=	defined	public
rdoc/markdown	RDoc::Markdown	#	definition_lists	defined	public
rdoc/markdown	RDoc::Markdown	#	definition_lists=	defined	public
rdoc/markdown	RDoc::Markdown	#	extension	defined	public
rdoc/markdown	RDoc::Markdown	#	extension?	defined	public
rdoc/markdown	RDoc::Markdown	#	github	defined	public
rdoc/markdown	RDoc::Markdown	#	github=	defined	public
rdoc/markdown	RDoc::Markdown	#	html	defined	public
rdoc/markdown	RDoc::Markdown	#	html=	defined	public
rdoc/markdown	RDoc::Markdown	#	notes	defined	public
rdoc/markdown	RDoc::Markdown	#	notes=	defined	public
rdoc/markdown	RDoc::Markdown	#	parse	defined	public
rdoc/markdown	RDoc::Markdown	.	extension	defined	public
rdoc/markdown	RDoc::Markdown	.	new	defined	public
rdoc/markdown	RDoc::Markdown	.	parse	defined	public
rdoc/markup	RDoc::Markup	::	LABEL_LIST_RE	defined	public
rdoc/markup	RDoc::Markup	::	SIMPLE_LIST_RE	defined	public
rdoc/markup	RDoc::Markup	::	SPACE	defined	public
rdoc/markup	RDoc::Markup	#	add_html	defined	public
rdoc/markup	RDoc::Markup	#	add_special	defined	public
rdoc/markup	RDoc::Markup	#	add_word_pair	defined	public
rdoc/markup	RDoc::Markup	#	attribute_manager	defined	public
rdoc/markup	RDoc::Markup	#	content	defined	public
rdoc/markup	RDoc::Markup	#	convert	defined	public
rdoc/markup	RDoc::Markup	#	get_line_types	defined	public
rdoc/markup	RDoc::Markup	.	new	defined	public
rdoc/markup/formatter	RDoc::Markup::Formatter	#	add_tag	defined	public
rdoc/markup/formatter	RDoc::Markup::Formatter	#	convert	defined	public
rdoc/markup/formatter	RDoc::Markup::Formatter	.	new	defined	public
rdoc/markup/to_ansi	RDoc::Markup::ToAnsi	.	new	defined	public
rdoc/markup/to_bs	RDoc::Markup::ToBs	.	new	defined	public
rdoc/markup/to_html	RDoc::Markup::ToHtml	.	new	defined	public
rdoc/markup/to_html_crossref	RDoc::Markup::ToHtmlCrossref	.	new	defined	public
rdoc/markup/to_rdoc	RDoc::Markup::ToRdoc	.	new	defined	public
rdoc/options	RDoc::Options	::	DEPRECATED	defined	public
rdoc/options	RDoc::Options	::	SPECIAL	defined	public
rdoc/options	RDoc::Options	#	all_one_file	defined	public
rdoc/options	RDoc::Options	#	charset	defined	public
rdoc/options	RDoc::Options	#	coverage_report	defined	public
rdoc/options	RDoc::Options	#	coverage_report=	defined	public
rdoc/options	RDoc::Options	#	css	defined	public
rdoc/options	RDoc::Options	#	diagram	defined	public
rdoc/options	RDoc::Options	#	dry_run	defined	public
rdoc/options	RDoc::Options	#	dry_run=	defined	public
rdoc/options	RDoc::Options	#	encoding	defined	public
rdoc/options	RDoc::Options	#	encoding=	defined	public
rdoc/options	RDoc::Options	#	exclude	defined	public
rdoc/options	RDoc::Options	#	exclude=	defined	public
rdoc/options	RDoc::Options	#	extra_accessor_flags	defined	public
rdoc/options	RDoc::Options	#	extra_accessors	defined	public
rdoc/options	RDoc::Options	#	fileboxes	defined	public
rdoc/options	RDoc::Options	#	files	defined	public
rdoc/options	RDoc::Options	#	finish_page_dir	defined	public
rdoc/options	RDoc::Options	#	force_output	defined	public
rdoc/options	RDoc::Options	#	force_output=	defined	public
rdoc/options	RDoc::Options	#	force_update	defined	public
rdoc/options	RDoc::Options	#	formatter	defined	public
rdoc/options	RDoc::Options	#	formatter=	defined	public
rdoc/options	RDoc::Options	#	generator	defined	public
rdoc/options	RDoc::Options	#	generator=	defined	public
rdoc/options	RDoc::Options	#	hyperlink_all	defined	public
rdoc/options	RDoc::Options	#	hyperlink_all=	defined	public
rdoc/options	RDoc::Options	#	image_format	defined	public
rdoc/options	RDoc::Options	#	include_line_numbers	defined	public
rdoc/options	RDoc::Options	#	inline_source	defined	public
rdoc/options	RDoc::Options	#	line_numbers	defined	public
rdoc/options	RDoc::Options	#	line_numbers=	defined	public
rdoc/options	RDoc::Options	#	main_page	defined	public
rdoc/options	RDoc::Options	#	main_page=	defined	public
rdoc/options	RDoc::Options	#	markup	defined	public
rdoc/options	RDoc::Options	#	markup=	defined	public
rdoc/options	RDoc::Options	#	merge	defined	public
rdoc/options	RDoc::Options	#	op_dir	defined	public
rdoc/options	RDoc::Options	#	op_dir=	defined	public
rdoc/options	RDoc::Options	#	op_name	defined	public
rdoc/options	RDoc::Options	#	option_parser	defined	public
rdoc/options	RDoc::Options	#	option_parser=	defined	public
rdoc/options	RDoc::Options	#	page_dir	defined	public
rdoc/options	RDoc::Options	#	page_dir=	defined	public
rdoc/options	RDoc::Options	#	parse	defined	public
rdoc/options	RDoc::Options	#	pipe	defined	public
rdoc/options	RDoc::Options	#	pipe=	defined	public
rdoc/options	RDoc::Options	#	promiscuous	defined	public
rdoc/options	RDoc::Options	#	quiet	defined	public
rdoc/options	RDoc::Options	#	rdoc_include	defined	public
rdoc/options	RDoc::Options	#	root	defined	public
rdoc/options	RDoc::Options	#	root=	defined	public
rdoc/options	RDoc::Options	#	sanitize_path	defined	public
rdoc/options	RDoc::Options	#	show_all	defined	public
rdoc/options	RDoc::Options	#	show_all=	defined	public
rdoc/options	RDoc::Options	#	show_hash	defined	public
rdoc/options	RDoc::Options	#	static_path	defined	public
rdoc/options	RDoc::Options	#	static_path=	defined	public
rdoc/options	RDoc::Options	#	tab_width	defined	public
rdoc/options	RDoc::Options	#	template	defined	public
rdoc/options	RDoc::Options	#	template_dir	defined	public
rdoc/options	RDoc::Options	#	template_dir=	defined	public
rdoc/options	RDoc::Options	#	title	defined	public
rdoc/options	RDoc::Options	#	title=	defined	public
rdoc/options	RDoc::Options	#	verbosity	defined	public
rdoc/options	RDoc::Options	#	verbosity=	defined	public
rdoc/options	RDoc::Options	#	visibility	defined	public
rdoc/options	RDoc::Options	#	visibility=	defined	public
rdoc/options	RDoc::Options	#	warn	defined	public
rdoc/options	RDoc::Options	#	webcvs	defined	public
rdoc/options	RDoc::Options	#	write_options	defined	public
rdoc/parser	RDoc::Parser	#	parse_files_matching	defined	public
rdoc/parser	RDoc::Parser	.	alias_extension	defined	public
rdoc/parser	RDoc::Parser	.	can_parse	defined	public
rdoc/parser	RDoc::Parser	.	parser_for	defined	public
rdoc/parser	RDoc::Parser	.	parsers	defined	public
rdoc/parser/c	RDoc::Parser::C	#	progress=	defined	public
rdoc/parser/c	RDoc::Parser::C	#	scan	defined	public
rdoc/parser/c	RDoc::Parser::C	.	new	defined	public
rdoc/parser/changelog	RDoc::Parser::ChangeLog	#	scan	defined	public
rdoc/parser/markdown	RDoc::Parser::Markdown	#	scan	defined	public
rdoc/parser/rd	RDoc::Parser::RD	#	scan	defined	public
rdoc/parser/ruby	RDoc::Parser::Ruby	::	NORMAL	defined	public
rdoc/parser/ruby	RDoc::Parser::Ruby	::	SINGLE	defined	public
rdoc/parser/ruby	RDoc::Parser::Ruby	#	scan	defined	public
rdoc/parser/ruby	RDoc::Parser::Ruby	.	new	defined	public
rdoc/parser/simple	RDoc::Parser::Simple	#	remove_private_comments	defined	public
rdoc/parser/simple	RDoc::Parser::Simple	#	scan	defined	public
rdoc/parser/simple	RDoc::Parser::Simple	.	new	defined	public
rdoc/rdoc	RDoc::RDoc	#	document	defined	public
rdoc/rdoc	RDoc::RDoc	.	add_generator	defined	public
rdoc/stats	RDoc::Stats	#	num_classes	defined	public
rdoc/stats	RDoc::Stats	#	num_classes=	defined	public
rdoc/stats	RDoc::Stats	#	num_files	defined	public
rdoc/stats	RDoc::Stats	#	num_files=	defined	public
rdoc/stats	RDoc::Stats	#	num_methods	defined	public
rdoc/stats	RDoc::Stats	#	num_methods=	defined	public
rdoc/stats	RDoc::Stats	#	num_modules	defined	public
rdoc/stats	RDoc::Stats	#	num_modules=	defined	public
rdoc/stats	RDoc::Stats	#	print	defined	public
rdoc/stats	RDoc::Stats	.	new	defined	public
rdoc/text	RDoc::Text	#	expand_tabs	defined	public
rdoc/text	RDoc::Text	#	flush_left	defined	public
rdoc/text	RDoc::Text	#	markup	defined	public
rdoc/text	RDoc::Text	#	normalize_comment	defined	public
rdoc/text	RDoc::Text	#	parse	defined	public
rdoc/text	RDoc::Text	#	strip_hashes	defined	public
rdoc/text	RDoc::Text	#	strip_newlines	defined	public
rdoc/text	RDoc::Text	#	strip_stars	defined	public
rdoc/code_object/top_level	RDoc::TopLevel	#	add_class_or_module	defined	public
rdoc/code_object/top_level	RDoc::TopLevel	#	file_absolute_name	defined	public
rdoc/code_object/top_level	RDoc::TopLevel	#	file_absolute_name=	defined	public
rdoc/code_object/top_level	RDoc::TopLevel	#	file_relative_name	defined	public
rdoc/code_object/top_level	RDoc::TopLevel	#	file_relative_name=	defined	public
rdoc/code_object/top_level	RDoc::TopLevel	#	file_stat	defined	public
rdoc/code_object/top_level	RDoc::TopLevel	#	file_stat=	defined	public
rdoc/code_object/top_level	RDoc::TopLevel	#	find_local_symbol	defined	public
rdoc/code_object/top_level	RDoc::TopLevel	#	find_module_named	defined	public
rdoc/code_object/top_level	RDoc::TopLevel	#	full_name	defined	public
rdoc/code_object/top_level	RDoc::TopLevel	.	all_classes_and_modules	defined	public
rdoc/code_object/top_level	RDoc::TopLevel	.	find_class_named	defined	public
rdoc/code_object/top_level	RDoc::TopLevel	.	new	defined	public
rdoc/code_object/top_level	RDoc::TopLevel	.	reset	defined	public
rexml/document	REXML::AttlistDecl	#	[]	defined	public
rexml/document	REXML::AttlistDecl	#	each	defined	public
rexml/document	REXML::AttlistDecl	#	element_name	defined	public
rexml/document	REXML::AttlistDecl	#	include?	defined	public
rexml/document	REXML::AttlistDecl	#	node_type	defined	public
rexml/document	REXML::AttlistDecl	#	write	defined	public
rexml/document	REXML::AttlistDecl	.	new	defined	public
rexml/document	REXML::Attribute	#	==	defined	public
rexml/document	REXML::Attribute	#	clone	defined	public
rexml/document	REXML::Attribute	#	element	defined	public
rexml/document	REXML::Attribute	#	element=	defined	public
rexml/document	REXML::Attribute	#	namespace	defined	public
rexml/document	REXML::Attribute	#	node_type	defined	public
rexml/document	REXML::Attribute	#	normalized=	defined	public
rexml/document	REXML::Attribute	#	prefix	defined	public
rexml/document	REXML::Attribute	#	remove	defined	public
rexml/document	REXML::Attribute	#	to_s	defined	public
rexml/document	REXML::Attribute	#	to_string	defined	public
rexml/document	REXML::Attribute	#	value	defined	public
rexml/document	REXML::Attribute	#	write	defined	public
rexml/document	REXML::Attribute	#	xpath	defined	public
rexml/document	REXML::Attribute	.	new	defined	public
rexml/document	REXML::Attributes	#	<<	defined	public
rexml/document	REXML::Attributes	#	add	defined	public
rexml/document	REXML::Attributes	#	[]	defined	public
rexml/document	REXML::Attributes	#	[]=	defined	public
rexml/document	REXML::Attributes	#	delete	defined	public
rexml/document	REXML::Attributes	#	delete_all	defined	public
rexml/document	REXML::Attributes	#	each	defined	public
rexml/document	REXML::Attributes	#	each_attribute	defined	public
rexml/document	REXML::Attributes	#	get_attribute	defined	public
rexml/document	REXML::Attributes	#	get_attribute_ns	defined	public
rexml/document	REXML::Attributes	#	length	defined	public
rexml/document	REXML::Attributes	#	size	defined	public
rexml/document	REXML::Attributes	#	namespaces	defined	public
rexml/document	REXML::Attributes	#	prefixes	defined	public
rexml/document	REXML::Attributes	#	to_a	defined	public
rexml/document	REXML::Attributes	.	new	defined	public
rexml/document	REXML::CData	#	clone	defined	public
rexml/document	REXML::CData	#	to_s	defined	public
rexml/document	REXML::CData	#	value	defined	public
rexml/document	REXML::CData	.	new	defined	public
rexml/document	REXML::Child	#	bytes	defined	public
rexml/document	REXML::Child	#	document	defined	public
rexml/document	REXML::Child	#	next_sibling	defined	public
rexml/document	REXML::Child	#	next_sibling=	defined	public
rexml/document	REXML::Child	#	parent	defined	public
rexml/document	REXML::Child	#	parent=	defined	public
rexml/document	REXML::Child	#	previous_sibling	defined	public
rexml/document	REXML::Child	#	previous_sibling=	defined	public
rexml/document	REXML::Child	#	remove	defined	public
rexml/document	REXML::Child	#	replace_with	defined	public
rexml/document	REXML::Child	.	new	defined	public
rexml/document	REXML::Comment	#	<=>	defined	public
rexml/document	REXML::Comment	#	==	defined	public
rexml/document	REXML::Comment	#	clone	defined	public
rexml/document	REXML::Comment	#	node_type	defined	public
rexml/document	REXML::Comment	#	string	defined	public
rexml/document	REXML::Comment	#	to_s	defined	public
rexml/document	REXML::Comment	#	string=	defined	public
rexml/document	REXML::Comment	.	new	defined	public
rexml/document	REXML::Declaration	#	to_s	defined	public
rexml/document	REXML::Declaration	#	write	defined	public
rexml/document	REXML::DocType	::	DEFAULT_ENTITIES	defined	public
rexml/document	REXML::DocType	#	add	defined	public
rexml/document	REXML::DocType	#	attribute_of	defined	public
rexml/document	REXML::DocType	#	attributes_of	defined	public
rexml/document	REXML::DocType	#	clone	defined	public
rexml/document	REXML::DocType	#	context	defined	public
rexml/document	REXML::DocType	#	entities	defined	public
rexml/document	REXML::DocType	#	entity	defined	public
rexml/document	REXML::DocType	#	external_id	defined	public
rexml/document	REXML::DocType	#	name	defined	public
rexml/document	REXML::DocType	#	namespaces	defined	public
rexml/document	REXML::DocType	#	node_type	defined	public
rexml/document	REXML::DocType	#	notation	defined	public
rexml/document	REXML::DocType	#	notations	defined	public
rexml/document	REXML::DocType	#	public	defined	public
rexml/document	REXML::DocType	#	system	defined	public
rexml/document	REXML::DocType	#	write	defined	public
rexml/document	REXML::DocType	.	new	defined	public
rexml/document	REXML::Document	::	DECLARATION	defined	public
rexml/document	REXML::Document	#	<<	defined	public
rexml/document	REXML::Document	#	add	defined	public
rexml/document	REXML::Document	#	clone	defined	public
rexml/document	REXML::Document	#	doctype	defined	public
rexml/document	REXML::Document	#	encoding	defined	public
rexml/document	REXML::Document	#	expanded_name	defined	public
rexml/document	REXML::Document	#	name	defined	public
rexml/document	REXML::Document	#	node_type	defined	public
rexml/document	REXML::Document	#	root	defined	public
rexml/document	REXML::Document	#	stand_alone?	defined	public
rexml/document	REXML::Document	#	version	defined	public
rexml/document	REXML::Document	#	write	defined	public
rexml/document	REXML::Document	#	xml_decl	defined	public
rexml/document	REXML::Document	.	entity_expansion_limit	defined	public
rexml/document	REXML::Document	.	entity_expansion_limit=	defined	public
rexml/document	REXML::Document	.	entity_expansion_text_limit	defined	public
rexml/document	REXML::Document	.	entity_expansion_text_limit=	defined	public
rexml/document	REXML::Document	.	new	defined	public
rexml/document	REXML::Document	.	parse_stream	defined	public
rexml/document	REXML::Element	::	UNDEFINED	defined	public
rexml/document	REXML::Element	#	add_attribute	defined	public
rexml/document	REXML::Element	#	add_attributes	defined	public
rexml/document	REXML::Element	#	add_element	defined	public
rexml/document	REXML::Element	#	add_namespace	defined	public
rexml/document	REXML::Element	#	attribute	defined	public
rexml/document	REXML::Element	#	attributes	defined	public
rexml/document	REXML::Element	#	cdatas	defined	public
rexml/document	REXML::Element	#	clone	defined	public
rexml/document	REXML::Element	#	comments	defined	public
rexml/document	REXML::Element	#	context	defined	public
rexml/document	REXML::Element	#	context=	defined	public
rexml/document	REXML::Element	#	delete_attribute	defined	public
rexml/document	REXML::Element	#	delete_element	defined	public
rexml/document	REXML::Element	#	delete_namespace	defined	public
rexml/document	REXML::Element	#	document	defined	public
rexml/document	REXML::Element	#	each_element	defined	public
rexml/document	REXML::Element	#	each_element_with_attribute	defined	public
rexml/document	REXML::Element	#	each_element_with_text	defined	public
rexml/document	REXML::Element	#	elements	defined	public
rexml/document	REXML::Element	#	get_elements	defined	public
rexml/document	REXML::Element	#	get_text	defined	public
rexml/document	REXML::Element	#	has_attributes?	defined	public
rexml/document	REXML::Element	#	has_elements?	defined	public
rexml/document	REXML::Element	#	has_text?	defined	public
rexml/document	REXML::Element	#	instructions	defined	public
rexml/document	REXML::Element	#	namespace	defined	public
rexml/document	REXML::Element	#	namespaces	defined	public
rexml/document	REXML::Element	#	next_element	defined	public
rexml/document	REXML::Element	#	node_type	defined	public
rexml/document	REXML::Element	#	prefixes	defined	public
rexml/document	REXML::Element	#	previous_element	defined	public
rexml/document	REXML::Element	#	raw	defined	public
rexml/document	REXML::Element	#	root	defined	public
rexml/document	REXML::Element	#	root_node	defined	public
rexml/document	REXML::Element	#	text	defined	public
rexml/document	REXML::Element	#	text=	defined	public
rexml/document	REXML::Element	#	texts	defined	public
rexml/document	REXML::Element	#	whitespace	defined	public
rexml/document	REXML::Element	#	write	defined	public
rexml/document	REXML::Element	#	xpath	defined	public
rexml/document	REXML::Element	.	new	defined	public
rexml/document	REXML::ElementDecl	.	new	defined	public
rexml/document	REXML::Elements	#	<<	defined	public
rexml/document	REXML::Elements	#	add	defined	public
rexml/document	REXML::Elements	#	[]	defined	public
rexml/document	REXML::Elements	#	[]=	defined	public
rexml/document	REXML::Elements	#	collect	defined	public
rexml/document	REXML::Elements	#	delete	defined	public
rexml/document	REXML::Elements	#	delete_all	defined	public
rexml/document	REXML::Elements	#	each	defined	public
rexml/document	REXML::Elements	#	empty?	defined	public
rexml/document	REXML::Elements	#	index	defined	public
rexml/document	REXML::Elements	#	inject	defined	public
rexml/document	REXML::Elements	#	size	defined	public
rexml/document	REXML::Elements	#	to_a	defined	public
rexml/document	REXML::Elements	.	new	defined	public
rexml/document	REXML::Entity	#	external	defined	public
rexml/document	REXML::Entity	#	name	defined	public
rexml/document	REXML::Entity	#	ndata	defined	public
rexml/document	REXML::Entity	#	normalized	defined	public
rexml/document	REXML::Entity	#	pubid	defined	public
rexml/document	REXML::Entity	#	ref	defined	public
rexml/document	REXML::Entity	#	to_s	defined	public
rexml/document	REXML::Entity	#	unnormalized	defined	public
rexml/document	REXML::Entity	#	value	defined	public
rexml/document	REXML::Entity	#	write	defined	public
rexml/document	REXML::Entity	.	matches?	defined	public
rexml/document	REXML::Entity	.	new	defined	public
rexml/document	REXML::EntityConst	::	AMP	defined	public
rexml/document	REXML::EntityConst	::	APOS	defined	public
rexml/document	REXML::EntityConst	::	GT	defined	public
rexml/document	REXML::EntityConst	::	LT	defined	public
rexml/document	REXML::EntityConst	::	QUOT	defined	public
rexml/document	REXML::ExternalEntity	#	to_s	defined	public
rexml/document	REXML::ExternalEntity	#	write	defined	public
rexml/document	REXML::ExternalEntity	.	new	defined	public
rexml/document	REXML::Formatters::Default	#	write	defined	public
rexml/document	REXML::Formatters::Default	.	new	defined	public
rexml/document	REXML::Formatters::Pretty	#	compact	defined	public
rexml/document	REXML::Formatters::Pretty	#	compact=	defined	public
rexml/document	REXML::Formatters::Pretty	#	width	defined	public
rexml/document	REXML::Formatters::Pretty	#	width=	defined	public
rexml/document	REXML::Formatters::Pretty	.	new	defined	public
rexml/document	REXML::Formatters::Transitive	.	new	defined	public
rexml/document	REXML::Instruction	#	==	defined	public
rexml/document	REXML::Instruction	#	clone	defined	public
rexml/document	REXML::Instruction	#	content	defined	public
rexml/document	REXML::Instruction	#	content=	defined	public
rexml/document	REXML::Instruction	#	node_type	defined	public
rexml/document	REXML::Instruction	#	target	defined	public
rexml/document	REXML::Instruction	#	target=	defined	public
rexml/document	REXML::Instruction	.	new	defined	public
rexml/document	REXML::Namespace	#	expanded_name	defined	public
rexml/document	REXML::Namespace	#	fully_expanded_name	defined	public
rexml/document	REXML::Namespace	#	has_name?	defined	public
rexml/document	REXML::Namespace	#	local_name	defined	public
rexml/document	REXML::Namespace	#	name	defined	public
rexml/document	REXML::Namespace	#	name=	defined	public
rexml/document	REXML::Namespace	#	prefix	defined	public
rexml/document	REXML::Namespace	#	prefix=	defined	public
rexml/document	REXML::Node	#	each_recursive	defined	public
rexml/document	REXML::Node	#	find_first_recursive	defined	public
rexml/document	REXML::Node	#	index_in_parent	defined	public
rexml/document	REXML::Node	#	next_sibling_node	defined	public
rexml/document	REXML::Node	#	parent?	defined	public
rexml/document	REXML::Node	#	previous_sibling_node	defined	public
rexml/document	REXML::Node	#	to_s	defined	public
rexml/document	REXML::NotationDecl	#	name	defined	public
rexml/document	REXML::NotationDecl	#	public	defined	public
rexml/document	REXML::NotationDecl	#	public=	defined	public
rexml/document	REXML::NotationDecl	#	system	defined	public
rexml/document	REXML::NotationDecl	#	system=	defined	public
rexml/document	REXML::NotationDecl	#	to_s	defined	public
rexml/document	REXML::NotationDecl	#	write	defined	public
rexml/document	REXML::NotationDecl	.	new	defined	public
rexml/document	REXML::Parent	#	<<	defined	public
rexml/document	REXML::Parent	#	add	defined	public
rexml/document	REXML::Parent	#	push	defined	public
rexml/document	REXML::Parent	#	[]	defined	public
rexml/document	REXML::Parent	#	[]=	defined	public
rexml/document	REXML::Parent	#	children	defined	public
rexml/document	REXML::Parent	#	to_a	defined	public
rexml/document	REXML::Parent	#	deep_clone	defined	public
rexml/document	REXML::Parent	#	delete	defined	public
rexml/document	REXML::Parent	#	delete_at	defined	public
rexml/document	REXML::Parent	#	delete_if	defined	public
rexml/document	REXML::Parent	#	each	defined	public
rexml/document	REXML::Parent	#	each_child	defined	public
rexml/document	REXML::Parent	#	each_index	defined	public
rexml/document	REXML::Parent	#	index	defined	public
rexml/document	REXML::Parent	#	insert_after	defined	public
rexml/document	REXML::Parent	#	insert_before	defined	public
rexml/document	REXML::Parent	#	length	defined	public
rexml/document	REXML::Parent	#	size	defined	public
rexml/document	REXML::Parent	#	parent?	defined	public
rexml/document	REXML::Parent	#	replace_child	defined	public
rexml/document	REXML::Parent	#	unshift	defined	public
rexml/document	REXML::Parent	.	new	defined	public
rexml	REXML::ParseException	#	context	defined	public
rexml	REXML::ParseException	#	line	defined	public
rexml	REXML::ParseException	#	position	defined	public
rexml	REXML::ParseException	#	to_s	defined	public
rexml/parsers/pullparser	REXML::Parsers::PullEvent	#	[]	defined	public
rexml/parsers/pullparser	REXML::Parsers::PullEvent	#	attlistdecl?	defined	public
rexml/parsers/pullparser	REXML::Parsers::PullEvent	#	cdata?	defined	public
rexml/parsers/pullparser	REXML::Parsers::PullEvent	#	comment?	defined	public
rexml/parsers/pullparser	REXML::Parsers::PullEvent	#	doctype?	defined	public
rexml/parsers/pullparser	REXML::Parsers::PullEvent	#	elementdecl?	defined	public
rexml/parsers/pullparser	REXML::Parsers::PullEvent	#	end_element?	defined	public
rexml/parsers/pullparser	REXML::Parsers::PullEvent	#	entitydecl?	defined	public
rexml/parsers/pullparser	REXML::Parsers::PullEvent	#	event_type	defined	public
rexml/parsers/pullparser	REXML::Parsers::PullEvent	#	instruction?	defined	public
rexml/parsers/pullparser	REXML::Parsers::PullEvent	#	notationdecl?	defined	public
rexml/parsers/pullparser	REXML::Parsers::PullEvent	#	start_element?	defined	public
rexml/parsers/pullparser	REXML::Parsers::PullEvent	#	text?	defined	public
rexml/parsers/pullparser	REXML::Parsers::PullEvent	#	xmldecl?	defined	public
rexml/parsers/pullparser	REXML::Parsers::PullParser	#	each	defined	public
rexml/parsers/pullparser	REXML::Parsers::PullParser	#	empty?	defined	public
rexml/parsers/pullparser	REXML::Parsers::PullParser	#	has_next?	defined	public
rexml/parsers/pullparser	REXML::Parsers::PullParser	#	peek	defined	public
rexml/parsers/pullparser	REXML::Parsers::PullParser	#	pull	defined	public
rexml/parsers/pullparser	REXML::Parsers::PullParser	#	unshift	defined	public
rexml/parsers/pullparser	REXML::Parsers::PullParser	.	new	defined	public
rexml/parsers/sax2parser	REXML::Parsers::SAX2Parser	#	deafen	defined	public
rexml/parsers/sax2parser	REXML::Parsers::SAX2Parser	#	listen	defined	public
rexml/parsers/sax2parser	REXML::Parsers::SAX2Parser	#	parse	defined	public
rexml/parsers/sax2parser	REXML::Parsers::SAX2Parser	.	new	defined	public
rexml/parsers/streamparser	REXML::Parsers::StreamParser	#	parse	defined	public
rexml/parsers/streamparser	REXML::Parsers::StreamParser	.	new	defined	public
rexml/parsers/ultralightparser	REXML::Parsers::UltraLightParser	#	parse	defined	public
rexml/parsers/ultralightparser	REXML::Parsers::UltraLightParser	#	rewind	defined	public
rexml/parsers/ultralightparser	REXML::Parsers::UltraLightParser	.	new	defined	public
rexml/sax2listener	REXML::SAX2Listener	#	attlistdecl	defined	public
rexml/sax2listener	REXML::SAX2Listener	#	cdata	defined	public
rexml/sax2listener	REXML::SAX2Listener	#	characters	defined	public
rexml/sax2listener	REXML::SAX2Listener	#	comment	defined	public
rexml/sax2listener	REXML::SAX2Listener	#	doctype	defined	public
rexml/sax2listener	REXML::SAX2Listener	#	elementdecl	defined	public
rexml/sax2listener	REXML::SAX2Listener	#	end_document	defined	public
rexml/sax2listener	REXML::SAX2Listener	#	end_element	defined	public
rexml/sax2listener	REXML::SAX2Listener	#	end_prefix_mapping	defined	public
rexml/sax2listener	REXML::SAX2Listener	#	entitydecl	defined	public
rexml/sax2listener	REXML::SAX2Listener	#	notationdecl	defined	public
rexml/sax2listener	REXML::SAX2Listener	#	processing_instruction	defined	public
rexml/sax2listener	REXML::SAX2Listener	#	progress	defined	public
rexml/sax2listener	REXML::SAX2Listener	#	start_document	defined	public
rexml/sax2listener	REXML::SAX2Listener	#	start_element	defined	public
rexml/sax2listener	REXML::SAX2Listener	#	start_prefix_mapping	defined	public
rexml/sax2listener	REXML::SAX2Listener	#	xmldecl	defined	public
rexml/document	REXML::Security	.	entity_expansion_limit	defined	public
rexml/document	REXML::Security	.	entity_expansion_limit=	defined	public
rexml/document	REXML::Security	.	entity_expansion_text_limit	defined	public
rexml/document	REXML::Security	.	entity_expansion_text_limit=	defined	public
rexml/streamlistener	REXML::StreamListener	#	attlistdecl	defined	public
rexml/streamlistener	REXML::StreamListener	#	cdata	defined	public
rexml/streamlistener	REXML::StreamListener	#	comment	defined	public
rexml/streamlistener	REXML::StreamListener	#	doctype	defined	public
rexml/streamlistener	REXML::StreamListener	#	doctype_end	defined	public
rexml/streamlistener	REXML::StreamListener	#	elementdecl	defined	public
rexml/streamlistener	REXML::StreamListener	#	entity	defined	public
rexml/streamlistener	REXML::StreamListener	#	entitydecl	defined	public
rexml/streamlistener	REXML::StreamListener	#	instruction	defined	public
rexml/streamlistener	REXML::StreamListener	#	notationdecl	defined	public
rexml/streamlistener	REXML::StreamListener	#	tag_end	defined	public
rexml/streamlistener	REXML::StreamListener	#	tag_start	defined	public
rexml/streamlistener	REXML::StreamListener	#	text	defined	public
rexml/streamlistener	REXML::StreamListener	#	xmldecl	defined	public
rexml/document	REXML::Text	#	<=>	defined	public
rexml/document	REXML::Text	#	clone	defined	public
rexml/document	REXML::Text	#	doctype	defined	public
rexml/document	REXML::Text	#	empty?	defined	public
rexml/document	REXML::Text	#	node_type	defined	public
rexml/document	REXML::Text	#	raw	defined	public
rexml/document	REXML::Text	#	raw=	defined	public
rexml/document	REXML::Text	#	to_s	defined	public
rexml/document	REXML::Text	#	value	defined	public
rexml/document	REXML::Text	#	value=	defined	public
rexml/document	REXML::Text	.	new	defined	public
rexml/document	REXML::Text	.	normalize	defined	public
rexml/document	REXML::Text	.	unnormalize	defined	public
rexml/document	REXML::XMLDecl	::	DEFAULT_VERSION	defined	public
rexml/document	REXML::XMLDecl	#	==	defined	public
rexml/document	REXML::XMLDecl	#	clone	defined	public
rexml/document	REXML::XMLDecl	#	dowrite	defined	public
rexml/document	REXML::XMLDecl	#	encoding	defined	public
rexml/document	REXML::XMLDecl	#	encoding=	defined	public
rexml/document	REXML::XMLDecl	#	node_type	defined	public
rexml/document	REXML::XMLDecl	#	nowrite	defined	public
rexml/document	REXML::XMLDecl	#	stand_alone?	defined	public
rexml/document	REXML::XMLDecl	#	standalone	defined	public
rexml/document	REXML::XMLDecl	#	standalone=	defined	public
rexml/document	REXML::XMLDecl	#	version	defined	public
rexml/document	REXML::XMLDecl	#	version=	defined	public
rexml/document	REXML::XMLDecl	#	writeencoding	defined	public
rexml/document	REXML::XMLDecl	#	writethis	defined	public
rexml/document	REXML::XMLDecl	#	xmldecl	defined	public
rexml/document	REXML::XMLDecl	.	default	defined	public
rexml/document	REXML::XMLDecl	.	new	defined	public
rexml/document	REXML::XPath	.	each	defined	public
rexml/document	REXML::XPath	.	first	defined	public
rexml/document	REXML::XPath	.	match	defined	public
rss	RSS::BaseTrackBackModel	#	trackback_about	defined	public
rss	RSS::BaseTrackBackModel	#	trackback_about=	defined	public
rss	RSS::BaseTrackBackModel	#	trackback_abouts	defined	public
rss	RSS::BaseTrackBackModel	#	trackback_ping	defined	public
rss	RSS::BaseTrackBackModel	#	trackback_ping=	defined	public
rss	RSS::ContentModel	#	content_encoded	defined	public
rss	RSS::ContentModel	#	content_encoded=	defined	public
rss	RSS::DublinCoreModel	#	dc_contributor	defined	public
rss	RSS::DublinCoreModel	#	dc_contributor=	defined	public
rss	RSS::DublinCoreModel	#	dc_contributors	defined	public
rss	RSS::DublinCoreModel	#	dc_coverage	defined	public
rss	RSS::DublinCoreModel	#	dc_coverage=	defined	public
rss	RSS::DublinCoreModel	#	dc_coverages	defined	public
rss	RSS::DublinCoreModel	#	dc_creator	defined	public
rss	RSS::DublinCoreModel	#	dc_creator=	defined	public
rss	RSS::DublinCoreModel	#	dc_creators	defined	public
rss	RSS::DublinCoreModel	#	dc_date	defined	public
rss	RSS::DublinCoreModel	#	dc_date=	defined	public
rss	RSS::DublinCoreModel	#	dc_dates	defined	public
rss	RSS::DublinCoreModel	#	dc_description	defined	public
rss	RSS::DublinCoreModel	#	dc_description=	defined	public
rss	RSS::DublinCoreModel	#	dc_descriptions	defined	public
rss	RSS::DublinCoreModel	#	dc_format	defined	public
rss	RSS::DublinCoreModel	#	dc_format=	defined	public
rss	RSS::DublinCoreModel	#	dc_formats	defined	public
rss	RSS::DublinCoreModel	#	dc_identifier	defined	public
rss	RSS::DublinCoreModel	#	dc_identifier=	defined	public
rss	RSS::DublinCoreModel	#	dc_identifiers	defined	public
rss	RSS::DublinCoreModel	#	dc_language	defined	public
rss	RSS::DublinCoreModel	#	dc_language=	defined	public
rss	RSS::DublinCoreModel	#	dc_languages	defined	public
rss	RSS::DublinCoreModel	#	dc_publisher	defined	public
rss	RSS::DublinCoreModel	#	dc_publisher=	defined	public
rss	RSS::DublinCoreModel	#	dc_publishers	defined	public
rss	RSS::DublinCoreModel	#	dc_relation	defined	public
rss	RSS::DublinCoreModel	#	dc_relation=	defined	public
rss	RSS::DublinCoreModel	#	dc_relations	defined	public
rss	RSS::DublinCoreModel	#	dc_rights	defined	public
rss	RSS::DublinCoreModel	#	dc_rights=	defined	public
rss	RSS::DublinCoreModel	#	dc_rightses	defined	public
rss	RSS::DublinCoreModel	#	dc_source	defined	public
rss	RSS::DublinCoreModel	#	dc_source=	defined	public
rss	RSS::DublinCoreModel	#	dc_sources	defined	public
rss	RSS::DublinCoreModel	#	dc_subject	defined	public
rss	RSS::DublinCoreModel	#	dc_subject=	defined	public
rss	RSS::DublinCoreModel	#	dc_subjects	defined	public
rss	RSS::DublinCoreModel	#	dc_title	defined	public
rss	RSS::DublinCoreModel	#	dc_title=	defined	public
rss	RSS::DublinCoreModel	#	dc_titles	defined	public
rss	RSS::DublinCoreModel	#	dc_type	defined	public
rss	RSS::DublinCoreModel	#	dc_type=	defined	public
rss	RSS::DublinCoreModel	#	dc_types	defined	public
rss	RSS::Element	#	full_name	defined	public
rss	RSS::Element	#	tag_name	defined	public
rss	RSS::ImageFaviconModel	#	image_favicon	defined	public
rss	RSS::ImageFaviconModel	#	image_favicon=	defined	public
rss	RSS::ImageFaviconModel::ImageFavicon	#	about	defined	public
rss	RSS::ImageFaviconModel::ImageFavicon	#	about=	defined	public
rss	RSS::ImageFaviconModel::ImageFavicon	#	date	defined	public
rss	RSS::ImageFaviconModel::ImageFavicon	#	date=	defined	public
rss	RSS::ImageFaviconModel::ImageFavicon	#	image_size	defined	public
rss	RSS::ImageFaviconModel::ImageFavicon	#	image_size=	defined	public
rss	RSS::ImageFaviconModel::ImageFavicon	#	size	defined	public
rss	RSS::ImageFaviconModel::ImageFavicon	#	size=	defined	public
rss	RSS::ImageItemModel	#	image_item	defined	public
rss	RSS::ImageItemModel	#	image_item=	defined	public
rss	RSS::ImageItemModel::ImageItem	#	about	defined	public
rss	RSS::ImageItemModel::ImageItem	#	about=	defined	public
rss	RSS::ImageItemModel::ImageItem	#	date	defined	public
rss	RSS::ImageItemModel::ImageItem	#	date=	defined	public
rss	RSS::ImageItemModel::ImageItem	#	height	defined	public
rss	RSS::ImageItemModel::ImageItem	#	height=	defined	public
rss	RSS::ImageItemModel::ImageItem	#	image_height	defined	public
rss	RSS::ImageItemModel::ImageItem	#	image_height=	defined	public
rss	RSS::ImageItemModel::ImageItem	#	image_width	defined	public
rss	RSS::ImageItemModel::ImageItem	#	image_width=	defined	public
rss	RSS::ImageItemModel::ImageItem	#	width	defined	public
rss	RSS::ImageItemModel::ImageItem	#	width=	defined	public
rss	RSS::ImageItemModel::ImageItem	#	resource	defined	public
rss	RSS::ImageItemModel::ImageItem	#	resource=	defined	public
rss	RSS::Maker	.	make	defined	public
rss	RSS::Maker::ChannelBase	#	about	defined	public
rss	RSS::Maker::ChannelBase	#	about=	defined	public
rss	RSS::Maker::ChannelBase	#	categories	defined	public
rss	RSS::Maker::ChannelBase	#	cloud	defined	public
rss	RSS::Maker::ChannelBase	#	copyright	defined	public
rss	RSS::Maker::ChannelBase	#	copyright=	defined	public
rss	RSS::Maker::ChannelBase	#	date	defined	public
rss	RSS::Maker::ChannelBase	#	date=	defined	public
rss	RSS::Maker::ChannelBase	#	description	defined	public
rss	RSS::Maker::ChannelBase	#	description=	defined	public
rss	RSS::Maker::ChannelBase	#	docs	defined	public
rss	RSS::Maker::ChannelBase	#	docs=	defined	public
rss	RSS::Maker::ChannelBase	#	generator	defined	public
rss	RSS::Maker::ChannelBase	#	generator=	defined	public
rss	RSS::Maker::ChannelBase	#	language	defined	public
rss	RSS::Maker::ChannelBase	#	language=	defined	public
rss	RSS::Maker::ChannelBase	#	lastBuildDate	defined	public
rss	RSS::Maker::ChannelBase	#	lastBuildDate=	defined	public
rss	RSS::Maker::ChannelBase	#	link	defined	public
rss	RSS::Maker::ChannelBase	#	link=	defined	public
rss	RSS::Maker::ChannelBase	#	managingEditor	defined	public
rss	RSS::Maker::ChannelBase	#	managingEditor=	defined	public
rss	RSS::Maker::ChannelBase	#	pubDate	defined	public
rss	RSS::Maker::ChannelBase	#	pubDate=	defined	public
rss	RSS::Maker::ChannelBase	#	rating	defined	public
rss	RSS::Maker::ChannelBase	#	rating=	defined	public
rss	RSS::Maker::ChannelBase	#	skipDays	defined	public
rss	RSS::Maker::ChannelBase	#	skipHours	defined	public
rss	RSS::Maker::ChannelBase	#	title	defined	public
rss	RSS::Maker::ChannelBase	#	title=	defined	public
rss	RSS::Maker::ChannelBase	#	ttl	defined	public
rss	RSS::Maker::ChannelBase	#	ttl=	defined	public
rss	RSS::Maker::ChannelBase	#	webMaster	defined	public
rss	RSS::Maker::ChannelBase	#	webMaster=	defined	public
rss	RSS::Maker::ChannelBase::CategoriesBase	#	new_category	defined	public
rss	RSS::Maker::ChannelBase::CategoriesBase::CategoryBase	#	content	defined	public
rss	RSS::Maker::ChannelBase::CategoriesBase::CategoryBase	#	content=	defined	public
rss	RSS::Maker::ChannelBase::CategoriesBase::CategoryBase	#	domain	defined	public
rss	RSS::Maker::ChannelBase::CategoriesBase::CategoryBase	#	domain=	defined	public
rss	RSS::Maker::ChannelBase::SkipDaysBase	#	new_day	defined	public
rss	RSS::Maker::ChannelBase::SkipDaysBase::DayBase	#	content	defined	public
rss	RSS::Maker::ChannelBase::SkipDaysBase::DayBase	#	content=	defined	public
rss	RSS::Maker::ChannelBase::SkipHoursBase	#	new_hour	defined	public
rss	RSS::Maker::ChannelBase::SkipHoursBase::HourBase	#	content	defined	public
rss	RSS::Maker::ChannelBase::SkipHoursBase::HourBase	#	content=	defined	public
rss	RSS::Maker::ImageBase	#	description	defined	public
rss	RSS::Maker::ImageBase	#	description=	defined	public
rss	RSS::Maker::ImageBase	#	height	defined	public
rss	RSS::Maker::ImageBase	#	height=	defined	public
rss	RSS::Maker::ImageBase	#	title	defined	public
rss	RSS::Maker::ImageBase	#	title=	defined	public
rss	RSS::Maker::ImageBase	#	url	defined	public
rss	RSS::Maker::ImageBase	#	url=	defined	public
rss	RSS::Maker::ImageBase	#	width	defined	public
rss	RSS::Maker::ImageBase	#	width=	defined	public
rss	RSS::Maker::ItemsBase	#	do_sort	defined	public
rss	RSS::Maker::ItemsBase	#	do_sort=	defined	public
rss	RSS::Maker::ItemsBase	#	max_size	defined	public
rss	RSS::Maker::ItemsBase	#	max_size=	defined	public
rss	RSS::Maker::ItemsBase	#	new_item	defined	public
rss	RSS::Maker::ItemsBase::ItemBase	#	author	defined	public
rss	RSS::Maker::ItemsBase::ItemBase	#	author=	defined	public
rss	RSS::Maker::ItemsBase::ItemBase	#	categories	defined	public
rss	RSS::Maker::ItemsBase::ItemBase	#	enclosure	defined	public
rss	RSS::Maker::ItemsBase::ItemBase	#	guid	defined	public
rss	RSS::Maker::ItemsBase::ItemBase	#	source	defined	public
rss	RSS::Maker::ItemsBase::ItemBase	#	comments	defined	public
rss	RSS::Maker::ItemsBase::ItemBase	#	comments=	defined	public
rss	RSS::Maker::ItemsBase::ItemBase	#	date	defined	public
rss	RSS::Maker::ItemsBase::ItemBase	#	date=	defined	public
rss	RSS::Maker::ItemsBase::ItemBase	#	description	defined	public
rss	RSS::Maker::ItemsBase::ItemBase	#	description=	defined	public
rss	RSS::Maker::ItemsBase::ItemBase	#	link	defined	public
rss	RSS::Maker::ItemsBase::ItemBase	#	link=	defined	public
rss	RSS::Maker::ItemsBase::ItemBase	#	pubDate	defined	public
rss	RSS::Maker::ItemsBase::ItemBase	#	pubDate=	defined	public
rss	RSS::Maker::ItemsBase::ItemBase	#	title	defined	public
rss	RSS::Maker::ItemsBase::ItemBase	#	title=	defined	public
rss	RSS::Maker::RSS20::Items::Item::Categories	#	new_category	defined	public
rss	RSS::Maker::RSS20::Items::Item::Enclosure	#	length	defined	public
rss	RSS::Maker::RSS20::Items::Item::Enclosure	#	length=	defined	public
rss	RSS::Maker::RSS20::Items::Item::Enclosure	#	type	defined	public
rss	RSS::Maker::RSS20::Items::Item::Enclosure	#	type=	defined	public
rss	RSS::Maker::RSS20::Items::Item::Enclosure	#	url	defined	public
rss	RSS::Maker::RSS20::Items::Item::Enclosure	#	url=	defined	public
rss	RSS::Maker::RSS20::Items::Item::Guid	#	content	defined	public
rss	RSS::Maker::RSS20::Items::Item::Guid	#	content=	defined	public
rss	RSS::Maker::RSS20::Items::Item::Guid	#	isPermaLink	defined	public
rss	RSS::Maker::RSS20::Items::Item::Guid	#	isPermaLink=	defined	public
rss	RSS::Maker::RSS20::Items::Item::Source	#	content	defined	public
rss	RSS::Maker::RSS20::Items::Item::Source	#	content=	defined	public
rss	RSS::Maker::RSS20::Items::Item::Source	#	url	defined	public
rss	RSS::Maker::RSS20::Items::Item::Source	#	url=	defined	public
rss	RSS::Maker::RSSBase	#	channel	defined	public
rss	RSS::Maker::RSSBase	#	encoding	defined	public
rss	RSS::Maker::RSSBase	#	encoding=	defined	public
rss	RSS::Maker::RSSBase	#	image	defined	public
rss	RSS::Maker::RSSBase	#	items	defined	public
rss	RSS::Maker::RSSBase	#	rss_version	defined	public
rss	RSS::Maker::RSSBase	#	standalone	defined	public
rss	RSS::Maker::RSSBase	#	standalone=	defined	public
rss	RSS::Maker::RSSBase	#	textinput	defined	public
rss	RSS::Maker::RSSBase	#	version	defined	public
rss	RSS::Maker::RSSBase	#	version=	defined	public
rss	RSS::Maker::RSSBase	#	xml_stylesheets	defined	public
rss	RSS::Maker::TextinputBase	#	description	defined	public
rss	RSS::Maker::TextinputBase	#	description=	defined	public
rss	RSS::Maker::TextinputBase	#	link	defined	public
rss	RSS::Maker::TextinputBase	#	link=	defined	public
rss	RSS::Maker::TextinputBase	#	name	defined	public
rss	RSS::Maker::TextinputBase	#	name=	defined	public
rss	RSS::Maker::TextinputBase	#	title	defined	public
rss	RSS::Maker::TextinputBase	#	title=	defined	public
rss	RSS::Maker::XMLStyleSheets::XMLStyleSheet	#	alternate	defined	public
rss	RSS::Maker::XMLStyleSheets::XMLStyleSheet	#	alternate=	defined	public
rss	RSS::Maker::XMLStyleSheets::XMLStyleSheet	#	charset	defined	public
rss	RSS::Maker::XMLStyleSheets::XMLStyleSheet	#	charset=	defined	public
rss	RSS::Maker::XMLStyleSheets::XMLStyleSheet	#	href	defined	public
rss	RSS::Maker::XMLStyleSheets::XMLStyleSheet	#	href=	defined	public
rss	RSS::Maker::XMLStyleSheets::XMLStyleSheet	#	media	defined	public
rss	RSS::Maker::XMLStyleSheets::XMLStyleSheet	#	media=	defined	public
rss	RSS::Maker::XMLStyleSheets::XMLStyleSheet	#	title	defined	public
rss	RSS::Maker::XMLStyleSheets::XMLStyleSheet	#	title=	defined	public
rss	RSS::Maker::XMLStyleSheets::XMLStyleSheet	#	type	defined	public
rss	RSS::Maker::XMLStyleSheets::XMLStyleSheet	#	type=	defined	public
rss	RSS::NSError	#	prefix	defined	public
rss	RSS::NSError	#	tag	defined	public
rss	RSS::NSError	#	uri	defined	public
rss	RSS::NotWellFormedError	#	element	defined	public
rss	RSS::NotWellFormedError	#	line	defined	public
rss	RSS::Parser	#	do_validate	defined	public
rss	RSS::Parser	#	do_validate=	defined	public
rss	RSS::Parser	#	ignore_unknown_element	defined	public
rss	RSS::Parser	#	ignore_unknown_element=	defined	public
rss	RSS::Parser	#	parse	defined	public
rss	RSS::Parser	#	rss	defined	public
rss	RSS::Parser	.	new	defined	public
rss	RSS::Parser	.	parse	defined	public
rss	RSS::RDF	#	channel	defined	public
rss	RSS::RDF	#	channel=	defined	public
rss	RSS::RDF	#	encoding	defined	public
rss	RSS::RDF	#	encoding=	defined	public
rss	RSS::RDF	#	image	defined	public
rss	RSS::RDF	#	image=	defined	public
rss	RSS::RDF	#	item	defined	public
rss	RSS::RDF	#	item=	defined	public
rss	RSS::RDF	#	items	defined	public
rss	RSS::RDF	#	rss_version	defined	public
rss	RSS::RDF	#	rss_version=	defined	public
rss	RSS::RDF	#	standalone	defined	public
rss	RSS::RDF	#	standalone=	defined	public
rss	RSS::RDF	#	textinput	defined	public
rss	RSS::RDF	#	textinput=	defined	public
rss	RSS::RDF	#	version	defined	public
rss	RSS::RDF	#	version=	defined	public
rss	RSS::RDF::Channel	#	about	defined	public
rss	RSS::RDF::Channel	#	about=	defined	public
rss	RSS::RDF::Channel	#	date	defined	public
rss	RSS::RDF::Channel	#	date=	defined	public
rss	RSS::RDF::Channel	#	description	defined	public
rss	RSS::RDF::Channel	#	description=	defined	public
rss	RSS::RDF::Channel	#	image	defined	public
rss	RSS::RDF::Channel	#	image=	defined	public
rss	RSS::RDF::Channel	#	items	defined	public
rss	RSS::RDF::Channel	#	items=	defined	public
rss	RSS::RDF::Channel	#	link	defined	public
rss	RSS::RDF::Channel	#	link=	defined	public
rss	RSS::RDF::Channel	#	textinput	defined	public
rss	RSS::RDF::Channel	#	textinput=	defined	public
rss	RSS::RDF::Channel	#	title	defined	public
rss	RSS::RDF::Channel	#	title=	defined	public
rss	RSS::RDF::Channel::Image	#	resource	defined	public
rss	RSS::RDF::Channel::Image	#	resource=	defined	public
rss	RSS::RDF::Channel::ImageFavicon	#	about	defined	public
rss	RSS::RDF::Channel::ImageFavicon	#	about=	defined	public
rss	RSS::RDF::Channel::ImageFavicon	#	date	defined	public
rss	RSS::RDF::Channel::ImageFavicon	#	date=	defined	public
rss	RSS::RDF::Channel::ImageFavicon	#	image_size	defined	public
rss	RSS::RDF::Channel::ImageFavicon	#	image_size=	defined	public
rss	RSS::RDF::Channel::ImageFavicon	#	size	defined	public
rss	RSS::RDF::Channel::ImageFavicon	#	size=	defined	public
rss	RSS::RDF::Channel::Items	#	resources	defined	public
rss	RSS::RDF::Channel::Textinput	#	resource	defined	public
rss	RSS::RDF::Channel::Textinput	#	resource=	defined	public
rss	RSS::RDF::Image	#	about	defined	public
rss	RSS::RDF::Image	#	about=	defined	public
rss	RSS::RDF::Image	#	date	defined	public
rss	RSS::RDF::Image	#	date=	defined	public
rss	RSS::RDF::Image	#	link	defined	public
rss	RSS::RDF::Image	#	link=	defined	public
rss	RSS::RDF::Image	#	title	defined	public
rss	RSS::RDF::Image	#	title=	defined	public
rss	RSS::RDF::Image	#	url	defined	public
rss	RSS::RDF::Image	#	url=	defined	public
rss	RSS::RDF::Item	#	about	defined	public
rss	RSS::RDF::Item	#	about=	defined	public
rss	RSS::RDF::Item	#	date	defined	public
rss	RSS::RDF::Item	#	date=	defined	public
rss	RSS::RDF::Item	#	description	defined	public
rss	RSS::RDF::Item	#	description=	defined	public
rss	RSS::RDF::Item	#	link	defined	public
rss	RSS::RDF::Item	#	link=	defined	public
rss	RSS::RDF::Item	#	title	defined	public
rss	RSS::RDF::Item	#	title=	defined	public
rss	RSS::RDF::Textinput	#	about	defined	public
rss	RSS::RDF::Textinput	#	about=	defined	public
rss	RSS::RDF::Textinput	#	date	defined	public
rss	RSS::RDF::Textinput	#	date=	defined	public
rss	RSS::RDF::Textinput	#	description	defined	public
rss	RSS::RDF::Textinput	#	description=	defined	public
rss	RSS::RDF::Textinput	#	link	defined	public
rss	RSS::RDF::Textinput	#	link=	defined	public
rss	RSS::RDF::Textinput	#	name	defined	public
rss	RSS::RDF::Textinput	#	name=	defined	public
rss	RSS::RDF::Textinput	#	title	defined	public
rss	RSS::RDF::Textinput	#	title=	defined	public
rss	RSS::RootElementMixin	#	output_encoding	defined	public
rss	RSS::RootElementMixin	#	output_encoding=	defined	public
rss	RSS::RootElementMixin	#	to_xml	defined	public
rss	RSS::Rss	#	channel	defined	public
rss	RSS::Rss	#	channel=	defined	public
rss	RSS::Rss	#	encoding	defined	public
rss	RSS::Rss	#	encoding=	defined	public
rss	RSS::Rss	#	image	defined	public
rss	RSS::Rss	#	items	defined	public
rss	RSS::Rss	#	rss_version	defined	public
rss	RSS::Rss	#	rss_version=	defined	public
rss	RSS::Rss	#	standalone	defined	public
rss	RSS::Rss	#	standalone=	defined	public
rss	RSS::Rss	#	textinput	defined	public
rss	RSS::Rss	#	version	defined	public
rss	RSS::Rss	#	version=	defined	public
rss	RSS::Rss::Channel	#	categories	defined	public
rss	RSS::Rss::Channel	#	category	defined	public
rss	RSS::Rss::Channel	#	category=	defined	public
rss	RSS::Rss::Channel	#	copyright	defined	public
rss	RSS::Rss::Channel	#	copyright=	defined	public
rss	RSS::Rss::Channel	#	date	defined	public
rss	RSS::Rss::Channel	#	date=	defined	public
rss	RSS::Rss::Channel	#	pubDate	defined	public
rss	RSS::Rss::Channel	#	pubDate=	defined	public
rss	RSS::Rss::Channel	#	description	defined	public
rss	RSS::Rss::Channel	#	description=	defined	public
rss	RSS::Rss::Channel	#	docs	defined	public
rss	RSS::Rss::Channel	#	docs=	defined	public
rss	RSS::Rss::Channel	#	generator	added	public
rss	RSS::Rss::Channel	#	generator=	added	public
rss	RSS::Rss::Channel	#	image	defined	public
rss	RSS::Rss::Channel	#	image=	defined	public
rss	RSS::Rss::Channel	#	item	defined	public
rss	RSS::Rss::Channel	#	item=	defined	public
rss	RSS::Rss::Channel	#	items	defined	public
rss	RSS::Rss::Channel	#	language	defined	public
rss	RSS::Rss::Channel	#	language=	defined	public
rss	RSS::Rss::Channel	#	lastBuildDate	defined	public
rss	RSS::Rss::Channel	#	lastBuildDate=	defined	public
rss	RSS::Rss::Channel	#	link	defined	public
rss	RSS::Rss::Channel	#	link=	defined	public
rss	RSS::Rss::Channel	#	managingEditor	defined	public
rss	RSS::Rss::Channel	#	managingEditor=	defined	public
rss	RSS::Rss::Channel	#	rating	defined	public
rss	RSS::Rss::Channel	#	rating=	defined	public
rss	RSS::Rss::Channel	#	skipDays	defined	public
rss	RSS::Rss::Channel	#	skipDays=	defined	public
rss	RSS::Rss::Channel	#	skipHours	defined	public
rss	RSS::Rss::Channel	#	skipHours=	defined	public
rss	RSS::Rss::Channel	#	textInput	defined	public
rss	RSS::Rss::Channel	#	textInput=	defined	public
rss	RSS::Rss::Channel	#	title	defined	public
rss	RSS::Rss::Channel	#	title=	defined	public
rss	RSS::Rss::Channel	#	ttl	added	public
rss	RSS::Rss::Channel	#	ttl=	added	public
rss	RSS::Rss::Channel	#	webMaster	defined	public
rss	RSS::Rss::Channel	#	webMaster=	defined	public
rss	RSS::Rss::Channel::Cloud	#	domain	defined	public
rss	RSS::Rss::Channel::Cloud	#	domain=	defined	public
rss	RSS::Rss::Channel::Cloud	#	path	defined	public
rss	RSS::Rss::Channel::Cloud	#	path=	defined	public
rss	RSS::Rss::Channel::Cloud	#	port	defined	public
rss	RSS::Rss::Channel::Cloud	#	port=	defined	public
rss	RSS::Rss::Channel::Cloud	#	protocol	defined	public
rss	RSS::Rss::Channel::Cloud	#	protocol=	defined	public
rss	RSS::Rss::Channel::Cloud	#	registerProcedure	defined	public
rss	RSS::Rss::Channel::Cloud	#	registerProcedure=	defined	public
rss	RSS::Rss::Channel::Image	#	description	defined	public
rss	RSS::Rss::Channel::Image	#	description=	defined	public
rss	RSS::Rss::Channel::Image	#	height	defined	public
rss	RSS::Rss::Channel::Image	#	height=	defined	public
rss	RSS::Rss::Channel::Image	#	link	defined	public
rss	RSS::Rss::Channel::Image	#	link=	defined	public
rss	RSS::Rss::Channel::Image	#	title	defined	public
rss	RSS::Rss::Channel::Image	#	title=	defined	public
rss	RSS::Rss::Channel::Image	#	url	defined	public
rss	RSS::Rss::Channel::Image	#	url=	defined	public
rss	RSS::Rss::Channel::Image	#	width	defined	public
rss	RSS::Rss::Channel::Image	#	width=	defined	public
rss	RSS::Rss::Channel::Item	#	author	added	public
rss	RSS::Rss::Channel::Item	#	author=	added	public
rss	RSS::Rss::Channel::Item	#	categories	defined	public
rss	RSS::Rss::Channel::Item	#	category	defined	public
rss	RSS::Rss::Channel::Item	#	category=	defined	public
rss	RSS::Rss::Channel::Item	#	comments	added	public
rss	RSS::Rss::Channel::Item	#	comments=	added	public
rss	RSS::Rss::Channel::Item	#	date	defined	public
rss	RSS::Rss::Channel::Item	#	date=	defined	public
rss	RSS::Rss::Channel::Item	#	description	defined	public
rss	RSS::Rss::Channel::Item	#	description=	defined	public
rss	RSS::Rss::Channel::Item	#	enclosure	defined	public
rss	RSS::Rss::Channel::Item	#	enclosure=	defined	public
rss	RSS::Rss::Channel::Item	#	guid	added	public
rss	RSS::Rss::Channel::Item	#	guid=	added	public
rss	RSS::Rss::Channel::Item	#	link	defined	public
rss	RSS::Rss::Channel::Item	#	link=	defined	public
rss	RSS::Rss::Channel::Item	#	pubDate	added	public
rss	RSS::Rss::Channel::Item	#	pubDate=	added	public
rss	RSS::Rss::Channel::Item	#	source	defined	public
rss	RSS::Rss::Channel::Item	#	source=	defined	public
rss	RSS::Rss::Channel::Item	#	title	defined	public
rss	RSS::Rss::Channel::Item	#	title=	defined	public
rss	RSS::Rss::Channel::Item::Category	#	content	defined	public
rss	RSS::Rss::Channel::Item::Category	#	content=	defined	public
rss	RSS::Rss::Channel::Item::Category	#	domain	defined	public
rss	RSS::Rss::Channel::Item::Category	#	domain=	defined	public
rss	RSS::Rss::Channel::Item::Enclosure	#	length	defined	public
rss	RSS::Rss::Channel::Item::Enclosure	#	length=	defined	public
rss	RSS::Rss::Channel::Item::Enclosure	#	type	defined	public
rss	RSS::Rss::Channel::Item::Enclosure	#	type=	defined	public
rss	RSS::Rss::Channel::Item::Enclosure	#	url	defined	public
rss	RSS::Rss::Channel::Item::Enclosure	#	url=	defined	public
rss	RSS::Rss::Channel::Item::Guid	#	isPermaLink	defined	public
rss	RSS::Rss::Channel::Item::Source	#	content	defined	public
rss	RSS::Rss::Channel::Item::Source	#	content=	defined	public
rss	RSS::Rss::Channel::Item::Source	#	url	defined	public
rss	RSS::Rss::Channel::Item::Source	#	url=	defined	public
rss	RSS::Rss::Channel::SkipDays	#	day	defined	public
rss	RSS::Rss::Channel::SkipDays	#	day=	defined	public
rss	RSS::Rss::Channel::SkipDays	#	days	defined	public
rss	RSS::Rss::Channel::SkipHours	#	hour	defined	public
rss	RSS::Rss::Channel::SkipHours	#	hour=	defined	public
rss	RSS::Rss::Channel::SkipHours	#	hours	defined	public
rss	RSS::Rss::Channel::TextInput	#	description	defined	public
rss	RSS::Rss::Channel::TextInput	#	description=	defined	public
rss	RSS::Rss::Channel::TextInput	#	link	defined	public
rss	RSS::Rss::Channel::TextInput	#	link=	defined	public
rss	RSS::Rss::Channel::TextInput	#	name	defined	public
rss	RSS::Rss::Channel::TextInput	#	name=	defined	public
rss	RSS::Rss::Channel::TextInput	#	title	defined	public
rss	RSS::Rss::Channel::TextInput	#	title=	defined	public
rss	RSS::SyndicationModel	#	sy_updateBase	defined	public
rss	RSS::SyndicationModel	#	sy_updateBase=	defined	public
rss	RSS::SyndicationModel	#	sy_updateFrequency	defined	public
rss	RSS::SyndicationModel	#	sy_updateFrequency=	defined	public
rss	RSS::SyndicationModel	#	sy_updatePeriod	defined	public
rss	RSS::SyndicationModel	#	sy_updatePeriod=	defined	public
rss	RSS::TaxonomyTopicModel	#	taxo_topic	defined	public
rss	RSS::TaxonomyTopicModel	#	taxo_topic=	defined	public
rss	RSS::TaxonomyTopicModel::TaxonomyTopic	#	about	defined	public
rss	RSS::TaxonomyTopicModel::TaxonomyTopic	#	about=	defined	public
rss	RSS::TaxonomyTopicModel::TaxonomyTopic	#	date	defined	public
rss	RSS::TaxonomyTopicModel::TaxonomyTopic	#	date=	defined	public
rss	RSS::TaxonomyTopicModel::TaxonomyTopic	#	taxo_link	defined	public
rss	RSS::TaxonomyTopicModel::TaxonomyTopic	#	taxo_link=	defined	public
rss	RSS::TaxonomyTopicsModel	#	taxo_topics	defined	public
rss	RSS::TaxonomyTopicsModel::TaxonomyTopics	#	resources	defined	public
rss	RSS::TrackBackModel10::TrackBackAbout	#	resource	defined	public
rss	RSS::TrackBackModel10::TrackBackAbout	#	resource=	defined	public
rss	RSS::TrackBackModel10::TrackBackAbout	#	value	defined	public
rss	RSS::TrackBackModel10::TrackBackAbout	#	value=	defined	public
rss	RSS::TrackBackModel10::TrackBackPing	#	resource	defined	public
rss	RSS::TrackBackModel10::TrackBackPing	#	resource=	defined	public
rss	RSS::TrackBackModel10::TrackBackPing	#	value	defined	public
rss	RSS::TrackBackModel10::TrackBackPing	#	value=	defined	public
rss	RSS::TrackBackModel20::TrackBackAbout	#	content	defined	public
rss	RSS::TrackBackModel20::TrackBackAbout	#	content=	defined	public
rss	RSS::TrackBackModel20::TrackBackAbout	#	value	defined	public
rss	RSS::TrackBackModel20::TrackBackAbout	#	value=	defined	public
rss	RSS::TrackBackModel20::TrackBackPing	#	content	defined	public
rss	RSS::TrackBackModel20::TrackBackPing	#	content=	defined	public
rss	RSS::TrackBackModel20::TrackBackPing	#	value	defined	public
rss	RSS::TrackBackModel20::TrackBackPing	#	value=	defined	public
rss	RSS::XMLStyleSheet	#	alternate	defined	public
rss	RSS::XMLStyleSheet	#	alternate=	defined	public
rss	RSS::XMLStyleSheet	#	charset	defined	public
rss	RSS::XMLStyleSheet	#	charset=	defined	public
rss	RSS::XMLStyleSheet	#	href	defined	public
rss	RSS::XMLStyleSheet	#	href=	defined	public
rss	RSS::XMLStyleSheet	#	media	defined	public
rss	RSS::XMLStyleSheet	#	media=	defined	public
rss	RSS::XMLStyleSheet	#	title	defined	public
rss	RSS::XMLStyleSheet	#	title=	defined	public
rss	RSS::XMLStyleSheet	#	type	defined	public
rss	RSS::XMLStyleSheet	#	type=	defined	public
rss	RSS::XMLStyleSheetMixin	#	xml_stylesheets	defined	public
rss	RSS::XMLStyleSheetMixin	#	xml_stylesheets=	defined	public
racc/parser	Racc::Parser	#	do_parse	defined	private
racc/parser	Racc::Parser	#	next_token	defined	private
racc/parser	Racc::Parser	#	on_error	defined	private
racc/parser	Racc::Parser	#	token_to_str	defined	private
racc/parser	Racc::Parser	#	yyaccept	defined	private
racc/parser	Racc::Parser	#	yyerrok	defined	private
racc/parser	Racc::Parser	#	yyerror	defined	private
racc/parser	Racc::Parser	#	yyparse	defined	private
racc/parser	Racc::Parser	.	racc_runtime_type	defined	public
_builtin	Ractor	#	<<	defined	public
_builtin	Ractor	#	send	defined	public
_builtin	Ractor	#	[]	defined	public
_builtin	Ractor	#	[]=	defined	public
_builtin	Ractor	#	close_incoming	defined	public
_builtin	Ractor	#	close_outgoing	defined	public
_builtin	Ractor	#	name	defined	public
_builtin	Ractor	#	take	defined	public
_builtin	Ractor	.	[]	defined	public
_builtin	Ractor	.	[]=	defined	public
_builtin	Ractor	.	count	defined	public
_builtin	Ractor	.	current	defined	public
_builtin	Ractor	.	main	defined	public
_builtin	Ractor	.	main?	defined	public
_builtin	Ractor	.	make_shareable	defined	public
_builtin	Ractor	.	new	defined	public
_builtin	Ractor	.	receive	defined	public
_builtin	Ractor	.	recv	defined	public
_builtin	Ractor	.	receive_if	defined	public
_builtin	Ractor	.	select	defined	public
_builtin	Ractor	.	shareable?	defined	public
_builtin	Ractor	.	store_if_absent	defined	public
_builtin	Ractor	.	yield	defined	public
_builtin	Ractor::RemoteError	#	ractor	defined	public
rake	Rake	::	EARLY	defined	public
rake	Rake	::	EMPTY_TASK_ARGS	defined	public
rake	Rake	.	application	defined	public
rake	Rake	.	application=	defined	public
rake	Rake	.	original_dir	defined	public
rake	Rake::Application	::	DEFAULT_RAKEFILES	defined	public
rake	Rake::Application	#	add_loader	defined	public
rake	Rake::Application	#	init	defined	public
rake	Rake::Application	#	load_rakefile	defined	public
rake	Rake::Application	#	name	defined	public
rake	Rake::Application	#	options	defined	public
rake	Rake::Application	#	original_dir	defined	public
rake	Rake::Application	#	rakefile	defined	public
rake	Rake::Application	#	run	defined	public
rake	Rake::Application	#	top_level	defined	public
rake	Rake::Application	#	top_level_tasks	defined	public
rake	Rake::Application	#	tty_output=	defined	public
rake	Rake::Cloneable	#	clone	defined	public
rake	Rake::Cloneable	#	dup	defined	public
rake	Rake::DSL	#	desc	defined	private
rake	Rake::DSL	#	directory	defined	private
rake	Rake::DSL	#	file	defined	private
rake	Rake::DSL	#	file_create	defined	private
rake	Rake::DSL	#	import	defined	private
rake	Rake::DSL	#	multitask	defined	private
rake	Rake::DSL	#	namespace	defined	private
rake	Rake::DSL	#	rule	defined	private
rake	Rake::DSL	#	task	defined	private
rake	Rake::DefaultLoader	#	load	defined	public
rake	Rake::EarlyTime	#	<=>	defined	public
rake	Rake::EarlyTime	#	to_s	defined	public
rake	Rake::FileCreationTask	#	needed?	defined	public
rake	Rake::FileCreationTask	#	timestamp	defined	public
rake	Rake::FileList	::	ARRAY_METHODS	defined	public
rake	Rake::FileList	::	DEFAULT_IGNORE_PATTERNS	defined	public
rake	Rake::FileList	::	DEFAULT_IGNORE_PROCS	defined	public
rake	Rake::FileList	::	DELEGATING_METHODS	defined	public
rake	Rake::FileList	::	MUST_DEFINE	defined	public
rake	Rake::FileList	::	MUST_NOT_DEFINE	defined	public
rake	Rake::FileList	::	SPECIAL_RETURN	defined	public
rake	Rake::FileList	#	*	defined	public
rake	Rake::FileList	#	==	defined	public
rake	Rake::FileList	#	clear_exclude	defined	public
rake	Rake::FileList	#	egrep	defined	public
rake	Rake::FileList	#	exclude	defined	public
rake	Rake::FileList	#	excluded_from_list?	defined	public
rake	Rake::FileList	#	existing	defined	public
rake	Rake::FileList	#	existing!	defined	public
rake	Rake::FileList	#	ext	defined	public
rake	Rake::FileList	#	gsub	defined	public
rake	Rake::FileList	#	gsub!	defined	public
rake	Rake::FileList	#	import	defined	public
rake	Rake::FileList	#	include	defined	public
rake	Rake::FileList	#	is_a?	defined	public
rake	Rake::FileList	#	kind_of?	defined	public
rake	Rake::FileList	#	pathmap	defined	public
rake	Rake::FileList	#	resolve	defined	public
rake	Rake::FileList	#	sub	defined	public
rake	Rake::FileList	#	sub!	defined	public
rake	Rake::FileList	#	to_a	defined	public
rake	Rake::FileList	#	to_ary	defined	public
rake	Rake::FileList	#	to_s	defined	public
rake	Rake::FileList	.	[]	defined	public
rake	Rake::FileList	.	new	defined	public
rake	Rake::FileTask	#	needed?	defined	public
rake	Rake::FileTask	#	timestamp	defined	public
rake	Rake::FileTask	.	scope_name	defined	public
rake	Rake::InvocationChain	::	EMPTY	defined	public
rake	Rake::InvocationChain	#	append	defined	public
rake	Rake::InvocationChain	#	member?	defined	public
rake	Rake::InvocationChain	#	to_s	defined	public
rake	Rake::InvocationChain	.	append	defined	public
rake	Rake::InvocationChain	.	new	defined	public
rake	Rake::InvocationChain::EmptyInvocationChain	#	append	defined	public
rake	Rake::InvocationChain::EmptyInvocationChain	#	member?	defined	public
rake	Rake::InvocationChain::EmptyInvocationChain	#	to_s	defined	public
rake/loaders/makefile	Rake::MakefileLoader	#	load	defined	public
rake	Rake::NameSpace	#	[]	defined	public
rake	Rake::NameSpace	#	tasks	defined	public
rake	Rake::NameSpace	.	new	defined	public
rake/packagetask	Rake::PackageTask	#	define	defined	public
rake/packagetask	Rake::PackageTask	#	init	defined	public
rake/packagetask	Rake::PackageTask	#	name	defined	public
rake/packagetask	Rake::PackageTask	#	name=	defined	public
rake/packagetask	Rake::PackageTask	#	need_tar	defined	public
rake/packagetask	Rake::PackageTask	#	need_tar=	defined	public
rake/packagetask	Rake::PackageTask	#	need_tar_bz2	defined	public
rake/packagetask	Rake::PackageTask	#	need_tar_bz2=	defined	public
rake/packagetask	Rake::PackageTask	#	need_tar_gz	defined	public
rake/packagetask	Rake::PackageTask	#	need_tar_gz=	defined	public
rake/packagetask	Rake::PackageTask	#	need_zip	defined	public
rake/packagetask	Rake::PackageTask	#	need_zip=	defined	public
rake/packagetask	Rake::PackageTask	#	package_dir	defined	public
rake/packagetask	Rake::PackageTask	#	package_dir=	defined	public
rake/packagetask	Rake::PackageTask	#	package_dir_path	defined	public
rake/packagetask	Rake::PackageTask	#	package_files	defined	public
rake/packagetask	Rake::PackageTask	#	package_files=	defined	public
rake/packagetask	Rake::PackageTask	#	package_name	defined	public
rake/packagetask	Rake::PackageTask	#	tar_bz2_file	defined	public
rake/packagetask	Rake::PackageTask	#	tar_command	defined	public
rake/packagetask	Rake::PackageTask	#	tar_command=	defined	public
rake/packagetask	Rake::PackageTask	#	tar_gz_file	defined	public
rake/packagetask	Rake::PackageTask	#	tgz_file	defined	public
rake/packagetask	Rake::PackageTask	#	version	defined	public
rake/packagetask	Rake::PackageTask	#	version=	defined	public
rake/packagetask	Rake::PackageTask	#	zip_command	defined	public
rake/packagetask	Rake::PackageTask	#	zip_command=	defined	public
rake/packagetask	Rake::PackageTask	#	zip_file	defined	public
rake/packagetask	Rake::PackageTask	.	new	defined	public
rake	Rake::Task	#	actions	defined	public
rake	Rake::Task	#	add_description	defined	public
rake	Rake::Task	#	application	defined	public
rake	Rake::Task	#	application=	defined	public
rake	Rake::Task	#	arg_description	defined	public
rake	Rake::Task	#	arg_names	defined	public
rake	Rake::Task	#	clear	defined	public
rake	Rake::Task	#	clear_actions	defined	public
rake	Rake::Task	#	clear_prerequisites	defined	public
rake	Rake::Task	#	comment	defined	public
rake	Rake::Task	#	comment=	defined	public
rake	Rake::Task	#	enhance	defined	public
rake	Rake::Task	#	execute	defined	public
rake	Rake::Task	#	full_comment	defined	public
rake	Rake::Task	#	inspect	defined	public
rake	Rake::Task	#	investigation	defined	public
rake	Rake::Task	#	invoke	defined	public
rake	Rake::Task	#	name	defined	public
rake	Rake::Task	#	needed?	defined	public
rake	Rake::Task	#	prerequisites	defined	public
rake	Rake::Task	#	reenable	defined	public
rake	Rake::Task	#	scope	defined	public
rake	Rake::Task	#	set_arg_names	defined	public
rake	Rake::Task	#	source	defined	public
rake	Rake::Task	#	sources	defined	public
rake	Rake::Task	#	sources=	defined	public
rake	Rake::Task	#	timestamp	defined	public
rake	Rake::Task	#	to_s	defined	public
rake	Rake::Task	.	[]	defined	public
rake	Rake::Task	.	clear	defined	public
rake	Rake::Task	.	create_rule	defined	public
rake	Rake::Task	.	define_task	defined	public
rake	Rake::Task	.	new	defined	public
rake	Rake::Task	.	scope_name	defined	public
rake	Rake::Task	.	task_defined?	defined	public
rake	Rake::Task	.	tasks	defined	public
rake	Rake::TaskArguments	#	[]	defined	public
rake	Rake::TaskArguments	#	each	defined	public
rake	Rake::TaskArguments	#	inspect	defined	public
rake	Rake::TaskArguments	#	to_s	defined	public
rake	Rake::TaskArguments	#	lookup	defined	protected
rake	Rake::TaskArguments	#	names	defined	public
rake	Rake::TaskArguments	#	new_scope	defined	public
rake	Rake::TaskArguments	#	to_hash	defined	public
rake	Rake::TaskArguments	#	with_defaults	defined	public
rake	Rake::TaskArguments	.	new	defined	public
rake	Rake::TaskManager	#	[]	defined	public
rake	Rake::TaskManager	#	clear	defined	public
rake	Rake::TaskManager	#	create_rule	defined	public
rake	Rake::TaskManager	#	current_scope	defined	public
rake	Rake::TaskManager	#	define_task	defined	public
rake	Rake::TaskManager	#	enhance_with_matching_rule	defined	public
rake	Rake::TaskManager	#	in_namespace	defined	public
rake	Rake::TaskManager	#	intern	defined	public
rake	Rake::TaskManager	#	last_comment	defined	public
rake	Rake::TaskManager	#	last_description	defined	public
rake	Rake::TaskManager	#	last_description=	defined	public
rake	Rake::TaskManager	#	lookup	defined	public
rake	Rake::TaskManager	#	resolve_args	defined	public
rake	Rake::TaskManager	#	synthesize_file_task	defined	public
rake	Rake::TaskManager	#	tasks	defined	public
rake/testtask	Rake::TestTask	#	define	defined	public
rake/testtask	Rake::TestTask	#	libs	defined	public
rake/testtask	Rake::TestTask	#	libs=	defined	public
rake/testtask	Rake::TestTask	#	loader	defined	public
rake/testtask	Rake::TestTask	#	loader=	defined	public
rake/testtask	Rake::TestTask	#	name	defined	public
rake/testtask	Rake::TestTask	#	name=	defined	public
rake/testtask	Rake::TestTask	#	options	defined	public
rake/testtask	Rake::TestTask	#	options=	defined	public
rake/testtask	Rake::TestTask	#	pattern	defined	public
rake/testtask	Rake::TestTask	#	pattern=	defined	public
rake/testtask	Rake::TestTask	#	ruby_opts	defined	public
rake/testtask	Rake::TestTask	#	ruby_opts=	defined	public
rake/testtask	Rake::TestTask	#	test_files=	defined	public
rake/testtask	Rake::TestTask	#	verbose	defined	public
rake/testtask	Rake::TestTask	#	verbose=	defined	public
rake/testtask	Rake::TestTask	#	warning	defined	public
rake/testtask	Rake::TestTask	#	warning=	defined	public
rake/testtask	Rake::TestTask	.	new	defined	public
rake	RakeFileUtils	#	nowrite	defined	public
rake	RakeFileUtils	#	verbose	defined	public
rake	RakeFileUtils	#	when_writing	defined	public
rake	RakeFileUtils	.	nowrite_flag	defined	public
rake	RakeFileUtils	.	nowrite_flag=	defined	public
rake	RakeFileUtils	.	verbose_flag	defined	public
rake	RakeFileUtils	.	verbose_flag=	defined	public
_builtin	Random	#	==	defined	public
_builtin	Random	#	bytes	defined	public
_builtin	Random	#	left	defined	private
_builtin	Random	#	marshal_dump	defined	private
_builtin	Random	#	marshal_load	defined	private
_builtin	Random	#	rand	defined	public
_builtin	Random	#	seed	defined	public
_builtin	Random	#	state	defined	private
_builtin	Random	.	bytes	defined	public
_builtin	Random	.	left	defined	private
_builtin	Random	.	new	defined	public
_builtin	Random	.	new_seed	defined	public
_builtin	Random	.	rand	defined	public
_builtin	Random	.	seed	defined	public
_builtin	Random	.	srand	defined	public
_builtin	Random	.	state	defined	private
_builtin	Random	.	urandom	defined	public
_builtin	Random::Formatter	#	alphanumeric	defined	public
_builtin	Range	#	%	defined	public
_builtin	Range	#	step	defined	public
_builtin	Range	#	==	defined	public
_builtin	Range	#	===	defined	public
_builtin	Range	#	begin	defined	public
_builtin	Range	#	first	defined	public
_builtin	Range	#	bsearch	defined	public
_builtin	Range	#	cover?	defined	public
_builtin	Range	#	each	defined	public
_builtin	Range	#	end	defined	public
_builtin	Range	#	last	defined	public
_builtin	Range	#	entries	defined	public
_builtin	Range	#	to_a	defined	public
_builtin	Range	#	eql?	defined	public
_builtin	Range	#	exclude_end?	defined	public
_builtin	Range	#	hash	defined	public
_builtin	Range	#	include?	defined	public
_builtin	Range	#	member?	defined	public
_builtin	Range	#	inspect	defined	public
_builtin	Range	#	max	defined	public
_builtin	Range	#	min	defined	public
_builtin	Range	#	minmax	defined	public
_builtin	Range	#	overlap?	defined	public
_builtin	Range	#	reverse_each	defined	public
_builtin	Range	#	size	defined	public
json/add/range	Range	#	to_json	added	public
_builtin	Range	#	to_s	defined	public
json/add/range	Range	.	json_create	added	public
_builtin	Range	.	new	defined	public
_builtin	Rational	#	*	defined	public
_builtin	Rational	#	**	defined	public
_builtin	Rational	#	+	defined	public
_builtin	Rational	#	-	defined	public
_builtin	Rational	#	-@	defined	public
_builtin	Rational	#	/	defined	public
_builtin	Rational	#	quo	defined	public
_builtin	Rational	#	<=>	defined	public
_builtin	Rational	#	==	defined	public
_builtin	Rational	#	abs	defined	public
_builtin	Rational	#	magnitude	defined	public
_builtin	Rational	#	ceil	defined	public
_builtin	Rational	#	coerce	defined	public
_builtin	Rational	#	denominator	defined	public
_builtin	Rational	#	fdiv	defined	public
_builtin	Rational	#	floor	defined	public
_builtin	Rational	#	hash	defined	public
_builtin	Rational	#	inspect	defined	public
_builtin	Rational	#	marshal_dump	defined	private
_builtin	Rational	#	negative?	defined	public
_builtin	Rational	#	numerator	defined	public
_builtin	Rational	#	positive?	defined	public
_builtin	Rational	#	rationalize	defined	public
_builtin	Rational	#	round	defined	public
bigdecimal/util	Rational	#	to_d	added	public
_builtin	Rational	#	to_f	defined	public
_builtin	Rational	#	to_i	defined	public
_builtin	Rational	#	truncate	defined	public
json/add/rational	Rational	#	to_json	added	public
_builtin	Rational	#	to_r	defined	public
_builtin	Rational	#	to_s	defined	public
_builtin	Rational	.	convert	defined	private
json/add/rational	Rational	.	json_create	added	public
rbconfig	RbConfig	::	CONFIG	defined	public
rbconfig	RbConfig	::	DESTDIR	defined	public
rbconfig/sizeof	RbConfig	::	LIMITS	added	public
rbconfig	RbConfig	::	MAKEFILE_CONFIG	defined	public
rbconfig/sizeof	RbConfig	::	SIZEOF	added	public
rbconfig	RbConfig	::	TOPDIR	defined	public
rbconfig	RbConfig	.	expand	defined	public
rbconfig	RbConfig	.	ruby	defined	public
readline	Readline	::	FILENAME_COMPLETION_PROC	defined	public
readline	Readline	::	USERNAME_COMPLETION_PROC	defined	public
readline	Readline	::	VERSION	defined	public
readline	Readline	.#	readline	defined	public
readline	Readline	.	basic_quote_characters	defined	public
readline	Readline	.	basic_quote_characters=	defined	public
readline	Readline	.	basic_word_break_characters	defined	public
readline	Readline	.	basic_word_break_characters=	defined	public
readline	Readline	.	completer_quote_characters	defined	public
readline	Readline	.	completer_quote_characters=	defined	public
readline	Readline	.	completer_word_break_characters	defined	public
readline	Readline	.	completer_word_break_characters=	defined	public
readline	Readline	.	completion_append_character	defined	public
readline	Readline	.	completion_append_character=	defined	public
readline	Readline	.	completion_case_fold	defined	public
readline	Readline	.	completion_case_fold=	defined	public
readline	Readline	.	completion_proc	defined	public
readline	Readline	.	completion_proc=	defined	public
readline	Readline	.	emacs_editing_mode	defined	public
readline	Readline	.	filename_quote_characters	defined	public
readline	Readline	.	filename_quote_characters=	defined	public
readline	Readline	.	get_screen_size	defined	public
readline	Readline	.	input=	defined	public
readline	Readline	.	output=	defined	public
readline	Readline	.	set_screen_size	defined	public
readline	Readline	.	vi_editing_mode	defined	public
readline	Readline::HISTORY	.	<<	defined	public
readline	Readline::HISTORY	.	[]	defined	public
readline	Readline::HISTORY	.	[]=	defined	public
readline	Readline::HISTORY	.	clear	defined	public
readline	Readline::HISTORY	.	delete_at	defined	public
readline	Readline::HISTORY	.	each	defined	public
readline	Readline::HISTORY	.	empty?	defined	public
readline	Readline::HISTORY	.	length	defined	public
readline	Readline::HISTORY	.	size	defined	public
readline	Readline::HISTORY	.	pop	defined	public
readline	Readline::HISTORY	.	push	defined	public
readline	Readline::HISTORY	.	shift	defined	public
readline	Readline::HISTORY	.	to_s	defined	public
_builtin	Refinement	#	import_methods	defined	private
_builtin	Refinement	#	target	defined	public
_builtin	Regexp	::	EXTENDED	defined	public
_builtin	Regexp	::	FIXEDENCODING	defined	public
_builtin	Regexp	::	IGNORECASE	defined	public
_builtin	Regexp	::	MULTILINE	defined	public
_builtin	Regexp	::	NOENCODING	defined	public
_builtin	Regexp	#	==	defined	public
_builtin	Regexp	#	eql?	defined	public
_builtin	Regexp	#	===	defined	public
_builtin	Regexp	#	=~	defined	public
_builtin	Regexp	#	~	defined	public
_builtin	Regexp	#	casefold?	defined	public
_builtin	Regexp	#	encoding	defined	public
_builtin	Regexp	#	fixed_encoding?	defined	public
_builtin	Regexp	#	hash	defined	public
_builtin	Regexp	#	inspect	defined	public
_builtin	Regexp	#	match	defined	public
_builtin	Regexp	#	match?	defined	public
_builtin	Regexp	#	named_captures	defined	public
_builtin	Regexp	#	names	defined	public
_builtin	Regexp	#	options	defined	public
_builtin	Regexp	#	source	defined	public
_builtin	Regexp	#	timeout	defined	public
json/add/regexp	Regexp	#	to_json	added	public
_builtin	Regexp	#	to_s	defined	public
_builtin	Regexp	.	compile	defined	public
_builtin	Regexp	.	new	defined	public
_builtin	Regexp	.	escape	defined	public
_builtin	Regexp	.	quote	defined	public
json/add/regexp	Regexp	.	json_create	added	public
_builtin	Regexp	.	last_match	defined	public
_builtin	Regexp	.	linear_time?	defined	public
_builtin	Regexp	.	timeout	defined	public
_builtin	Regexp	.	timeout=	defined	public
_builtin	Regexp	.	try_convert	defined	public
_builtin	Regexp	.	union	defined	public
reline	Reline	.	auto_indent_proc	defined	public
reline	Reline	.	auto_indent_proc=	defined	public
reline	Reline	.	autocompletion	defined	public
reline	Reline	.	autocompletion=	defined	public
reline	Reline	.	basic_quote_characters	defined	public
reline	Reline	.	basic_quote_characters=	defined	public
reline	Reline	.	basic_word_break_characters	defined	public
reline	Reline	.	basic_word_break_characters=	defined	public
reline	Reline	.	completer_quote_characters	defined	public
reline	Reline	.	completer_quote_characters=	defined	public
reline	Reline	.	completer_word_break_characters	defined	public
reline	Reline	.	completer_word_break_characters=	defined	public
reline	Reline	.	completion_append_character	defined	public
reline	Reline	.	completion_append_character=	defined	public
reline	Reline	.	completion_case_fold	defined	public
reline	Reline	.	completion_case_fold=	defined	public
reline	Reline	.	completion_proc	defined	public
reline	Reline	.	completion_proc=	defined	public
reline	Reline	.	completion_quote_character	defined	public
reline	Reline	.	dig_perfect_match_proc	defined	public
reline	Reline	.	dig_perfect_match_proc=	defined	public
reline	Reline	.	emacs_editing_mode	defined	public
reline	Reline	.	emacs_editing_mode?	defined	public
reline	Reline	.	filename_quote_characters	defined	public
reline	Reline	.	filename_quote_characters=	defined	public
reline	Reline	.	get_screen_size	defined	public
reline	Reline	.	input=	defined	public
reline	Reline	.	output=	defined	public
reline	Reline	.	output_modifier_proc	defined	public
reline	Reline	.	output_modifier_proc=	defined	public
reline	Reline	.	pre_input_hook	defined	public
reline	Reline	.	pre_input_hook=	defined	public
reline	Reline	.	prompt_proc	defined	public
reline	Reline	.	prompt_proc=	defined	public
reline	Reline	.	readline	defined	public
reline	Reline	.	readmultiline	defined	public
reline	Reline	.	special_prefixes	defined	public
reline	Reline	.	special_prefixes=	defined	public
reline	Reline	.	vi_editing_mode	defined	public
reline	Reline	.	vi_editing_mode?	defined	public
reline	Reline::Face	.	config	defined	public
reline	Reline::Face	.	configs	defined	public
reline	Reline::Face	.	force_truecolor	defined	public
reline	Reline::Face	.	truecolor?	defined	public
resolv	Resolv	::	AddressRegex	defined	public
resolv	Resolv	::	DefaultResolver	defined	public
resolv	Resolv	#	each_address	defined	public
resolv	Resolv	#	each_name	defined	public
resolv	Resolv	#	getaddress	defined	public
resolv	Resolv	#	getaddresses	defined	public
resolv	Resolv	#	getname	defined	public
resolv	Resolv	#	getnames	defined	public
resolv	Resolv	.	each_address	defined	public
resolv	Resolv	.	each_name	defined	public
resolv	Resolv	.	getaddress	defined	public
resolv	Resolv	.	getaddresses	defined	public
resolv	Resolv	.	getname	defined	public
resolv	Resolv	.	getnames	defined	public
resolv	Resolv	.	new	defined	public
resolv	Resolv::DNS	::	Port	defined	public
resolv	Resolv::DNS	::	UDPSize	defined	public
resolv	Resolv::DNS	#	close	defined	public
resolv	Resolv::DNS	#	each_address	defined	public
resolv	Resolv::DNS	#	each_name	defined	public
resolv	Resolv::DNS	#	each_resource	defined	public
resolv	Resolv::DNS	#	getaddress	defined	public
resolv	Resolv::DNS	#	getaddresses	defined	public
resolv	Resolv::DNS	#	getname	defined	public
resolv	Resolv::DNS	#	getnames	defined	public
resolv	Resolv::DNS	#	getresource	defined	public
resolv	Resolv::DNS	#	getresources	defined	public
resolv	Resolv::DNS	#	timeouts=	defined	public
resolv	Resolv::DNS	.	new	defined	public
resolv	Resolv::DNS	.	open	defined	public
resolv	Resolv::DNS::Name	#	absolute?	defined	public
resolv	Resolv::DNS::Name	#	subdomain_of?	defined	public
resolv	Resolv::DNS::Name	#	to_s	defined	public
resolv	Resolv::DNS::Name	.	create	defined	public
resolv	Resolv::DNS::Name	.	new	defined	public
resolv	Resolv::DNS::Resource::DomainName	#	name	defined	public
resolv	Resolv::DNS::Resource::HINFO	#	cpu	defined	public
resolv	Resolv::DNS::Resource::HINFO	#	os	defined	public
resolv	Resolv::DNS::Resource::HINFO	.	new	defined	public
resolv	Resolv::DNS::Resource::IN::A	#	address	defined	public
resolv	Resolv::DNS::Resource::IN::A	.	new	defined	public
resolv	Resolv::DNS::Resource::IN::AAAA	#	address	defined	public
resolv	Resolv::DNS::Resource::IN::AAAA	.	new	defined	public
resolv	Resolv::DNS::Resource::IN::SRV	#	port	defined	public
resolv	Resolv::DNS::Resource::IN::SRV	#	priority	defined	public
resolv	Resolv::DNS::Resource::IN::SRV	#	target	defined	public
resolv	Resolv::DNS::Resource::IN::SRV	#	weight	defined	public
resolv	Resolv::DNS::Resource::IN::SRV	.	new	defined	public
resolv	Resolv::DNS::Resource::IN::WKS	#	address	defined	public
resolv	Resolv::DNS::Resource::IN::WKS	#	bitmap	defined	public
resolv	Resolv::DNS::Resource::IN::WKS	#	protocol	defined	public
resolv	Resolv::DNS::Resource::IN::WKS	.	new	defined	public
resolv	Resolv::DNS::Resource::MINFO	#	emailbx	defined	public
resolv	Resolv::DNS::Resource::MINFO	#	rmailbx	defined	public
resolv	Resolv::DNS::Resource::MINFO	.	new	defined	public
resolv	Resolv::DNS::Resource::MX	#	exchange	defined	public
resolv	Resolv::DNS::Resource::MX	#	preference	defined	public
resolv	Resolv::DNS::Resource::MX	.	new	defined	public
resolv	Resolv::DNS::Resource::SOA	#	expire	defined	public
resolv	Resolv::DNS::Resource::SOA	#	minimum	defined	public
resolv	Resolv::DNS::Resource::SOA	#	mname	defined	public
resolv	Resolv::DNS::Resource::SOA	#	refresh	defined	public
resolv	Resolv::DNS::Resource::SOA	#	retry	defined	public
resolv	Resolv::DNS::Resource::SOA	#	rname	defined	public
resolv	Resolv::DNS::Resource::SOA	#	serial	defined	public
resolv	Resolv::DNS::Resource::SOA	.	new	defined	public
resolv	Resolv::DNS::Resource::TXT	#	data	defined	public
resolv	Resolv::DNS::Resource::TXT	#	strings	defined	public
resolv	Resolv::DNS::Resource::TXT	.	new	defined	public
resolv	Resolv::Hosts	::	DefaultFileName	defined	public
resolv	Resolv::Hosts	#	each_address	defined	public
resolv	Resolv::Hosts	#	each_name	defined	public
resolv	Resolv::Hosts	#	getaddress	defined	public
resolv	Resolv::Hosts	#	getaddresses	defined	public
resolv	Resolv::Hosts	#	getname	defined	public
resolv	Resolv::Hosts	#	getnames	defined	public
resolv	Resolv::Hosts	.	new	defined	public
resolv	Resolv::IPv4	::	Regex	defined	public
resolv	Resolv::IPv4	#	address	defined	public
resolv	Resolv::IPv4	#	to_name	defined	public
resolv	Resolv::IPv4	#	to_s	defined	public
resolv	Resolv::IPv4	.	create	defined	public
resolv	Resolv::IPv4	.	new	defined	public
resolv	Resolv::IPv6	::	Regex	defined	public
resolv	Resolv::IPv6	::	Regex_6Hex4Dec	defined	public
resolv	Resolv::IPv6	::	Regex_8Hex	defined	public
resolv	Resolv::IPv6	::	Regex_CompressedHex	defined	public
resolv	Resolv::IPv6	::	Regex_CompressedHex4Dec	defined	public
resolv	Resolv::IPv6	#	address	defined	public
resolv	Resolv::IPv6	#	to_name	defined	public
resolv	Resolv::IPv6	#	to_s	defined	public
resolv	Resolv::IPv6	.	create	defined	public
resolv	Resolv::IPv6	.	new	defined	public
rinda/rinda	Rinda::DRbObjectTemplate	#	===	defined	public
rinda/rinda	Rinda::DRbObjectTemplate	.	new	defined	public
rinda/rinda	Rinda::SimpleRenewer	#	renew	defined	public
rinda/rinda	Rinda::SimpleRenewer	.	new	defined	public
rinda/tuplespace	Rinda::TupleEntry	#	[]	defined	public
rinda/tuplespace	Rinda::TupleEntry	#	alive?	defined	public
rinda/tuplespace	Rinda::TupleEntry	#	cancel	defined	public
rinda/tuplespace	Rinda::TupleEntry	#	canceled?	defined	public
rinda/tuplespace	Rinda::TupleEntry	#	expired?	defined	public
rinda/tuplespace	Rinda::TupleEntry	#	expires	defined	public
rinda/tuplespace	Rinda::TupleEntry	#	expires=	defined	public
rinda/tuplespace	Rinda::TupleEntry	#	fetch	defined	public
rinda/tuplespace	Rinda::TupleEntry	#	renew	defined	public
rinda/tuplespace	Rinda::TupleEntry	#	size	defined	public
rinda/tuplespace	Rinda::TupleEntry	#	value	defined	public
rinda/tuplespace	Rinda::TupleSpace	#	notify	defined	public
rinda/tuplespace	Rinda::TupleSpace	#	read	defined	public
rinda/tuplespace	Rinda::TupleSpace	#	read_all	defined	public
rinda/tuplespace	Rinda::TupleSpace	#	take	defined	public
rinda/tuplespace	Rinda::TupleSpace	#	write	defined	public
rinda/tuplespace	Rinda::TupleSpace	.	new	defined	public
rinda/rinda	Rinda::TupleSpaceProxy	#	notify	defined	public
rinda/rinda	Rinda::TupleSpaceProxy	#	read	defined	public
rinda/rinda	Rinda::TupleSpaceProxy	#	read_all	defined	public
rinda/rinda	Rinda::TupleSpaceProxy	#	take	defined	public
rinda/rinda	Rinda::TupleSpaceProxy	#	write	defined	public
rinda/rinda	Rinda::TupleSpaceProxy	.	new	defined	public
ripper	Ripper	::	EVENTS	defined	private
ripper	Ripper	::	PARSER_EVENTS	defined	private
ripper	Ripper	::	PARSER_EVENT_TABLE	defined	private
ripper	Ripper	::	SCANNER_EVENTS	defined	private
ripper	Ripper	::	SCANNER_EVENT_TABLE	defined	private
ripper	Ripper	::	Version	defined	private
ripper	Ripper	#	column	defined	public
ripper	Ripper	#	compile_error	defined	private
ripper	Ripper	#	encoding	defined	public
ripper	Ripper	#	end_seen?	defined	public
ripper	Ripper	#	filename	defined	public
ripper	Ripper	#	lineno	defined	public
ripper	Ripper	#	parse	defined	public
ripper	Ripper	#	warn	defined	private
ripper	Ripper	#	warning	defined	private
ripper	Ripper	#	yydebug	defined	public
ripper	Ripper	#	yydebug=	defined	public
ripper/lexer	Ripper	.	lex	added	public
ripper	Ripper	.	new	defined	public
ripper	Ripper	.	parse	defined	public
ripper/sexp	Ripper	.	sexp	added	public
ripper/sexp	Ripper	.	sexp_raw	added	public
ripper/lexer	Ripper	.	slice	added	public
ripper/lexer	Ripper	.	token_match	added	public
ripper/lexer	Ripper	.	tokenize	added	public
ripper/filter	Ripper::Filter	#	column	defined	public
ripper/filter	Ripper::Filter	#	filename	defined	public
ripper/filter	Ripper::Filter	#	lineno	defined	public
ripper/filter	Ripper::Filter	#	on_XXX	defined	private
ripper/filter	Ripper::Filter	#	on_default	defined	private
ripper/filter	Ripper::Filter	#	parse	defined	public
ripper/filter	Ripper::Filter	.	new	defined	public
ripper/lexer	Ripper::Lexer	#	lex	defined	public
ripper/lexer	Ripper::Lexer	#	parse	defined	public
ripper/lexer	Ripper::Lexer	#	tokenize	defined	public
_builtin	RubyVM	::	DEFAULT_PARAMS	defined	public
_builtin	RubyVM	::	INSTRUCTION_NAMES	defined	public
_builtin	RubyVM	::	OPTS	defined	public
_builtin	RubyVM	.	stat	defined	public
_builtin	RubyVM::AbstractSyntaxTree	.	node_id_for_backtrace_location	defined	public
_builtin	RubyVM::AbstractSyntaxTree	.	of	defined	public
_builtin	RubyVM::AbstractSyntaxTree	.	parse	defined	public
_builtin	RubyVM::AbstractSyntaxTree	.	parse_file	defined	public
_builtin	RubyVM::AbstractSyntaxTree::Location	#	first_column	defined	public
_builtin	RubyVM::AbstractSyntaxTree::Location	#	first_lineno	defined	public
_builtin	RubyVM::AbstractSyntaxTree::Location	#	last_column	defined	public
_builtin	RubyVM::AbstractSyntaxTree::Location	#	last_lineno	defined	public
_builtin	RubyVM::AbstractSyntaxTree::Node	#	all_tokens	defined	public
_builtin	RubyVM::AbstractSyntaxTree::Node	#	children	defined	public
_builtin	RubyVM::AbstractSyntaxTree::Node	#	first_column	defined	public
_builtin	RubyVM::AbstractSyntaxTree::Node	#	first_lineno	defined	public
_builtin	RubyVM::AbstractSyntaxTree::Node	#	inspect	defined	public
_builtin	RubyVM::AbstractSyntaxTree::Node	#	last_column	defined	public
_builtin	RubyVM::AbstractSyntaxTree::Node	#	last_lineno	defined	public
_builtin	RubyVM::AbstractSyntaxTree::Node	#	locations	defined	public
_builtin	RubyVM::AbstractSyntaxTree::Node	#	node_id	defined	public
_builtin	RubyVM::AbstractSyntaxTree::Node	#	script_lines	defined	public
_builtin	RubyVM::AbstractSyntaxTree::Node	#	source	defined	public
_builtin	RubyVM::AbstractSyntaxTree::Node	#	tokens	defined	public
_builtin	RubyVM::AbstractSyntaxTree::Node	#	type	defined	public
_builtin	RubyVM::InstructionSequence	#	absolute_path	defined	public
_builtin	RubyVM::InstructionSequence	#	base_label	defined	public
_builtin	RubyVM::InstructionSequence	#	disasm	defined	public
_builtin	RubyVM::InstructionSequence	#	disassemble	defined	public
_builtin	RubyVM::InstructionSequence	#	eval	defined	public
_builtin	RubyVM::InstructionSequence	#	first_lineno	defined	public
_builtin	RubyVM::InstructionSequence	#	inspect	defined	public
_builtin	RubyVM::InstructionSequence	#	label	defined	public
_builtin	RubyVM::InstructionSequence	#	path	defined	public
_builtin	RubyVM::InstructionSequence	#	to_a	defined	public
_builtin	RubyVM::InstructionSequence	#	to_binary	defined	public
_builtin	RubyVM::InstructionSequence	.	compile	defined	public
_builtin	RubyVM::InstructionSequence	.	new	defined	public
_builtin	RubyVM::InstructionSequence	.	compile_file	defined	public
_builtin	RubyVM::InstructionSequence	.	compile_option	defined	public
_builtin	RubyVM::InstructionSequence	.	compile_option=	defined	public
_builtin	RubyVM::InstructionSequence	.	disasm	defined	public
_builtin	RubyVM::InstructionSequence	.	disassemble	defined	public
_builtin	RubyVM::InstructionSequence	.	load_from_binary	defined	public
_builtin	RubyVM::InstructionSequence	.	load_from_binary_extra_data	defined	public
_builtin	RubyVM::InstructionSequence	.	of	defined	public
_builtin	RubyVM::YJIT	.	code_gc	defined	public
_builtin	RubyVM::YJIT	.	dump_exit_locations	defined	public
_builtin	RubyVM::YJIT	.	enable	defined	public
_builtin	RubyVM::YJIT	.	enabled?	defined	public
_builtin	RubyVM::YJIT	.	log	defined	public
_builtin	RubyVM::YJIT	.	log_enabled?	defined	public
_builtin	RubyVM::YJIT	.	reset_stats!	defined	public
_builtin	RubyVM::YJIT	.	runtime_stats	defined	public
_builtin	RubyVM::YJIT	.	stats_enabled?	defined	public
_builtin	RubyVM::YJIT	.	stats_string	defined	public
socket	SOCKSSocket	#	close	defined	public
resolv-replace	SOCKSSocket	.	new	redefined	public
socket	SOCKSSocket	.	new	defined	public
socket	SOCKSSocket	.	open	defined	public
securerandom	SecureRandom	.	alphanumeric	defined	public
securerandom	SecureRandom	.	base64	defined	public
securerandom	SecureRandom	.	hex	defined	public
securerandom	SecureRandom	.	random_bytes	defined	public
securerandom	SecureRandom	.	random_number	defined	public
securerandom	SecureRandom	.	urlsafe_base64	defined	public
securerandom	SecureRandom	.	uuid	defined	public
_builtin	Set	#	&	defined	public
_builtin	Set	#	intersection	defined	public
_builtin	Set	#	+	defined	public
_builtin	Set	#	union	defined	public
_builtin	Set	#	|	defined	public
_builtin	Set	#	-	defined	public
_builtin	Set	#	difference	defined	public
_builtin	Set	#	<	defined	public
_builtin	Set	#	<=	defined	public
_builtin	Set	#	proper_subset?	defined	public
_builtin	Set	#	subset?	defined	public
_builtin	Set	#	<<	defined	public
_builtin	Set	#	add	defined	public
_builtin	Set	#	add?	defined	public
_builtin	Set	#	==	defined	public
_builtin	Set	#	===	defined	public
_builtin	Set	#	include?	defined	public
_builtin	Set	#	member?	defined	public
_builtin	Set	#	>	defined	public
_builtin	Set	#	>=	defined	public
_builtin	Set	#	proper_superset?	defined	public
_builtin	Set	#	superset?	defined	public
_builtin	Set	#	^	defined	public
_builtin	Set	#	classify	defined	public
_builtin	Set	#	clear	defined	public
_builtin	Set	#	clone	defined	public
_builtin	Set	#	dup	defined	public
_builtin	Set	#	collect!	defined	public
_builtin	Set	#	map!	defined	public
_builtin	Set	#	compare_by_identity	defined	public
_builtin	Set	#	compare_by_identity?	defined	public
_builtin	Set	#	delete	defined	public
_builtin	Set	#	delete?	defined	public
_builtin	Set	#	delete_if	defined	public
_builtin	Set	#	reject!	defined	public
_builtin	Set	#	disjoint?	defined	public
_builtin	Set	#	divide	defined	public
_builtin	Set	#	each	defined	public
_builtin	Set	#	empty?	defined	public
_builtin	Set	#	filter!	defined	public
_builtin	Set	#	select!	defined	public
_builtin	Set	#	flatten	defined	public
_builtin	Set	#	flatten!	defined	public
_builtin	Set	#	inspect	defined	public
_builtin	Set	#	to_s	defined	public
_builtin	Set	#	intersect?	defined	public
_builtin	Set	#	join	defined	public
_builtin	Set	#	keep_if	defined	public
_builtin	Set	#	length	defined	public
_builtin	Set	#	size	defined	public
_builtin	Set	#	merge	defined	public
_builtin	Set	#	replace	defined	public
_builtin	Set	#	reset	defined	public
_builtin	Set	#	subtract	defined	public
_builtin	Set	#	to_a	defined	public
_builtin	Set	.	[]	defined	public
_builtin	Set	.	new	defined	public
shellwords	Shellwords	.#	shellescape	defined	public
shellwords	Shellwords	.#	shelljoin	defined	public
shellwords	Shellwords	.#	shellsplit	defined	public
shellwords	Shellwords	.#	shellwords	defined	public
shellwords	Shellwords	.	escape	defined	public
shellwords	Shellwords	.	join	defined	public
shellwords	Shellwords	.	split	defined	public
_builtin	Signal	.#	list	defined	public
_builtin	Signal	.#	signame	defined	public
_builtin	Signal	.#	trap	defined	public
_builtin	SignalException	#	signm	defined	public
_builtin	SignalException	#	signo	defined	public
_builtin	SignalException	.	new	defined	public
delegate	SimpleDelegator	#	__getobj__	defined	public
delegate	SimpleDelegator	#	__setobj__	defined	public
delegate	SimpleDelegator	.	new	defined	public
forwardable	SingleForwardable	#	def_delegator	defined	public
forwardable	SingleForwardable	#	def_single_delegator	defined	public
forwardable	SingleForwardable	#	def_delegators	defined	public
forwardable	SingleForwardable	#	def_single_delegators	defined	public
forwardable	SingleForwardable	#	delegate	defined	public
forwardable	SingleForwardable	#	single_delegate	defined	public
singleton	Singleton	#	clone	defined	public
singleton	Singleton	#	dup	defined	public
singleton	Singleton	.	instance	defined	public
socket	Socket	::	AF_APPLETALK	defined	public
socket	Socket	::	PF_APPLETALK	defined	public
socket	Socket	::	AF_ATM	defined	public
socket	Socket	::	PF_ATM	defined	public
socket	Socket	::	AF_AX25	defined	public
socket	Socket	::	PF_AX25	defined	public
socket	Socket	::	AF_CCITT	defined	public
socket	Socket	::	PF_CCITT	defined	public
socket	Socket	::	AF_CHAOS	defined	public
socket	Socket	::	PF_CHAOS	defined	public
socket	Socket	::	AF_CNT	defined	public
socket	Socket	::	PF_CNT	defined	public
socket	Socket	::	AF_COIP	defined	public
socket	Socket	::	PF_COIP	defined	public
socket	Socket	::	AF_DATAKIT	defined	public
socket	Socket	::	PF_DATAKIT	defined	public
socket	Socket	::	AF_DEC	defined	public
socket	Socket	::	PF_DEC	defined	public
socket	Socket	::	AF_DLI	defined	public
socket	Socket	::	PF_DLI	defined	public
socket	Socket	::	AF_E164	defined	public
socket	Socket	::	AF_ECMA	defined	public
socket	Socket	::	PF_ECMA	defined	public
socket	Socket	::	AF_HYLINK	defined	public
socket	Socket	::	PF_HYLINK	defined	public
socket	Socket	::	AF_IMPLINK	defined	public
socket	Socket	::	PF_IMPLINK	defined	public
socket	Socket	::	AF_INET	defined	public
socket	Socket	::	PF_INET	defined	public
socket	Socket	::	AF_INET6	defined	public
socket	Socket	::	PF_INET6	defined	public
socket	Socket	::	AF_IPX	defined	public
socket	Socket	::	PF_IPX	defined	public
socket	Socket	::	AF_ISDN	defined	public
socket	Socket	::	PF_ISDN	defined	public
socket	Socket	::	AF_ISO	defined	public
socket	Socket	::	AF_OSI	defined	public
socket	Socket	::	PF_ISO	defined	public
socket	Socket	::	PF_OSI	defined	public
socket	Socket	::	AF_LAT	defined	public
socket	Socket	::	PF_LAT	defined	public
socket	Socket	::	AF_LINK	defined	public
socket	Socket	::	PF_LINK	defined	public
socket	Socket	::	AF_LOCAL	defined	public
socket	Socket	::	AF_UNIX	defined	public
socket	Socket	::	PF_LOCAL	defined	public
socket	Socket	::	PF_UNIX	defined	public
socket	Socket	::	AF_MAX	defined	public
socket	Socket	::	AF_NATM	defined	public
socket	Socket	::	PF_NATM	defined	public
socket	Socket	::	AF_NDRV	defined	public
socket	Socket	::	PF_NDRV	defined	public
socket	Socket	::	AF_NETBIOS	defined	public
socket	Socket	::	PF_NETBIOS	defined	public
socket	Socket	::	AF_NETGRAPH	defined	public
socket	Socket	::	PF_NETGRAPH	defined	public
socket	Socket	::	AF_NS	defined	public
socket	Socket	::	PF_NS	defined	public
socket	Socket	::	AF_PACKET	defined	public
socket	Socket	::	PF_PACKET	defined	public
socket	Socket	::	AF_PPP	defined	public
socket	Socket	::	PF_PPP	defined	public
socket	Socket	::	AF_PUP	defined	public
socket	Socket	::	PF_PUP	defined	public
socket	Socket	::	AF_ROUTE	defined	public
socket	Socket	::	PF_ROUTE	defined	public
socket	Socket	::	AF_SIP	defined	public
socket	Socket	::	PF_SIP	defined	public
socket	Socket	::	AF_SNA	defined	public
socket	Socket	::	PF_SNA	defined	public
socket	Socket	::	AF_SYSTEM	defined	public
socket	Socket	::	PF_SYSTEM	defined	public
socket	Socket	::	AF_UNSPEC	defined	public
socket	Socket	::	AI_ADDRCONFIG	defined	public
socket	Socket	::	AI_ALL	defined	public
socket	Socket	::	AI_CANONNAME	defined	public
socket	Socket	::	AI_DEFAULT	defined	public
socket	Socket	::	AI_MASK	defined	public
socket	Socket	::	AI_NUMERICHOST	defined	public
socket	Socket	::	AI_NUMERICSERV	defined	public
socket	Socket	::	AI_PASSIVE	defined	public
socket	Socket	::	AI_V4MAPPED	defined	public
socket	Socket	::	AI_V4MAPPED_CFG	defined	public
socket	Socket	::	EAI_ADDRFAMILY	defined	public
socket	Socket	::	EAI_AGAIN	defined	public
socket	Socket	::	EAI_BADFLAGS	defined	public
socket	Socket	::	EAI_BADHINTS	defined	public
socket	Socket	::	EAI_FAIL	defined	public
socket	Socket	::	EAI_FAMILY	defined	public
socket	Socket	::	EAI_MAX	defined	public
socket	Socket	::	EAI_MEMORY	defined	public
socket	Socket	::	EAI_NODATA	defined	public
socket	Socket	::	EAI_NONAME	defined	public
socket	Socket	::	EAI_OVERFLOW	defined	public
socket	Socket	::	EAI_PROTOCOL	defined	public
socket	Socket	::	EAI_SERVICE	defined	public
socket	Socket	::	EAI_SOCKTYPE	defined	public
socket	Socket	::	EAI_SYSTEM	defined	public
socket	Socket	::	IFF_802_1Q_VLAN	defined	public
socket	Socket	::	IFF_ALLMULTI	defined	public
socket	Socket	::	IFF_ALTPHYS	defined	public
socket	Socket	::	IFF_AUTOMEDIA	defined	public
socket	Socket	::	IFF_BONDING	defined	public
socket	Socket	::	IFF_BRIDGE_PORT	defined	public
socket	Socket	::	IFF_BROADCAST	defined	public
socket	Socket	::	IFF_CANTCHANGE	defined	public
socket	Socket	::	IFF_CANTCONFIG	defined	public
socket	Socket	::	IFF_DEBUG	defined	public
socket	Socket	::	IFF_DISABLE_NETPOLL	defined	public
socket	Socket	::	IFF_DONT_BRIDGE	defined	public
socket	Socket	::	IFF_DORMANT	defined	public
socket	Socket	::	IFF_DRV_OACTIVE	defined	public
socket	Socket	::	IFF_DRV_RUNNING	defined	public
socket	Socket	::	IFF_DYING	defined	public
socket	Socket	::	IFF_DYNAMIC	defined	public
socket	Socket	::	IFF_EBRIDGE	defined	public
socket	Socket	::	IFF_ECHO	defined	public
socket	Socket	::	IFF_ISATAP	defined	public
socket	Socket	::	IFF_LINK0	defined	public
socket	Socket	::	IFF_LINK1	defined	public
socket	Socket	::	IFF_LINK2	defined	public
socket	Socket	::	IFF_LIVE_ADDR_CHANGE	defined	public
socket	Socket	::	IFF_LOOPBACK	defined	public
socket	Socket	::	IFF_LOWER_UP	defined	public
socket	Socket	::	IFF_MACVLAN_PORT	defined	public
socket	Socket	::	IFF_MASTER	defined	public
socket	Socket	::	IFF_MASTER_8023AD	defined	public
socket	Socket	::	IFF_MASTER_ALB	defined	public
socket	Socket	::	IFF_MASTER_ARPMON	defined	public
socket	Socket	::	IFF_MONITOR	defined	public
socket	Socket	::	IFF_MULTICAST	defined	public
socket	Socket	::	IFF_NOARP	defined	public
socket	Socket	::	IFF_NOTRAILERS	defined	public
socket	Socket	::	IFF_OACTIVE	defined	public
socket	Socket	::	IFF_OVS_DATAPATH	defined	public
socket	Socket	::	IFF_POINTOPOINT	defined	public
socket	Socket	::	IFF_PORTSEL	defined	public
socket	Socket	::	IFF_PPROMISC	defined	public
socket	Socket	::	IFF_PROMISC	defined	public
socket	Socket	::	IFF_RENAMING	defined	public
socket	Socket	::	IFF_ROUTE	defined	public
socket	Socket	::	IFF_RUNNING	defined	public
socket	Socket	::	IFF_SIMPLEX	defined	public
socket	Socket	::	IFF_SLAVE	defined	public
socket	Socket	::	IFF_SLAVE_INACTIVE	defined	public
socket	Socket	::	IFF_SLAVE_NEEDARP	defined	public
socket	Socket	::	IFF_SMART	defined	public
socket	Socket	::	IFF_STATICARP	defined	public
socket	Socket	::	IFF_SUPP_NOFCS	defined	public
socket	Socket	::	IFF_TEAM_PORT	defined	public
socket	Socket	::	IFF_TX_SKB_SHARING	defined	public
socket	Socket	::	IFF_UNICAST_FLT	defined	public
socket	Socket	::	IFF_UP	defined	public
socket	Socket	::	IFF_VOLATILE	defined	public
socket	Socket	::	IFF_WAN_HDLC	defined	public
socket	Socket	::	IFF_XMIT_DST_RELEASE	defined	public
socket	Socket	::	IFNAMSIZ	defined	public
socket	Socket	::	IF_NAMESIZE	defined	public
socket	Socket	::	INADDR_ALLHOSTS_GROUP	defined	public
socket	Socket	::	INADDR_ANY	defined	public
socket	Socket	::	INADDR_BROADCAST	defined	public
socket	Socket	::	INADDR_LOOPBACK	defined	public
socket	Socket	::	INADDR_MAX_LOCAL_GROUP	defined	public
socket	Socket	::	INADDR_NONE	defined	public
socket	Socket	::	INADDR_UNSPEC_GROUP	defined	public
socket	Socket	::	INET6_ADDRSTRLEN	defined	public
socket	Socket	::	INET_ADDRSTRLEN	defined	public
socket	Socket	::	IPPORT_RESERVED	defined	public
socket	Socket	::	IPPORT_USERRESERVED	defined	public
socket	Socket	::	IPPROTO_AH	defined	public
socket	Socket	::	IPPROTO_BIP	defined	public
socket	Socket	::	IPPROTO_DSTOPTS	defined	public
socket	Socket	::	IPPROTO_EGP	defined	public
socket	Socket	::	IPPROTO_EON	defined	public
socket	Socket	::	IPPROTO_ESP	defined	public
socket	Socket	::	IPPROTO_FRAGMENT	defined	public
socket	Socket	::	IPPROTO_GGP	defined	public
socket	Socket	::	IPPROTO_HELLO	defined	public
socket	Socket	::	IPPROTO_HOPOPTS	defined	public
socket	Socket	::	IPPROTO_ICMP	defined	public
socket	Socket	::	IPPROTO_ICMPV6	defined	public
socket	Socket	::	IPPROTO_IDP	defined	public
socket	Socket	::	IPPROTO_IGMP	defined	public
socket	Socket	::	IPPROTO_IP	defined	public
socket	Socket	::	IPPROTO_IPV6	defined	public
socket	Socket	::	IPPROTO_MAX	defined	public
socket	Socket	::	IPPROTO_ND	defined	public
socket	Socket	::	IPPROTO_NONE	defined	public
socket	Socket	::	IPPROTO_PUP	defined	public
socket	Socket	::	IPPROTO_RAW	defined	public
socket	Socket	::	IPPROTO_ROUTING	defined	public
socket	Socket	::	IPPROTO_TCP	defined	public
socket	Socket	::	IPPROTO_TP	defined	public
socket	Socket	::	IPPROTO_UDP	defined	public
socket	Socket	::	IPPROTO_XTP	defined	public
socket	Socket	::	IPV6_CHECKSUM	defined	public
socket	Socket	::	IPV6_DONTFRAG	defined	public
socket	Socket	::	IPV6_DSTOPTS	defined	public
socket	Socket	::	IPV6_HOPLIMIT	defined	public
socket	Socket	::	IPV6_HOPOPTS	defined	public
socket	Socket	::	IPV6_JOIN_GROUP	defined	public
socket	Socket	::	IPV6_LEAVE_GROUP	defined	public
socket	Socket	::	IPV6_MULTICAST_HOPS	defined	public
socket	Socket	::	IPV6_MULTICAST_IF	defined	public
socket	Socket	::	IPV6_MULTICAST_LOOP	defined	public
socket	Socket	::	IPV6_NEXTHOP	defined	public
socket	Socket	::	IPV6_PATHMTU	defined	public
socket	Socket	::	IPV6_PKTINFO	defined	public
socket	Socket	::	IPV6_RECVDSTOPTS	defined	public
socket	Socket	::	IPV6_RECVHOPLIMIT	defined	public
socket	Socket	::	IPV6_RECVHOPOPTS	defined	public
socket	Socket	::	IPV6_RECVPATHMTU	defined	public
socket	Socket	::	IPV6_RECVPKTINFO	defined	public
socket	Socket	::	IPV6_RECVRTHDR	defined	public
socket	Socket	::	IPV6_RECVTCLASS	defined	public
socket	Socket	::	IPV6_RTHDR	defined	public
socket	Socket	::	IPV6_RTHDRDSTOPTS	defined	public
socket	Socket	::	IPV6_RTHDR_TYPE_0	defined	public
socket	Socket	::	IPV6_TCLASS	defined	public
socket	Socket	::	IPV6_UNICAST_HOPS	defined	public
socket	Socket	::	IPV6_USE_MIN_MTU	defined	public
socket	Socket	::	IPV6_V6ONLY	defined	public
socket	Socket	::	IPX_TYPE	defined	public
socket	Socket	::	IP_ADD_MEMBERSHIP	defined	public
socket	Socket	::	IP_ADD_SOURCE_MEMBERSHIP	defined	public
socket	Socket	::	IP_BLOCK_SOURCE	defined	public
socket	Socket	::	IP_DEFAULT_MULTICAST_LOOP	defined	public
socket	Socket	::	IP_DEFAULT_MULTICAST_TTL	defined	public
socket	Socket	::	IP_DONTFRAG	defined	public
socket	Socket	::	IP_DROP_MEMBERSHIP	defined	public
socket	Socket	::	IP_DROP_SOURCE_MEMBERSHIP	defined	public
socket	Socket	::	IP_FREEBIND	defined	public
socket	Socket	::	IP_HDRINCL	defined	public
socket	Socket	::	IP_IPSEC_POLICY	defined	public
socket	Socket	::	IP_MAX_MEMBERSHIPS	defined	public
socket	Socket	::	IP_MINTTL	defined	public
socket	Socket	::	IP_MSFILTER	defined	public
socket	Socket	::	IP_MTU	defined	public
socket	Socket	::	IP_MTU_DISCOVER	defined	public
socket	Socket	::	IP_MULTICAST_IF	defined	public
socket	Socket	::	IP_MULTICAST_LOOP	defined	public
socket	Socket	::	IP_MULTICAST_TTL	defined	public
socket	Socket	::	IP_ONESBCAST	defined	public
socket	Socket	::	IP_OPTIONS	defined	public
socket	Socket	::	IP_PASSSEC	defined	public
socket	Socket	::	IP_PKTINFO	defined	public
socket	Socket	::	IP_PKTOPTIONS	defined	public
socket	Socket	::	IP_PMTUDISC_DO	defined	public
socket	Socket	::	IP_PMTUDISC_DONT	defined	public
socket	Socket	::	IP_PMTUDISC_WANT	defined	public
socket	Socket	::	IP_PORTRANGE	defined	public
socket	Socket	::	IP_RECVDSTADDR	defined	public
socket	Socket	::	IP_RECVERR	defined	public
socket	Socket	::	IP_RECVIF	defined	public
socket	Socket	::	IP_RECVOPTS	defined	public
socket	Socket	::	IP_RECVRETOPTS	defined	public
socket	Socket	::	IP_RECVSLLA	defined	public
socket	Socket	::	IP_RECVTOS	defined	public
socket	Socket	::	IP_RECVTTL	defined	public
socket	Socket	::	IP_RETOPTS	defined	public
socket	Socket	::	IP_ROUTER_ALERT	defined	public
socket	Socket	::	IP_SENDSRCADDR	defined	public
socket	Socket	::	IP_TOS	defined	public
socket	Socket	::	IP_TTL	defined	public
socket	Socket	::	IP_UNBLOCK_SOURCE	defined	public
socket	Socket	::	IP_XFRM_POLICY	defined	public
socket	Socket	::	LOCAL_CONNWAIT	defined	public
socket	Socket	::	LOCAL_CREDS	defined	public
socket	Socket	::	LOCAL_PEERCRED	defined	public
socket	Socket	::	MCAST_BLOCK_SOURCE	defined	public
socket	Socket	::	MCAST_EXCLUDE	defined	public
socket	Socket	::	MCAST_INCLUDE	defined	public
socket	Socket	::	MCAST_JOIN_GROUP	defined	public
socket	Socket	::	MCAST_JOIN_SOURCE_GROUP	defined	public
socket	Socket	::	MCAST_LEAVE_GROUP	defined	public
socket	Socket	::	MCAST_LEAVE_SOURCE_GROUP	defined	public
socket	Socket	::	MCAST_MSFILTER	defined	public
socket	Socket	::	MCAST_UNBLOCK_SOURCE	defined	public
socket	Socket	::	MSG_COMPAT	defined	public
socket	Socket	::	MSG_CONFIRM	defined	public
socket	Socket	::	MSG_CTRUNC	defined	public
socket	Socket	::	MSG_DONTROUTE	defined	public
socket	Socket	::	MSG_DONTWAIT	defined	public
socket	Socket	::	MSG_EOF	defined	public
socket	Socket	::	MSG_EOR	defined	public
socket	Socket	::	MSG_ERRQUEUE	defined	public
socket	Socket	::	MSG_FIN	defined	public
socket	Socket	::	MSG_FLUSH	defined	public
socket	Socket	::	MSG_HAVEMORE	defined	public
socket	Socket	::	MSG_HOLD	defined	public
socket	Socket	::	MSG_MORE	defined	public
socket	Socket	::	MSG_NOSIGNAL	defined	public
socket	Socket	::	MSG_OOB	defined	public
socket	Socket	::	MSG_PEEK	defined	public
socket	Socket	::	MSG_PROXY	defined	public
socket	Socket	::	MSG_RCVMORE	defined	public
socket	Socket	::	MSG_RST	defined	public
socket	Socket	::	MSG_SEND	defined	public
socket	Socket	::	MSG_SYN	defined	public
socket	Socket	::	MSG_TRUNC	defined	public
socket	Socket	::	MSG_WAITALL	defined	public
socket	Socket	::	NI_DGRAM	defined	public
socket	Socket	::	NI_MAXHOST	defined	public
socket	Socket	::	NI_MAXSERV	defined	public
socket	Socket	::	NI_NAMEREQD	defined	public
socket	Socket	::	NI_NOFQDN	defined	public
socket	Socket	::	NI_NUMERICHOST	defined	public
socket	Socket	::	NI_NUMERICSERV	defined	public
socket	Socket	::	PF_KEY	defined	public
socket	Socket	::	PF_MAX	defined	public
socket	Socket	::	PF_PIP	defined	public
socket	Socket	::	PF_RTIP	defined	public
socket	Socket	::	PF_UNSPEC	defined	public
socket	Socket	::	PF_XTP	defined	public
socket	Socket	::	SCM_BINTIME	defined	public
socket	Socket	::	SCM_CREDENTIALS	defined	public
socket	Socket	::	SCM_CREDS	defined	public
socket	Socket	::	SCM_RIGHTS	defined	public
socket	Socket	::	SCM_TIMESTAMP	defined	public
socket	Socket	::	SCM_TIMESTAMPNS	defined	public
socket	Socket	::	SCM_UCRED	defined	public
socket	Socket	::	SHUT_RD	defined	public
socket	Socket	::	SHUT_RDWR	defined	public
socket	Socket	::	SHUT_WR	defined	public
socket	Socket	::	SOCK_DGRAM	defined	public
socket	Socket	::	SOCK_PACKET	defined	public
socket	Socket	::	SOCK_RAW	defined	public
socket	Socket	::	SOCK_RDM	defined	public
socket	Socket	::	SOCK_SEQPACKET	defined	public
socket	Socket	::	SOCK_STREAM	defined	public
socket	Socket	::	SOL_ATALK	defined	public
socket	Socket	::	SOL_AX25	defined	public
socket	Socket	::	SOL_IP	defined	public
socket	Socket	::	SOL_IPX	defined	public
socket	Socket	::	SOL_SOCKET	defined	public
socket	Socket	::	SOL_TCP	defined	public
socket	Socket	::	SOL_UDP	defined	public
socket	Socket	::	SOMAXCONN	defined	public
socket	Socket	::	SOPRI_BACKGROUND	defined	public
socket	Socket	::	SOPRI_INTERACTIVE	defined	public
socket	Socket	::	SOPRI_NORMAL	defined	public
socket	Socket	::	SO_ACCEPTCONN	defined	public
socket	Socket	::	SO_ACCEPTFILTER	defined	public
socket	Socket	::	SO_ALLZONES	defined	public
socket	Socket	::	SO_ATTACH_FILTER	defined	public
socket	Socket	::	SO_BINDTODEVICE	defined	public
socket	Socket	::	SO_BINTIME	defined	public
socket	Socket	::	SO_BROADCAST	defined	public
socket	Socket	::	SO_DEBUG	defined	public
socket	Socket	::	SO_DETACH_FILTER	defined	public
socket	Socket	::	SO_DONTROUTE	defined	public
socket	Socket	::	SO_DONTTRUNC	defined	public
socket	Socket	::	SO_ERROR	defined	public
socket	Socket	::	SO_KEEPALIVE	defined	public
socket	Socket	::	SO_LINGER	defined	public
socket	Socket	::	SO_MAC_EXEMPT	defined	public
socket	Socket	::	SO_NKE	defined	public
socket	Socket	::	SO_NOSIGPIPE	defined	public
socket	Socket	::	SO_NO_CHECK	defined	public
socket	Socket	::	SO_NREAD	defined	public
socket	Socket	::	SO_OOBINLINE	defined	public
socket	Socket	::	SO_PASSCRED	defined	public
socket	Socket	::	SO_PEERCRED	defined	public
socket	Socket	::	SO_PEERNAME	defined	public
socket	Socket	::	SO_PRIORITY	defined	public
socket	Socket	::	SO_RCVBUF	defined	public
socket	Socket	::	SO_RCVLOWAT	defined	public
socket	Socket	::	SO_RCVTIMEO	defined	public
socket	Socket	::	SO_RECVUCRED	defined	public
socket	Socket	::	SO_REUSEADDR	defined	public
socket	Socket	::	SO_REUSEPORT	defined	public
socket	Socket	::	SO_SECURITY_AUTHENTICATION	defined	public
socket	Socket	::	SO_SECURITY_ENCRYPTION_NETWORK	defined	public
socket	Socket	::	SO_SECURITY_ENCRYPTION_TRANSPORT	defined	public
socket	Socket	::	SO_SNDBUF	defined	public
socket	Socket	::	SO_SNDLOWAT	defined	public
socket	Socket	::	SO_SNDTIMEO	defined	public
socket	Socket	::	SO_TIMESTAMP	defined	public
socket	Socket	::	SO_TIMESTAMPNS	defined	public
socket	Socket	::	SO_TYPE	defined	public
socket	Socket	::	SO_USELOOPBACK	defined	public
socket	Socket	::	SO_WANTMORE	defined	public
socket	Socket	::	SO_WANTOOBFLAG	defined	public
socket	Socket	::	TCP_CORK	defined	public
socket	Socket	::	TCP_DEFER_ACCEPT	defined	public
socket	Socket	::	TCP_INFO	defined	public
socket	Socket	::	TCP_KEEPCNT	defined	public
socket	Socket	::	TCP_KEEPIDLE	defined	public
socket	Socket	::	TCP_KEEPINTVL	defined	public
socket	Socket	::	TCP_LINGER2	defined	public
socket	Socket	::	TCP_MAXSEG	defined	public
socket	Socket	::	TCP_MD5SIG	defined	public
socket	Socket	::	TCP_NODELAY	defined	public
socket	Socket	::	TCP_NOOPT	defined	public
socket	Socket	::	TCP_NOPUSH	defined	public
socket	Socket	::	TCP_QUICKACK	defined	public
socket	Socket	::	TCP_SYNCNT	defined	public
socket	Socket	::	TCP_WINDOW_CLAMP	defined	public
socket	Socket	::	UDP_CORK	defined	public
socket	Socket	#	accept	defined	public
socket	Socket	#	accept_nonblock	defined	public
socket	Socket	#	bind	defined	public
socket	Socket	#	connect	defined	public
socket	Socket	#	connect_nonblock	defined	public
socket	Socket	#	ipv6only!	defined	public
socket	Socket	#	listen	defined	public
socket	Socket	#	recvfrom	defined	public
socket	Socket	#	recvfrom_nonblock	defined	public
socket	Socket	#	sysaccept	defined	public
socket	Socket	.	accept_loop	defined	public
socket	Socket	.	getaddrinfo	defined	public
socket	Socket	.	gethostbyaddr	defined	public
socket	Socket	.	gethostbyname	defined	public
socket	Socket	.	gethostname	defined	public
socket	Socket	.	getifaddrs	defined	public
socket	Socket	.	getnameinfo	defined	public
socket	Socket	.	getservbyname	defined	public
socket	Socket	.	getservbyport	defined	public
socket	Socket	.	ip_address_list	defined	public
socket	Socket	.	new	defined	public
socket	Socket	.	open	defined	public
socket	Socket	.	pack_sockaddr_in	defined	public
socket	Socket	.	sockaddr_in	defined	public
socket	Socket	.	pack_sockaddr_un	defined	public
socket	Socket	.	sockaddr_un	defined	public
socket	Socket	.	pair	defined	public
socket	Socket	.	socketpair	defined	public
socket	Socket	.	tcp	defined	public
socket	Socket	.	tcp_server_loop	defined	public
socket	Socket	.	tcp_server_sockets	defined	public
socket	Socket	.	udp_server_loop	defined	public
socket	Socket	.	udp_server_loop_on	defined	public
socket	Socket	.	udp_server_recv	defined	public
socket	Socket	.	udp_server_sockets	defined	public
socket	Socket	.	unix	defined	public
socket	Socket	.	unix_server_loop	defined	public
socket	Socket	.	unix_server_socket	defined	public
socket	Socket	.	unpack_sockaddr_in	defined	public
socket	Socket	.	unpack_sockaddr_un	defined	public
socket	Socket::AncillaryData	#	cmsg_is?	defined	public
socket	Socket::AncillaryData	#	data	defined	public
socket	Socket::AncillaryData	#	family	defined	public
socket	Socket::AncillaryData	#	int	defined	public
socket	Socket::AncillaryData	#	ip_pktinfo	defined	public
socket	Socket::AncillaryData	#	ipv6_pktinfo	defined	public
socket	Socket::AncillaryData	#	ipv6_pktinfo_addr	defined	public
socket	Socket::AncillaryData	#	ipv6_pktinfo_ifindex	defined	public
socket	Socket::AncillaryData	#	level	defined	public
socket	Socket::AncillaryData	#	timestamp	defined	public
socket	Socket::AncillaryData	#	type	defined	public
socket	Socket::AncillaryData	#	unix_rights	defined	public
socket	Socket::AncillaryData	.	int	defined	public
socket	Socket::AncillaryData	.	ip_pktinfo	defined	public
socket	Socket::AncillaryData	.	ipv6_pktinfo	defined	public
socket	Socket::AncillaryData	.	new	defined	public
socket	Socket::AncillaryData	.	unix_rights	defined	public
socket	Socket::Constants	::	AF_APPLETALK	defined	public
socket	Socket::Constants	::	PF_APPLETALK	defined	public
socket	Socket::Constants	::	AF_ATM	defined	public
socket	Socket::Constants	::	PF_ATM	defined	public
socket	Socket::Constants	::	AF_AX25	defined	public
socket	Socket::Constants	::	PF_AX25	defined	public
socket	Socket::Constants	::	AF_CCITT	defined	public
socket	Socket::Constants	::	PF_CCITT	defined	public
socket	Socket::Constants	::	AF_CHAOS	defined	public
socket	Socket::Constants	::	PF_CHAOS	defined	public
socket	Socket::Constants	::	AF_CNT	defined	public
socket	Socket::Constants	::	PF_CNT	defined	public
socket	Socket::Constants	::	AF_COIP	defined	public
socket	Socket::Constants	::	PF_COIP	defined	public
socket	Socket::Constants	::	AF_DATAKIT	defined	public
socket	Socket::Constants	::	PF_DATAKIT	defined	public
socket	Socket::Constants	::	AF_DEC	defined	public
socket	Socket::Constants	::	PF_DEC	defined	public
socket	Socket::Constants	::	AF_DLI	defined	public
socket	Socket::Constants	::	PF_DLI	defined	public
socket	Socket::Constants	::	AF_E164	defined	public
socket	Socket::Constants	::	AF_ECMA	defined	public
socket	Socket::Constants	::	PF_ECMA	defined	public
socket	Socket::Constants	::	AF_HYLINK	defined	public
socket	Socket::Constants	::	PF_HYLINK	defined	public
socket	Socket::Constants	::	AF_IMPLINK	defined	public
socket	Socket::Constants	::	PF_IMPLINK	defined	public
socket	Socket::Constants	::	AF_INET	defined	public
socket	Socket::Constants	::	PF_INET	defined	public
socket	Socket::Constants	::	AF_INET6	defined	public
socket	Socket::Constants	::	PF_INET6	defined	public
socket	Socket::Constants	::	AF_IPX	defined	public
socket	Socket::Constants	::	PF_IPX	defined	public
socket	Socket::Constants	::	AF_ISDN	defined	public
socket	Socket::Constants	::	PF_ISDN	defined	public
socket	Socket::Constants	::	AF_ISO	defined	public
socket	Socket::Constants	::	AF_OSI	defined	public
socket	Socket::Constants	::	PF_ISO	defined	public
socket	Socket::Constants	::	PF_OSI	defined	public
socket	Socket::Constants	::	AF_LAT	defined	public
socket	Socket::Constants	::	PF_LAT	defined	public
socket	Socket::Constants	::	AF_LINK	defined	public
socket	Socket::Constants	::	PF_LINK	defined	public
socket	Socket::Constants	::	AF_LOCAL	defined	public
socket	Socket::Constants	::	AF_UNIX	defined	public
socket	Socket::Constants	::	PF_LOCAL	defined	public
socket	Socket::Constants	::	PF_UNIX	defined	public
socket	Socket::Constants	::	AF_MAX	defined	public
socket	Socket::Constants	::	AF_NATM	defined	public
socket	Socket::Constants	::	PF_NATM	defined	public
socket	Socket::Constants	::	AF_NDRV	defined	public
socket	Socket::Constants	::	PF_NDRV	defined	public
socket	Socket::Constants	::	AF_NETBIOS	defined	public
socket	Socket::Constants	::	PF_NETBIOS	defined	public
socket	Socket::Constants	::	AF_NETGRAPH	defined	public
socket	Socket::Constants	::	PF_NETGRAPH	defined	public
socket	Socket::Constants	::	AF_NS	defined	public
socket	Socket::Constants	::	PF_NS	defined	public
socket	Socket::Constants	::	AF_PACKET	defined	public
socket	Socket::Constants	::	PF_PACKET	defined	public
socket	Socket::Constants	::	AF_PPP	defined	public
socket	Socket::Constants	::	PF_PPP	defined	public
socket	Socket::Constants	::	AF_PUP	defined	public
socket	Socket::Constants	::	PF_PUP	defined	public
socket	Socket::Constants	::	AF_ROUTE	defined	public
socket	Socket::Constants	::	PF_ROUTE	defined	public
socket	Socket::Constants	::	AF_SIP	defined	public
socket	Socket::Constants	::	PF_SIP	defined	public
socket	Socket::Constants	::	AF_SNA	defined	public
socket	Socket::Constants	::	PF_SNA	defined	public
socket	Socket::Constants	::	AF_SYSTEM	defined	public
socket	Socket::Constants	::	PF_SYSTEM	defined	public
socket	Socket::Constants	::	AF_UNSPEC	defined	public
socket	Socket::Constants	::	AI_ADDRCONFIG	defined	public
socket	Socket::Constants	::	AI_ALL	defined	public
socket	Socket::Constants	::	AI_CANONNAME	defined	public
socket	Socket::Constants	::	AI_DEFAULT	defined	public
socket	Socket::Constants	::	AI_MASK	defined	public
socket	Socket::Constants	::	AI_NUMERICHOST	defined	public
socket	Socket::Constants	::	AI_NUMERICSERV	defined	public
socket	Socket::Constants	::	AI_PASSIVE	defined	public
socket	Socket::Constants	::	AI_V4MAPPED	defined	public
socket	Socket::Constants	::	AI_V4MAPPED_CFG	defined	public
socket	Socket::Constants	::	EAI_ADDRFAMILY	defined	public
socket	Socket::Constants	::	EAI_AGAIN	defined	public
socket	Socket::Constants	::	EAI_BADFLAGS	defined	public
socket	Socket::Constants	::	EAI_BADHINTS	defined	public
socket	Socket::Constants	::	EAI_FAIL	defined	public
socket	Socket::Constants	::	EAI_FAMILY	defined	public
socket	Socket::Constants	::	EAI_MAX	defined	public
socket	Socket::Constants	::	EAI_MEMORY	defined	public
socket	Socket::Constants	::	EAI_NODATA	defined	public
socket	Socket::Constants	::	EAI_NONAME	defined	public
socket	Socket::Constants	::	EAI_OVERFLOW	defined	public
socket	Socket::Constants	::	EAI_PROTOCOL	defined	public
socket	Socket::Constants	::	EAI_SERVICE	defined	public
socket	Socket::Constants	::	EAI_SOCKTYPE	defined	public
socket	Socket::Constants	::	EAI_SYSTEM	defined	public
socket	Socket::Constants	::	IFF_802_1Q_VLAN	defined	public
socket	Socket::Constants	::	IFF_ALLMULTI	defined	public
socket	Socket::Constants	::	IFF_ALTPHYS	defined	public
socket	Socket::Constants	::	IFF_AUTOMEDIA	defined	public
socket	Socket::Constants	::	IFF_BONDING	defined	public
socket	Socket::Constants	::	IFF_BRIDGE_PORT	defined	public
socket	Socket::Constants	::	IFF_BROADCAST	defined	public
socket	Socket::Constants	::	IFF_CANTCHANGE	defined	public
socket	Socket::Constants	::	IFF_CANTCONFIG	defined	public
socket	Socket::Constants	::	IFF_DEBUG	defined	public
socket	Socket::Constants	::	IFF_DISABLE_NETPOLL	defined	public
socket	Socket::Constants	::	IFF_DONT_BRIDGE	defined	public
socket	Socket::Constants	::	IFF_DORMANT	defined	public
socket	Socket::Constants	::	IFF_DRV_OACTIVE	defined	public
socket	Socket::Constants	::	IFF_DRV_RUNNING	defined	public
socket	Socket::Constants	::	IFF_DYING	defined	public
socket	Socket::Constants	::	IFF_DYNAMIC	defined	public
socket	Socket::Constants	::	IFF_EBRIDGE	defined	public
socket	Socket::Constants	::	IFF_ECHO	defined	public
socket	Socket::Constants	::	IFF_ISATAP	defined	public
socket	Socket::Constants	::	IFF_LINK0	defined	public
socket	Socket::Constants	::	IFF_LINK1	defined	public
socket	Socket::Constants	::	IFF_LINK2	defined	public
socket	Socket::Constants	::	IFF_LIVE_ADDR_CHANGE	defined	public
socket	Socket::Constants	::	IFF_LOOPBACK	defined	public
socket	Socket::Constants	::	IFF_LOWER_UP	defined	public
socket	Socket::Constants	::	IFF_MACVLAN_PORT	defined	public
socket	Socket::Constants	::	IFF_MASTER	defined	public
socket	Socket::Constants	::	IFF_MASTER_8023AD	defined	public
socket	Socket::Constants	::	IFF_MASTER_ALB	defined	public
socket	Socket::Constants	::	IFF_MASTER_ARPMON	defined	public
socket	Socket::Constants	::	IFF_MONITOR	defined	public
socket	Socket::Constants	::	IFF_MULTICAST	defined	public
socket	Socket::Constants	::	IFF_NOARP	defined	public
socket	Socket::Constants	::	IFF_NOTRAILERS	defined	public
socket	Socket::Constants	::	IFF_OACTIVE	defined	public
socket	Socket::Constants	::	IFF_OVS_DATAPATH	defined	public
socket	Socket::Constants	::	IFF_POINTOPOINT	defined	public
socket	Socket::Constants	::	IFF_PORTSEL	defined	public
socket	Socket::Constants	::	IFF_PPROMISC	defined	public
socket	Socket::Constants	::	IFF_PROMISC	defined	public
socket	Socket::Constants	::	IFF_RENAMING	defined	public
socket	Socket::Constants	::	IFF_ROUTE	defined	public
socket	Socket::Constants	::	IFF_RUNNING	defined	public
socket	Socket::Constants	::	IFF_SIMPLEX	defined	public
socket	Socket::Constants	::	IFF_SLAVE	defined	public
socket	Socket::Constants	::	IFF_SLAVE_INACTIVE	defined	public
socket	Socket::Constants	::	IFF_SLAVE_NEEDARP	defined	public
socket	Socket::Constants	::	IFF_SMART	defined	public
socket	Socket::Constants	::	IFF_STATICARP	defined	public
socket	Socket::Constants	::	IFF_SUPP_NOFCS	defined	public
socket	Socket::Constants	::	IFF_TEAM_PORT	defined	public
socket	Socket::Constants	::	IFF_TX_SKB_SHARING	defined	public
socket	Socket::Constants	::	IFF_UNICAST_FLT	defined	public
socket	Socket::Constants	::	IFF_UP	defined	public
socket	Socket::Constants	::	IFF_VOLATILE	defined	public
socket	Socket::Constants	::	IFF_WAN_HDLC	defined	public
socket	Socket::Constants	::	IFF_XMIT_DST_RELEASE	defined	public
socket	Socket::Constants	::	IFNAMSIZ	defined	public
socket	Socket::Constants	::	IF_NAMESIZE	defined	public
socket	Socket::Constants	::	INADDR_ALLHOSTS_GROUP	defined	public
socket	Socket::Constants	::	INADDR_ANY	defined	public
socket	Socket::Constants	::	INADDR_BROADCAST	defined	public
socket	Socket::Constants	::	INADDR_LOOPBACK	defined	public
socket	Socket::Constants	::	INADDR_MAX_LOCAL_GROUP	defined	public
socket	Socket::Constants	::	INADDR_NONE	defined	public
socket	Socket::Constants	::	INADDR_UNSPEC_GROUP	defined	public
socket	Socket::Constants	::	INET6_ADDRSTRLEN	defined	public
socket	Socket::Constants	::	INET_ADDRSTRLEN	defined	public
socket	Socket::Constants	::	IPPORT_RESERVED	defined	public
socket	Socket::Constants	::	IPPORT_USERRESERVED	defined	public
socket	Socket::Constants	::	IPPROTO_AH	defined	public
socket	Socket::Constants	::	IPPROTO_BIP	defined	public
socket	Socket::Constants	::	IPPROTO_DSTOPTS	defined	public
socket	Socket::Constants	::	IPPROTO_EGP	defined	public
socket	Socket::Constants	::	IPPROTO_EON	defined	public
socket	Socket::Constants	::	IPPROTO_ESP	defined	public
socket	Socket::Constants	::	IPPROTO_FRAGMENT	defined	public
socket	Socket::Constants	::	IPPROTO_GGP	defined	public
socket	Socket::Constants	::	IPPROTO_HELLO	defined	public
socket	Socket::Constants	::	IPPROTO_HOPOPTS	defined	public
socket	Socket::Constants	::	IPPROTO_ICMP	defined	public
socket	Socket::Constants	::	IPPROTO_ICMPV6	defined	public
socket	Socket::Constants	::	IPPROTO_IDP	defined	public
socket	Socket::Constants	::	IPPROTO_IGMP	defined	public
socket	Socket::Constants	::	IPPROTO_IP	defined	public
socket	Socket::Constants	::	IPPROTO_IPV6	defined	public
socket	Socket::Constants	::	IPPROTO_MAX	defined	public
socket	Socket::Constants	::	IPPROTO_ND	defined	public
socket	Socket::Constants	::	IPPROTO_NONE	defined	public
socket	Socket::Constants	::	IPPROTO_PUP	defined	public
socket	Socket::Constants	::	IPPROTO_RAW	defined	public
socket	Socket::Constants	::	IPPROTO_ROUTING	defined	public
socket	Socket::Constants	::	IPPROTO_TCP	defined	public
socket	Socket::Constants	::	IPPROTO_TP	defined	public
socket	Socket::Constants	::	IPPROTO_UDP	defined	public
socket	Socket::Constants	::	IPPROTO_XTP	defined	public
socket	Socket::Constants	::	IPV6_CHECKSUM	defined	public
socket	Socket::Constants	::	IPV6_DONTFRAG	defined	public
socket	Socket::Constants	::	IPV6_DSTOPTS	defined	public
socket	Socket::Constants	::	IPV6_HOPLIMIT	defined	public
socket	Socket::Constants	::	IPV6_HOPOPTS	defined	public
socket	Socket::Constants	::	IPV6_JOIN_GROUP	defined	public
socket	Socket::Constants	::	IPV6_LEAVE_GROUP	defined	public
socket	Socket::Constants	::	IPV6_MULTICAST_HOPS	defined	public
socket	Socket::Constants	::	IPV6_MULTICAST_IF	defined	public
socket	Socket::Constants	::	IPV6_MULTICAST_LOOP	defined	public
socket	Socket::Constants	::	IPV6_NEXTHOP	defined	public
socket	Socket::Constants	::	IPV6_PATHMTU	defined	public
socket	Socket::Constants	::	IPV6_PKTINFO	defined	public
socket	Socket::Constants	::	IPV6_RECVDSTOPTS	defined	public
socket	Socket::Constants	::	IPV6_RECVHOPLIMIT	defined	public
socket	Socket::Constants	::	IPV6_RECVHOPOPTS	defined	public
socket	Socket::Constants	::	IPV6_RECVPATHMTU	defined	public
socket	Socket::Constants	::	IPV6_RECVPKTINFO	defined	public
socket	Socket::Constants	::	IPV6_RECVRTHDR	defined	public
socket	Socket::Constants	::	IPV6_RECVTCLASS	defined	public
socket	Socket::Constants	::	IPV6_RTHDR	defined	public
socket	Socket::Constants	::	IPV6_RTHDRDSTOPTS	defined	public
socket	Socket::Constants	::	IPV6_RTHDR_TYPE_0	defined	public
socket	Socket::Constants	::	IPV6_TCLASS	defined	public
socket	Socket::Constants	::	IPV6_UNICAST_HOPS	defined	public
socket	Socket::Constants	::	IPV6_USE_MIN_MTU	defined	public
socket	Socket::Constants	::	IPV6_V6ONLY	defined	public
socket	Socket::Constants	::	IPX_TYPE	defined	public
socket	Socket::Constants	::	IP_ADD_MEMBERSHIP	defined	public
socket	Socket::Constants	::	IP_ADD_SOURCE_MEMBERSHIP	defined	public
socket	Socket::Constants	::	IP_BLOCK_SOURCE	defined	public
socket	Socket::Constants	::	IP_DEFAULT_MULTICAST_LOOP	defined	public
socket	Socket::Constants	::	IP_DEFAULT_MULTICAST_TTL	defined	public
socket	Socket::Constants	::	IP_DONTFRAG	defined	public
socket	Socket::Constants	::	IP_DROP_MEMBERSHIP	defined	public
socket	Socket::Constants	::	IP_DROP_SOURCE_MEMBERSHIP	defined	public
socket	Socket::Constants	::	IP_FREEBIND	defined	public
socket	Socket::Constants	::	IP_HDRINCL	defined	public
socket	Socket::Constants	::	IP_IPSEC_POLICY	defined	public
socket	Socket::Constants	::	IP_MAX_MEMBERSHIPS	defined	public
socket	Socket::Constants	::	IP_MINTTL	defined	public
socket	Socket::Constants	::	IP_MSFILTER	defined	public
socket	Socket::Constants	::	IP_MTU	defined	public
socket	Socket::Constants	::	IP_MTU_DISCOVER	defined	public
socket	Socket::Constants	::	IP_MULTICAST_IF	defined	public
socket	Socket::Constants	::	IP_MULTICAST_LOOP	defined	public
socket	Socket::Constants	::	IP_MULTICAST_TTL	defined	public
socket	Socket::Constants	::	IP_ONESBCAST	defined	public
socket	Socket::Constants	::	IP_OPTIONS	defined	public
socket	Socket::Constants	::	IP_PASSSEC	defined	public
socket	Socket::Constants	::	IP_PKTINFO	defined	public
socket	Socket::Constants	::	IP_PKTOPTIONS	defined	public
socket	Socket::Constants	::	IP_PMTUDISC_DO	defined	public
socket	Socket::Constants	::	IP_PMTUDISC_DONT	defined	public
socket	Socket::Constants	::	IP_PMTUDISC_WANT	defined	public
socket	Socket::Constants	::	IP_PORTRANGE	defined	public
socket	Socket::Constants	::	IP_RECVDSTADDR	defined	public
socket	Socket::Constants	::	IP_RECVERR	defined	public
socket	Socket::Constants	::	IP_RECVIF	defined	public
socket	Socket::Constants	::	IP_RECVOPTS	defined	public
socket	Socket::Constants	::	IP_RECVRETOPTS	defined	public
socket	Socket::Constants	::	IP_RECVSLLA	defined	public
socket	Socket::Constants	::	IP_RECVTOS	defined	public
socket	Socket::Constants	::	IP_RECVTTL	defined	public
socket	Socket::Constants	::	IP_RETOPTS	defined	public
socket	Socket::Constants	::	IP_ROUTER_ALERT	defined	public
socket	Socket::Constants	::	IP_SENDSRCADDR	defined	public
socket	Socket::Constants	::	IP_TOS	defined	public
socket	Socket::Constants	::	IP_TTL	defined	public
socket	Socket::Constants	::	IP_UNBLOCK_SOURCE	defined	public
socket	Socket::Constants	::	IP_XFRM_POLICY	defined	public
socket	Socket::Constants	::	LOCAL_CONNWAIT	defined	public
socket	Socket::Constants	::	LOCAL_CREDS	defined	public
socket	Socket::Constants	::	LOCAL_PEERCRED	defined	public
socket	Socket::Constants	::	MCAST_BLOCK_SOURCE	defined	public
socket	Socket::Constants	::	MCAST_EXCLUDE	defined	public
socket	Socket::Constants	::	MCAST_INCLUDE	defined	public
socket	Socket::Constants	::	MCAST_JOIN_GROUP	defined	public
socket	Socket::Constants	::	MCAST_JOIN_SOURCE_GROUP	defined	public
socket	Socket::Constants	::	MCAST_LEAVE_GROUP	defined	public
socket	Socket::Constants	::	MCAST_LEAVE_SOURCE_GROUP	defined	public
socket	Socket::Constants	::	MCAST_MSFILTER	defined	public
socket	Socket::Constants	::	MCAST_UNBLOCK_SOURCE	defined	public
socket	Socket::Constants	::	MSG_COMPAT	defined	public
socket	Socket::Constants	::	MSG_CONFIRM	defined	public
socket	Socket::Constants	::	MSG_CTRUNC	defined	public
socket	Socket::Constants	::	MSG_DONTROUTE	defined	public
socket	Socket::Constants	::	MSG_DONTWAIT	defined	public
socket	Socket::Constants	::	MSG_EOF	defined	public
socket	Socket::Constants	::	MSG_EOR	defined	public
socket	Socket::Constants	::	MSG_ERRQUEUE	defined	public
socket	Socket::Constants	::	MSG_FIN	defined	public
socket	Socket::Constants	::	MSG_FLUSH	defined	public
socket	Socket::Constants	::	MSG_HAVEMORE	defined	public
socket	Socket::Constants	::	MSG_HOLD	defined	public
socket	Socket::Constants	::	MSG_MORE	defined	public
socket	Socket::Constants	::	MSG_NOSIGNAL	defined	public
socket	Socket::Constants	::	MSG_OOB	defined	public
socket	Socket::Constants	::	MSG_PEEK	defined	public
socket	Socket::Constants	::	MSG_PROXY	defined	public
socket	Socket::Constants	::	MSG_RCVMORE	defined	public
socket	Socket::Constants	::	MSG_RST	defined	public
socket	Socket::Constants	::	MSG_SEND	defined	public
socket	Socket::Constants	::	MSG_SYN	defined	public
socket	Socket::Constants	::	MSG_TRUNC	defined	public
socket	Socket::Constants	::	MSG_WAITALL	defined	public
socket	Socket::Constants	::	NI_DGRAM	defined	public
socket	Socket::Constants	::	NI_MAXHOST	defined	public
socket	Socket::Constants	::	NI_MAXSERV	defined	public
socket	Socket::Constants	::	NI_NAMEREQD	defined	public
socket	Socket::Constants	::	NI_NOFQDN	defined	public
socket	Socket::Constants	::	NI_NUMERICHOST	defined	public
socket	Socket::Constants	::	NI_NUMERICSERV	defined	public
socket	Socket::Constants	::	PF_KEY	defined	public
socket	Socket::Constants	::	PF_MAX	defined	public
socket	Socket::Constants	::	PF_PIP	defined	public
socket	Socket::Constants	::	PF_RTIP	defined	public
socket	Socket::Constants	::	PF_UNSPEC	defined	public
socket	Socket::Constants	::	PF_XTP	defined	public
socket	Socket::Constants	::	SCM_BINTIME	defined	public
socket	Socket::Constants	::	SCM_CREDENTIALS	defined	public
socket	Socket::Constants	::	SCM_CREDS	defined	public
socket	Socket::Constants	::	SCM_RIGHTS	defined	public
socket	Socket::Constants	::	SCM_TIMESTAMP	defined	public
socket	Socket::Constants	::	SCM_TIMESTAMPNS	defined	public
socket	Socket::Constants	::	SCM_UCRED	defined	public
socket	Socket::Constants	::	SHUT_RD	defined	public
socket	Socket::Constants	::	SHUT_RDWR	defined	public
socket	Socket::Constants	::	SHUT_WR	defined	public
socket	Socket::Constants	::	SOCK_DGRAM	defined	public
socket	Socket::Constants	::	SOCK_PACKET	defined	public
socket	Socket::Constants	::	SOCK_RAW	defined	public
socket	Socket::Constants	::	SOCK_RDM	defined	public
socket	Socket::Constants	::	SOCK_SEQPACKET	defined	public
socket	Socket::Constants	::	SOCK_STREAM	defined	public
socket	Socket::Constants	::	SOL_ATALK	defined	public
socket	Socket::Constants	::	SOL_AX25	defined	public
socket	Socket::Constants	::	SOL_IP	defined	public
socket	Socket::Constants	::	SOL_IPX	defined	public
socket	Socket::Constants	::	SOL_SOCKET	defined	public
socket	Socket::Constants	::	SOL_TCP	defined	public
socket	Socket::Constants	::	SOL_UDP	defined	public
socket	Socket::Constants	::	SOMAXCONN	defined	public
socket	Socket::Constants	::	SOPRI_BACKGROUND	defined	public
socket	Socket::Constants	::	SOPRI_INTERACTIVE	defined	public
socket	Socket::Constants	::	SOPRI_NORMAL	defined	public
socket	Socket::Constants	::	SO_ACCEPTCONN	defined	public
socket	Socket::Constants	::	SO_ACCEPTFILTER	defined	public
socket	Socket::Constants	::	SO_ALLZONES	defined	public
socket	Socket::Constants	::	SO_ATTACH_FILTER	defined	public
socket	Socket::Constants	::	SO_BINDTODEVICE	defined	public
socket	Socket::Constants	::	SO_BINTIME	defined	public
socket	Socket::Constants	::	SO_BROADCAST	defined	public
socket	Socket::Constants	::	SO_DEBUG	defined	public
socket	Socket::Constants	::	SO_DETACH_FILTER	defined	public
socket	Socket::Constants	::	SO_DONTROUTE	defined	public
socket	Socket::Constants	::	SO_DONTTRUNC	defined	public
socket	Socket::Constants	::	SO_ERROR	defined	public
socket	Socket::Constants	::	SO_KEEPALIVE	defined	public
socket	Socket::Constants	::	SO_LINGER	defined	public
socket	Socket::Constants	::	SO_MAC_EXEMPT	defined	public
socket	Socket::Constants	::	SO_NKE	defined	public
socket	Socket::Constants	::	SO_NOSIGPIPE	defined	public
socket	Socket::Constants	::	SO_NO_CHECK	defined	public
socket	Socket::Constants	::	SO_NREAD	defined	public
socket	Socket::Constants	::	SO_OOBINLINE	defined	public
socket	Socket::Constants	::	SO_PASSCRED	defined	public
socket	Socket::Constants	::	SO_PEERCRED	defined	public
socket	Socket::Constants	::	SO_PEERNAME	defined	public
socket	Socket::Constants	::	SO_PRIORITY	defined	public
socket	Socket::Constants	::	SO_RCVBUF	defined	public
socket	Socket::Constants	::	SO_RCVLOWAT	defined	public
socket	Socket::Constants	::	SO_RCVTIMEO	defined	public
socket	Socket::Constants	::	SO_RECVUCRED	defined	public
socket	Socket::Constants	::	SO_REUSEADDR	defined	public
socket	Socket::Constants	::	SO_REUSEPORT	defined	public
socket	Socket::Constants	::	SO_SECURITY_AUTHENTICATION	defined	public
socket	Socket::Constants	::	SO_SECURITY_ENCRYPTION_NETWORK	defined	public
socket	Socket::Constants	::	SO_SECURITY_ENCRYPTION_TRANSPORT	defined	public
socket	Socket::Constants	::	SO_SNDBUF	defined	public
socket	Socket::Constants	::	SO_SNDLOWAT	defined	public
socket	Socket::Constants	::	SO_SNDTIMEO	defined	public
socket	Socket::Constants	::	SO_TIMESTAMP	defined	public
socket	Socket::Constants	::	SO_TIMESTAMPNS	defined	public
socket	Socket::Constants	::	SO_TYPE	defined	public
socket	Socket::Constants	::	SO_USELOOPBACK	defined	public
socket	Socket::Constants	::	SO_WANTMORE	defined	public
socket	Socket::Constants	::	SO_WANTOOBFLAG	defined	public
socket	Socket::Constants	::	TCP_CORK	defined	public
socket	Socket::Constants	::	TCP_DEFER_ACCEPT	defined	public
socket	Socket::Constants	::	TCP_INFO	defined	public
socket	Socket::Constants	::	TCP_KEEPCNT	defined	public
socket	Socket::Constants	::	TCP_KEEPIDLE	defined	public
socket	Socket::Constants	::	TCP_KEEPINTVL	defined	public
socket	Socket::Constants	::	TCP_LINGER2	defined	public
socket	Socket::Constants	::	TCP_MAXSEG	defined	public
socket	Socket::Constants	::	TCP_MD5SIG	defined	public
socket	Socket::Constants	::	TCP_NODELAY	defined	public
socket	Socket::Constants	::	TCP_NOOPT	defined	public
socket	Socket::Constants	::	TCP_NOPUSH	defined	public
socket	Socket::Constants	::	TCP_QUICKACK	defined	public
socket	Socket::Constants	::	TCP_SYNCNT	defined	public
socket	Socket::Constants	::	TCP_WINDOW_CLAMP	defined	public
socket	Socket::Constants	::	UDP_CORK	defined	public
socket	Socket::Ifaddr	#	addr	defined	public
socket	Socket::Ifaddr	#	broadaddr	defined	public
socket	Socket::Ifaddr	#	dstaddr	defined	public
socket	Socket::Ifaddr	#	flags	defined	public
socket	Socket::Ifaddr	#	ifindex	defined	public
socket	Socket::Ifaddr	#	inspect	defined	public
socket	Socket::Ifaddr	#	name	defined	public
socket	Socket::Ifaddr	#	netmask	defined	public
socket	Socket::Ifaddr	#	vhid	defined	public
socket	Socket::Option	#	bool	defined	public
socket	Socket::Option	#	data	defined	public
socket	Socket::Option	#	to_s	defined	public
socket	Socket::Option	#	family	defined	public
socket	Socket::Option	#	int	defined	public
socket	Socket::Option	#	level	defined	public
socket	Socket::Option	#	linger	defined	public
socket	Socket::Option	#	optname	defined	public
socket	Socket::Option	#	unpack	defined	public
socket	Socket::Option	.	bool	defined	public
socket	Socket::Option	.	int	defined	public
socket	Socket::Option	.	linger	defined	public
socket	Socket::Option	.	new	defined	public
socket	Socket::UDPSource	#	local_address	defined	public
socket	Socket::UDPSource	#	remote_address	defined	public
socket	Socket::UDPSource	#	reply	defined	public
socket	Socket::UDPSource	.	new	defined	public
_builtin	StopIteration	#	result	defined	public
_builtin	String	#	%	defined	public
_builtin	String	#	*	defined	public
_builtin	String	#	+	defined	public
_builtin	String	#	+@	defined	public
_builtin	String	#	-@	defined	public
_builtin	String	#	dedup	defined	public
_builtin	String	#	<<	defined	public
_builtin	String	#	concat	defined	public
_builtin	String	#	<=>	defined	public
_builtin	String	#	==	defined	public
_builtin	String	#	===	defined	public
_builtin	String	#	=~	defined	public
_builtin	String	#	[]	defined	public
_builtin	String	#	slice	defined	public
_builtin	String	#	[]=	defined	public
_builtin	String	#	append_as_bytes	defined	public
_builtin	String	#	ascii_only?	defined	public
_builtin	String	#	b	defined	public
_builtin	String	#	byteindex	defined	public
_builtin	String	#	byterindex	defined	public
_builtin	String	#	bytes	defined	public
_builtin	String	#	bytesize	defined	public
_builtin	String	#	byteslice	defined	public
_builtin	String	#	bytesplice	defined	public
_builtin	String	#	capitalize	defined	public
_builtin	String	#	capitalize!	defined	public
_builtin	String	#	casecmp	defined	public
_builtin	String	#	casecmp?	defined	public
_builtin	String	#	center	defined	public
_builtin	String	#	chars	defined	public
_builtin	String	#	chomp	defined	public
_builtin	String	#	chomp!	defined	public
_builtin	String	#	chop	defined	public
_builtin	String	#	chop!	defined	public
_builtin	String	#	chr	defined	public
_builtin	String	#	clear	defined	public
_builtin	String	#	codepoints	defined	public
_builtin	String	#	count	defined	public
_builtin	String	#	crypt	defined	public
_builtin	String	#	delete	defined	public
_builtin	String	#	delete!	defined	public
_builtin	String	#	delete_prefix	defined	public
_builtin	String	#	delete_prefix!	defined	public
_builtin	String	#	delete_suffix	defined	public
_builtin	String	#	delete_suffix!	defined	public
_builtin	String	#	downcase	defined	public
_builtin	String	#	downcase!	defined	public
_builtin	String	#	dump	defined	public
_builtin	String	#	each_byte	defined	public
_builtin	String	#	each_char	defined	public
_builtin	String	#	each_codepoint	defined	public
_builtin	String	#	each_grapheme_cluster	defined	public
_builtin	String	#	each_line	defined	public
_builtin	String	#	empty?	defined	public
_builtin	String	#	encode	defined	public
_builtin	String	#	encode!	defined	public
_builtin	String	#	encoding	defined	public
_builtin	String	#	end_with?	defined	public
_builtin	String	#	eql?	defined	public
rake	String	#	ext	added	public
_builtin	String	#	force_encoding	defined	public
_builtin	String	#	getbyte	defined	public
_builtin	String	#	grapheme_clusters	defined	public
_builtin	String	#	gsub	defined	public
_builtin	String	#	gsub!	defined	public
_builtin	String	#	hash	defined	public
_builtin	String	#	hex	defined	public
_builtin	String	#	include?	defined	public
_builtin	String	#	index	defined	public
_builtin	String	#	insert	defined	public
_builtin	String	#	inspect	defined	public
_builtin	String	#	intern	defined	public
_builtin	String	#	to_sym	defined	public
kconv	String	#	iseuc	added	public
kconv	String	#	isjis	added	public
kconv	String	#	issjis	added	public
kconv	String	#	isutf8	added	public
kconv	String	#	kconv	added	public
_builtin	String	#	length	defined	public
_builtin	String	#	size	defined	public
_builtin	String	#	lines	defined	public
_builtin	String	#	ljust	defined	public
_builtin	String	#	lstrip	defined	public
_builtin	String	#	lstrip!	defined	public
_builtin	String	#	match	defined	public
_builtin	String	#	match?	defined	public
_builtin	String	#	next	defined	public
_builtin	String	#	succ	defined	public
_builtin	String	#	next!	defined	public
_builtin	String	#	succ!	defined	public
_builtin	String	#	oct	defined	public
_builtin	String	#	ord	defined	public
csv	String	#	parse_csv	added	public
_builtin	String	#	partition	defined	public
rake	String	#	pathmap	added	public
rake	String	#	pathmap_explode	added	protected
rake	String	#	pathmap_partial	added	protected
rake	String	#	pathmap_replace	added	protected
_builtin	String	#	prepend	defined	public
_builtin	String	#	replace	defined	public
_builtin	String	#	reverse	defined	public
_builtin	String	#	reverse!	defined	public
_builtin	String	#	rindex	defined	public
_builtin	String	#	rjust	defined	public
_builtin	String	#	rpartition	defined	public
_builtin	String	#	rstrip	defined	public
_builtin	String	#	rstrip!	defined	public
_builtin	String	#	scan	defined	public
_builtin	String	#	scrub	defined	public
_builtin	String	#	scrub!	defined	public
_builtin	String	#	setbyte	defined	public
shellwords	String	#	shellescape	added	public
shellwords	String	#	shellsplit	added	public
_builtin	String	#	slice!	defined	public
_builtin	String	#	split	defined	public
_builtin	String	#	squeeze	defined	public
_builtin	String	#	squeeze!	defined	public
_builtin	String	#	start_with?	defined	public
_builtin	String	#	strip	defined	public
_builtin	String	#	strip!	defined	public
_builtin	String	#	sub	defined	public
_builtin	String	#	sub!	defined	public
_builtin	String	#	sum	defined	public
_builtin	String	#	swapcase	defined	public
_builtin	String	#	swapcase!	defined	public
_builtin	String	#	to_c	defined	public
bigdecimal/util	String	#	to_d	added	public
_builtin	String	#	to_f	defined	public
_builtin	String	#	to_i	defined	public
_builtin	String	#	to_r	defined	public
_builtin	String	#	to_s	defined	public
_builtin	String	#	to_str	defined	public
kconv	String	#	toeuc	added	public
kconv	String	#	tojis	added	public
kconv	String	#	tolocale	added	public
kconv	String	#	tosjis	added	public
kconv	String	#	toutf16	added	public
kconv	String	#	toutf32	added	public
kconv	String	#	toutf8	added	public
_builtin	String	#	tr	defined	public
_builtin	String	#	tr!	defined	public
_builtin	String	#	tr_s	defined	public
_builtin	String	#	tr_s!	defined	public
_builtin	String	#	undump	defined	public
_builtin	String	#	unicode_normalize	defined	public
_builtin	String	#	unicode_normalize!	defined	public
_builtin	String	#	unicode_normalized?	defined	public
_builtin	String	#	unpack	defined	public
_builtin	String	#	unpack1	defined	public
_builtin	String	#	upcase	defined	public
_builtin	String	#	upcase!	defined	public
_builtin	String	#	upto	defined	public
_builtin	String	#	valid_encoding?	defined	public
_builtin	String	.	new	defined	public
_builtin	String	.	try_convert	defined	public
stringio	StringIO	#	<<	defined	public
stringio	StringIO	#	binmode	defined	public
stringio	StringIO	#	close	defined	public
stringio	StringIO	#	close_read	defined	public
stringio	StringIO	#	close_write	defined	public
stringio	StringIO	#	closed?	defined	public
stringio	StringIO	#	closed_read?	defined	public
stringio	StringIO	#	closed_write?	defined	public
stringio	StringIO	#	each	defined	public
stringio	StringIO	#	each_line	defined	public
stringio	StringIO	#	each_byte	defined	public
stringio	StringIO	#	each_char	defined	public
stringio	StringIO	#	each_codepoint	defined	public
stringio	StringIO	#	eof	defined	public
stringio	StringIO	#	eof?	defined	public
stringio	StringIO	#	external_encoding	defined	public
stringio	StringIO	#	fcntl	defined	public
stringio	StringIO	#	fileno	defined	public
stringio	StringIO	#	flush	defined	public
stringio	StringIO	#	fsync	defined	public
stringio	StringIO	#	getbyte	defined	public
stringio	StringIO	#	getc	defined	public
stringio	StringIO	#	gets	defined	public
stringio	StringIO	#	internal_encoding	defined	public
stringio	StringIO	#	isatty	defined	public
stringio	StringIO	#	length	defined	public
stringio	StringIO	#	size	defined	public
stringio	StringIO	#	lineno	defined	public
stringio	StringIO	#	lineno=	defined	public
stringio	StringIO	#	pid	defined	public
stringio	StringIO	#	pos	defined	public
stringio	StringIO	#	tell	defined	public
stringio	StringIO	#	pos=	defined	public
stringio	StringIO	#	print	defined	public
stringio	StringIO	#	printf	defined	public
stringio	StringIO	#	putc	defined	public
stringio	StringIO	#	puts	defined	public
stringio	StringIO	#	read	defined	public
stringio	StringIO	#	read_nonblock	defined	public
stringio	StringIO	#	readbyte	defined	public
stringio	StringIO	#	readchar	defined	public
stringio	StringIO	#	readline	defined	public
stringio	StringIO	#	readlines	defined	public
stringio	StringIO	#	readpartial	defined	public
stringio	StringIO	#	sysread	defined	public
stringio	StringIO	#	reopen	defined	public
stringio	StringIO	#	rewind	defined	public
stringio	StringIO	#	seek	defined	public
stringio	StringIO	#	set_encoding	defined	public
stringio	StringIO	#	string	defined	public
stringio	StringIO	#	string=	defined	public
stringio	StringIO	#	sync	defined	public
stringio	StringIO	#	sync=	defined	public
stringio	StringIO	#	syswrite	defined	public
stringio	StringIO	#	write_nonblock	defined	public
stringio	StringIO	#	truncate	defined	public
stringio	StringIO	#	tty?	defined	public
stringio	StringIO	#	ungetbyte	defined	public
stringio	StringIO	#	ungetc	defined	public
stringio	StringIO	#	write	defined	public
stringio	StringIO	.	new	defined	public
stringio	StringIO	.	open	defined	public
strscan	StringScanner	::	Id	defined	public
strscan	StringScanner	::	Version	defined	public
strscan	StringScanner	#	<<	defined	public
strscan	StringScanner	#	concat	defined	public
strscan	StringScanner	#	[]	defined	public
strscan	StringScanner	#	beginning_of_line?	defined	public
strscan	StringScanner	#	bol?	defined	public
strscan	StringScanner	#	charpos	defined	public
strscan	StringScanner	#	check	defined	public
strscan	StringScanner	#	check_until	defined	public
strscan	StringScanner	#	clear	defined	public
strscan	StringScanner	#	terminate	defined	public
strscan	StringScanner	#	empty?	defined	public
strscan	StringScanner	#	eos?	defined	public
strscan	StringScanner	#	exist?	defined	public
strscan	StringScanner	#	get_byte	defined	public
strscan	StringScanner	#	getbyte	defined	public
strscan	StringScanner	#	getch	defined	public
strscan	StringScanner	#	inspect	defined	public
strscan	StringScanner	#	match?	defined	public
strscan	StringScanner	#	matched	defined	public
strscan	StringScanner	#	matched?	defined	public
strscan	StringScanner	#	matched_size	defined	public
strscan	StringScanner	#	peek	defined	public
strscan	StringScanner	#	peep	defined	public
strscan	StringScanner	#	pointer	defined	public
strscan	StringScanner	#	pos	defined	public
strscan	StringScanner	#	pointer=	defined	public
strscan	StringScanner	#	pos=	defined	public
strscan	StringScanner	#	post_match	defined	public
strscan	StringScanner	#	pre_match	defined	public
strscan	StringScanner	#	reset	defined	public
strscan	StringScanner	#	rest	defined	public
strscan	StringScanner	#	rest?	defined	public
strscan	StringScanner	#	rest_size	defined	public
strscan	StringScanner	#	restsize	defined	public
strscan	StringScanner	#	scan	defined	public
strscan	StringScanner	#	scan_full	defined	public
strscan	StringScanner	#	scan_until	defined	public
strscan	StringScanner	#	search_full	defined	public
strscan	StringScanner	#	skip	defined	public
strscan	StringScanner	#	skip_until	defined	public
strscan	StringScanner	#	string	defined	public
strscan	StringScanner	#	string=	defined	public
strscan	StringScanner	#	unscan	defined	public
strscan	StringScanner	.	must_C_version	defined	public
strscan	StringScanner	.	new	defined	public
_builtin	Struct	#	==	defined	public
_builtin	Struct	#	[]	defined	public
_builtin	Struct	#	[]=	defined	public
_builtin	Struct	#	deconstruct	defined	public
_builtin	Struct	#	to_a	defined	public
_builtin	Struct	#	values	defined	public
_builtin	Struct	#	deconstruct_keys	defined	public
_builtin	Struct	#	dig	defined	public
_builtin	Struct	#	each	defined	public
_builtin	Struct	#	each_pair	defined	public
_builtin	Struct	#	eql?	defined	public
_builtin	Struct	#	equal?	defined	public
_builtin	Struct	#	filter	defined	public
_builtin	Struct	#	select	defined	public
_builtin	Struct	#	hash	defined	public
_builtin	Struct	#	inspect	defined	public
_builtin	Struct	#	to_s	defined	public
_builtin	Struct	#	length	defined	public
_builtin	Struct	#	size	defined	public
_builtin	Struct	#	members	defined	public
_builtin	Struct	#	to_h	defined	public
json/add/struct	Struct	#	to_json	added	public
_builtin	Struct	#	values_at	defined	public
_builtin	Struct	.	[]	defined	public
_builtin	Struct	.	new	defined	public
json/add/struct	Struct	.	json_create	added	public
_builtin	Struct	.	keyword_init?	defined	public
_builtin	Struct	.	members	defined	public
_builtin	Symbol	#	<=>	defined	public
_builtin	Symbol	#	==	defined	public
_builtin	Symbol	#	=~	defined	public
_builtin	Symbol	#	[]	defined	public
_builtin	Symbol	#	slice	defined	public
_builtin	Symbol	#	capitalize	defined	public
_builtin	Symbol	#	casecmp	defined	public
_builtin	Symbol	#	casecmp?	defined	public
_builtin	Symbol	#	downcase	defined	public
_builtin	Symbol	#	empty?	defined	public
_builtin	Symbol	#	encoding	defined	public
_builtin	Symbol	#	end_with?	defined	public
_builtin	Symbol	#	hash	defined	public
_builtin	Symbol	#	id2name	defined	public
_builtin	Symbol	#	to_s	defined	public
_builtin	Symbol	#	inspect	defined	public
_builtin	Symbol	#	intern	defined	public
_builtin	Symbol	#	to_sym	defined	public
_builtin	Symbol	#	length	defined	public
_builtin	Symbol	#	size	defined	public
_builtin	Symbol	#	match	defined	public
_builtin	Symbol	#	match?	defined	public
_builtin	Symbol	#	name	defined	public
_builtin	Symbol	#	next	defined	public
_builtin	Symbol	#	succ	defined	public
_builtin	Symbol	#	start_with?	defined	public
_builtin	Symbol	#	swapcase	defined	public
json/add/symbol	Symbol	#	to_json	added	public
_builtin	Symbol	#	to_proc	defined	public
_builtin	Symbol	#	upcase	defined	public
_builtin	Symbol	.	all_symbols	defined	public
json/add/symbol	Symbol	.	json_create	added	public
_builtin	SyntaxError	#	path	defined	public
syslog	Syslog	.#	alert	defined	public
syslog	Syslog	.#	crit	defined	public
syslog	Syslog	.#	debug	defined	public
syslog	Syslog	.#	emerg	defined	public
syslog	Syslog	.#	err	defined	public
syslog	Syslog	.#	info	defined	public
syslog	Syslog	.#	notice	defined	public
syslog	Syslog	.#	warning	defined	public
syslog	Syslog	.#	close	defined	public
syslog	Syslog	.#	facility	defined	public
syslog	Syslog	.#	ident	defined	public
syslog	Syslog	.#	options	defined	public
syslog	Syslog	.#	instance	defined	public
syslog	Syslog	.#	log	defined	public
syslog	Syslog	.#	mask	defined	public
syslog	Syslog	.#	mask=	defined	public
syslog	Syslog	.#	open	defined	public
syslog	Syslog	.#	open!	defined	public
syslog	Syslog	.#	reopen	defined	public
syslog	Syslog	.#	opened?	defined	public
syslog	Syslog::Facility	::	LOG_AUTH	defined	public
syslog	Syslog::Facility	::	LOG_AUTHPRIV	defined	public
syslog	Syslog::Facility	::	LOG_CONSOLE	defined	public
syslog	Syslog::Facility	::	LOG_CRON	defined	public
syslog	Syslog::Facility	::	LOG_DAEMON	defined	public
syslog	Syslog::Facility	::	LOG_FTP	defined	public
syslog	Syslog::Facility	::	LOG_KERN	defined	public
syslog	Syslog::Facility	::	LOG_LOCAL0	defined	public
syslog	Syslog::Facility	::	LOG_LOCAL1	defined	public
syslog	Syslog::Facility	::	LOG_LOCAL2	defined	public
syslog	Syslog::Facility	::	LOG_LOCAL3	defined	public
syslog	Syslog::Facility	::	LOG_LOCAL4	defined	public
syslog	Syslog::Facility	::	LOG_LOCAL5	defined	public
syslog	Syslog::Facility	::	LOG_LOCAL6	defined	public
syslog	Syslog::Facility	::	LOG_LOCAL7	defined	public
syslog	Syslog::Facility	::	LOG_LPR	defined	public
syslog	Syslog::Facility	::	LOG_MAIL	defined	public
syslog	Syslog::Facility	::	LOG_NEWS	defined	public
syslog	Syslog::Facility	::	LOG_NTP	defined	public
syslog	Syslog::Facility	::	LOG_SECURITY	defined	public
syslog	Syslog::Facility	::	LOG_SYSLOG	defined	public
syslog	Syslog::Facility	::	LOG_USER	defined	public
syslog	Syslog::Facility	::	LOG_UUCP	defined	public
syslog	Syslog::Level	::	LOG_ALERT	defined	public
syslog	Syslog::Level	::	LOG_CRIT	defined	public
syslog	Syslog::Level	::	LOG_DEBUG	defined	public
syslog	Syslog::Level	::	LOG_EMERG	defined	public
syslog	Syslog::Level	::	LOG_ERR	defined	public
syslog	Syslog::Level	::	LOG_INFO	defined	public
syslog	Syslog::Level	::	LOG_NOTICE	defined	public
syslog	Syslog::Level	::	LOG_WARNING	defined	public
syslog/logger	Syslog::Logger	::	LEVEL_MAP	defined	public
syslog/logger	Syslog::Logger	::	VERSION	defined	public
syslog/logger	Syslog::Logger	#	add	defined	public
syslog/logger	Syslog::Logger	#	debug	defined	public
syslog/logger	Syslog::Logger	#	debug?	defined	public
syslog/logger	Syslog::Logger	#	error	defined	public
syslog/logger	Syslog::Logger	#	error?	defined	public
syslog/logger	Syslog::Logger	#	fatal	defined	public
syslog/logger	Syslog::Logger	#	fatal?	defined	public
syslog/logger	Syslog::Logger	#	formatter	defined	public
syslog/logger	Syslog::Logger	#	formatter=	defined	public
syslog/logger	Syslog::Logger	#	info	defined	public
syslog/logger	Syslog::Logger	#	info?	defined	public
syslog/logger	Syslog::Logger	#	level	defined	public
syslog/logger	Syslog::Logger	#	level=	defined	public
syslog/logger	Syslog::Logger	#	unknown	defined	public
syslog/logger	Syslog::Logger	#	unknown?	defined	public
syslog/logger	Syslog::Logger	#	warn	defined	public
syslog/logger	Syslog::Logger	#	warn?	defined	public
syslog/logger	Syslog::Logger	.	make_methods	defined	public
syslog/logger	Syslog::Logger	.	new	defined	public
syslog/logger	Syslog::Logger	.	syslog	defined	public
syslog/logger	Syslog::Logger	.	syslog=	defined	public
syslog/logger	Syslog::Logger::Formatter	#	call	defined	public
syslog	Syslog::Macros	.#	LOG_MASK	defined	public
syslog	Syslog::Macros	.#	LOG_UPTO	defined	public
syslog	Syslog::Option	::	LOG_CONS	defined	public
syslog	Syslog::Option	::	LOG_NDELAY	defined	public
syslog	Syslog::Option	::	LOG_NOWAIT	defined	public
syslog	Syslog::Option	::	LOG_ODELAY	defined	public
syslog	Syslog::Option	::	LOG_PERROR	defined	public
syslog	Syslog::Option	::	LOG_PID	defined	public
_builtin	SystemCallError	#	errno	defined	public
_builtin	SystemCallError	.	===	defined	public
_builtin	SystemCallError	.	new	defined	public
_builtin	SystemExit	#	status	defined	public
_builtin	SystemExit	#	success?	defined	public
_builtin	SystemExit	.	new	defined	public
socket	TCPServer	#	accept	defined	public
socket	TCPServer	#	accept_nonblock	defined	public
socket	TCPServer	#	listen	defined	public
socket	TCPServer	#	sysaccept	defined	public
socket	TCPServer	.	new	defined	public
socket	TCPServer	.	open	defined	public
socket	TCPSocket	.	gethostbyname	defined	public
resolv-replace	TCPSocket	.	new	redefined	public
resolv-replace	TCPSocket	.	open	redefined	public
socket	TCPSocket	.	new	defined	public
socket	TCPSocket	.	open	defined	public
tsort	TSort	#	each_strongly_connected_component	defined	public
tsort	TSort	#	each_strongly_connected_component_from	defined	public
tsort	TSort	#	strongly_connected_components	defined	public
tsort	TSort	#	tsort	defined	public
tsort	TSort	#	tsort_each	defined	public
tsort	TSort	#	tsort_each_child	defined	public
tsort	TSort	#	tsort_each_node	defined	public
tsort	TSort	.	each_strongly_connected_component	defined	public
tsort	TSort	.	each_strongly_connected_component_from	defined	public
tsort	TSort	.	strongly_connected_components	defined	public
tsort	TSort	.	tsort	defined	public
tsort	TSort	.	tsort_each	defined	public
tempfile	Tempfile	#	close	defined	public
tempfile	Tempfile	#	close!	defined	public
tempfile	Tempfile	#	delete	defined	public
tempfile	Tempfile	#	unlink	defined	public
tempfile	Tempfile	#	length	defined	public
tempfile	Tempfile	#	size	defined	public
tempfile	Tempfile	#	open	defined	public
tempfile	Tempfile	#	path	defined	public
tempfile	Tempfile	.	create	defined	public
tempfile	Tempfile	.	new	defined	public
tempfile	Tempfile	.	open	defined	public
_builtin	Thread	#	[]	defined	public
_builtin	Thread	#	[]=	defined	public
_builtin	Thread	#	abort_on_exception	defined	public
_builtin	Thread	#	abort_on_exception=	defined	public
_builtin	Thread	#	add_trace_func	defined	public
_builtin	Thread	#	alive?	defined	public
_builtin	Thread	#	backtrace	defined	public
_builtin	Thread	#	backtrace_locations	defined	public
_builtin	Thread	#	exit	defined	public
_builtin	Thread	#	kill	defined	public
_builtin	Thread	#	terminate	defined	public
_builtin	Thread	#	fetch	defined	public
_builtin	Thread	#	group	defined	public
_builtin	Thread	#	inspect	defined	public
_builtin	Thread	#	to_s	defined	public
_builtin	Thread	#	join	defined	public
_builtin	Thread	#	key?	defined	public
_builtin	Thread	#	keys	defined	public
_builtin	Thread	#	name	defined	public
_builtin	Thread	#	name=	defined	public
_builtin	Thread	#	native_thread_id	defined	public
_builtin	Thread	#	pending_interrupt?	defined	public
_builtin	Thread	#	priority	defined	public
_builtin	Thread	#	priority=	defined	public
_builtin	Thread	#	raise	defined	public
_builtin	Thread	#	report_on_exception	defined	public
_builtin	Thread	#	report_on_exception=	defined	public
_builtin	Thread	#	run	defined	public
_builtin	Thread	#	set_trace_func	defined	public
_builtin	Thread	#	status	defined	public
_builtin	Thread	#	stop?	defined	public
_builtin	Thread	#	thread_variable?	defined	public
_builtin	Thread	#	thread_variable_get	defined	public
_builtin	Thread	#	thread_variable_set	defined	public
_builtin	Thread	#	thread_variables	defined	public
_builtin	Thread	#	value	defined	public
_builtin	Thread	#	wakeup	defined	public
_builtin	Thread	.	DEBUG	defined	public
_builtin	Thread	.	DEBUG=	defined	public
_builtin	Thread	.	abort_on_exception	defined	public
_builtin	Thread	.	abort_on_exception=	defined	public
_builtin	Thread	.	current	defined	public
_builtin	Thread	.	each_caller_location	defined	public
_builtin	Thread	.	exit	defined	public
_builtin	Thread	.	fork	defined	public
_builtin	Thread	.	start	defined	public
_builtin	Thread	.	handle_interrupt	defined	public
_builtin	Thread	.	ignore_deadlock	defined	public
_builtin	Thread	.	ignore_deadlock=	defined	public
_builtin	Thread	.	kill	defined	public
_builtin	Thread	.	list	defined	public
_builtin	Thread	.	main	defined	public
_builtin	Thread	.	new	defined	public
_builtin	Thread	.	pass	defined	public
_builtin	Thread	.	pending_interrupt?	defined	public
_builtin	Thread	.	report_on_exception	defined	public
_builtin	Thread	.	report_on_exception=	defined	public
_builtin	Thread	.	stop	defined	public
_builtin	Thread::Backtrace	.	limit	defined	public
_builtin	Thread::Backtrace::Location	#	absolute_path	defined	public
_builtin	Thread::Backtrace::Location	#	base_label	defined	public
_builtin	Thread::Backtrace::Location	#	inspect	defined	public
_builtin	Thread::Backtrace::Location	#	label	defined	public
_builtin	Thread::Backtrace::Location	#	lineno	defined	public
_builtin	Thread::Backtrace::Location	#	path	defined	public
_builtin	Thread::Backtrace::Location	#	to_s	defined	public
_builtin	Thread::ConditionVariable	#	broadcast	defined	public
_builtin	Thread::ConditionVariable	#	signal	defined	public
_builtin	Thread::ConditionVariable	#	wait	defined	public
_builtin	Thread::ConditionVariable	.	new	defined	public
_builtin	Thread::Mutex	#	lock	defined	public
_builtin	Thread::Mutex	#	locked?	defined	public
_builtin	Thread::Mutex	#	owned?	defined	public
_builtin	Thread::Mutex	#	sleep	defined	public
_builtin	Thread::Mutex	#	synchronize	defined	public
_builtin	Thread::Mutex	#	try_lock	defined	public
_builtin	Thread::Mutex	#	unlock	defined	public
_builtin	Thread::Mutex	.	new	defined	public
_builtin	Thread::Queue	#	<<	defined	public
_builtin	Thread::Queue	#	enq	defined	public
_builtin	Thread::Queue	#	push	defined	public
_builtin	Thread::Queue	#	clear	defined	public
_builtin	Thread::Queue	#	close	defined	public
_builtin	Thread::Queue	#	closed?	defined	public
_builtin	Thread::Queue	#	deq	defined	public
_builtin	Thread::Queue	#	pop	defined	public
_builtin	Thread::Queue	#	shift	defined	public
_builtin	Thread::Queue	#	empty?	defined	public
_builtin	Thread::Queue	#	length	defined	public
_builtin	Thread::Queue	#	size	defined	public
_builtin	Thread::Queue	#	num_waiting	defined	public
_builtin	Thread::Queue	.	new	defined	public
_builtin	Thread::SizedQueue	#	<<	defined	public
_builtin	Thread::SizedQueue	#	enq	defined	public
_builtin	Thread::SizedQueue	#	push	defined	public
_builtin	Thread::SizedQueue	#	close	defined	public
_builtin	Thread::SizedQueue	#	deq	defined	public
_builtin	Thread::SizedQueue	#	pop	defined	public
_builtin	Thread::SizedQueue	#	shift	defined	public
_builtin	Thread::SizedQueue	#	empty?	defined	public
_builtin	Thread::SizedQueue	#	length	defined	public
_builtin	Thread::SizedQueue	#	size	defined	public
_builtin	Thread::SizedQueue	#	max	defined	public
_builtin	Thread::SizedQueue	#	max=	defined	public
_builtin	Thread::SizedQueue	.	new	defined	public
_builtin	ThreadGroup	::	Default	defined	public
_builtin	ThreadGroup	#	add	defined	public
_builtin	ThreadGroup	#	enclose	defined	public
_builtin	ThreadGroup	#	enclosed?	defined	public
_builtin	ThreadGroup	#	list	defined	public
_builtin	ThreadGroup	.	new	defined	public
_builtin	Time	#	+	defined	public
_builtin	Time	#	-	defined	public
_builtin	Time	#	<=>	defined	public
_builtin	Time	#	asctime	defined	public
_builtin	Time	#	ctime	defined	public
_builtin	Time	#	ceil	defined	public
_builtin	Time	#	day	defined	public
_builtin	Time	#	mday	defined	public
_builtin	Time	#	deconstruct_keys	defined	public
_builtin	Time	#	dst?	defined	public
_builtin	Time	#	isdst	defined	public
_builtin	Time	#	eql?	defined	public
_builtin	Time	#	floor	defined	public
_builtin	Time	#	friday?	defined	public
_builtin	Time	#	getgm	defined	public
_builtin	Time	#	getutc	defined	public
_builtin	Time	#	getlocal	defined	public
_builtin	Time	#	gmt?	defined	public
_builtin	Time	#	utc?	defined	public
_builtin	Time	#	gmt_offset	defined	public
_builtin	Time	#	gmtoff	defined	public
_builtin	Time	#	utc_offset	defined	public
_builtin	Time	#	gmtime	defined	public
_builtin	Time	#	utc	defined	public
_builtin	Time	#	hash	defined	public
_builtin	Time	#	hour	defined	public
time	Time	#	httpdate	added	public
_builtin	Time	#	inspect	defined	public
time	Time	#	iso8601	added	public
time	Time	#	xmlschema	added	public
_builtin	Time	#	localtime	defined	public
_builtin	Time	#	min	defined	public
_builtin	Time	#	mon	defined	public
_builtin	Time	#	month	defined	public
_builtin	Time	#	monday?	defined	public
_builtin	Time	#	nsec	defined	public
_builtin	Time	#	tv_nsec	defined	public
time	Time	#	rfc2822	added	public
time	Time	#	rfc822	added	public
_builtin	Time	#	round	defined	public
_builtin	Time	#	saturday?	defined	public
_builtin	Time	#	sec	defined	public
_builtin	Time	#	strftime	defined	public
_builtin	Time	#	subsec	defined	public
_builtin	Time	#	sunday?	defined	public
_builtin	Time	#	thursday?	defined	public
_builtin	Time	#	to_a	defined	public
date	Time	#	to_date	added	public
date	Time	#	to_datetime	added	public
_builtin	Time	#	to_f	defined	public
_builtin	Time	#	to_i	defined	public
_builtin	Time	#	tv_sec	defined	public
json/add/time	Time	#	to_json	added	public
_builtin	Time	#	to_r	defined	public
_builtin	Time	#	to_s	defined	public
date	Time	#	to_time	added	public
_builtin	Time	#	tuesday?	defined	public
_builtin	Time	#	tv_usec	defined	public
_builtin	Time	#	usec	defined	public
_builtin	Time	#	wday	defined	public
_builtin	Time	#	wednesday?	defined	public
_builtin	Time	#	yday	defined	public
_builtin	Time	#	year	defined	public
_builtin	Time	#	zone	defined	public
_builtin	Time	.	at	defined	public
_builtin	Time	.	gm	defined	public
_builtin	Time	.	utc	defined	public
time	Time	.	httpdate	added	public
time	Time	.	iso8601	added	public
time	Time	.	xmlschema	added	public
json/add/time	Time	.	json_create	added	public
_builtin	Time	.	local	defined	public
_builtin	Time	.	mktime	defined	public
_builtin	Time	.	new	defined	public
_builtin	Time	.	now	defined	public
time	Time	.	parse	added	public
time	Time	.	rfc2822	added	public
time	Time	.	rfc822	added	public
time	Time	.	strptime	added	public
timeout	Timeout	.#	timeout	defined	public
_builtin	TracePoint	#	binding	defined	public
_builtin	TracePoint	#	callee_id	defined	public
_builtin	TracePoint	#	defined_class	defined	public
_builtin	TracePoint	#	disable	defined	public
_builtin	TracePoint	#	enable	defined	public
_builtin	TracePoint	#	enabled?	defined	public
_builtin	TracePoint	#	eval_script	defined	public
_builtin	TracePoint	#	event	defined	public
_builtin	TracePoint	#	inspect	defined	public
_builtin	TracePoint	#	instruction_sequence	defined	public
_builtin	TracePoint	#	lineno	defined	public
_builtin	TracePoint	#	method_id	defined	public
_builtin	TracePoint	#	parameters	defined	public
_builtin	TracePoint	#	path	defined	public
_builtin	TracePoint	#	raised_exception	defined	public
_builtin	TracePoint	#	return_value	defined	public
_builtin	TracePoint	#	self	defined	public
_builtin	TracePoint	.	allow_reentry	defined	public
_builtin	TracePoint	.	new	defined	public
_builtin	TracePoint	.	stat	defined	public
_builtin	TracePoint	.	trace	defined	public
_builtin	TrueClass	#	&	defined	public
_builtin	TrueClass	#	^	defined	public
_builtin	TrueClass	#	|	defined	public
_builtin	TrueClass	#	inspect	defined	public
_builtin	TrueClass	#	to_s	defined	public
resolv-replace	UDPSocket	#	bind	redefined	public
socket	UDPSocket	#	bind	defined	public
resolv-replace	UDPSocket	#	connect	redefined	public
socket	UDPSocket	#	connect	defined	public
socket	UDPSocket	#	recvfrom_nonblock	defined	public
resolv-replace	UDPSocket	#	send	redefined	public
socket	UDPSocket	#	send	defined	public
socket	UDPSocket	.	new	defined	public
socket	UDPSocket	.	open	defined	public
socket	UNIXServer	#	accept	defined	public
socket	UNIXServer	#	accept_nonblock	defined	public
socket	UNIXServer	#	listen	defined	public
socket	UNIXServer	#	sysaccept	defined	public
socket	UNIXServer	.	new	defined	public
socket	UNIXServer	.	open	defined	public
socket	UNIXSocket	#	addr	defined	public
socket	UNIXSocket	#	path	defined	public
socket	UNIXSocket	#	peeraddr	defined	public
socket	UNIXSocket	#	recv_io	defined	public
socket	UNIXSocket	#	recvfrom	defined	public
socket	UNIXSocket	#	send_io	defined	public
socket	UNIXSocket	.	new	defined	public
socket	UNIXSocket	.	open	defined	public
socket	UNIXSocket	.	pair	defined	public
socket	UNIXSocket	.	socketpair	defined	public
uri	URI	::	UNSAFE	defined	public
uri	URI	.	decode_www_form	defined	public
uri	URI	.	decode_www_form_component	defined	public
uri	URI	.	encode_www_form	defined	public
uri	URI	.	encode_www_form_component	defined	public
uri	URI	.	extract	defined	public
uri	URI	.	join	defined	public
open-uri	URI	.	open	added	public
uri	URI	.	parse	defined	public
uri	URI	.	regexp	defined	public
uri	URI	.	split	defined	public
uri	URI::FTP	#	typecode	defined	public
uri	URI::FTP	#	typecode=	defined	public
uri	URI::FTP	.	build	defined	public
uri	URI::FTP	.	new	defined	public
uri	URI::FTP	.	new2	defined	public
uri	URI::Generic	::	COMPONENT	defined	public
uri	URI::Generic	::	DEFAULT_PORT	defined	public
uri	URI::Generic	#	+	defined	public
uri	URI::Generic	#	merge	defined	public
uri	URI::Generic	#	-	defined	public
uri	URI::Generic	#	route_from	defined	public
uri	URI::Generic	#	==	defined	public
uri	URI::Generic	#	absolute	defined	public
uri	URI::Generic	#	absolute?	defined	public
uri	URI::Generic	#	coerce	defined	public
uri	URI::Generic	#	component	defined	public
uri	URI::Generic	#	default_port	defined	public
uri	URI::Generic	#	find_proxy	defined	public
uri	URI::Generic	#	fragment	defined	public
uri	URI::Generic	#	fragment=	defined	public
uri	URI::Generic	#	hierarchical?	defined	public
uri	URI::Generic	#	host	defined	public
uri	URI::Generic	#	host=	defined	public
uri	URI::Generic	#	hostname	defined	public
uri	URI::Generic	#	hostname=	defined	public
uri	URI::Generic	#	merge!	defined	public
uri	URI::Generic	#	normalize	defined	public
uri	URI::Generic	#	normalize!	defined	public
uri	URI::Generic	#	opaque	defined	public
uri	URI::Generic	#	opaque=	defined	public
uri	URI::Generic	#	parser	defined	public
uri	URI::Generic	#	password	defined	public
uri	URI::Generic	#	password=	defined	public
uri	URI::Generic	#	path	defined	public
uri	URI::Generic	#	path=	defined	public
uri	URI::Generic	#	port	defined	public
uri	URI::Generic	#	port=	defined	public
uri	URI::Generic	#	query	defined	public
uri	URI::Generic	#	query=	defined	public
uri	URI::Generic	#	registry	defined	public
uri	URI::Generic	#	registry=	defined	public
uri	URI::Generic	#	relative?	defined	public
uri	URI::Generic	#	route_to	defined	public
uri	URI::Generic	#	scheme	defined	public
uri	URI::Generic	#	scheme=	defined	public
uri	URI::Generic	#	select	defined	public
uri	URI::Generic	#	to_s	defined	public
uri	URI::Generic	#	user	defined	public
uri	URI::Generic	#	user=	defined	public
uri	URI::Generic	#	userinfo	defined	public
uri	URI::Generic	#	userinfo=	defined	public
uri	URI::Generic	.	build	defined	public
uri	URI::Generic	.	build2	defined	public
uri	URI::Generic	.	component	defined	public
uri	URI::Generic	.	default_port	defined	public
uri	URI::Generic	.	new	defined	public
uri	URI::Generic	.	use_registry	defined	public
uri	URI::HTTP	#	request_uri	defined	public
uri	URI::HTTP	.	build	defined	public
uri	URI::HTTP	.	new	defined	public
uri	URI::LDAP	#	attributes	defined	public
uri	URI::LDAP	#	attributes=	defined	public
uri	URI::LDAP	#	dn	defined	public
uri	URI::LDAP	#	dn=	defined	public
uri	URI::LDAP	#	extensions	defined	public
uri	URI::LDAP	#	extensions=	defined	public
uri	URI::LDAP	#	filter	defined	public
uri	URI::LDAP	#	filter=	defined	public
uri	URI::LDAP	#	scope	defined	public
uri	URI::LDAP	#	scope=	defined	public
uri	URI::LDAP	.	build	defined	public
uri	URI::LDAP	.	new	defined	public
uri	URI::LDAPS	::	DEFAULT_PORT	defined	public
uri	URI::MailTo	#	headers	defined	public
uri	URI::MailTo	#	headers=	defined	public
uri	URI::MailTo	#	to	defined	public
uri	URI::MailTo	#	to=	defined	public
uri	URI::MailTo	#	to_mailtext	defined	public
uri	URI::MailTo	#	to_rfc822text	defined	public
uri	URI::MailTo	.	build	defined	public
uri	URI::MailTo	.	new	defined	public
_builtin	UnboundMethod	#	==	defined	public
_builtin	UnboundMethod	#	eql?	defined	public
_builtin	UnboundMethod	#	arity	defined	public
_builtin	UnboundMethod	#	bind	defined	public
_builtin	UnboundMethod	#	bind_call	defined	public
_builtin	UnboundMethod	#	clone	defined	public
_builtin	UnboundMethod	#	hash	defined	public
_builtin	UnboundMethod	#	inspect	defined	public
_builtin	UnboundMethod	#	to_s	defined	public
_builtin	UnboundMethod	#	name	defined	public
_builtin	UnboundMethod	#	original_name	defined	public
_builtin	UnboundMethod	#	owner	defined	public
_builtin	UnboundMethod	#	parameters	defined	public
_builtin	UnboundMethod	#	source_location	defined	public
_builtin	UnboundMethod	#	super_method	defined	public
_builtin	UncaughtThrowError	#	tag	defined	public
_builtin	UncaughtThrowError	#	to_s	defined	public
_builtin	UncaughtThrowError	#	value	defined	public
matrix	Vector	#	*	defined	public
matrix	Vector	#	+	defined	public
matrix	Vector	#	+@	defined	public
matrix	Vector	#	-	defined	public
matrix	Vector	#	-@	defined	public
matrix	Vector	#	/	defined	public
matrix	Vector	#	==	defined	public
matrix	Vector	#	eql?	defined	public
matrix	Vector	#	[]	defined	public
matrix	Vector	#	component	defined	public
matrix	Vector	#	element	defined	public
matrix	Vector	#	[]=	defined	public
matrix	Vector	#	angle_with	defined	public
matrix	Vector	#	collect	defined	public
matrix	Vector	#	map	defined	public
matrix	Vector	#	collect2	defined	public
matrix	Vector	#	collect!	defined	public
matrix	Vector	#	map!	defined	public
matrix	Vector	#	covector	defined	public
matrix	Vector	#	cross	defined	public
matrix	Vector	#	cross_product	defined	public
matrix	Vector	#	dot	defined	public
matrix	Vector	#	inner_product	defined	public
matrix	Vector	#	each	defined	public
matrix	Vector	#	each2	defined	public
matrix	Vector	#	elements_to_f	defined	public
matrix	Vector	#	elements_to_i	defined	public
matrix	Vector	#	elements_to_r	defined	public
matrix	Vector	#	hash	defined	public
matrix	Vector	#	independent?	defined	public
matrix	Vector	#	inspect	defined	public
matrix	Vector	#	magnitude	defined	public
matrix	Vector	#	norm	defined	public
matrix	Vector	#	r	defined	public
matrix	Vector	#	map2	defined	public
matrix	Vector	#	normalize	defined	public
matrix	Vector	#	size	defined	public
matrix	Vector	#	to_a	defined	public
matrix	Vector	#	to_s	defined	public
matrix	Vector	#	zero?	defined	public
matrix	Vector	.	[]	defined	public
matrix	Vector	.	basis	defined	public
matrix	Vector	.	elements	defined	public
matrix	Vector	.	independent?	defined	public
matrix	Vector	.	zero	defined	public
win32ole	WIN32OLE	::	ARGV	defined	public
win32ole	WIN32OLE	::	CP_ACP	defined	public
win32ole	WIN32OLE	::	CP_MACCP	defined	public
win32ole	WIN32OLE	::	CP_OEMCP	defined	public
win32ole	WIN32OLE	::	CP_SYMBOL	defined	public
win32ole	WIN32OLE	::	CP_THREAD_ACP	defined	public
win32ole	WIN32OLE	::	CP_UTF7	defined	public
win32ole	WIN32OLE	::	CP_UTF8	defined	public
win32ole	WIN32OLE	::	LOCALE_SYSTEM_DEFAULT	defined	public
win32ole	WIN32OLE	::	LOCALE_USER_DEFAULT	defined	public
win32ole	WIN32OLE	::	VERSION	defined	public
win32ole	WIN32OLE	#	[]	defined	public
win32ole	WIN32OLE	#	[]=	defined	public
win32ole	WIN32OLE	#	_getproperty	defined	public
win32ole	WIN32OLE	#	_invoke	defined	public
win32ole	WIN32OLE	#	_setproperty	defined	public
win32ole	WIN32OLE	#	each	defined	public
win32ole	WIN32OLE	#	invoke	defined	public
win32ole	WIN32OLE	#	method_missing	defined	public
win32ole	WIN32OLE	#	ole_activex_initialize	defined	public
win32ole	WIN32OLE	#	ole_free	defined	public
win32ole	WIN32OLE	#	ole_func_methods	defined	public
win32ole	WIN32OLE	#	ole_get_methods	defined	public
win32ole	WIN32OLE	#	ole_method	defined	public
win32ole	WIN32OLE	#	ole_method_help	defined	public
win32ole	WIN32OLE	#	ole_methods	defined	public
win32ole	WIN32OLE	#	ole_obj_help	defined	public
win32ole	WIN32OLE	#	ole_type	defined	public
win32ole	WIN32OLE	#	ole_put_methods	defined	public
win32ole	WIN32OLE	#	ole_query_interface	defined	public
win32ole	WIN32OLE	#	ole_respond_to?	defined	public
win32ole	WIN32OLE	#	ole_typelib	defined	public
win32ole	WIN32OLE	#	setproperty	defined	public
win32ole	WIN32OLE	.	codepage	defined	public
win32ole	WIN32OLE	.	codepage=	defined	public
win32ole	WIN32OLE	.	connect	defined	public
win32ole	WIN32OLE	.	const_load	defined	public
win32ole	WIN32OLE	.	create_guid	defined	public
win32ole	WIN32OLE	.	locale	defined	public
win32ole	WIN32OLE	.	locale=	defined	public
win32ole	WIN32OLE	.	new	defined	public
win32ole	WIN32OLE	.	ole_free	defined	public
win32ole	WIN32OLE	.	ole_reference_count	defined	public
win32ole	WIN32OLE	.	ole_show_help	defined	public
win32ole	WIN32OLE::VARIANT	::	VT_ARRAY	defined	public
win32ole	WIN32OLE::VARIANT	::	VT_BOOL	defined	public
win32ole	WIN32OLE::VARIANT	::	VT_BSTR	defined	public
win32ole	WIN32OLE::VARIANT	::	VT_BYREF	defined	public
win32ole	WIN32OLE::VARIANT	::	VT_CY	defined	public
win32ole	WIN32OLE::VARIANT	::	VT_DATE	defined	public
win32ole	WIN32OLE::VARIANT	::	VT_DISPATCH	defined	public
win32ole	WIN32OLE::VARIANT	::	VT_EMPTY	defined	public
win32ole	WIN32OLE::VARIANT	::	VT_ERROR	defined	public
win32ole	WIN32OLE::VARIANT	::	VT_I1	defined	public
win32ole	WIN32OLE::VARIANT	::	VT_I2	defined	public
win32ole	WIN32OLE::VARIANT	::	VT_I4	defined	public
win32ole	WIN32OLE::VARIANT	::	VT_INT	defined	public
win32ole	WIN32OLE::VARIANT	::	VT_NULL	defined	public
win32ole	WIN32OLE::VARIANT	::	VT_PTR	defined	public
win32ole	WIN32OLE::VARIANT	::	VT_R4	defined	public
win32ole	WIN32OLE::VARIANT	::	VT_R8	defined	public
win32ole	WIN32OLE::VARIANT	::	VT_UI1	defined	public
win32ole	WIN32OLE::VARIANT	::	VT_UI2	defined	public
win32ole	WIN32OLE::VARIANT	::	VT_UI4	defined	public
win32ole	WIN32OLE::VARIANT	::	VT_UINT	defined	public
win32ole	WIN32OLE::VARIANT	::	VT_UNKNOWN	defined	public
win32ole	WIN32OLE::VARIANT	::	VT_USERDEFINED	defined	public
win32ole	WIN32OLE::VARIANT	::	VT_VARIANT	defined	public
win32ole	WIN32OLE_EVENT	#	handler	defined	public
win32ole	WIN32OLE_EVENT	#	handler=	defined	public
win32ole	WIN32OLE_EVENT	#	off_event	defined	public
win32ole	WIN32OLE_EVENT	#	on_event	defined	public
win32ole	WIN32OLE_EVENT	#	on_event_with_outargs	defined	public
win32ole	WIN32OLE_EVENT	#	unadvise	defined	public
win32ole	WIN32OLE_EVENT	.	message_loop	defined	public
win32ole	WIN32OLE_EVENT	.	new	defined	public
win32ole	WIN32OLE_METHOD	#	dispid	defined	public
win32ole	WIN32OLE_METHOD	#	event?	defined	public
win32ole	WIN32OLE_METHOD	#	event_interface	defined	public
win32ole	WIN32OLE_METHOD	#	helpcontext	defined	public
win32ole	WIN32OLE_METHOD	#	helpfile	defined	public
win32ole	WIN32OLE_METHOD	#	helpstring	defined	public
win32ole	WIN32OLE_METHOD	#	invkind	defined	public
win32ole	WIN32OLE_METHOD	#	invoke_kind	defined	public
win32ole	WIN32OLE_METHOD	#	name	defined	public
win32ole	WIN32OLE_METHOD	#	to_s	defined	public
win32ole	WIN32OLE_METHOD	#	offset_vtbl	defined	public
win32ole	WIN32OLE_METHOD	#	params	defined	public
win32ole	WIN32OLE_METHOD	#	return_type	defined	public
win32ole	WIN32OLE_METHOD	#	return_type_detail	defined	public
win32ole	WIN32OLE_METHOD	#	return_vtype	defined	public
win32ole	WIN32OLE_METHOD	#	size_opt_params	defined	public
win32ole	WIN32OLE_METHOD	#	size_params	defined	public
win32ole	WIN32OLE_METHOD	#	visible?	defined	public
win32ole	WIN32OLE_METHOD	.	new	defined	public
win32ole	WIN32OLE_PARAM	#	default	defined	public
win32ole	WIN32OLE_PARAM	#	input?	defined	public
win32ole	WIN32OLE_PARAM	#	name	defined	public
win32ole	WIN32OLE_PARAM	#	to_s	defined	public
win32ole	WIN32OLE_PARAM	#	ole_type	defined	public
win32ole	WIN32OLE_PARAM	#	ole_type_detail	defined	public
win32ole	WIN32OLE_PARAM	#	optional?	defined	public
win32ole	WIN32OLE_PARAM	#	output?	defined	public
win32ole	WIN32OLE_PARAM	#	retval?	defined	public
win32ole	WIN32OLE_PARAM	.	new	defined	public
win32ole	WIN32OLE_RECORD	#	inspect	defined	public
win32ole	WIN32OLE_RECORD	#	method_missing	defined	public
win32ole	WIN32OLE_RECORD	#	ole_instance_variable_get	defined	public
win32ole	WIN32OLE_RECORD	#	ole_instance_variable_set	defined	public
win32ole	WIN32OLE_RECORD	#	to_h	defined	public
win32ole	WIN32OLE_RECORD	#	typename	defined	public
win32ole	WIN32OLE_RECORD	.	new	defined	public
win32ole	WIN32OLE_TYPE	#	default_event_sources	defined	public
win32ole	WIN32OLE_TYPE	#	default_ole_types	defined	public
win32ole	WIN32OLE_TYPE	#	guid	defined	public
win32ole	WIN32OLE_TYPE	#	helpcontext	defined	public
win32ole	WIN32OLE_TYPE	#	helpfile	defined	public
win32ole	WIN32OLE_TYPE	#	helpstring	defined	public
win32ole	WIN32OLE_TYPE	#	implemented_ole_types	defined	public
win32ole	WIN32OLE_TYPE	#	inspect	defined	public
win32ole	WIN32OLE_TYPE	#	major_version	defined	public
win32ole	WIN32OLE_TYPE	#	minor_version	defined	public
win32ole	WIN32OLE_TYPE	#	name	defined	public
win32ole	WIN32OLE_TYPE	#	to_s	defined	public
win32ole	WIN32OLE_TYPE	#	ole_methods	defined	public
win32ole	WIN32OLE_TYPE	#	ole_type	defined	public
win32ole	WIN32OLE_TYPE	#	ole_typelib	defined	public
win32ole	WIN32OLE_TYPE	#	progid	defined	public
win32ole	WIN32OLE_TYPE	#	source_ole_types	defined	public
win32ole	WIN32OLE_TYPE	#	src_type	defined	public
win32ole	WIN32OLE_TYPE	#	typekind	defined	public
win32ole	WIN32OLE_TYPE	#	variables	defined	public
win32ole	WIN32OLE_TYPE	#	visible?	defined	public
win32ole	WIN32OLE_TYPE	.	new	defined	public
win32ole	WIN32OLE_TYPE	.	ole_classes	defined	public
win32ole	WIN32OLE_TYPE	.	progids	defined	public
win32ole	WIN32OLE_TYPE	.	typelibs	defined	public
win32ole	WIN32OLE_TYPELIB	#	guid	defined	public
win32ole	WIN32OLE_TYPELIB	#	library_name	defined	public
win32ole	WIN32OLE_TYPELIB	#	major_version	defined	public
win32ole	WIN32OLE_TYPELIB	#	minor_version	defined	public
win32ole	WIN32OLE_TYPELIB	#	name	defined	public
win32ole	WIN32OLE_TYPELIB	#	to_s	defined	public
win32ole	WIN32OLE_TYPELIB	#	ole_classes	defined	public
win32ole	WIN32OLE_TYPELIB	#	ole_types	defined	public
win32ole	WIN32OLE_TYPELIB	#	path	defined	public
win32ole	WIN32OLE_TYPELIB	#	version	defined	public
win32ole	WIN32OLE_TYPELIB	#	visible?	defined	public
win32ole	WIN32OLE_TYPELIB	.	new	defined	public
win32ole	WIN32OLE_TYPELIB	.	typelibs	defined	public
win32ole	WIN32OLE_VARIABLE	#	name	defined	public
win32ole	WIN32OLE_VARIABLE	#	to_s	defined	public
win32ole	WIN32OLE_VARIABLE	#	ole_type	defined	public
win32ole	WIN32OLE_VARIABLE	#	ole_type_detail	defined	public
win32ole	WIN32OLE_VARIABLE	#	value	defined	public
win32ole	WIN32OLE_VARIABLE	#	variable_kind	defined	public
win32ole	WIN32OLE_VARIABLE	#	varkind	defined	public
win32ole	WIN32OLE_VARIABLE	#	visible?	defined	public
win32ole	WIN32OLE_VARIANT	::	Empty	defined	public
win32ole	WIN32OLE_VARIANT	::	Nothing	defined	public
win32ole	WIN32OLE_VARIANT	::	Null	defined	public
win32ole	WIN32OLE_VARIANT	#	[]	defined	public
win32ole	WIN32OLE_VARIANT	#	[]=	defined	public
win32ole	WIN32OLE_VARIANT	#	value	defined	public
win32ole	WIN32OLE_VARIANT	#	value=	defined	public
win32ole	WIN32OLE_VARIANT	#	vartype	defined	public
win32ole	WIN32OLE_VARIANT	.	array	defined	public
win32ole	WIN32OLE_VARIANT	.	new	defined	public
_builtin	Warning	#	warn	defined	public
_builtin	Warning	.	[]	defined	public
_builtin	Warning	.	[]=	defined	public
_builtin	Warning	.	categories	defined	public
_builtin	Warning	.	warn	defined	public
weakref	WeakRef	#	__getobj__	defined	public
weakref	WeakRef	#	__setobj__	defined	public
weakref	WeakRef	#	weakref_alive?	defined	public
weakref	WeakRef	.	new	defined	public
win32/registry	Win32::Registry	::	HKEY_CLASSES_ROOT	defined	public
win32/registry	Win32::Registry	::	HKEY_CURRENT_CONFIG	defined	public
win32/registry	Win32::Registry	::	HKEY_CURRENT_USER	defined	public
win32/registry	Win32::Registry	::	HKEY_DYN_DATA	defined	public
win32/registry	Win32::Registry	::	HKEY_LOCAL_MACHINE	defined	public
win32/registry	Win32::Registry	::	HKEY_PERFORMANCE_DATA	defined	public
win32/registry	Win32::Registry	::	HKEY_PERFORMANCE_NLSTEXT	defined	public
win32/registry	Win32::Registry	::	HKEY_PERFORMANCE_TEXT	defined	public
win32/registry	Win32::Registry	::	HKEY_USERS	defined	public
win32/registry	Win32::Registry	#	[]	defined	public
win32/registry	Win32::Registry	#	[]=	defined	public
win32/registry	Win32::Registry	#	_dump	defined	public
win32/registry	Win32::Registry	#	close	defined	public
win32/registry	Win32::Registry	#	create	defined	public
win32/registry	Win32::Registry	#	created?	defined	public
win32/registry	Win32::Registry	#	delete	defined	public
win32/registry	Win32::Registry	#	delete_value	defined	public
win32/registry	Win32::Registry	#	delete_key	defined	public
win32/registry	Win32::Registry	#	descriptor_length	defined	public
win32/registry	Win32::Registry	#	max_key_length	defined	public
win32/registry	Win32::Registry	#	max_value_length	defined	public
win32/registry	Win32::Registry	#	max_value_name_length	defined	public
win32/registry	Win32::Registry	#	num_keys	defined	public
win32/registry	Win32::Registry	#	num_values	defined	public
win32/registry	Win32::Registry	#	wtime	defined	public
win32/registry	Win32::Registry	#	disposition	defined	public
win32/registry	Win32::Registry	#	each	defined	public
win32/registry	Win32::Registry	#	each_value	defined	public
win32/registry	Win32::Registry	#	each_key	defined	public
win32/registry	Win32::Registry	#	flush	defined	public
win32/registry	Win32::Registry	#	hkey	defined	public
win32/registry	Win32::Registry	#	info	defined	public
win32/registry	Win32::Registry	#	inspect	defined	public
win32/registry	Win32::Registry	#	keyname	defined	public
win32/registry	Win32::Registry	#	keys	defined	public
win32/registry	Win32::Registry	#	name	defined	public
win32/registry	Win32::Registry	#	to_s	defined	public
win32/registry	Win32::Registry	#	open	defined	public
win32/registry	Win32::Registry	#	open?	defined	public
win32/registry	Win32::Registry	#	opened?	defined	public
win32/registry	Win32::Registry	#	parent	defined	public
win32/registry	Win32::Registry	#	read	defined	public
win32/registry	Win32::Registry	#	read_bin	defined	public
win32/registry	Win32::Registry	#	read_i	defined	public
win32/registry	Win32::Registry	#	read_s	defined	public
win32/registry	Win32::Registry	#	read_s_expand	defined	public
win32/registry	Win32::Registry	#	write	defined	public
win32/registry	Win32::Registry	#	write_bin	defined	public
win32/registry	Win32::Registry	#	write_i	defined	public
win32/registry	Win32::Registry	#	write_s	defined	public
win32/registry	Win32::Registry	.	create	defined	public
win32/registry	Win32::Registry	.	expand_environ	defined	public
win32/registry	Win32::Registry	.	new	defined	public
win32/registry	Win32::Registry	.	open	defined	public
win32/registry	Win32::Registry	.	time2wtime	defined	public
win32/registry	Win32::Registry	.	type2name	defined	public
win32/registry	Win32::Registry	.	wtime2time	defined	public
win32/registry	Win32::Registry::API	::	RegCloseKey	defined	public
win32/registry	Win32::Registry::API	::	RegCreateKeyExA	defined	public
win32/registry	Win32::Registry::API	::	RegDeleteKey	defined	public
win32/registry	Win32::Registry::API	::	RegDeleteValue	defined	public
win32/registry	Win32::Registry::API	::	RegEnumKeyExA	defined	public
win32/registry	Win32::Registry::API	::	RegEnumValueA	defined	public
win32/registry	Win32::Registry::API	::	RegFlushKey	defined	public
win32/registry	Win32::Registry::API	::	RegOpenKeyExA	defined	public
win32/registry	Win32::Registry::API	::	RegQueryInfoKey	defined	public
win32/registry	Win32::Registry::API	::	RegQueryValueExA	defined	public
win32/registry	Win32::Registry::API	::	RegSetValueExA	defined	public
win32/registry	Win32::Registry::API	.#	CloseKey	defined	public
win32/registry	Win32::Registry::API	.#	CreateKey	defined	public
win32/registry	Win32::Registry::API	.#	DeleteKey	defined	public
win32/registry	Win32::Registry::API	.#	DeleteValue	defined	public
win32/registry	Win32::Registry::API	.#	EnumKey	defined	public
win32/registry	Win32::Registry::API	.#	EnumValue	defined	public
win32/registry	Win32::Registry::API	.#	FlushKey	defined	public
win32/registry	Win32::Registry::API	.#	OpenKey	defined	public
win32/registry	Win32::Registry::API	.#	QueryInfoKey	defined	public
win32/registry	Win32::Registry::API	.#	QueryValue	defined	public
win32/registry	Win32::Registry::API	.#	SetValue	defined	public
win32/registry	Win32::Registry::API	.#	check	defined	public
win32/registry	Win32::Registry::API	.#	packdw	defined	public
win32/registry	Win32::Registry::API	.#	packqw	defined	public
win32/registry	Win32::Registry::API	.#	unpackdw	defined	public
win32/registry	Win32::Registry::API	.#	unpackqw	defined	public
win32/registry	Win32::Registry::Constants	::	HKEY_CLASSES_ROOT	defined	public
win32/registry	Win32::Registry::Constants	::	HKEY_CURRENT_CONFIG	defined	public
win32/registry	Win32::Registry::Constants	::	HKEY_CURRENT_USER	defined	public
win32/registry	Win32::Registry::Constants	::	HKEY_DYN_DATA	defined	public
win32/registry	Win32::Registry::Constants	::	HKEY_LOCAL_MACHINE	defined	public
win32/registry	Win32::Registry::Constants	::	HKEY_PERFORMANCE_DATA	defined	public
win32/registry	Win32::Registry::Constants	::	HKEY_PERFORMANCE_NLSTEXT	defined	public
win32/registry	Win32::Registry::Constants	::	HKEY_PERFORMANCE_TEXT	defined	public
win32/registry	Win32::Registry::Constants	::	HKEY_USERS	defined	public
win32/registry	Win32::Registry::Constants	::	KEY_ALL_ACCESS	defined	public
win32/registry	Win32::Registry::Constants	::	KEY_CREATE_LINK	defined	public
win32/registry	Win32::Registry::Constants	::	KEY_CREATE_SUB_KEY	defined	public
win32/registry	Win32::Registry::Constants	::	KEY_ENUMERATE_SUB_KEYS	defined	public
win32/registry	Win32::Registry::Constants	::	KEY_EXECUTE	defined	public
win32/registry	Win32::Registry::Constants	::	KEY_NOTIFY	defined	public
win32/registry	Win32::Registry::Constants	::	KEY_QUERY_VALUE	defined	public
win32/registry	Win32::Registry::Constants	::	KEY_READ	defined	public
win32/registry	Win32::Registry::Constants	::	KEY_SET_VALUE	defined	public
win32/registry	Win32::Registry::Constants	::	KEY_WRITE	defined	public
win32/registry	Win32::Registry::Constants	::	STANDARD_RIGHTS_READ	defined	public
win32/registry	Win32::Registry::Constants	::	STANDARD_RIGHTS_WRITE	defined	public
win32/registry	Win32::Registry::Constants	::	MAX_KEY_LENGTH	defined	public
win32/registry	Win32::Registry::Constants	::	MAX_VALUE_LENGTH	defined	public
win32/registry	Win32::Registry::Constants	::	REG_BINARY	defined	public
win32/registry	Win32::Registry::Constants	::	REG_DWORD	defined	public
win32/registry	Win32::Registry::Constants	::	REG_DWORD_BIG_ENDIAN	defined	public
win32/registry	Win32::Registry::Constants	::	REG_DWORD_LITTLE_ENDIAN	defined	public
win32/registry	Win32::Registry::Constants	::	REG_EXPAND_SZ	defined	public
win32/registry	Win32::Registry::Constants	::	REG_FULL_RESOURCE_DESCRIPTOR	defined	public
win32/registry	Win32::Registry::Constants	::	REG_LINK	defined	public
win32/registry	Win32::Registry::Constants	::	REG_MULTI_SZ	defined	public
win32/registry	Win32::Registry::Constants	::	REG_NONE	defined	public
win32/registry	Win32::Registry::Constants	::	REG_QWORD	defined	public
win32/registry	Win32::Registry::Constants	::	REG_QWORD_LITTLE_ENDIAN	defined	public
win32/registry	Win32::Registry::Constants	::	REG_RESOURCE_LIST	defined	public
win32/registry	Win32::Registry::Constants	::	REG_RESOURCE_REQUIREMENTS_LIST	defined	public
win32/registry	Win32::Registry::Constants	::	REG_SZ	defined	public
win32/registry	Win32::Registry::Constants	::	REG_CREATED_NEW_KEY	defined	public
win32/registry	Win32::Registry::Constants	::	REG_OPENED_EXISTING_KEY	defined	public
win32/registry	Win32::Registry::Constants	::	REG_FORCE_RESTORE	defined	public
win32/registry	Win32::Registry::Constants	::	REG_NO_LAZY_FLUSH	defined	public
win32/registry	Win32::Registry::Constants	::	REG_REFRESH_HIVE	defined	public
win32/registry	Win32::Registry::Constants	::	REG_WHOLE_HIVE_VOLATILE	defined	public
win32/registry	Win32::Registry::Constants	::	REG_LEGAL_OPTION	defined	public
win32/registry	Win32::Registry::Constants	::	REG_OPTION_BACKUP_RESTORE	defined	public
win32/registry	Win32::Registry::Constants	::	REG_OPTION_CREATE_LINK	defined	public
win32/registry	Win32::Registry::Constants	::	REG_OPTION_NON_VOLATILE	defined	public
win32/registry	Win32::Registry::Constants	::	REG_OPTION_OPEN_LINK	defined	public
win32/registry	Win32::Registry::Constants	::	REG_OPTION_RESERVED	defined	public
win32/registry	Win32::Registry::Constants	::	REG_OPTION_VOLATILE	defined	public
win32/registry	Win32::Registry::Error	::	FormatMessageA	defined	public
win32/registry	Win32::Registry::Error	#	code	defined	public
win32/registry	Win32::Registry::PredefinedKey	#	class	defined	public
win32/registry	Win32::Registry::PredefinedKey	#	close	defined	public
win32/registry	Win32::Registry::PredefinedKey	.	new	defined	public
win32/resolv	Win32::Resolv	.#	get_hosts_path	defined	public
win32/resolv	Win32::Resolv	.#	get_resolv_info	defined	public
irb/xmp	XMP	#	puts	defined	public
irb/xmp	XMP	.	new	defined	public
yaml/dbm	YAML::DBM	::	VERSION	defined	public
yaml/dbm	YAML::DBM	#	[]	defined	public
yaml/dbm	YAML::DBM	#	[]=	defined	public
yaml/dbm	YAML::DBM	#	store	defined	public
yaml/dbm	YAML::DBM	#	delete	defined	public
yaml/dbm	YAML::DBM	#	delete_if	defined	public
yaml/dbm	YAML::DBM	#	each	defined	public
yaml/dbm	YAML::DBM	#	each_pair	defined	public
yaml/dbm	YAML::DBM	#	each_value	defined	public
yaml/dbm	YAML::DBM	#	fetch	defined	public
yaml/dbm	YAML::DBM	#	has_value?	defined	public
yaml/dbm	YAML::DBM	#	index	defined	public
yaml/dbm	YAML::DBM	#	invert	defined	public
yaml/dbm	YAML::DBM	#	key	defined	public
yaml/dbm	YAML::DBM	#	reject	defined	public
yaml/dbm	YAML::DBM	#	replace	defined	public
yaml/dbm	YAML::DBM	#	select	defined	public
yaml/dbm	YAML::DBM	#	shift	defined	public
yaml/dbm	YAML::DBM	#	to_a	defined	public
yaml/dbm	YAML::DBM	#	to_hash	defined	public
yaml/dbm	YAML::DBM	#	update	defined	public
yaml/dbm	YAML::DBM	#	values	defined	public
yaml/dbm	YAML::DBM	#	values_at	defined	public
yaml/store	YAML::Store	.	new	defined	public
zlib	Zlib	::	ASCII	defined	public
zlib	Zlib	::	BEST_COMPRESSION	defined	public
zlib	Zlib	::	BEST_SPEED	defined	public
zlib	Zlib	::	BINARY	defined	public
zlib	Zlib	::	DEFAULT_COMPRESSION	defined	public
zlib	Zlib	::	DEFAULT_STRATEGY	defined	public
zlib	Zlib	::	DEF_MEM_LEVEL	defined	public
zlib	Zlib	::	FILTERED	defined	public
zlib	Zlib	::	FINISH	defined	public
zlib	Zlib	::	FULL_FLUSH	defined	public
zlib	Zlib	::	HUFFMAN_ONLY	defined	public
zlib	Zlib	::	MAX_MEM_LEVEL	defined	public
zlib	Zlib	::	MAX_WBITS	defined	public
zlib	Zlib	::	NO_COMPRESSION	defined	public
zlib	Zlib	::	NO_FLUSH	defined	public
zlib	Zlib	::	OS_AMIGA	defined	public
zlib	Zlib	::	OS_ATARI	defined	public
zlib	Zlib	::	OS_CODE	defined	public
zlib	Zlib	::	OS_CPM	defined	public
zlib	Zlib	::	OS_MACOS	defined	public
zlib	Zlib	::	OS_MSDOS	defined	public
zlib	Zlib	::	OS_OS2	defined	public
zlib	Zlib	::	OS_QDOS	defined	public
zlib	Zlib	::	OS_RISCOS	defined	public
zlib	Zlib	::	OS_TOPS20	defined	public
zlib	Zlib	::	OS_UNIX	defined	public
zlib	Zlib	::	OS_UNKNOWN	defined	public
zlib	Zlib	::	OS_VMCMS	defined	public
zlib	Zlib	::	OS_VMS	defined	public
zlib	Zlib	::	OS_WIN32	defined	public
zlib	Zlib	::	OS_ZSYSTEM	defined	public
zlib	Zlib	::	SYNC_FLUSH	defined	public
zlib	Zlib	::	UNKNOWN	defined	public
zlib	Zlib	::	VERSION	defined	public
zlib	Zlib	::	ZLIB_VERSION	defined	public
zlib	Zlib	.#	adler32	defined	public
zlib	Zlib	.#	adler32_combine	defined	public
zlib	Zlib	.#	crc32	defined	public
zlib	Zlib	.#	crc32_combine	defined	public
zlib	Zlib	.#	crc_table	defined	public
zlib	Zlib	.#	deflate	defined	public
zlib	Zlib	.#	inflate	defined	public
zlib	Zlib	.#	zlib_version	defined	public
zlib	Zlib::Deflate	#	<<	defined	public
zlib	Zlib::Deflate	#	deflate	defined	public
zlib	Zlib::Deflate	#	finish	defined	public
zlib	Zlib::Deflate	#	flush	defined	public
zlib	Zlib::Deflate	#	params	defined	public
zlib	Zlib::Deflate	#	set_dictionary	defined	public
zlib	Zlib::Deflate	.	deflate	defined	public
zlib	Zlib::Deflate	.	new	defined	public
zlib	Zlib::GzipFile	#	close	defined	public
zlib	Zlib::GzipFile	#	closed?	defined	public
zlib	Zlib::GzipFile	#	to_io	defined	public
zlib	Zlib::GzipFile	#	comment	defined	public
zlib	Zlib::GzipFile	#	crc	defined	public
zlib	Zlib::GzipFile	#	finish	defined	public
zlib	Zlib::GzipFile	#	level	defined	public
zlib	Zlib::GzipFile	#	mtime	defined	public
zlib	Zlib::GzipFile	#	orig_name	defined	public
zlib	Zlib::GzipFile	#	os_code	defined	public
zlib	Zlib::GzipFile	#	path	defined	public
zlib	Zlib::GzipFile	#	sync	defined	public
zlib	Zlib::GzipFile	#	sync=	defined	public
zlib	Zlib::GzipFile	.	new	defined	public
zlib	Zlib::GzipFile	.	open	defined	public
zlib	Zlib::GzipFile	.	wrap	defined	public
zlib	Zlib::GzipFile::Error	#	input	defined	public
zlib	Zlib::GzipFile::Error	#	inspect	defined	public
zlib	Zlib::GzipReader	#	each	defined	public
zlib	Zlib::GzipReader	#	each_line	defined	public
zlib	Zlib::GzipReader	#	each_byte	defined	public
zlib	Zlib::GzipReader	#	eof	defined	public
zlib	Zlib::GzipReader	#	eof?	defined	public
zlib	Zlib::GzipReader	#	getc	defined	public
zlib	Zlib::GzipReader	#	gets	defined	public
zlib	Zlib::GzipReader	#	lineno	defined	public
zlib	Zlib::GzipReader	#	lineno=	defined	public
zlib	Zlib::GzipReader	#	pos	defined	public
zlib	Zlib::GzipReader	#	tell	defined	public
zlib	Zlib::GzipReader	#	read	defined	public
zlib	Zlib::GzipReader	#	readchar	defined	public
zlib	Zlib::GzipReader	#	readline	defined	public
zlib	Zlib::GzipReader	#	readlines	defined	public
zlib	Zlib::GzipReader	#	readpartial	defined	public
zlib	Zlib::GzipReader	#	rewind	defined	public
zlib	Zlib::GzipReader	#	ungetc	defined	public
zlib	Zlib::GzipReader	#	unused	defined	public
zlib	Zlib::GzipReader	.	new	defined	public
zlib	Zlib::GzipReader	.	open	defined	public
zlib	Zlib::GzipReader	.	wrap	defined	public
zlib	Zlib::GzipWriter	#	<<	defined	public
zlib	Zlib::GzipWriter	#	close	defined	public
zlib	Zlib::GzipWriter	#	finish	defined	public
zlib	Zlib::GzipWriter	#	comment=	defined	public
zlib	Zlib::GzipWriter	#	flush	defined	public
zlib	Zlib::GzipWriter	#	mtime=	defined	public
zlib	Zlib::GzipWriter	#	orig_name=	defined	public
zlib	Zlib::GzipWriter	#	pos	defined	public
zlib	Zlib::GzipWriter	#	tell	defined	public
zlib	Zlib::GzipWriter	#	print	defined	public
zlib	Zlib::GzipWriter	#	printf	defined	public
zlib	Zlib::GzipWriter	#	putc	defined	public
zlib	Zlib::GzipWriter	#	puts	defined	public
zlib	Zlib::GzipWriter	#	write	defined	public
zlib	Zlib::GzipWriter	.	new	defined	public
zlib	Zlib::GzipWriter	.	open	defined	public
zlib	Zlib::GzipWriter	.	wrap	defined	public
zlib	Zlib::Inflate	#	<<	defined	public
zlib	Zlib::Inflate	#	finish	defined	public
zlib	Zlib::Inflate	#	inflate	defined	public
zlib	Zlib::Inflate	#	set_dictionary	defined	public
zlib	Zlib::Inflate	#	sync	defined	public
zlib	Zlib::Inflate	#	sync_point?	defined	public
zlib	Zlib::Inflate	.	inflate	defined	public
zlib	Zlib::Inflate	.	new	defined	public
zlib	Zlib::ZStream	#	adler	defined	public
zlib	Zlib::ZStream	#	avail_in	defined	public
zlib	Zlib::ZStream	#	avail_out	defined	public
zlib	Zlib::ZStream	#	avail_out=	defined	public
zlib	Zlib::ZStream	#	close	defined	public
zlib	Zlib::ZStream	#	end	defined	public
zlib	Zlib::ZStream	#	closed?	defined	public
zlib	Zlib::ZStream	#	ended?	defined	public
zlib	Zlib::ZStream	#	data_type	defined	public
zlib	Zlib::ZStream	#	finish	defined	public
zlib	Zlib::ZStream	#	finished?	defined	public
zlib	Zlib::ZStream	#	stream_end?	defined	public
zlib	Zlib::ZStream	#	flush_next_in	defined	public
zlib	Zlib::ZStream	#	flush_next_out	defined	public
zlib	Zlib::ZStream	#	reset	defined	public
zlib	Zlib::ZStream	#	total_in	defined	public
zlib	Zlib::ZStream	#	total_out	defined	public
zlib	Zlib::ZStream	.	new	defined	public
_builtin	main	.	define_method	defined	public
_builtin	main	.	include	defined	public
_builtin	main	.	inspect	defined	public
_builtin	main	.	to_s	defined	public
_builtin	main	.	private	defined	public
_builtin	main	.	public	defined	public
_builtin	main	.	ruby2_keywords	defined	public
_builtin	main	.	using	defined	public
