ARGF.class.md	12	ARGF.class	i	filename	EMPTY	-	-	-	-
ARGF.class.md	14	ARGF.class	i	path	EMPTY	-	-	-	-
ARGF.class.md	36	ARGF.class	i	to_s	EMPTY	-	-	-	-
ARGF.class.md	38	ARGF.class	i	inspect	EMPTY	-	-	-	-
ARGF.class.md	43	ARGF.class	i	file	EMPTY	-	-	-	-
ARGF.class.md	61	ARGF.class	i	lineno	EMPTY	-	-	-	-
ARGF.class.md	77	ARGF.class	i	lineno=	EMPTY	-	-	-	-
ARGF.class.md	96	ARGF.class	i	skip	EMPTY	-	-	-	-
ARGF.class.md	113	ARGF.class	i	binmode	EMPTY	-	-	-	-
ARGF.class.md	147	ARGF.class	i	binmode?	1.9.1	-	-	-	-
ARGF.class.md	163	ARGF.class	i	close	EMPTY	-	-	-	-
ARGF.class.md	183	ARGF.class	i	closed?	EMPTY	-	-	-	-
ARGF.class.md	205	ARGF.class	i	each	EMPTY	-	-	-	-
ARGF.class.md	207	ARGF.class	i	each_line	EMPTY	-	-	-	-
ARGF.class.md	209	ARGF.class	i	each	EMPTY	-	-	-	-
ARGF.class.md	211	ARGF.class	i	each_line	EMPTY	-	-	-	-
ARGF.class.md	213	ARGF.class	i	each	EMPTY	-	-	-	-
ARGF.class.md	215	ARGF.class	i	each_line	EMPTY	-	-	-	-
ARGF.class.md	217	ARGF.class	i	each	EMPTY	-	-	-	-
ARGF.class.md	219	ARGF.class	i	each_line	EMPTY	-	-	-	-
ARGF.class.md	244	ARGF.class	i	each_byte	EMPTY	-	-	-	-
ARGF.class.md	246	ARGF.class	i	each_byte	EMPTY	-	-	-	-
ARGF.class.md	263	ARGF.class	i	each_char	EMPTY	-	-	-	-
ARGF.class.md	265	ARGF.class	i	each_char	EMPTY	-	-	-	-
ARGF.class.md	300	ARGF.class	i	each_codepoint	1.9.3	-	-	-	-
ARGF.class.md	302	ARGF.class	i	each_codepoint	1.9.3	-	-	-	-
ARGF.class.md	321	ARGF.class	i	eof	EMPTY	-	-	-	-
ARGF.class.md	323	ARGF.class	i	eof?	EMPTY	-	-	-	-
ARGF.class.md	343	ARGF.class	i	fileno	EMPTY	-	-	-	-
ARGF.class.md	345	ARGF.class	i	to_i	EMPTY	-	-	-	-
ARGF.class.md	356	ARGF.class	i	getc	EMPTY	-	-	-	-
ARGF.class.md	381	ARGF.class	i	gets	EMPTY	-	-	-	-
ARGF.class.md	383	ARGF.class	i	gets	EMPTY	-	-	-	-
ARGF.class.md	385	ARGF.class	i	gets	EMPTY	-	-	-	-
ARGF.class.md	430	ARGF.class	i	pos	EMPTY	-	-	-	-
ARGF.class.md	432	ARGF.class	i	tell	EMPTY	-	-	-	-
ARGF.class.md	445	ARGF.class	i	pos=	EMPTY	-	-	-	-
ARGF.class.md	459	ARGF.class	i	read	EMPTY	-	-	-	-
ARGF.class.md	481	ARGF.class	i	readchar	EMPTY	-	-	-	-
ARGF.class.md	501	ARGF.class	i	readline	EMPTY	-	-	-	-
ARGF.class.md	503	ARGF.class	i	readline	EMPTY	-	-	-	-
ARGF.class.md	505	ARGF.class	i	readline	EMPTY	-	-	-	-
ARGF.class.md	518	ARGF.class	i	readlines	EMPTY	-	-	-	-
ARGF.class.md	520	ARGF.class	i	readlines	EMPTY	-	-	-	-
ARGF.class.md	522	ARGF.class	i	readlines	EMPTY	-	-	-	-
ARGF.class.md	524	ARGF.class	i	to_a	EMPTY	-	-	-	-
ARGF.class.md	526	ARGF.class	i	to_a	EMPTY	-	-	-	-
ARGF.class.md	528	ARGF.class	i	to_a	EMPTY	-	-	-	-
ARGF.class.md	544	ARGF.class	i	rewind	EMPTY	-	-	-	-
ARGF.class.md	556	ARGF.class	i	seek	EMPTY	-	-	-	-
ARGF.class.md	567	ARGF.class	i	to_io	EMPTY	-	-	-	-
ARGF.class.md	579	ARGF.class	i	getbyte	EMPTY	-	-	-	-
ARGF.class.md	605	ARGF.class	i	readbyte	EMPTY	-	-	-	-
ARGF.class.md	624	ARGF.class	i	readpartial	-	-	-	-	-
ARGF.class.md	633	ARGF.class	i	argv	1.9.1	-	-	-	-
ARGF.class.md	648	ARGF.class	i	external_encoding	1.9.1	-	-	-	-
ARGF.class.md	662	ARGF.class	i	internal_encoding	1.9.1	-	-	-	-
ARGF.class.md	688	ARGF.class	i	set_encoding	1.9.1	-	-	-	-
ARGF.class.md	690	ARGF.class	i	set_encoding	1.9.1	-	-	-	-
ARGF.class.md	692	ARGF.class	i	set_encoding	1.9.1	-	-	-	-
ARGF.class.md	712	ARGF.class	i	inplace_mode	1.9.1	-	-	-	-
ARGF.class.md	742	ARGF.class	i	inplace_mode=	1.9.1	-	-	-	-
ARGF.class.md	780	ARGF.class	i	print	1.9.3	-	-	-	-
ARGF.class.md	791	ARGF.class	i	printf	1.9.3	-	-	-	-
ARGF.class.md	803	ARGF.class	i	putc	1.9.3	-	-	-	-
ARGF.class.md	815	ARGF.class	i	puts	1.9.3	-	-	-	-
ARGF.class.md	827	ARGF.class	i	read_nonblock	1.9.3	-	-	-	-
ARGF.class.md	846	ARGF.class	i	to_write_io	1.9.3	-	-	-	-
ARGF.class.md	854	ARGF.class	i	write	1.9.3	-	-	-	-
Array.md	21	Array	s	try_convert	-	-	-	-	-
Array.md	39	Array	s	[]	-	-	-	-	-
Array.md	56	Array	s	new	-	-	-	-	-
Array.md	75	Array	s	new	-	-	-	-	-
Array.md	92	Array	s	new	-	-	-	-	-
Array.md	114	Array	i	[]	-	-	-	-	-
Array.md	115	Array	i	at	-	-	-	-	-
Array.md	134	Array	i	[]	-	-	-	-	-
Array.md	161	Array	i	[]	-	-	-	-	-
Array.md	192	Array	i	[]=	-	-	-	-	-
Array.md	216	Array	i	[]=	-	-	-	-	-
Array.md	265	Array	i	[]=	-	-	-	-	-
Array.md	319	Array	i	+	-	-	-	-	-
Array.md	336	Array	i	*	-	-	-	-	-
Array.md	352	Array	i	*	-	-	-	-	-
Array.md	366	Array	i	-	-	-	-	-	-
Array.md	386	Array	i	difference	-	-	-	-	-
Array.md	403	Array	i	&	-	-	-	-	-
Array.md	422	Array	i	|	-	-	-	-	-
Array.md	442	Array	i	union	-	-	-	-	-
Array.md	458	Array	i	<<	-	-	-	-	-
Array.md	480	Array	i	<=>	-	-	-	-	-
Array.md	496	Array	i	==	-	-	-	-	-
Array.md	510	Array	i	all?	EMPTY	-	-	-	-
Array.md	512	Array	i	all?	EMPTY	-	-	-	-
Array.md	514	Array	i	all?	EMPTY	-	-	-	-
Array.md	538	Array	i	any?	EMPTY	-	-	-	-
Array.md	540	Array	i	any?	EMPTY	-	-	-	-
Array.md	542	Array	i	any?	EMPTY	-	-	-	-
Array.md	566	Array	i	assoc	-	-	-	-	-
Array.md	581	Array	i	clear	-	-	-	-	-
Array.md	591	Array	i	clone	-	-	-	-	-
Array.md	592	Array	i	dup	-	-	-	-	-
Array.md	612	Array	i	collect	EMPTY	-	-	-	-
Array.md	614	Array	i	map	EMPTY	-	-	-	-
Array.md	616	Array	i	collect	EMPTY	-	-	-	-
Array.md	618	Array	i	map	EMPTY	-	-	-	-
Array.md	632	Array	i	collect!	-	-	-	-	-
Array.md	633	Array	i	map!	-	-	-	-	-
Array.md	634	Array	i	collect!	-	-	-	-	-
Array.md	635	Array	i	map!	-	-	-	-	-
Array.md	655	Array	i	compact	-	-	-	-	-
Array.md	656	Array	i	compact!	-	-	-	-	-
Array.md	670	Array	i	concat	-	-	-	-	-
Array.md	684	Array	i	concat	-	-	-	-	-
Array.md	705	Array	i	count	EMPTY	-	-	-	-
Array.md	707	Array	i	count	EMPTY	-	-	-	-
Array.md	709	Array	i	count	EMPTY	-	-	-	-
Array.md	731	Array	i	delete	-	-	-	-	-
Array.md	732	Array	i	delete	-	-	-	-	-
Array.md	754	Array	i	delete_at	-	-	-	-	-
Array.md	772	Array	i	delete_if	-	-	-	-	-
Array.md	773	Array	i	reject!	-	-	-	-	-
Array.md	774	Array	i	delete_if	-	-	-	-	-
Array.md	775	Array	i	reject!	-	-	-	-	-
Array.md	798	Array	i	drop	EMPTY	-	-	-	-
Array.md	816	Array	i	drop_while	EMPTY	-	-	-	-
Array.md	818	Array	i	drop_while	EMPTY	-	-	-	-
Array.md	836	Array	i	each	-	-	-	-	-
Array.md	837	Array	i	each	-	-	-	-	-
Array.md	889	Array	i	each_index	-	-	-	-	-
Array.md	890	Array	i	each_index	-	-	-	-	-
Array.md	907	Array	i	empty?	-	-	-	-	-
Array.md	916	Array	i	eql?	-	-	-	-	-
Array.md	931	Array	i	fetch	-	-	-	-	-
Array.md	932	Array	i	fetch	-	-	-	-	-
Array.md	933	Array	i	fetch	-	-	-	-	-
Array.md	968	Array	i	fetch_values	-	-	since:3.4	-	-
Array.md	969	Array	i	fetch_values	-	-	since:3.4	-	-
Array.md	994	Array	i	fill	-	-	-	-	-
Array.md	995	Array	i	fill	-	-	-	-	-
Array.md	1016	Array	i	fill	-	-	-	-	-
Array.md	1017	Array	i	fill	-	-	-	-	-
Array.md	1018	Array	i	fill	-	-	-	-	-
Array.md	1019	Array	i	fill	-	-	-	-	-
Array.md	1063	Array	i	first	-	-	-	-	-
Array.md	1074	Array	i	first	-	-	-	-	-
Array.md	1101	Array	i	flatten	-	-	-	-	-
Array.md	1102	Array	i	flatten!	-	-	-	-	-
Array.md	1133	Array	i	hash	-	-	-	-	-
Array.md	1147	Array	i	include?	-	-	-	-	-
Array.md	1159	Array	i	find_index	-	-	-	-	-
Array.md	1160	Array	i	index	-	-	-	-	-
Array.md	1161	Array	i	find_index	-	-	-	-	-
Array.md	1162	Array	i	index	-	-	-	-	-
Array.md	1163	Array	i	find_index	-	-	-	-	-
Array.md	1164	Array	i	index	-	-	-	-	-
Array.md	1191	Array	i	dig	-	-	-	-	-
Array.md	1208	Array	i	insert	-	-	-	-	-
Array.md	1228	Array	i	intersection	-	-	-	-	-
Array.md	1250	Array	i	join	-	-	-	-	-
Array.md	1282	Array	i	last	-	-	-	-	-
Array.md	1293	Array	i	last	-	-	-	-	-
Array.md	1320	Array	i	length	-	-	-	-	-
Array.md	1321	Array	i	size	-	-	-	-	-
Array.md	1329	Array	i	none?	EMPTY	-	-	-	-
Array.md	1331	Array	i	none?	EMPTY	-	-	-	-
Array.md	1333	Array	i	none?	EMPTY	-	-	-	-
Array.md	1355	Array	i	one?	EMPTY	-	-	-	-
Array.md	1357	Array	i	one?	EMPTY	-	-	-	-
Array.md	1359	Array	i	one?	EMPTY	-	-	-	-
Array.md	1382	Array	i	pack	-	-	-	-	-
Array.md	1383	Array	i	pack	-	-	-	-	-
Array.md	1410	Array	i	pop	-	-	-	-	-
Array.md	1411	Array	i	pop	-	-	-	-	-
Array.md	1442	Array	i	push	-	-	-	-	-
Array.md	1443	Array	i	append	-	-	-	-	-
Array.md	1460	Array	i	rassoc	-	-	-	-	-
Array.md	1476	Array	i	reject	EMPTY	-	-	-	-
Array.md	1478	Array	i	reject	EMPTY	-	-	-	-
Array.md	1494	Array	i	replace	-	-	-	-	-
Array.md	1509	Array	i	reverse	-	-	-	-	-
Array.md	1510	Array	i	reverse!	-	-	-	-	-
Array.md	1526	Array	i	reverse_each	-	-	-	-	-
Array.md	1527	Array	i	reverse_each	-	-	-	-	-
Array.md	1543	Array	i	rfind	-	-	since:4.0	-	-
Array.md	1544	Array	i	rfind	-	-	since:4.0	-	-
Array.md	1576	Array	i	rindex	-	-	-	-	-
Array.md	1577	Array	i	rindex	-	-	-	-	-
Array.md	1578	Array	i	rindex	-	-	-	-	-
Array.md	1600	Array	i	shift	-	-	-	-	-
Array.md	1601	Array	i	shift	-	-	-	-	-
Array.md	1628	Array	i	slice	-	-	-	-	-
Array.md	1640	Array	i	slice	-	-	-	-	-
Array.md	1641	Array	i	slice	-	-	-	-	-
Array.md	1657	Array	i	slice!	-	-	-	-	-
Array.md	1674	Array	i	slice!	-	-	-	-	-
Array.md	1675	Array	i	slice!	-	-	-	-	-
Array.md	1696	Array	i	sort	-	-	-	-	-
Array.md	1697	Array	i	sort!	-	-	-	-	-
Array.md	1698	Array	i	sort	-	-	-	-	-
Array.md	1699	Array	i	sort!	-	-	-	-	-
Array.md	1732	Array	i	sort_by!	-	-	-	-	-
Array.md	1733	Array	i	sort_by!	-	-	-	-	-
Array.md	1749	Array	i	take	EMPTY	-	-	-	-
Array.md	1764	Array	i	take_while	EMPTY	-	-	-	-
Array.md	1766	Array	i	take_while	EMPTY	-	-	-	-
Array.md	1782	Array	i	to_a	-	-	-	-	-
Array.md	1800	Array	i	to_ary	-	-	-	-	-
Array.md	1818	Array	i	to_s	-	-	-	-	-
Array.md	1819	Array	i	inspect	-	-	-	-	-
Array.md	1828	Array	i	to_h	-	-	-	-	-
Array.md	1829	Array	i	to_h	-	-	-	-	-
Array.md	1843	Array	i	transpose	-	-	-	-	-
Array.md	1878	Array	i	uniq	-	-	-	-	-
Array.md	1879	Array	i	uniq!	-	-	-	-	-
Array.md	1880	Array	i	uniq	-	-	-	-	-
Array.md	1881	Array	i	uniq!	-	-	-	-	-
Array.md	1904	Array	i	unshift	-	-	-	-	-
Array.md	1905	Array	i	prepend	-	-	-	-	-
Array.md	1924	Array	i	values_at	-	-	-	-	-
Array.md	1944	Array	i	zip	-	-	-	-	-
Array.md	1945	Array	i	zip	-	-	-	-	-
Array.md	1976	Array	i	sample	-	-	-	-	-
Array.md	1977	Array	i	sample	-	-	-	-	-
Array.md	1978	Array	i	sample	-	-	-	-	-
Array.md	1979	Array	i	sample	-	-	-	-	-
Array.md	2017	Array	i	cycle	-	-	-	-	-
Array.md	2018	Array	i	cycle	-	-	-	-	-
Array.md	2034	Array	i	shuffle	-	-	-	-	-
Array.md	2035	Array	i	shuffle	-	-	-	-	-
Array.md	2053	Array	i	shuffle!	-	-	-	-	-
Array.md	2054	Array	i	shuffle!	-	-	-	-	-
Array.md	2070	Array	i	combination	-	-	-	-	-
Array.md	2071	Array	i	combination	-	-	-	-	-
Array.md	2103	Array	i	permutation	-	-	-	-	-
Array.md	2104	Array	i	permutation	-	-	-	-	-
Array.md	2138	Array	i	product	-	-	-	-	-
Array.md	2139	Array	i	product	-	-	-	-	-
Array.md	2165	Array	i	repeated_combination	-	-	-	-	-
Array.md	2166	Array	i	repeated_combination	-	-	-	-	-
Array.md	2201	Array	i	repeated_permutation	-	-	-	-	-
Array.md	2202	Array	i	repeated_permutation	-	-	-	-	-
Array.md	2234	Array	i	keep_if	-	-	-	-	-
Array.md	2235	Array	i	keep_if	-	-	-	-	-
Array.md	2259	Array	i	select	EMPTY	-	-	-	-
Array.md	2261	Array	i	filter	-	-	-	-	-
Array.md	2262	Array	i	select	EMPTY	-	-	-	-
Array.md	2264	Array	i	filter	-	-	-	-	-
Array.md	2278	Array	i	select!	-	-	-	-	-
Array.md	2279	Array	i	select!	-	-	-	-	-
Array.md	2280	Array	i	filter!	-	-	-	-	-
Array.md	2281	Array	i	filter!	-	-	-	-	-
Array.md	2297	Array	i	rotate	-	-	-	-	-
Array.md	2318	Array	i	rotate!	-	-	-	-	-
Array.md	2337	Array	i	bsearch	-	-	-	-	-
Array.md	2338	Array	i	bsearch	-	-	-	-	-
Array.md	2387	Array	i	bsearch_index	-	-	-	-	-
Array.md	2388	Array	i	bsearch_index	-	-	-	-	-
Array.md	2415	Array	i	max	EMPTY	-	-	-	-
Array.md	2417	Array	i	max	EMPTY	-	-	-	-
Array.md	2437	Array	i	max	EMPTY	-	-	-	-
Array.md	2439	Array	i	max	EMPTY	-	-	-	-
Array.md	2463	Array	i	min	EMPTY	-	-	-	-
Array.md	2465	Array	i	min	EMPTY	-	-	-	-
Array.md	2485	Array	i	min	EMPTY	-	-	-	-
Array.md	2487	Array	i	min	EMPTY	-	-	-	-
Array.md	2511	Array	i	minmax	EMPTY	-	-	-	-
Array.md	2513	Array	i	minmax	EMPTY	-	-	-	-
Array.md	2529	Array	i	sum	-	-	-	-	-
Array.md	2530	Array	i	sum	-	-	-	-	-
Array.md	2571	Array	i	intersect?	-	-	since:3.1	-	-
BasicObject.md	47	BasicObject	i	==	-	-	-	1.9.1	-
BasicObject.md	77	BasicObject	i	equal?	-	-	-	1.9.1	-
BasicObject.md	102	BasicObject	i	!	-	-	-	1.9.1	-
BasicObject.md	147	BasicObject	i	!=	-	-	-	1.9.1	-
BasicObject.md	181	BasicObject	i	__send__	-	-	-	1.9.1	-
BasicObject.md	182	BasicObject	i	__send__	-	-	-	1.9.1	-
BasicObject.md	207	BasicObject	i	__id__	-	-	-	1.9.1	-
BasicObject.public_methods_from_Object.md	1	BasicObject	i	instance_eval	-	-	-	1.9.1	-
BasicObject.public_methods_from_Object.md	2	BasicObject	i	instance_eval	-	-	-	1.9.1	-
BasicObject.public_methods_from_Object.md	61	BasicObject	i	instance_exec	-	-	-	1.9.1	-
BasicObject.md	229	BasicObject	i	method_missing	-	-	-	1.9.1	-
BasicObject.private_methods_from_Object.md	1	BasicObject	i	singleton_method_added	-	-	-	1.9.1	-
BasicObject.private_methods_from_Object.md	26	BasicObject	i	singleton_method_removed	-	-	-	1.9.1	-
BasicObject.private_methods_from_Object.md	55	BasicObject	i	singleton_method_undefined	-	-	-	1.9.1	-
Bignum.md	25	Bignum	i	[]	-	-	-	-	2.4.0
Bignum.md	36	Bignum	i	+	-	-	-	-	2.4.0
Bignum.md	43	Bignum	i	-	-	-	-	-	2.4.0
Bignum.md	50	Bignum	i	-@	-	-	-	-	2.4.0
Bignum.md	55	Bignum	i	*	-	-	-	-	2.4.0
Bignum.md	62	Bignum	i	/	-	-	-	-	2.4.0
Bignum.md	63	Bignum	i	div	-	-	-	-	2.4.0
Bignum.md	70	Bignum	i	%	-	-	-	-	2.4.0
Bignum.md	71	Bignum	i	modulo	-	-	-	-	2.4.0
Bignum.md	78	Bignum	i	remainder	-	-	-	-	2.4.0
Bignum.md	88	Bignum	i	divmod	-	-	-	-	2.4.0
Bignum.md	96	Bignum	i	fdiv	-	-	-	-	2.4.0
Bignum.md	106	Bignum	i	**	-	-	-	-	2.4.0
Bignum.md	119	Bignum	i	<=>	-	-	-	-	2.4.0
Bignum.md	132	Bignum	i	==	-	-	-	-	2.4.0
Bignum.md	133	Bignum	i	===	EMPTY	-	-	-	2.4.0
Bignum.md	142	Bignum	i	~	-	-	-	-	2.4.0
Bignum.md	152	Bignum	i	|	-	-	-	-	2.4.0
Bignum.md	163	Bignum	i	&	-	-	-	-	2.4.0
Bignum.md	174	Bignum	i	^	-	-	-	-	2.4.0
Bignum.md	185	Bignum	i	<<	-	-	-	-	2.4.0
Bignum.md	196	Bignum	i	>>	-	-	-	-	2.4.0
Bignum.md	210	Bignum	i	size	-	-	-	-	2.4.0
Bignum.md	224	Bignum	i	eql?	-	-	-	-	2.4.0
Bignum.md	236	Bignum	i	hash	-	-	-	-	2.4.0
Bignum.md	240	Bignum	i	to_f	-	-	-	-	2.4.0
Bignum.md	244	Bignum	i	to_s	-	-	-	-	2.4.0
Bignum.md	245	Bignum	i	inspect	EMPTY	-	-	-	2.4.0
Bignum.md	260	Bignum	i	abs	-	-	-	-	2.4.0
Bignum.md	261	Bignum	i	magnitude	-	-	-	-	2.4.0
Bignum.md	265	Bignum	i	odd?	-	-	-	-	2.4.0
Bignum.md	269	Bignum	i	even?	-	-	-	-	2.4.0
Bignum.md	273	Bignum	i	bit_length	-	-	-	-	2.4.0
Binding.md	14	Binding	i	eval	-	-	-	-	-
Binding.md	38	Binding	i	local_variable_get	-	-	-	-	-
Binding.md	65	Binding	i	local_variable_set	-	-	-	-	-
Binding.md	98	Binding	i	local_variable_defined?	-	-	-	-	-
Binding.md	123	Binding	i	local_variables	-	-	-	-	-
Binding.md	158	Binding	i	implicit_parameters	-	-	since:4.0	-	-
Binding.md	182	Binding	i	implicit_parameter_get	-	-	since:4.0	-	-
Binding.md	207	Binding	i	implicit_parameter_defined?	-	-	since:4.0	-	-
Binding.md	238	Binding	i	receiver	-	-	-	-	-
Binding.md	248	Binding	i	irb	2.5.0	-	-	-	-
Binding.md	257	Binding	i	source_location	-	-	-	-	-
Class.md	27	Class	s	new	-	-	-	-	-
Class.md	28	Class	s	new	-	-	-	-	-
Class.md	73	Class	i	allocate	-	-	-	-	-
Class.md	91	Class	i	new	-	-	-	-	-
Class.md	112	Class	i	subclasses	-	-	since:3.1	-	-
Class.md	130	Class	i	superclass	-	-	-	-	-
Class.md	154	Class	i	attached_object	-	-	since:3.2	-	-
Class.md	182	Class	i	_load	-	-	-	-	-
Class.md	190	Class	i	inherited	-	-	-	-	-
Comparable.md	19	Comparable	i	==	-	-	-	-	-
Comparable.md	32	Comparable	i	>	-	-	-	-	-
Comparable.md	46	Comparable	i	>=	-	-	-	-	-
Comparable.md	61	Comparable	i	<	-	-	-	-	-
Comparable.md	75	Comparable	i	<=	-	-	-	-	-
Comparable.md	90	Comparable	i	between?	-	-	-	-	-
Comparable.md	114	Comparable	i	clamp	-	-	-	-	-
Comparable.md	115	Comparable	i	clamp	-	-	-	-	-
Complex.md	36	Complex	i	*	-	-	-	-	-
Complex.md	48	Complex	i	**	-	-	-	-	-
Complex.md	58	Complex	i	+	-	-	-	-	-
Complex.md	68	Complex	i	-	-	-	-	-	-
Complex.md	78	Complex	i	-@	-	-	-	-	-
Complex.md	87	Complex	i	/	-	-	-	-	-
Complex.md	88	Complex	i	quo	-	-	-	-	-
Complex.md	101	Complex	i	==	-	-	-	-	-
Complex.md	113	Complex	i	<=>	-	-	-	-	-
Complex.md	131	Complex	i	<	-	-	-	-	-
Complex.md	134	Complex	i	>	-	-	-	-	-
Complex.md	137	Complex	i	<=	-	-	-	-	-
Complex.md	140	Complex	i	>=	-	-	-	-	-
Complex.md	143	Complex	i	between?	-	-	-	-	-
Complex.md	146	Complex	i	clamp	-	-	-	-	-
Complex.md	149	Complex	i	abs	-	-	-	-	-
Complex.md	150	Complex	i	magnitude	-	-	-	-	-
Complex.md	168	Complex	i	abs2	-	-	-	-	-
Complex.md	186	Complex	i	arg	-	-	-	-	-
Complex.md	187	Complex	i	angle	-	-	-	-	-
Complex.md	188	Complex	i	phase	-	-	-	-	-
Complex.md	212	Complex	i	finite?	-	-	-	-	-
Complex.md	223	Complex	i	infinite?	-	-	-	-	-
Complex.md	234	Complex	i	coerce	-	-	-	-	-
Complex.md	244	Complex	i	conjugate	-	-	-	-	-
Complex.md	245	Complex	i	conj	-	-	-	-	-
Complex.md	253	Complex	i	denominator	-	-	-	-	-
Complex.md	272	Complex	i	fdiv	-	-	-	-	-
Complex.md	291	Complex	i	imag	-	-	-	-	-
Complex.md	292	Complex	i	imaginary	-	-	-	-	-
Complex.md	302	Complex	i	inspect	-	-	-	-	-
Complex.md	314	Complex	i	numerator	-	-	-	-	-
Complex.md	325	Complex	i	polar	-	-	-	-	-
Complex.md	335	Complex	i	real	-	-	-	-	-
Complex.md	343	Complex	i	real?	-	-	-	-	-
Complex.md	354	Complex	i	rect	-	-	-	-	-
Complex.md	355	Complex	i	rectangular	-	-	-	-	-
Complex.md	367	Complex	i	to_f	-	-	-	-	-
Complex.md	379	Complex	i	to_i	-	-	-	-	-
Complex.md	391	Complex	i	to_r	-	-	-	-	-
Complex.md	392	Complex	i	rationalize	-	-	-	-	-
Complex.md	393	Complex	i	rationalize	-	-	-	-	-
Complex.md	409	Complex	i	to_s	-	-	-	-	-
Complex.md	421	Complex	i	to_c	1.9.1	-	-	-	-
Complex.md	433	Complex	s	rect	-	-	-	-	-
Complex.md	434	Complex	s	rectangular	-	-	-	-	-
Complex.md	450	Complex	s	polar	-	-	-	-	-
Complex.md	466	Complex	i	marshal_dump	-	-	-	-	-
Complex.md	479	Complex	c	I	-	-	-	-	-
Continuation.md	48	Continuation	i	[]	-	-	-	-	-
Continuation.md	49	Continuation	i	call	-	-	-	-	-
Data.md	40	Data	s	define	-	-	-	3.2	-
Data.md	41	Data	s	define	-	-	-	3.2	-
Data.md	128	Data	s	new	-	-	-	3.2	-
Data.md	129	Data	s	new	-	-	-	3.2	-
Data.md	130	Data	s	[]	-	-	-	3.2	-
Data.md	131	Data	s	[]	-	-	-	3.2	-
Data.md	206	Data	s	members	-	-	-	3.2	-
Data.md	217	Data	i	==	-	-	-	3.2	-
Data.md	241	Data	i	deconstruct	-	-	-	3.2	-
Data.md	278	Data	i	deconstruct_keys	-	-	-	3.2	-
Data.md	318	Data	i	eql?	-	-	-	3.2	-
Data.md	339	Data	i	hash	-	-	-	3.2	-
Data.md	358	Data	i	inspect	-	-	-	3.2	-
Data.md	359	Data	i	to_s	-	-	-	3.2	-
Data.md	371	Data	i	members	-	-	-	3.2	-
Data.md	382	Data	i	to_h	-	-	-	3.2	-
Data.md	383	Data	i	to_h	-	-	-	3.2	-
Data.md	404	Data	i	with	-	-	-	3.2	-
Dir.md	12	Dir	s	[]	-	-	-	-	-
Dir.md	13	Dir	s	glob	-	-	-	-	-
Dir.md	14	Dir	s	glob	-	-	-	-	-
Dir.md	99	Dir	s	chdir	-	-	-	-	-
Dir.md	100	Dir	s	chdir	-	-	-	-	-
Dir.md	101	Dir	s	chdir	-	-	-	-	-
Dir.md	102	Dir	s	chdir	-	-	-	-	-
Dir.md	133	Dir	s	fchdir	-	-	since:3.3	-	-
Dir.md	134	Dir	s	fchdir	-	-	since:3.3	-	-
Dir.md	163	Dir	s	chroot	-	-	-	-	-
Dir.md	183	Dir	s	delete	-	-	-	-	-
Dir.md	184	Dir	s	rmdir	-	-	-	-	-
Dir.md	185	Dir	s	unlink	-	-	-	-	-
Dir.md	197	Dir	s	entries	-	-	-	-	-
Dir.md	198	Dir	s	entries	-	-	-	-	-
Dir.md	216	Dir	s	children	-	-	-	-	-
Dir.md	217	Dir	s	children	-	-	-	-	-
Dir.md	237	Dir	s	foreach	-	-	-	-	-
Dir.md	238	Dir	s	foreach	-	-	-	-	-
Dir.md	239	Dir	s	foreach	-	-	-	-	-
Dir.md	240	Dir	s	foreach	-	-	-	-	-
Dir.md	267	Dir	s	each_child	-	-	-	-	-
Dir.md	268	Dir	s	each_child	-	-	-	-	-
Dir.md	269	Dir	s	each_child	-	-	-	-	-
Dir.md	270	Dir	s	each_child	-	-	-	-	-
Dir.md	296	Dir	s	getwd	-	-	-	-	-
Dir.md	297	Dir	s	pwd	-	-	-	-	-
Dir.md	308	Dir	s	mkdir	-	-	-	-	-
Dir.md	329	Dir	s	new	-	-	-	-	-
Dir.md	330	Dir	s	new	-	-	-	-	-
Dir.md	331	Dir	s	open	-	-	-	-	-
Dir.md	332	Dir	s	open	-	-	-	-	-
Dir.md	333	Dir	s	open	-	-	-	-	-
Dir.md	334	Dir	s	open	-	-	-	-	-
Dir.md	381	Dir	s	for_fd	-	-	since:3.3	-	-
Dir.md	411	Dir	s	exist?	-	-	-	-	-
Dir.md	426	Dir	s	exists?	1.9.1	-	until:3.2	-	-
Dir.md	431	Dir	s	home	-	-	-	-	-
Dir.md	432	Dir	s	home	-	-	-	-	-
Dir.md	446	Dir	s	empty?	-	-	-	-	-
Dir.md	462	Dir	i	close	-	-	-	-	-
Dir.md	472	Dir	i	each	-	-	-	-	-
Dir.md	473	Dir	i	each	-	-	-	-	-
Dir.md	495	Dir	i	path	-	-	-	-	-
Dir.md	496	Dir	i	to_path	-	-	-	-	-
Dir.md	507	Dir	i	pos	-	-	-	-	-
Dir.md	508	Dir	i	tell	-	-	-	-	-
Dir.md	522	Dir	i	pos=	-	-	-	-	-
Dir.md	523	Dir	i	seek	-	-	-	-	-
Dir.md	542	Dir	i	read	-	-	-	-	-
Dir.md	566	Dir	i	rewind	-	-	-	-	-
Dir.md	580	Dir	i	inspect	-	-	-	-	-
Dir.md	588	Dir	i	fileno	-	-	-	-	-
Dir.md	603	Dir	i	each_child	-	-	-	-	-
Dir.md	604	Dir	i	each_child	-	-	-	-	-
Dir.md	625	Dir	i	children	-	-	-	-	-
ENV.md	23	ENV	s	[]	-	-	-	-	-
ENV.md	34	ENV	s	[]=	-	-	-	-	-
ENV.md	35	ENV	s	store	-	-	-	-	-
ENV.md	52	ENV	s	clear	-	-	-	-	-
ENV.md	61	ENV	s	delete	-	-	-	-	-
ENV.md	62	ENV	s	delete	-	-	-	-	-
ENV.md	77	ENV	s	reject	-	-	-	-	-
ENV.md	78	ENV	s	reject	-	-	-	-	-
ENV.md	90	ENV	s	delete_if	-	-	-	-	-
ENV.md	91	ENV	s	reject!	-	-	-	-	-
ENV.md	92	ENV	s	delete_if	-	-	-	-	-
ENV.md	93	ENV	s	reject!	-	-	-	-	-
ENV.md	105	ENV	s	each	-	-	-	-	-
ENV.md	106	ENV	s	each_pair	-	-	-	-	-
ENV.md	107	ENV	s	each	-	-	-	-	-
ENV.md	108	ENV	s	each_pair	-	-	-	-	-
ENV.md	120	ENV	s	each_key	-	-	-	-	-
ENV.md	121	ENV	s	each_key	-	-	-	-	-
ENV.md	133	ENV	s	each_value	-	-	-	-	-
ENV.md	134	ENV	s	each_value	-	-	-	-	-
ENV.md	138	ENV	s	empty?	-	-	-	-	-
ENV.md	142	ENV	s	fetch	-	-	-	-	-
ENV.md	143	ENV	s	fetch	-	-	-	-	-
ENV.md	144	ENV	s	fetch	-	-	-	-	-
ENV.md	154	ENV	s	has_key?	-	-	-	-	-
ENV.md	155	ENV	s	include?	-	-	-	-	-
ENV.md	156	ENV	s	key?	-	-	-	-	-
ENV.md	157	ENV	s	member?	-	-	-	-	-
ENV.md	164	ENV	s	has_value?	-	-	-	-	-
ENV.md	165	ENV	s	value?	-	-	-	-	-
ENV.md	171	ENV	s	key	-	-	-	-	-
ENV.md	178	ENV	s	inspect	-	-	-	-	-
ENV.md	182	ENV	s	invert	-	-	-	-	-
ENV.md	186	ENV	s	keys	-	-	-	-	-
ENV.md	190	ENV	s	length	-	-	-	-	-
ENV.md	191	ENV	s	size	-	-	-	-	-
ENV.md	195	ENV	s	rehash	-	-	-	-	-
ENV.md	199	ENV	s	replace	-	-	-	-	-
ENV.md	205	ENV	s	select	-	-	-	-	-
ENV.md	206	ENV	s	select	-	-	-	-	-
ENV.md	207	ENV	s	filter	-	-	-	-	-
ENV.md	208	ENV	s	filter	-	-	-	-	-
ENV.md	212	ENV	s	shift	-	-	-	-	-
ENV.md	217	ENV	s	to_a	-	-	-	-	-
ENV.md	221	ENV	s	to_hash	-	-	-	-	-
ENV.md	225	ENV	s	to_h	-	-	-	-	-
ENV.md	226	ENV	s	to_h	-	-	-	-	-
ENV.md	236	ENV	s	to_s	-	-	-	-	-
ENV.md	241	ENV	s	merge!	-	-	since:3.2	-	-
ENV.md	242	ENV	s	merge!	-	-	since:3.2	-	-
ENV.md	243	ENV	s	update	-	-	since:3.2	-	-
ENV.md	244	ENV	s	update	-	-	since:3.2	-	-
ENV.md	252	ENV	s	update	-	-	until:3.2	-	-
ENV.md	253	ENV	s	update	-	-	until:3.2	-	-
ENV.md	254	ENV	s	merge!	-	-	until:3.2	-	-
ENV.md	255	ENV	s	merge!	-	-	until:3.2	-	-
ENV.md	263	ENV	s	values	-	-	-	-	-
ENV.md	267	ENV	s	values_at	-	-	-	-	-
ENV.md	279	ENV	s	assoc	-	-	-	-	-
ENV.md	287	ENV	s	rassoc	-	-	-	-	-
ENV.md	295	ENV	s	keep_if	-	-	-	-	-
ENV.md	296	ENV	s	select!	-	-	-	-	-
ENV.md	297	ENV	s	filter!	-	-	-	-	-
ENV.md	298	ENV	s	keep_if	-	-	-	-	-
ENV.md	299	ENV	s	select!	-	-	-	-	-
ENV.md	300	ENV	s	filter!	-	-	-	-	-
ENV.md	311	ENV	s	slice	-	-	-	-	-
ENV.md	327	ENV	s	freeze	2.7.0	-	-	-	-
ENV.md	334	ENV	s	except	-	-	-	-	-
ENV.md	346	ENV	s	clone	EMPTY	-	since:3.2	-	-
ENV.md	349	ENV	s	clone	EMPTY	-	until:3.2	-	-
ENV.md	371	ENV	s	dup	-	-	since:3.1	-	-
Encoding.md	15	Encoding	s	aliases	-	-	-	1.9.1	-
Encoding.md	25	Encoding	s	compatible?	-	-	-	1.9.1	-
Encoding.md	54	Encoding	s	find	-	-	-	1.9.1	-
Encoding.md	68	Encoding	s	list	-	-	-	1.9.1	-
Encoding.md	87	Encoding	s	name_list	-	-	-	1.9.1	-
Encoding.md	99	Encoding	s	default_external	-	-	-	1.9.1	-
Encoding.md	113	Encoding	s	default_external=	-	-	-	1.9.1	-
Encoding.md	123	Encoding	s	default_internal	-	-	-	1.9.1	-
Encoding.md	137	Encoding	s	default_internal=	-	-	-	1.9.1	-
Encoding.md	147	Encoding	s	locale_charmap	-	-	-	1.9.1	-
Encoding.md	171	Encoding	i	inspect	-	-	-	1.9.1	-
Encoding.md	180	Encoding	i	name	-	-	-	1.9.1	-
Encoding.md	181	Encoding	i	to_s	-	-	-	1.9.1	-
Encoding.md	189	Encoding	i	names	-	-	-	1.9.1	-
Encoding.md	197	Encoding	i	dummy?	-	-	-	1.9.1	-
Encoding.md	212	Encoding	i	ascii_compatible?	-	-	-	1.9.1	-
Encoding.md	223	Encoding	i	replicate	-	-	until:3.3	1.9.1	-
Encoding.md	245	Encoding	c	ASCII_8BIT	-	-	-	1.9.1	-
Encoding.md	246	Encoding	c	BINARY	-	-	-	1.9.1	-
Encoding.md	252	Encoding	c	CESU_8	-	-	-	1.9.1	-
Encoding.md	260	Encoding	c	EUC_JP	-	-	-	1.9.1	-
Encoding.md	261	Encoding	c	EucJP	-	-	-	1.9.1	-
Encoding.md	262	Encoding	c	EUCJP	-	-	-	1.9.1	-
Encoding.md	269	Encoding	c	ISO_2022_JP	-	-	-	1.9.1	-
Encoding.md	270	Encoding	c	ISO2022_JP	-	-	-	1.9.1	-
Encoding.md	276	Encoding	c	Shift_JIS	-	-	-	1.9.1	-
Encoding.md	277	Encoding	c	SHIFT_JIS	-	-	-	1.9.1	-
Encoding.md	284	Encoding	c	US_ASCII	-	-	-	1.9.1	-
Encoding.md	285	Encoding	c	ASCII	-	-	-	1.9.1	-
Encoding.md	286	Encoding	c	ANSI_X3_4_1968	-	-	-	1.9.1	-
Encoding.md	292	Encoding	c	UTF_16	-	-	-	1.9.1	-
Encoding.md	298	Encoding	c	UTF_32	-	-	-	1.9.1	-
Encoding.md	304	Encoding	c	UTF_16BE	-	-	-	1.9.1	-
Encoding.md	305	Encoding	c	UCS_2BE	-	-	-	1.9.1	-
Encoding.md	311	Encoding	c	UTF_16LE	-	-	-	1.9.1	-
Encoding.md	317	Encoding	c	UTF_32BE	-	-	-	1.9.1	-
Encoding.md	318	Encoding	c	UCS_4BE	-	-	-	1.9.1	-
Encoding.md	324	Encoding	c	UTF_32LE	-	-	-	1.9.1	-
Encoding.md	325	Encoding	c	UCS_4LE	-	-	-	1.9.1	-
Encoding.md	331	Encoding	c	UTF_8	-	-	-	1.9.1	-
Encoding.md	332	Encoding	c	CP65001	-	-	-	1.9.1	-
Encoding.md	340	Encoding	c	UTF8_MAC	-	-	-	1.9.1	-
Encoding.md	341	Encoding	c	UTF_8_MAC	-	-	-	1.9.1	-
Encoding.md	342	Encoding	c	UTF_8_HFS	-	-	-	1.9.1	-
Encoding.md	349	Encoding	c	UTF_7	-	-	-	1.9.1	-
Encoding.md	350	Encoding	c	CP65000	-	-	-	1.9.1	-
Encoding.md	357	Encoding	c	Big5	-	-	-	1.9.1	-
Encoding.md	358	Encoding	c	BIG5	-	-	-	1.9.1	-
Encoding.md	366	Encoding	c	CP950	-	-	-	1.9.1	-
Encoding.md	374	Encoding	c	Big5_HKSCS	-	-	-	1.9.1	-
Encoding.md	375	Encoding	c	BIG5_HKSCS	-	-	-	1.9.1	-
Encoding.md	376	Encoding	c	BIG5_HKSCS_2008	-	-	-	1.9.1	-
Encoding.md	377	Encoding	c	Big5_HKSCS_2008	-	-	-	1.9.1	-
Encoding.md	386	Encoding	c	CP951	-	-	-	1.9.1	-
Encoding.md	396	Encoding	c	BIG5_UAO	-	-	-	1.9.1	-
Encoding.md	397	Encoding	c	Big5_UAO	-	-	-	1.9.1	-
Encoding.md	407	Encoding	c	CP51932	-	-	-	1.9.1	-
Encoding.md	415	Encoding	c	CP50220	-	-	-	1.9.1	-
Encoding.md	424	Encoding	c	CP50221	-	-	-	1.9.1	-
Encoding.md	432	Encoding	c	EUC_CN	-	-	-	1.9.1	-
Encoding.md	433	Encoding	c	EUCCN	-	-	-	1.9.1	-
Encoding.md	434	Encoding	c	EucCN	-	-	-	1.9.1	-
Encoding.md	441	Encoding	c	EUC_KR	-	-	-	1.9.1	-
Encoding.md	442	Encoding	c	EUCKR	-	-	-	1.9.1	-
Encoding.md	443	Encoding	c	EucKR	-	-	-	1.9.1	-
Encoding.md	449	Encoding	c	EUC_TW	-	-	-	1.9.1	-
Encoding.md	450	Encoding	c	EUCTW	-	-	-	1.9.1	-
Encoding.md	451	Encoding	c	EucTW	-	-	-	1.9.1	-
Encoding.md	457	Encoding	c	GB18030	-	-	-	1.9.1	-
Encoding.md	465	Encoding	c	GB1988	-	-	-	1.9.1	-
Encoding.md	471	Encoding	c	GBK	-	-	-	1.9.1	-
Encoding.md	472	Encoding	c	CP936	-	-	-	1.9.1	-
Encoding.md	485	Encoding	c	GB12345	-	-	-	1.9.1	-
Encoding.md	491	Encoding	c	IBM037	-	-	-	1.9.1	-
Encoding.md	492	Encoding	c	EBCDIC_CP_US	-	-	-	1.9.1	-
Encoding.md	500	Encoding	c	IBM437	-	-	-	1.9.1	-
Encoding.md	501	Encoding	c	CP437	-	-	-	1.9.1	-
Encoding.md	508	Encoding	c	IBM720	-	-	-	1.9.1	-
Encoding.md	509	Encoding	c	CP720	-	-	-	1.9.1	-
Encoding.md	517	Encoding	c	IBM737	-	-	-	1.9.1	-
Encoding.md	518	Encoding	c	CP737	-	-	-	1.9.1	-
Encoding.md	526	Encoding	c	IBM775	-	-	-	1.9.1	-
Encoding.md	527	Encoding	c	CP775	-	-	-	1.9.1	-
Encoding.md	535	Encoding	c	CP850	-	-	-	1.9.1	-
Encoding.md	536	Encoding	c	IBM850	-	-	-	1.9.1	-
Encoding.md	542	Encoding	c	IBM852	-	-	-	1.9.1	-
Encoding.md	543	Encoding	c	CP852	-	-	-	1.9.1	-
Encoding.md	552	Encoding	c	IBM855	-	-	-	1.9.1	-
Encoding.md	553	Encoding	c	CP855	-	-	-	1.9.1	-
Encoding.md	562	Encoding	c	IBM857	-	-	-	1.9.1	-
Encoding.md	563	Encoding	c	CP857	-	-	-	1.9.1	-
Encoding.md	572	Encoding	c	IBM860	-	-	-	1.9.1	-
Encoding.md	573	Encoding	c	CP860	-	-	-	1.9.1	-
Encoding.md	582	Encoding	c	IBM861	-	-	-	1.9.1	-
Encoding.md	583	Encoding	c	CP861	-	-	-	1.9.1	-
Encoding.md	592	Encoding	c	IBM862	-	-	-	1.9.1	-
Encoding.md	593	Encoding	c	CP862	-	-	-	1.9.1	-
Encoding.md	602	Encoding	c	IBM863	-	-	-	1.9.1	-
Encoding.md	603	Encoding	c	CP863	-	-	-	1.9.1	-
Encoding.md	612	Encoding	c	IBM864	-	-	-	1.9.1	-
Encoding.md	613	Encoding	c	CP864	-	-	-	1.9.1	-
Encoding.md	622	Encoding	c	IBM865	-	-	-	1.9.1	-
Encoding.md	623	Encoding	c	CP865	-	-	-	1.9.1	-
Encoding.md	632	Encoding	c	IBM866	-	-	-	1.9.1	-
Encoding.md	633	Encoding	c	CP866	-	-	-	1.9.1	-
Encoding.md	642	Encoding	c	IBM869	-	-	-	1.9.1	-
Encoding.md	643	Encoding	c	CP869	-	-	-	1.9.1	-
Encoding.md	652	Encoding	c	CP949	-	-	-	1.9.1	-
Encoding.md	662	Encoding	c	ISO_2022_JP_2	-	-	-	1.9.1	-
Encoding.md	663	Encoding	c	ISO2022_JP2	-	-	-	1.9.1	-
Encoding.md	671	Encoding	c	ISO_8859_1	-	-	-	1.9.1	-
Encoding.md	672	Encoding	c	ISO8859_1	-	-	-	1.9.1	-
Encoding.md	681	Encoding	c	ISO_8859_2	-	-	-	1.9.1	-
Encoding.md	682	Encoding	c	ISO8859_2	-	-	-	1.9.1	-
Encoding.md	688	Encoding	c	ISO_8859_3	-	-	-	1.9.1	-
Encoding.md	689	Encoding	c	ISO8859_3	-	-	-	1.9.1	-
Encoding.md	695	Encoding	c	ISO_8859_4	-	-	-	1.9.1	-
Encoding.md	696	Encoding	c	ISO8859_4	-	-	-	1.9.1	-
Encoding.md	702	Encoding	c	ISO_8859_5	-	-	-	1.9.1	-
Encoding.md	703	Encoding	c	ISO8859_5	-	-	-	1.9.1	-
Encoding.md	709	Encoding	c	ISO_8859_6	-	-	-	1.9.1	-
Encoding.md	710	Encoding	c	ISO8859_6	-	-	-	1.9.1	-
Encoding.md	718	Encoding	c	ISO_8859_7	-	-	-	1.9.1	-
Encoding.md	719	Encoding	c	ISO8859_7	-	-	-	1.9.1	-
Encoding.md	727	Encoding	c	ISO_8859_8	-	-	-	1.9.1	-
Encoding.md	728	Encoding	c	ISO8859_8	-	-	-	1.9.1	-
Encoding.md	736	Encoding	c	ISO_8859_9	-	-	-	1.9.1	-
Encoding.md	737	Encoding	c	ISO8859_9	-	-	-	1.9.1	-
Encoding.md	745	Encoding	c	ISO_8859_10	-	-	-	1.9.1	-
Encoding.md	746	Encoding	c	ISO8859_10	-	-	-	1.9.1	-
Encoding.md	752	Encoding	c	ISO_8859_11	-	-	-	1.9.1	-
Encoding.md	753	Encoding	c	ISO8859_11	-	-	-	1.9.1	-
Encoding.md	761	Encoding	c	ISO_8859_13	-	-	-	1.9.1	-
Encoding.md	762	Encoding	c	ISO8859_13	-	-	-	1.9.1	-
Encoding.md	770	Encoding	c	ISO_8859_14	-	-	-	1.9.1	-
Encoding.md	771	Encoding	c	ISO8859_14	-	-	-	1.9.1	-
Encoding.md	779	Encoding	c	ISO_8859_15	-	-	-	1.9.1	-
Encoding.md	780	Encoding	c	ISO8859_15	-	-	-	1.9.1	-
Encoding.md	786	Encoding	c	ISO_8859_16	-	-	-	1.9.1	-
Encoding.md	787	Encoding	c	ISO8859_16	-	-	-	1.9.1	-
Encoding.md	793	Encoding	c	KOI8_R	-	-	-	1.9.1	-
Encoding.md	794	Encoding	c	CP878	-	-	-	1.9.1	-
Encoding.md	802	Encoding	c	KOI8_U	-	-	-	1.9.1	-
Encoding.md	810	Encoding	c	MacJapanese	-	-	-	1.9.1	-
Encoding.md	811	Encoding	c	MACJAPAN	-	-	-	1.9.1	-
Encoding.md	812	Encoding	c	MACJAPANESE	-	-	-	1.9.1	-
Encoding.md	813	Encoding	c	MacJapan	-	-	-	1.9.1	-
Encoding.md	822	Encoding	c	SJIS_DOCOMO	-	-	-	1.9.1	-
Encoding.md	823	Encoding	c	SJIS_DoCoMo	-	-	-	1.9.1	-
Encoding.md	833	Encoding	c	SJIS_KDDI	-	-	-	1.9.1	-
Encoding.md	842	Encoding	c	SJIS_SOFTBANK	-	-	-	1.9.1	-
Encoding.md	843	Encoding	c	SJIS_SoftBank	-	-	-	1.9.1	-
Encoding.md	852	Encoding	c	UTF8_DOCOMO	-	-	-	1.9.1	-
Encoding.md	853	Encoding	c	UTF8_DoCoMo	-	-	-	1.9.1	-
Encoding.md	863	Encoding	c	UTF8_KDDI	-	-	-	1.9.1	-
Encoding.md	872	Encoding	c	UTF8_SOFTBANK	-	-	-	1.9.1	-
Encoding.md	873	Encoding	c	UTF8_SoftBank	-	-	-	1.9.1	-
Encoding.md	882	Encoding	c	STATELESS_ISO_2022_JP	-	-	-	1.9.1	-
Encoding.md	883	Encoding	c	Stateless_ISO_2022_JP	-	-	-	1.9.1	-
Encoding.md	890	Encoding	c	ISO_2022_JP_KDDI	-	-	-	1.9.1	-
Encoding.md	899	Encoding	c	STATELESS_ISO_2022_JP_KDDI	-	-	-	1.9.1	-
Encoding.md	900	Encoding	c	Stateless_ISO_2022_JP_KDDI	-	-	-	1.9.1	-
Encoding.md	909	Encoding	c	TIS_620	-	-	-	1.9.1	-
Encoding.md	917	Encoding	c	Windows_1250	-	-	-	1.9.1	-
Encoding.md	918	Encoding	c	CP1250	-	-	-	1.9.1	-
Encoding.md	919	Encoding	c	WINDOWS_1250	-	-	-	1.9.1	-
Encoding.md	928	Encoding	c	Windows_1251	-	-	-	1.9.1	-
Encoding.md	929	Encoding	c	CP1251	-	-	-	1.9.1	-
Encoding.md	930	Encoding	c	WINDOWS_1251	-	-	-	1.9.1	-
Encoding.md	940	Encoding	c	Windows_1252	-	-	-	1.9.1	-
Encoding.md	941	Encoding	c	CP1252	-	-	-	1.9.1	-
Encoding.md	942	Encoding	c	WINDOWS_1252	-	-	-	1.9.1	-
Encoding.md	953	Encoding	c	Windows_1253	-	-	-	1.9.1	-
Encoding.md	954	Encoding	c	CP1253	-	-	-	1.9.1	-
Encoding.md	955	Encoding	c	WINDOWS_1253	-	-	-	1.9.1	-
Encoding.md	966	Encoding	c	Windows_1254	-	-	-	1.9.1	-
Encoding.md	967	Encoding	c	CP1254	-	-	-	1.9.1	-
Encoding.md	968	Encoding	c	WINDOWS_1254	-	-	-	1.9.1	-
Encoding.md	979	Encoding	c	Windows_1255	-	-	-	1.9.1	-
Encoding.md	980	Encoding	c	CP1255	-	-	-	1.9.1	-
Encoding.md	981	Encoding	c	WINDOWS_1255	-	-	-	1.9.1	-
Encoding.md	992	Encoding	c	Windows_1256	-	-	-	1.9.1	-
Encoding.md	993	Encoding	c	CP1256	-	-	-	1.9.1	-
Encoding.md	994	Encoding	c	WINDOWS_1256	-	-	-	1.9.1	-
Encoding.md	1005	Encoding	c	Windows_1257	-	-	-	1.9.1	-
Encoding.md	1006	Encoding	c	CP1257	-	-	-	1.9.1	-
Encoding.md	1007	Encoding	c	WINDOWS_1257	-	-	-	1.9.1	-
Encoding.md	1018	Encoding	c	Windows_1258	-	-	-	1.9.1	-
Encoding.md	1019	Encoding	c	CP1258	-	-	-	1.9.1	-
Encoding.md	1020	Encoding	c	WINDOWS_1258	-	-	-	1.9.1	-
Encoding.md	1028	Encoding	c	Windows_31J	-	-	-	1.9.1	-
Encoding.md	1029	Encoding	c	CP932	-	-	-	1.9.1	-
Encoding.md	1030	Encoding	c	CSWINDOWS31J	-	-	-	1.9.1	-
Encoding.md	1031	Encoding	c	CsWindows31J	-	-	-	1.9.1	-
Encoding.md	1032	Encoding	c	WINDOWS_31J	-	-	-	1.9.1	-
Encoding.md	1033	Encoding	c	PCK	-	-	-	1.9.1	-
Encoding.md	1034	Encoding	c	SJIS	-	-	-	1.9.1	-
Encoding.md	1043	Encoding	c	Windows_874	-	-	-	1.9.1	-
Encoding.md	1044	Encoding	c	CP874	-	-	-	1.9.1	-
Encoding.md	1045	Encoding	c	WINDOWS_874	-	-	-	1.9.1	-
Encoding.md	1054	Encoding	c	EUCJP_MS	-	-	-	1.9.1	-
Encoding.md	1055	Encoding	c	EucJP_ms	-	-	-	1.9.1	-
Encoding.md	1056	Encoding	c	EUC_JP_MS	-	-	-	1.9.1	-
Encoding.md	1065	Encoding	c	MacCentEuro	-	-	-	1.9.1	-
Encoding.md	1066	Encoding	c	MACCENTEURO	-	-	-	1.9.1	-
Encoding.md	1075	Encoding	c	MacCroatian	-	-	-	1.9.1	-
Encoding.md	1076	Encoding	c	MACCROATIAN	-	-	-	1.9.1	-
Encoding.md	1085	Encoding	c	MacCyrillic	-	-	-	1.9.1	-
Encoding.md	1086	Encoding	c	MACCYRILLIC	-	-	-	1.9.1	-
Encoding.md	1094	Encoding	c	MacGreek	-	-	-	1.9.1	-
Encoding.md	1095	Encoding	c	MACGREEK	-	-	-	1.9.1	-
Encoding.md	1104	Encoding	c	MacIceland	-	-	-	1.9.1	-
Encoding.md	1105	Encoding	c	MACICELAND	-	-	-	1.9.1	-
Encoding.md	1114	Encoding	c	MacRoman	-	-	-	1.9.1	-
Encoding.md	1115	Encoding	c	MACROMAN	-	-	-	1.9.1	-
Encoding.md	1126	Encoding	c	MacRomania	-	-	-	1.9.1	-
Encoding.md	1127	Encoding	c	MACROMANIA	-	-	-	1.9.1	-
Encoding.md	1136	Encoding	c	MacThai	-	-	-	1.9.1	-
Encoding.md	1137	Encoding	c	MACTHAI	-	-	-	1.9.1	-
Encoding.md	1145	Encoding	c	MacTurkish	-	-	-	1.9.1	-
Encoding.md	1146	Encoding	c	MACTURKISH	-	-	-	1.9.1	-
Encoding.md	1155	Encoding	c	MacUkraine	-	-	-	1.9.1	-
Encoding.md	1156	Encoding	c	MACUKRAINE	-	-	-	1.9.1	-
Encoding.md	1165	Encoding	c	EMACS_MULE	-	-	-	1.9.1	-
Encoding.md	1166	Encoding	c	Emacs_Mule	-	-	-	1.9.1	-
Encoding.md	1219	Encoding::UndefinedConversionError	i	destination_encoding	-	-	-	1.9.1	-
Encoding.md	1226	Encoding::UndefinedConversionError	i	destination_encoding_name	-	-	-	1.9.1	-
Encoding.md	1232	Encoding::UndefinedConversionError	i	error_char	-	-	-	1.9.1	-
Encoding.md	1245	Encoding::UndefinedConversionError	i	source_encoding	-	-	-	1.9.1	-
Encoding.md	1254	Encoding::UndefinedConversionError	i	source_encoding_name	-	-	-	1.9.1	-
Encoding.md	1274	Encoding::InvalidByteSequenceError	i	destination_encoding	-	-	-	1.9.1	-
Encoding.md	1282	Encoding::InvalidByteSequenceError	i	destination_encoding_name	-	-	-	1.9.1	-
Encoding.md	1288	Encoding::InvalidByteSequenceError	i	source_encoding	-	-	-	1.9.1	-
Encoding.md	1296	Encoding::InvalidByteSequenceError	i	source_encoding_name	-	-	-	1.9.1	-
Encoding.md	1302	Encoding::InvalidByteSequenceError	i	error_bytes	-	-	-	1.9.1	-
Encoding.md	1320	Encoding::InvalidByteSequenceError	i	readagain_bytes	-	-	-	1.9.1	-
Encoding.md	1326	Encoding::InvalidByteSequenceError	i	incomplete_input?	-	-	-	1.9.1	-
Encoding__Converter.md	14	Encoding::Converter	s	new	-	-	-	1.9.1	-
Encoding__Converter.md	15	Encoding::Converter	s	new	-	-	-	1.9.1	-
Encoding__Converter.md	16	Encoding::Converter	s	new	-	-	-	1.9.1	-
Encoding__Converter.md	59	Encoding::Converter	s	asciicompat_encoding	-	-	-	1.9.1	-
Encoding__Converter.md	60	Encoding::Converter	s	asciicompat_encoding	-	-	-	1.9.1	-
Encoding__Converter.md	77	Encoding::Converter	s	search_convpath	-	-	-	1.9.1	-
Encoding__Converter.md	112	Encoding::Converter	i	inspect	-	-	-	1.9.1	-
Encoding__Converter.md	118	Encoding::Converter	i	source_encoding	-	-	-	1.9.1	-
Encoding__Converter.md	129	Encoding::Converter	i	destination_encoding	-	-	-	1.9.1	-
Encoding__Converter.md	140	Encoding::Converter	i	convpath	-	-	-	1.9.1	-
Encoding__Converter.md	156	Encoding::Converter	i	replacement	-	-	-	1.9.1	-
Encoding__Converter.md	170	Encoding::Converter	i	replacement=	-	-	-	1.9.1	-
Encoding__Converter.md	182	Encoding::Converter	i	convert	-	-	-	1.9.1	-
Encoding__Converter.md	214	Encoding::Converter	i	last_error	-	-	-	1.9.1	-
Encoding__Converter.md	227	Encoding::Converter	i	finish	-	-	-	1.9.1	-
Encoding__Converter.md	241	Encoding::Converter	i	primitive_convert	-	-	-	1.9.1	-
Encoding__Converter.md	242	Encoding::Converter	i	primitive_convert	-	-	-	1.9.1	-
Encoding__Converter.md	243	Encoding::Converter	i	primitive_convert	-	-	-	1.9.1	-
Encoding__Converter.md	244	Encoding::Converter	i	primitive_convert	-	-	-	1.9.1	-
Encoding__Converter.md	302	Encoding::Converter	i	primitive_errinfo	-	-	-	1.9.1	-
Encoding__Converter.md	366	Encoding::Converter	i	insert_output	-	-	-	1.9.1	-
Encoding__Converter.md	397	Encoding::Converter	i	putback	-	-	-	1.9.1	-
Encoding__Converter.md	398	Encoding::Converter	i	putback	-	-	-	1.9.1	-
Enumerable.md	13	Enumerable	i	all?	-	-	-	-	-
Enumerable.md	14	Enumerable	i	all?	-	-	-	-	-
Enumerable.md	15	Enumerable	i	all?	-	-	-	-	-
Enumerable.md	47	Enumerable	i	any?	-	-	-	-	-
Enumerable.md	48	Enumerable	i	any?	-	-	-	-	-
Enumerable.md	49	Enumerable	i	any?	-	-	-	-	-
Enumerable.md	75	Enumerable	i	chain	-	-	-	-	-
Enumerable.md	86	Enumerable	i	collect	-	-	-	-	-
Enumerable.md	87	Enumerable	i	map	-	-	-	-	-
Enumerable.md	88	Enumerable	i	collect	-	-	-	-	-
Enumerable.md	89	Enumerable	i	map	-	-	-	-	-
Enumerable.md	103	Enumerable	i	each_with_index	-	-	-	-	-
Enumerable.md	104	Enumerable	i	each_with_index	-	-	-	-	-
Enumerable.md	137	Enumerable	i	find	-	-	-	-	-
Enumerable.md	138	Enumerable	i	detect	-	-	-	-	-
Enumerable.md	139	Enumerable	i	find	-	-	-	-	-
Enumerable.md	140	Enumerable	i	detect	-	-	-	-	-
Enumerable.md	162	Enumerable	i	find_all	-	-	-	-	-
Enumerable.md	163	Enumerable	i	select	-	-	-	-	-
Enumerable.md	164	Enumerable	i	filter	-	-	-	-	-
Enumerable.md	165	Enumerable	i	find_all	-	-	-	-	-
Enumerable.md	166	Enumerable	i	select	-	-	-	-	-
Enumerable.md	167	Enumerable	i	filter	-	-	-	-	-
Enumerable.md	184	Enumerable	i	filter_map	-	-	-	-	-
Enumerable.md	185	Enumerable	i	filter_map	-	-	-	-	-
Enumerable.md	197	Enumerable	i	grep	-	-	-	-	-
Enumerable.md	198	Enumerable	i	grep	-	-	-	-	-
Enumerable.md	216	Enumerable	i	grep_v	-	-	-	-	-
Enumerable.md	217	Enumerable	i	grep_v	-	-	-	-	-
Enumerable.md	232	Enumerable	i	inject	-	-	-	-	-
Enumerable.md	233	Enumerable	i	inject	-	-	-	-	-
Enumerable.md	234	Enumerable	i	inject	-	-	-	-	-
Enumerable.md	235	Enumerable	i	reduce	-	-	-	-	-
Enumerable.md	236	Enumerable	i	reduce	-	-	-	-	-
Enumerable.md	237	Enumerable	i	reduce	-	-	-	-	-
Enumerable.md	275	Enumerable	i	member?	-	-	-	-	-
Enumerable.md	276	Enumerable	i	include?	-	-	-	-	-
Enumerable.md	289	Enumerable	i	max	-	-	-	-	-
Enumerable.md	290	Enumerable	i	max	-	-	-	-	-
Enumerable.md	307	Enumerable	i	max	-	-	-	-	-
Enumerable.md	308	Enumerable	i	max	-	-	-	-	-
Enumerable.md	353	Enumerable	i	max_by	-	-	-	-	-
Enumerable.md	354	Enumerable	i	max_by	-	-	-	-	-
Enumerable.md	355	Enumerable	i	max_by	-	-	-	-	-
Enumerable.md	356	Enumerable	i	max_by	-	-	-	-	-
Enumerable.md	427	Enumerable	i	min	-	-	-	-	-
Enumerable.md	428	Enumerable	i	min	-	-	-	-	-
Enumerable.md	445	Enumerable	i	min	-	-	-	-	-
Enumerable.md	446	Enumerable	i	min	-	-	-	-	-
Enumerable.md	492	Enumerable	i	min_by	-	-	-	-	-
Enumerable.md	493	Enumerable	i	min_by	-	-	-	-	-
Enumerable.md	494	Enumerable	i	min_by	-	-	-	-	-
Enumerable.md	495	Enumerable	i	min_by	-	-	-	-	-
Enumerable.md	520	Enumerable	i	partition	-	-	-	-	-
Enumerable.md	521	Enumerable	i	partition	-	-	-	-	-
Enumerable.md	533	Enumerable	i	reject	-	-	-	-	-
Enumerable.md	534	Enumerable	i	reject	-	-	-	-	-
Enumerable.md	549	Enumerable	i	sort	-	-	-	-	-
Enumerable.md	550	Enumerable	i	sort	-	-	-	-	-
Enumerable.md	575	Enumerable	i	sort_by	-	-	-	-	-
Enumerable.md	576	Enumerable	i	sort_by	-	-	-	-	-
Enumerable.md	643	Enumerable	i	to_a	-	-	-	-	-
Enumerable.md	644	Enumerable	i	entries	-	-	-	-	-
Enumerable.md	658	Enumerable	i	to_h	-	-	-	-	-
Enumerable.md	659	Enumerable	i	to_h	-	-	-	-	-
Enumerable.md	675	Enumerable	i	zip	-	-	-	-	-
Enumerable.md	676	Enumerable	i	zip	-	-	-	-	-
Enumerable.md	709	Enumerable	i	each_slice	-	-	-	-	-
Enumerable.md	711	Enumerable	i	each_slice	-	-	since:3.1	-	-
Enumerable.md	713	Enumerable	i	each_slice	-	-	until:3.1	-	-
Enumerable.md	735	Enumerable	i	each_cons	-	-	-	-	-
Enumerable.md	737	Enumerable	i	each_cons	-	-	since:3.1	-	-
Enumerable.md	739	Enumerable	i	each_cons	-	-	until:3.1	-	-
Enumerable.md	764	Enumerable	i	count	-	-	-	-	-
Enumerable.md	765	Enumerable	i	count	-	-	-	-	-
Enumerable.md	766	Enumerable	i	count	-	-	-	-	-
Enumerable.md	788	Enumerable	i	cycle	-	-	-	-	-
Enumerable.md	789	Enumerable	i	cycle	-	-	-	-	-
Enumerable.md	809	Enumerable	i	drop	-	-	-	-	-
Enumerable.md	822	Enumerable	i	drop_while	-	-	-	-	-
Enumerable.md	823	Enumerable	i	drop_while	-	-	-	-	-
Enumerable.md	834	Enumerable	i	find_index	-	-	-	-	-
Enumerable.md	835	Enumerable	i	find_index	-	-	-	-	-
Enumerable.md	836	Enumerable	i	find_index	-	-	-	-	-
Enumerable.md	861	Enumerable	i	first	-	-	-	-	-
Enumerable.md	862	Enumerable	i	first	-	-	-	-	-
Enumerable.md	880	Enumerable	i	group_by	-	-	-	-	-
Enumerable.md	881	Enumerable	i	group_by	-	-	-	-	-
Enumerable.md	891	Enumerable	i	minmax	-	-	-	-	-
Enumerable.md	892	Enumerable	i	minmax	-	-	-	-	-
Enumerable.md	909	Enumerable	i	minmax_by	-	-	-	-	-
Enumerable.md	910	Enumerable	i	minmax_by	-	-	-	-	-
Enumerable.md	930	Enumerable	i	none?	-	-	-	-	-
Enumerable.md	931	Enumerable	i	none?	-	-	-	-	-
Enumerable.md	932	Enumerable	i	none?	-	-	-	-	-
Enumerable.md	958	Enumerable	i	one?	-	-	-	-	-
Enumerable.md	959	Enumerable	i	one?	-	-	-	-	-
Enumerable.md	960	Enumerable	i	one?	-	-	-	-	-
Enumerable.md	985	Enumerable	i	take	-	-	-	-	-
Enumerable.md	998	Enumerable	i	take_while	-	-	-	-	-
Enumerable.md	999	Enumerable	i	take_while	-	-	-	-	-
Enumerable.md	1013	Enumerable	i	reverse_each	-	-	-	-	-
Enumerable.md	1014	Enumerable	i	reverse_each	-	-	-	-	-
Enumerable.md	1031	Enumerable	i	each_with_object	-	-	-	-	-
Enumerable.md	1032	Enumerable	i	each_with_object	-	-	-	-	-
Enumerable.md	1047	Enumerable	i	flat_map	-	-	-	-	-
Enumerable.md	1048	Enumerable	i	collect_concat	-	-	-	-	-
Enumerable.md	1049	Enumerable	i	flat_map	-	-	-	-	-
Enumerable.md	1050	Enumerable	i	collect_concat	-	-	-	-	-
Enumerable.md	1062	Enumerable	i	chunk	-	-	-	-	-
Enumerable.md	1179	Enumerable	i	chunk_while	-	-	-	-	-
Enumerable.md	1221	Enumerable	i	each_entry	-	-	-	-	-
Enumerable.md	1222	Enumerable	i	each_entry	-	-	-	-	-
Enumerable.md	1247	Enumerable	i	slice_before	-	-	-	-	-
Enumerable.md	1248	Enumerable	i	slice_before	-	-	-	-	-
Enumerable.md	1311	Enumerable	i	slice_after	-	-	-	-	-
Enumerable.md	1312	Enumerable	i	slice_after	-	-	-	-	-
Enumerable.md	1353	Enumerable	i	slice_when	-	-	-	-	-
Enumerable.md	1406	Enumerable	i	lazy	-	-	-	-	-
Enumerable.md	1445	Enumerable	i	sum	-	-	-	-	-
Enumerable.md	1446	Enumerable	i	sum	-	-	-	-	-
Enumerable.md	1473	Enumerable	i	tally	-	-	-	-	-
Enumerable.md	1475	Enumerable	i	tally	-	-	since:3.1	-	-
Enumerable.md	1500	Enumerable	i	uniq	-	-	-	-	-
Enumerable.md	1501	Enumerable	i	uniq	-	-	-	-	-
Enumerable.md	1522	Enumerable	i	compact	-	-	since:3.1	-	-
Enumerable.md	1541	Enumerable	i	to_set	-	-	since:3.2	-	-
Enumerable.md	1542	Enumerable	i	to_set	-	-	since:3.2	-	-
Enumerator.md	44	Enumerator	s	new	-	-	-	-	-
Enumerator.md	84	Enumerator	s	produce	-	-	since:4.0	-	-
Enumerator.md	86	Enumerator	s	produce	-	-	until:4.0	-	-
Enumerator.md	157	Enumerator	s	product	-	-	since:3.2	-	-
Enumerator.md	158	Enumerator	s	product	-	-	since:3.2	-	-
Enumerator.md	188	Enumerator	i	+	-	-	-	-	-
Enumerator.md	199	Enumerator	i	each	-	-	-	-	-
Enumerator.md	200	Enumerator	i	each	-	-	-	-	-
Enumerator.md	201	Enumerator	i	each	-	-	-	-	-
Enumerator.md	202	Enumerator	i	each	-	-	-	-	-
Enumerator.md	250	Enumerator	i	next	-	-	-	-	-
Enumerator.md	305	Enumerator	i	feed	-	-	-	-	-
Enumerator.md	336	Enumerator	i	next_values	-	-	-	-	-
Enumerator.md	393	Enumerator	i	peek	-	-	-	-	-
Enumerator.md	417	Enumerator	i	peek_values	-	-	-	-	-
Enumerator.md	461	Enumerator	i	rewind	-	-	-	-	-
Enumerator.md	481	Enumerator	i	with_index	-	-	-	-	-
Enumerator.md	482	Enumerator	i	with_index	-	-	-	-	-
Enumerator.md	510	Enumerator	i	with_object	-	-	-	-	-
Enumerator.md	511	Enumerator	i	with_object	-	-	-	-	-
Enumerator.md	539	Enumerator	i	size	2.0.0	-	-	-	-
Enumerator__ArithmeticSequence.md	15	Enumerator::ArithmeticSequence	i	begin	-	-	-	2.6.0	-
Enumerator__ArithmeticSequence.md	21	Enumerator::ArithmeticSequence	i	end	-	-	-	2.6.0	-
Enumerator__ArithmeticSequence.md	55	Enumerator::ArithmeticSequence	i	exclude_end?	-	-	-	2.6.0	-
Enumerator__ArithmeticSequence.md	59	Enumerator::ArithmeticSequence	i	step	-	-	-	2.6.0	-
Enumerator__ArithmeticSequence.md	63	Enumerator::ArithmeticSequence	i	first	-	-	-	2.6.0	-
Enumerator__ArithmeticSequence.md	64	Enumerator::ArithmeticSequence	i	first	-	-	-	2.6.0	-
Enumerator__ArithmeticSequence.md	70	Enumerator::ArithmeticSequence	i	last	-	-	-	2.6.0	-
Enumerator__ArithmeticSequence.md	71	Enumerator::ArithmeticSequence	i	last	-	-	-	2.6.0	-
Enumerator__ArithmeticSequence.md	77	Enumerator::ArithmeticSequence	i	inspect	-	-	-	2.6.0	-
Enumerator__ArithmeticSequence.md	81	Enumerator::ArithmeticSequence	i	==	-	-	-	2.6.0	-
Enumerator__ArithmeticSequence.md	91	Enumerator::ArithmeticSequence	i	hash	-	-	-	2.6.0	-
Enumerator__ArithmeticSequence.md	97	Enumerator::ArithmeticSequence	i	each	-	-	-	2.6.0	-
Enumerator__ArithmeticSequence.md	98	Enumerator::ArithmeticSequence	i	each	-	-	-	2.6.0	-
Enumerator__ArithmeticSequence.md	104	Enumerator::ArithmeticSequence	i	size	-	-	-	2.6.0	-
Enumerator__Chain.md	13	Enumerator::Chain	s	new	-	-	-	2.6.0	-
Enumerator__Chain.md	25	Enumerator::Chain	i	each	-	-	-	2.6.0	-
Enumerator__Chain.md	26	Enumerator::Chain	i	each	-	-	-	2.6.0	-
Enumerator__Chain.md	33	Enumerator::Chain	i	inspect	-	-	-	2.6.0	-
Enumerator__Chain.md	37	Enumerator::Chain	i	rewind	-	-	-	2.6.0	-
Enumerator__Chain.md	44	Enumerator::Chain	i	size	-	-	-	2.6.0	-
Enumerator__Generator.md	10	Enumerator::Generator	i	each	1.9.1	-	-	-	-
Enumerator__Lazy.md	52	Enumerator::Lazy	s	new	-	-	-	2.0.0	-
Enumerator__Lazy.md	82	Enumerator::Lazy	i	map	-	-	-	2.0.0	-
Enumerator__Lazy.md	83	Enumerator::Lazy	i	collect	-	-	-	2.0.0	-
Enumerator__Lazy.md	99	Enumerator::Lazy	i	flat_map	-	-	-	2.0.0	-
Enumerator__Lazy.md	100	Enumerator::Lazy	i	collect_concat	-	-	-	2.0.0	-
Enumerator__Lazy.md	126	Enumerator::Lazy	i	select	-	-	-	2.0.0	-
Enumerator__Lazy.md	127	Enumerator::Lazy	i	find_all	-	-	-	2.0.0	-
Enumerator__Lazy.md	128	Enumerator::Lazy	i	filter	-	-	-	2.0.0	-
Enumerator__Lazy.md	144	Enumerator::Lazy	i	filter_map	-	-	-	2.0.0	-
Enumerator__Lazy.md	160	Enumerator::Lazy	i	reject	-	-	-	2.0.0	-
Enumerator__Lazy.md	176	Enumerator::Lazy	i	grep	-	-	-	2.0.0	-
Enumerator__Lazy.md	189	Enumerator::Lazy	i	grep_v	-	-	-	2.0.0	-
Enumerator__Lazy.md	202	Enumerator::Lazy	i	zip	-	-	-	2.0.0	-
Enumerator__Lazy.md	203	Enumerator::Lazy	i	zip	-	-	-	2.0.0	-
Enumerator__Lazy.md	219	Enumerator::Lazy	i	take	-	-	-	2.0.0	-
Enumerator__Lazy.md	240	Enumerator::Lazy	i	take_while	-	-	-	2.0.0	-
Enumerator__Lazy.md	241	Enumerator::Lazy	i	take_while	-	-	-	2.0.0	-
Enumerator__Lazy.md	255	Enumerator::Lazy	i	drop	-	-	-	2.0.0	-
Enumerator__Lazy.md	273	Enumerator::Lazy	i	drop_while	-	-	-	2.0.0	-
Enumerator__Lazy.md	287	Enumerator::Lazy	i	eager	-	-	-	2.0.0	-
Enumerator__Lazy.md	305	Enumerator::Lazy	i	lazy	-	-	-	2.0.0	-
Enumerator__Lazy.md	315	Enumerator::Lazy	i	chunk	-	-	-	2.0.0	-
Enumerator__Lazy.md	316	Enumerator::Lazy	i	chunk	-	-	-	2.0.0	-
Enumerator__Lazy.md	330	Enumerator::Lazy	i	slice_before	-	-	-	2.0.0	-
Enumerator__Lazy.md	331	Enumerator::Lazy	i	slice_before	-	-	-	2.0.0	-
Enumerator__Lazy.md	332	Enumerator::Lazy	i	slice_before	-	-	-	2.0.0	-
Enumerator__Lazy.md	346	Enumerator::Lazy	i	slice_after	-	-	-	2.0.0	-
Enumerator__Lazy.md	347	Enumerator::Lazy	i	slice_after	-	-	-	2.0.0	-
Enumerator__Lazy.md	361	Enumerator::Lazy	i	slice_when	-	-	-	2.0.0	-
Enumerator__Lazy.md	375	Enumerator::Lazy	i	force	2.3.0	-	-	2.0.0	-
Enumerator__Lazy.md	390	Enumerator::Lazy	i	to_enum	-	-	-	2.0.0	-
Enumerator__Lazy.md	391	Enumerator::Lazy	i	enum_for	-	-	-	2.0.0	-
Enumerator__Lazy.md	392	Enumerator::Lazy	i	to_enum	-	-	-	2.0.0	-
Enumerator__Lazy.md	393	Enumerator::Lazy	i	enum_for	-	-	-	2.0.0	-
Enumerator__Lazy.md	430	Enumerator::Lazy	i	chunk_while	2.3.0	-	-	2.0.0	-
Enumerator__Lazy.md	437	Enumerator::Lazy	i	uniq	-	-	-	2.0.0	-
Enumerator__Lazy.md	438	Enumerator::Lazy	i	uniq	-	-	-	2.0.0	-
Enumerator__Lazy.md	442	Enumerator::Lazy	i	with_index	2.0.0	-	-	2.0.0	-
Enumerator__Lazy.md	444	Enumerator::Lazy	i	with_index	2.0.0	-	-	2.0.0	-
Enumerator__Lazy.md	461	Enumerator::Lazy	i	compact	-	-	since:3.1	2.0.0	-
Enumerator__Product.md	27	Enumerator::Product	s	new	-	-	-	3.2	-
Enumerator__Product.md	43	Enumerator::Product	i	each	-	-	-	3.2	-
Enumerator__Product.md	44	Enumerator::Product	i	each	-	-	-	3.2	-
Enumerator__Product.md	66	Enumerator::Product	i	inspect	-	-	-	3.2	-
Enumerator__Product.md	75	Enumerator::Product	i	rewind	-	-	-	3.2	-
Enumerator__Product.md	82	Enumerator::Product	i	size	-	-	-	3.2	-
Enumerator__Yielder.md	10	Enumerator::Yielder	i	<<	1.9.1	-	-	-	-
Enumerator__Yielder.md	34	Enumerator::Yielder	i	to_proc	-	-	-	-	-
Enumerator__Yielder.md	58	Enumerator::Yielder	i	yield	1.9.1	-	-	-	-
Exception.md	10	Exception	s	new	-	-	-	-	-
Exception.md	11	Exception	s	exception	-	-	-	-	-
Exception.md	29	Exception	s	to_tty?	-	-	-	-	-
Exception.md	37	Exception	i	exception	-	-	-	-	-
Exception.md	38	Exception	i	exception	-	-	-	-	-
Exception.md	55	Exception	i	backtrace	-	-	-	-	-
Exception.md	93	Exception	i	backtrace_locations	-	-	-	-	-
Exception.md	126	Exception	i	message	-	-	-	-	-
Exception.md	127	Exception	i	to_s	-	-	-	-	-
Exception.md	139	Exception	i	set_backtrace	-	-	-	-	-
Exception.md	167	Exception	i	inspect	-	-	-	-	-
Exception.md	179	Exception	i	==	EMPTY	-	-	-	-
Exception.md	229	Exception	i	cause	-	-	-	-	-
Exception.md	246	Exception	i	full_message	-	-	-	-	-
Exception.md	287	Exception	i	detailed_message	-	-	since:3.2	-	-
FalseClass.md	12	FalseClass	i	&	-	-	-	-	-
FalseClass.md	34	FalseClass	i	|	-	-	-	-	-
FalseClass.md	56	FalseClass	i	^	-	-	-	-	-
FalseClass.md	78	FalseClass	i	to_s	-	-	-	-	-
FalseClass.md	79	FalseClass	i	inspect	EMPTY	-	-	-	-
Fiber.current.md	1	Fiber	s	current	-	-	since:3.1	1.9.1	-
Fiber.md	141	Fiber	s	new	-	-	since:3.2	1.9.1	-
Fiber.md	143	Fiber	s	new	-	-	until:3.2	1.9.1	-
Fiber.md	189	Fiber	s	yield	-	-	-	1.9.1	-
Fiber.md	212	Fiber	s	[]	-	-	since:3.2	1.9.1	-
Fiber.md	235	Fiber	s	[]=	-	-	since:3.2	1.9.1	-
Fiber.md	266	Fiber	s	blocking	-	-	since:3.2	1.9.1	-
Fiber.md	289	Fiber	s	blocking?	-	-	-	1.9.1	-
Fiber.md	305	Fiber	s	current_scheduler	-	-	since:3.1	1.9.1	-
Fiber.md	316	Fiber	s	schedule	-	-	-	1.9.1	-
Fiber.md	333	Fiber	s	scheduler	-	-	-	1.9.1	-
Fiber.md	347	Fiber	s	set_scheduler	-	-	-	1.9.1	-
Fiber.transfer.md	1	Fiber	i	transfer	-	-	since:3.1	1.9.1	-
Fiber.alive_p.md	1	Fiber	i	alive?	-	-	since:3.1	1.9.1	-
Fiber.md	370	Fiber	i	raise	-	-	-	1.9.1	-
Fiber.md	371	Fiber	i	raise	-	-	-	1.9.1	-
Fiber.md	372	Fiber	i	raise	-	-	-	1.9.1	-
Fiber.md	413	Fiber	i	resume	-	-	-	1.9.1	-
Fiber.md	441	Fiber	i	backtrace	-	-	-	1.9.1	-
Fiber.md	442	Fiber	i	backtrace	-	-	-	1.9.1	-
Fiber.md	443	Fiber	i	backtrace	-	-	-	1.9.1	-
Fiber.md	444	Fiber	i	backtrace	-	-	-	1.9.1	-
Fiber.md	491	Fiber	i	backtrace_locations	-	-	-	1.9.1	-
Fiber.md	492	Fiber	i	backtrace_locations	-	-	-	1.9.1	-
Fiber.md	493	Fiber	i	backtrace_locations	-	-	-	1.9.1	-
Fiber.md	494	Fiber	i	backtrace_locations	-	-	-	1.9.1	-
Fiber.md	512	Fiber	i	blocking?	-	-	-	1.9.1	-
Fiber.md	527	Fiber	i	kill	-	-	since:3.3	1.9.1	-
Fiber.md	561	Fiber	i	storage	-	-	since:3.2	1.9.1	-
Fiber.md	562	Fiber	i	storage=	-	-	since:3.2	1.9.1	-
File.md	15	File	s	atime	-	-	-	-	-
File.md	27	File	s	ctime	-	-	-	-	-
File.md	43	File	s	mtime	-	-	-	-	-
File.md	55	File	s	birthtime	-	-	-	-	-
File.md	69	File	s	basename	-	-	-	-	-
File.md	96	File	s	chmod	-	-	-	-	-
File.md	106	File	s	lchmod	-	-	-	-	-
File.md	127	File	s	chown	-	-	-	-	-
File.md	147	File	s	lchown	-	-	-	-	-
File.md	169	File	s	delete	-	-	-	-	-
File.md	170	File	s	unlink	-	-	-	-	-
File.md	195	File	s	dirname	-	-	since:3.1	-	-
File.md	197	File	s	dirname	-	-	until:3.1	-	-
File.md	236	File	s	expand_path	-	-	-	-	-
File.md	257	File	s	absolute_path	-	-	-	-	-
File.md	277	File	s	absolute_path?	-	-	-	-	-
File.md	299	File	s	extname	-	-	-	-	-
File.md	322	File	s	fnmatch	-	-	-	-	-
File.md	323	File	s	fnmatch?	-	-	-	-	-
File.md	405	File	s	ftype	-	-	-	-	-
File.md	431	File	s	join	-	-	-	-	-
File.md	456	File	s	link	-	-	-	-	-
File.md	475	File	s	new	-	-	-	-	-
File.md	476	File	s	open	-	-	-	-	-
File.md	477	File	s	open	-	-	-	-	-
File.md	512	File	s	path	-	-	-	-	-
File.md	535	File	s	readlink	-	-	-	-	-
File.md	549	File	s	realpath	-	-	-	-	-
File.md	569	File	s	realdirpath	-	-	-	-	-
File.md	581	File	s	rename	-	-	-	-	-
File.md	604	File	s	split	-	-	-	-	-
File.md	616	File	s	stat	-	-	-	-	-
File.md	631	File	s	lstat	-	-	-	-	-
File.md	647	File	s	symlink	-	-	-	-	-
File.md	663	File	s	truncate	-	-	-	-	-
File.md	682	File	s	umask	-	-	-	-	-
File.md	688	File	s	umask	-	-	-	-	-
File.md	701	File	s	utime	-	-	-	-	-
File.md	732	File	s	lutime	-	-	-	-	-
File.md	749	File	s	blockdev?	-	-	-	-	-
File.md	759	File	s	chardev?	-	-	-	-	-
File.md	767	File	s	directory?	-	-	-	-	-
File.md	775	File	s	executable?	-	-	-	-	-
File.md	783	File	s	executable_real?	-	-	-	-	-
File.md	791	File	s	exist?	-	-	-	-	-
File.md	800	File	s	exists?	-	-	until:3.2	-	-
File.md	806	File	s	file?	-	-	-	-	-
File.md	814	File	s	grpowned?	-	-	-	-	-
File.md	822	File	s	owned?	-	-	-	-	-
File.md	830	File	s	identical?	-	-	-	-	-
File.md	840	File	s	pipe?	-	-	-	-	-
File.md	848	File	s	readable?	-	-	-	-	-
File.md	856	File	s	readable_real?	-	-	-	-	-
File.md	864	File	s	setgid?	-	-	-	-	-
File.md	872	File	s	setuid?	-	-	-	-	-
File.md	880	File	s	size	-	-	-	-	-
File.md	886	File	s	size?	-	-	-	-	-
File.md	894	File	s	socket?	-	-	-	-	-
File.md	902	File	s	sticky?	-	-	-	-	-
File.md	910	File	s	symlink?	-	-	-	-	-
File.md	918	File	s	writable?	-	-	-	-	-
File.md	926	File	s	writable_real?	-	-	-	-	-
File.md	934	File	s	zero?	-	-	-	-	-
File.md	935	File	s	empty?	-	-	-	-	-
File.md	943	File	s	world_readable?	-	-	-	-	-
File.md	956	File	s	world_writable?	-	-	-	-	-
File.md	969	File	s	mkfifo	-	-	-	-	-
File.md	985	File	i	atime	-	-	-	-	-
File.md	1000	File	i	ctime	-	-	-	-	-
File.md	1015	File	i	mtime	-	-	-	-	-
File.md	1030	File	i	birthtime	-	-	-	-	-
File.md	1046	File	i	size	-	-	-	-	-
File.md	1062	File	i	chmod	-	-	-	-	-
File.md	1079	File	i	chown	-	-	-	-	-
File.md	1102	File	i	flock	-	-	-	-	-
File.md	1195	File	i	path	-	-	-	-	-
File.md	1196	File	i	to_path	-	-	-	-	-
File.md	1211	File	i	lstat	-	-	-	-	-
File.md	1231	File	i	truncate	-	-	-	-	-
File.md	1252	File	c	ALT_SEPARATOR	-	-	-	-	-
File.md	1256	File	c	PATH_SEPARATOR	-	-	-	-	-
File.md	1260	File	c	SEPARATOR	-	-	-	-	-
File.md	1261	File	c	Separator	-	-	-	-	-
FileTest.md	22	FileTest	o	blockdev?	-	-	-	-	-
FileTest.md	40	FileTest	o	chardev?	-	-	-	-	-
FileTest.md	57	FileTest	o	executable?	-	-	-	-	-
FileTest.md	68	FileTest	o	executable_real?	-	-	-	-	-
FileTest.md	82	FileTest	o	exist?	-	-	-	-	-
FileTest.md	98	FileTest	o	exists?	-	-	until:3.2	-	-
FileTest.md	102	FileTest	o	grpowned?	-	-	-	-	-
FileTest.md	118	FileTest	o	directory?	-	-	-	-	-
FileTest.md	136	FileTest	o	file?	-	-	-	-	-
FileTest.md	150	FileTest	o	identical?	-	-	-	-	-
FileTest.md	175	FileTest	o	pipe?	-	-	-	-	-
FileTest.md	189	FileTest	o	socket?	-	-	-	-	-
FileTest.md	205	FileTest	o	owned?	-	-	-	-	-
FileTest.md	221	FileTest	o	readable?	-	-	-	-	-
FileTest.md	235	FileTest	o	readable_real?	-	-	-	-	-
FileTest.md	245	FileTest	o	setuid?	-	-	-	-	-
FileTest.md	262	FileTest	o	setgid?	-	-	-	-	-
FileTest.md	277	FileTest	o	size	-	-	-	-	-
FileTest.md	293	FileTest	o	size?	-	-	-	-	-
FileTest.md	310	FileTest	o	sticky?	-	-	-	-	-
FileTest.md	325	FileTest	o	symlink?	-	-	-	-	-
FileTest.md	338	FileTest	o	writable?	-	-	-	-	-
FileTest.md	352	FileTest	o	writable_real?	-	-	-	-	-
FileTest.md	362	FileTest	o	zero?	-	-	-	-	-
FileTest.md	363	FileTest	o	empty?	-	-	-	-	-
FileTest.md	381	FileTest	o	world_readable?	-	-	-	-	-
FileTest.md	394	FileTest	o	world_writable?	-	-	-	-	-
File__Constants.md	18	File::Constants	c	LOCK_SH	-	-	-	-	-
File__Constants.md	23	File::Constants	c	LOCK_EX	-	-	-	-	-
File__Constants.md	28	File::Constants	c	LOCK_UN	-	-	-	-	-
File__Constants.md	32	File::Constants	c	LOCK_NB	-	-	-	-	-
File__Constants.md	39	File::Constants	c	RDONLY	-	-	-	-	-
File__Constants.md	44	File::Constants	c	WRONLY	-	-	-	-	-
File__Constants.md	49	File::Constants	c	RDWR	-	-	-	-	-
File__Constants.md	54	File::Constants	c	APPEND	-	-	-	-	-
File__Constants.md	59	File::Constants	c	CREAT	-	-	-	-	-
File__Constants.md	64	File::Constants	c	EXCL	-	-	-	-	-
File__Constants.md	69	File::Constants	c	NONBLOCK	-	-	-	-	-
File__Constants.md	75	File::Constants	c	TRUNC	-	-	-	-	-
File__Constants.md	80	File::Constants	c	NOCTTY	-	-	-	-	-
File__Constants.md	85	File::Constants	c	BINARY	-	-	-	-	-
File__Constants.md	91	File::Constants	c	SHARE_DELETE	-	-	-	-	-
File__Constants.md	99	File::Constants	c	SYNC	-	-	-	-	-
File__Constants.md	105	File::Constants	c	DSYNC	-	-	-	-	-
File__Constants.md	111	File::Constants	c	NOFOLLOW	-	-	-	-	-
File__Constants.md	117	File::Constants	c	RSYNC	-	-	-	-	-
File__Constants.md	123	File::Constants	c	NOATIME	-	-	-	-	-
File__Constants.md	132	File::Constants	c	DIRECT	-	-	-	-	-
File__Constants.md	142	File::Constants	c	TMPFILE	-	-	-	-	-
File__Constants.md	150	File::Constants	c	FNM_NOESCAPE	-	-	-	-	-
File__Constants.md	155	File::Constants	c	FNM_PATHNAME	-	-	-	-	-
File__Constants.md	161	File::Constants	c	FNM_DOTMATCH	-	-	-	-	-
File__Constants.md	166	File::Constants	c	FNM_CASEFOLD	-	-	-	-	-
File__Constants.md	171	File::Constants	c	FNM_SYSCASE	-	-	-	-	-
File__Constants.md	176	File::Constants	c	FNM_EXTGLOB	-	-	-	-	-
File__Constants.md	181	File::Constants	c	NULL	-	-	-	-	-
File__Stat.md	42	File::Stat	s	new	-	-	-	-	-
File__Stat.md	62	File::Stat	i	<=>	-	-	-	-	-
File__Stat.md	83	File::Stat	i	ftype	-	-	-	-	-
File__Stat.md	114	File::Stat	i	dev	-	-	-	-	-
File__Stat.md	127	File::Stat	i	dev_major	-	-	-	-	-
File__Stat.md	140	File::Stat	i	dev_minor	-	-	-	-	-
File__Stat.md	153	File::Stat	i	ino	-	-	-	-	-
File__Stat.md	165	File::Stat	i	mode	-	-	-	-	-
File__Stat.md	178	File::Stat	i	nlink	-	-	-	-	-
File__Stat.md	190	File::Stat	i	uid	-	-	-	-	-
File__Stat.md	202	File::Stat	i	gid	-	-	-	-	-
File__Stat.md	214	File::Stat	i	rdev	-	-	-	-	-
File__Stat.md	226	File::Stat	i	rdev_major	-	-	-	-	-
File__Stat.md	238	File::Stat	i	rdev_minor	-	-	-	-	-
File__Stat.md	250	File::Stat	i	size	-	-	-	-	-
File__Stat.md	262	File::Stat	i	blksize	-	-	-	-	-
File__Stat.md	274	File::Stat	i	blocks	-	-	-	-	-
File__Stat.md	286	File::Stat	i	atime	-	-	-	-	-
File__Stat.md	300	File::Stat	i	mtime	-	-	-	-	-
File__Stat.md	314	File::Stat	i	ctime	-	-	-	-	-
File__Stat.md	329	File::Stat	i	birthtime	-	-	-	-	-
File__Stat.md	349	File::Stat	i	directory?	-	-	-	-	-
File__Stat.md	359	File::Stat	i	readable?	-	-	-	-	-
File__Stat.md	367	File::Stat	i	readable_real?	-	-	-	-	-
File__Stat.md	375	File::Stat	i	writable?	-	-	-	-	-
File__Stat.md	383	File::Stat	i	writable_real?	-	-	-	-	-
File__Stat.md	391	File::Stat	i	executable?	-	-	-	-	-
File__Stat.md	401	File::Stat	i	executable_real?	-	-	-	-	-
File__Stat.md	411	File::Stat	i	file?	-	-	-	-	-
File__Stat.md	419	File::Stat	i	zero?	-	-	-	-	-
File__Stat.md	427	File::Stat	i	size?	-	-	-	-	-
File__Stat.md	443	File::Stat	i	owned?	-	-	-	-	-
File__Stat.md	453	File::Stat	i	grpowned?	-	-	-	-	-
File__Stat.md	468	File::Stat	i	pipe?	-	-	-	-	-
File__Stat.md	479	File::Stat	i	symlink?	-	-	-	-	-
File__Stat.md	497	File::Stat	i	socket?	-	-	-	-	-
File__Stat.md	512	File::Stat	i	blockdev?	-	-	-	-	-
File__Stat.md	529	File::Stat	i	chardev?	-	-	-	-	-
File__Stat.md	546	File::Stat	i	setuid?	-	-	-	-	-
File__Stat.md	563	File::Stat	i	setgid?	-	-	-	-	-
File__Stat.md	579	File::Stat	i	sticky?	-	-	-	-	-
File__Stat.md	598	File::Stat	i	world_readable?	-	-	-	-	-
File__Stat.md	609	File::Stat	i	world_writable?	-	-	-	-	-
Fixnum.md	29	Fixnum	i	[]	-	-	-	-	2.4.0
Fixnum.md	40	Fixnum	i	+	-	-	-	-	2.4.0
Fixnum.md	47	Fixnum	i	-	-	-	-	-	2.4.0
Fixnum.md	54	Fixnum	i	-@	-	-	-	-	2.4.0
Fixnum.md	59	Fixnum	i	*	-	-	-	-	2.4.0
Fixnum.md	66	Fixnum	i	/	-	-	-	-	2.4.0
Fixnum.md	67	Fixnum	i	div	-	-	-	-	2.4.0
Fixnum.md	74	Fixnum	i	%	-	-	-	-	2.4.0
Fixnum.md	75	Fixnum	i	modulo	-	-	-	-	2.4.0
Fixnum.md	82	Fixnum	i	divmod	-	-	-	-	2.4.0
Fixnum.md	90	Fixnum	i	fdiv	-	-	-	-	2.4.0
Fixnum.md	100	Fixnum	i	**	-	-	-	-	2.4.0
Fixnum.md	113	Fixnum	i	<=>	-	-	-	-	2.4.0
Fixnum.md	126	Fixnum	i	==	-	-	-	-	2.4.0
Fixnum.md	134	Fixnum	i	<	-	-	-	-	2.4.0
Fixnum.md	142	Fixnum	i	<=	-	-	-	-	2.4.0
Fixnum.md	150	Fixnum	i	>	-	-	-	-	2.4.0
Fixnum.md	158	Fixnum	i	>=	-	-	-	-	2.4.0
Fixnum.md	166	Fixnum	i	~	-	-	-	-	2.4.0
Fixnum.md	176	Fixnum	i	|	-	-	-	-	2.4.0
Fixnum.md	187	Fixnum	i	&	-	-	-	-	2.4.0
Fixnum.md	198	Fixnum	i	^	-	-	-	-	2.4.0
Fixnum.md	209	Fixnum	i	<<	-	-	-	-	2.4.0
Fixnum.md	220	Fixnum	i	>>	-	-	-	-	2.4.0
Fixnum.md	234	Fixnum	i	size	-	-	-	-	2.4.0
Fixnum.md	248	Fixnum	i	to_f	-	-	-	-	2.4.0
Fixnum.md	252	Fixnum	i	to_s	-	-	-	-	2.4.0
Fixnum.md	253	Fixnum	i	inspect	EMPTY	-	-	-	2.4.0
Fixnum.md	269	Fixnum	i	zero?	-	-	-	-	2.4.0
Fixnum.md	273	Fixnum	i	odd?	-	-	-	-	2.4.0
Fixnum.md	277	Fixnum	i	even?	-	-	-	-	2.4.0
Fixnum.md	281	Fixnum	i	abs	-	-	-	-	2.4.0
Fixnum.md	282	Fixnum	i	magnitude	-	-	-	-	2.4.0
Fixnum.md	286	Fixnum	i	succ	-	-	-	-	2.4.0
Fixnum.md	290	Fixnum	i	bit_length	-	-	-	-	2.4.0
Float.md	21	Float	i	+	-	-	-	-	-
Float.md	32	Float	i	-	-	-	-	-	-
Float.md	43	Float	i	-@	-	-	-	-	-
Float.md	53	Float	i	*	-	-	-	-	-
Float.md	64	Float	i	/	-	-	-	-	-
Float.md	76	Float	i	%	-	-	-	-	-
Float.md	77	Float	i	modulo	-	-	-	-	-
Float.md	89	Float	i	**	-	-	-	-	-
Float.md	102	Float	i	<=>	-	-	-	-	-
Float.md	134	Float	i	==	-	-	-	-	-
Float.md	156	Float	i	<	-	-	-	-	-
Float.md	169	Float	i	<=	-	-	-	-	-
Float.md	182	Float	i	>	-	-	-	-	-
Float.md	195	Float	i	>=	-	-	-	-	-
Float.md	208	Float	i	finite?	-	-	-	-	-
Float.md	221	Float	i	infinite?	-	-	-	-	-
Float.md	237	Float	i	nan?	-	-	-	-	-
Float.md	247	Float	i	to_f	-	-	-	-	-
Float.md	255	Float	i	to_i	-	-	-	-	-
Float.md	256	Float	i	truncate	-	-	-	-	-
Float.md	275	Float	i	hash	-	-	-	-	-
Float.md	289	Float	i	abs	-	-	-	-	-
Float.md	290	Float	i	magnitude	-	-	-	-	-
Float.md	299	Float	i	ceil	-	-	-	-	-
Float.md	333	Float	i	divmod	-	-	-	-	-
Float.md	361	Float	i	floor	-	-	-	-	-
Float.md	395	Float	i	eql?	-	-	-	-	-
Float.md	407	Float	i	round	-	-	-	-	-
Float.md	408	Float	i	round	-	-	-	-	-
Float.md	461	Float	i	zero?	-	-	-	-	-
Float.md	471	Float	i	positive?	-	-	-	-	-
Float.md	483	Float	i	negative?	-	-	-	-	-
Float.md	495	Float	i	to_s	-	-	-	-	-
Float.md	496	Float	i	inspect	EMPTY	-	-	-	-
Float.md	518	Float	i	arg	-	-	-	-	-
Float.md	519	Float	i	angle	-	-	-	-	-
Float.md	520	Float	i	phase	-	-	-	-	-
Float.md	531	Float	i	denominator	-	-	-	-	-
Float.md	544	Float	i	numerator	-	-	-	-	-
Float.md	557	Float	i	to_r	-	-	-	-	-
Float.md	581	Float	i	rationalize	-	-	-	-	-
Float.md	582	Float	i	rationalize	-	-	-	-	-
Float.md	599	Float	i	next_float	-	-	-	-	-
Float.md	641	Float	i	prev_float	-	-	-	-	-
Float.md	685	Float	c	DIG	-	-	-	-	-
Float.md	691	Float	c	EPSILON	-	-	-	-	-
Float.md	697	Float	c	MANT_DIG	-	-	-	-	-
Float.md	703	Float	c	MAX	-	-	-	-	-
Float.md	711	Float	c	MIN	-	-	-	-	-
Float.md	721	Float	c	MAX_10_EXP	-	-	-	-	-
Float.md	729	Float	c	MIN_10_EXP	-	-	-	-	-
Float.md	737	Float	c	MAX_EXP	-	-	-	-	-
Float.md	745	Float	c	MIN_EXP	-	-	-	-	-
Float.md	753	Float	c	RADIX	-	-	-	-	-
Float.md	757	Float	c	INFINITY	-	-	-	-	-
Float.md	765	Float	c	NAN	-	-	-	-	-
FrozenError.md	15	FrozenError	s	new	-	-	-	2.5.0	-
FrozenError.md	16	FrozenError	s	new	-	-	-	2.5.0	-
FrozenError.md	31	FrozenError	i	receiver	-	-	-	2.5.0	-
GC.md	170	GC	s	auto_compact	-	-	-	-	-
GC.md	179	GC	s	auto_compact=	-	-	-	-	-
GC.md	196	GC	s	config	-	-	since:3.4	-	-
GC.md	197	GC	s	config	-	-	since:3.4	-	-
GC.md	234	GC	s	disable	-	-	-	-	-
GC.md	248	GC	s	enable	-	-	-	-	-
GC.md	263	GC	s	start	-	-	-	-	-
GC.md	288	GC	s	stress	-	-	-	-	-
GC.md	296	GC	s	stress=	-	-	-	-	-
GC.md	320	GC	s	count	-	-	-	-	-
GC.md	328	GC	s	stat	-	-	-	-	-
GC.md	329	GC	s	stat	-	-	-	-	-
GC.md	379	GC	s	stat_heap	-	-	since:3.2	-	-
GC.md	380	GC	s	stat_heap	-	-	since:3.2	-	-
GC.md	381	GC	s	stat_heap	-	-	since:3.2	-	-
GC.md	382	GC	s	stat_heap	-	-	since:3.2	-	-
GC.md	383	GC	s	stat_heap	-	-	since:3.2	-	-
GC.md	411	GC	s	latest_gc_info	-	-	-	-	-
GC.md	412	GC	s	latest_gc_info	-	-	-	-	-
GC.md	433	GC	s	total_time	-	-	since:3.1	-	-
GC.md	456	GC	s	measure_total_time	-	-	since:3.1	-	-
GC.md	457	GC	s	measure_total_time=	-	-	since:3.1	-	-
GC.md	481	GC	s	compact	-	-	-	-	-
GC.md	489	GC	s	verify_compaction_references	-	-	-	-	-
GC.md	510	GC	i	garbage_collect	-	-	-	-	-
GC.md	538	GC	c	OPTS	-	-	-	-	-
GC.md	562	GC	c	INTERNAL_CONSTANTS	-	-	-	-	-
GC__Profiler.md	13	GC::Profiler	s	enabled?	-	-	-	1.9.1	-
GC__Profiler.md	27	GC::Profiler	s	enable	-	-	-	1.9.1	-
GC__Profiler.md	41	GC::Profiler	s	disable	-	-	-	1.9.1	-
GC__Profiler.md	55	GC::Profiler	s	clear	-	-	-	1.9.1	-
GC__Profiler.md	69	GC::Profiler	s	result	-	-	-	1.9.1	-
GC__Profiler.md	104	GC::Profiler	s	report	-	-	-	1.9.1	-
GC__Profiler.md	122	GC::Profiler	s	total_time	-	-	-	1.9.1	-
GC__Profiler.md	132	GC::Profiler	s	raw_data	-	-	-	1.9.1	-
Hash.md	40	Hash	s	try_convert	-	-	-	-	-
Hash.md	52	Hash	s	[]	-	-	-	-	-
Hash.md	84	Hash	s	[]	-	-	-	-	-
Hash.md	131	Hash	s	new	-	-	until:3.4	-	-
Hash.md	134	Hash	s	new	-	-	since:3.4	-	-
Hash.md	186	Hash	s	new	-	-	until:3.4	-	-
Hash.md	189	Hash	s	new	-	-	since:3.4	-	-
Hash.md	241	Hash	s	ruby2_keywords_hash	2.7.1	-	-	-	-
Hash.md	280	Hash	s	ruby2_keywords_hash?	2.7.1	-	-	-	-
Hash.md	302	Hash	i	values	-	-	-	-	-
Hash.md	313	Hash	i	to_a	-	-	-	-	-
Hash.md	324	Hash	i	keys	-	-	-	-	-
Hash.md	335	Hash	i	to_hash	-	-	-	-	-
Hash.md	347	Hash	i	to_h	-	-	-	-	-
Hash.md	348	Hash	i	to_h	-	-	-	-	-
Hash.md	374	Hash	i	to_proc	-	-	-	-	-
Hash.md	383	Hash	i	length	-	-	-	-	-
Hash.md	384	Hash	i	size	-	-	-	-	-
Hash.md	397	Hash	i	empty?	-	-	-	-	-
Hash.md	405	Hash	i	invert	-	-	-	-	-
Hash.md	431	Hash	i	fetch	-	-	-	-	-
Hash.md	432	Hash	i	fetch	-	-	-	-	-
Hash.md	433	Hash	i	fetch	-	-	-	-	-
Hash.md	460	Hash	i	fetch_values	-	-	-	-	-
Hash.md	461	Hash	i	fetch_values	-	-	-	-	-
Hash.md	484	Hash	i	has_key?	-	-	-	-	-
Hash.md	485	Hash	i	include?	-	-	-	-	-
Hash.md	486	Hash	i	key?	-	-	-	-	-
Hash.md	487	Hash	i	member?	-	-	-	-	-
Hash.md	500	Hash	i	has_value?	-	-	-	-	-
Hash.md	501	Hash	i	value?	-	-	-	-	-
Hash.md	515	Hash	i	[]=	-	-	-	-	-
Hash.md	516	Hash	i	store	-	-	-	-	-
Hash.md	532	Hash	i	clear	-	-	-	-	-
Hash.md	550	Hash	i	compact	-	-	-	-	-
Hash.md	551	Hash	i	compact!	-	-	-	-	-
Hash.md	566	Hash	i	compare_by_identity	-	-	-	-	-
Hash.md	591	Hash	i	compare_by_identity?	-	-	-	-	-
Hash.md	606	Hash	i	shift	-	-	-	-	-
Hash.md	658	Hash	i	replace	-	-	-	-	-
Hash.md	694	Hash	i	[]	-	-	-	-	-
Hash.md	718	Hash	i	default	-	-	-	-	-
Hash.md	719	Hash	i	default	-	-	-	-	-
Hash.md	749	Hash	i	default=	-	-	-	-	-
Hash.md	768	Hash	i	default_proc	-	-	-	-	-
Hash.md	786	Hash	i	default_proc=	-	-	-	-	-
Hash.md	827	Hash	i	clone	-	-	-	-	-
Hash.md	828	Hash	i	dup	-	-	-	-	-
Hash.md	852	Hash	i	delete	-	-	-	-	-
Hash.md	853	Hash	i	delete	-	-	-	-	-
Hash.md	878	Hash	i	reject	-	-	-	-	-
Hash.md	879	Hash	i	reject	-	-	-	-	-
Hash.md	895	Hash	i	delete_if	-	-	-	-	-
Hash.md	896	Hash	i	reject!	-	-	-	-	-
Hash.md	897	Hash	i	delete_if	-	-	-	-	-
Hash.md	898	Hash	i	reject!	-	-	-	-	-
Hash.md	920	Hash	i	each	-	-	-	-	-
Hash.md	921	Hash	i	each_pair	-	-	-	-	-
Hash.md	922	Hash	i	each	-	-	-	-	-
Hash.md	923	Hash	i	each_pair	-	-	-	-	-
Hash.md	967	Hash	i	each_key	-	-	-	-	-
Hash.md	968	Hash	i	each_key	-	-	-	-	-
Hash.md	985	Hash	i	each_value	-	-	-	-	-
Hash.md	986	Hash	i	each_value	-	-	-	-	-
Hash.md	1003	Hash	i	key	-	-	-	-	-
Hash.md	1022	Hash	i	values_at	-	-	-	-	-
Hash.md	1042	Hash	i	dig	-	-	-	-	-
Hash.md	1060	Hash	i	rehash	-	-	-	-	-
Hash.md	1084	Hash	i	merge	-	-	-	-	-
Hash.md	1085	Hash	i	merge	-	-	-	-	-
Hash.md	1144	Hash	i	merge!	-	-	-	-	-
Hash.md	1145	Hash	i	merge!	-	-	-	-	-
Hash.md	1146	Hash	i	update	-	-	-	-	-
Hash.md	1147	Hash	i	update	-	-	-	-	-
Hash.md	1203	Hash	i	==	-	-	-	-	-
Hash.md	1204	Hash	i	===	-	-	-	-	-
Hash.md	1205	Hash	i	eql?	-	-	-	-	-
Hash.md	1221	Hash	i	equal?	-	-	-	-	-
Hash.md	1235	Hash	i	<=	-	-	-	-	-
Hash.md	1251	Hash	i	<	-	-	-	-	-
Hash.md	1267	Hash	i	>=	-	-	-	-	-
Hash.md	1283	Hash	i	>	-	-	-	-	-
Hash.md	1299	Hash	i	hash	-	-	-	-	-
Hash.md	1311	Hash	i	assoc	-	-	-	-	-
Hash.md	1329	Hash	i	flatten	-	-	-	-	-
Hash.md	1349	Hash	i	rassoc	-	-	-	-	-
Hash.md	1366	Hash	i	select	-	-	-	-	-
Hash.md	1367	Hash	i	select	-	-	-	-	-
Hash.md	1368	Hash	i	filter	-	-	-	-	-
Hash.md	1369	Hash	i	filter	-	-	-	-	-
Hash.md	1384	Hash	i	to_s	-	-	-	-	-
Hash.md	1385	Hash	i	inspect	-	-	-	-	-
Hash.md	1394	Hash	i	keep_if	-	-	-	-	-
Hash.md	1395	Hash	i	keep_if	-	-	-	-	-
Hash.md	1396	Hash	i	select!	-	-	-	-	-
Hash.md	1397	Hash	i	select!	-	-	-	-	-
Hash.md	1398	Hash	i	filter!	-	-	-	-	-
Hash.md	1399	Hash	i	filter!	-	-	-	-	-
Hash.md	1426	Hash	i	transform_values	-	-	-	-	-
Hash.md	1427	Hash	i	transform_values	-	-	-	-	-
Hash.md	1447	Hash	i	transform_values!	-	-	-	-	-
Hash.md	1448	Hash	i	transform_values!	-	-	-	-	-
Hash.md	1468	Hash	i	transform_keys	-	-	-	-	-
Hash.md	1469	Hash	i	transform_keys	-	-	-	-	-
Hash.md	1470	Hash	i	transform_keys	-	-	-	-	-
Hash.md	1490	Hash	i	transform_keys!	-	-	-	-	-
Hash.md	1491	Hash	i	transform_keys!	-	-	-	-	-
Hash.md	1492	Hash	i	transform_keys!	-	-	-	-	-
Hash.md	1514	Hash	i	slice	-	-	-	-	-
Hash.md	1527	Hash	i	except	-	-	-	-	-
IO.md	187	IO	s	copy_stream	-	-	-	-	-
IO.md	188	IO	s	copy_stream	-	-	-	-	-
IO.md	229	IO	s	try_convert	-	-	-	-	-
IO.md	239	IO	s	new	-	-	-	-	-
IO.md	240	IO	s	for_fd	-	-	-	-	-
IO.md	241	IO	s	open	-	-	-	-	-
IO.md	242	IO	s	open	-	-	-	-	-
IO.md	301	IO	s	foreach	-	-	-	-	-
IO.md	302	IO	s	foreach	-	-	-	-	-
IO.md	373	IO	s	pipe	-	-	-	-	-
IO.md	374	IO	s	pipe	-	-	-	-	-
IO.md	375	IO	s	pipe	-	-	-	-	-
IO.md	376	IO	s	pipe	-	-	-	-	-
IO.md	377	IO	s	pipe	-	-	-	-	-
IO.md	378	IO	s	pipe	-	-	-	-	-
IO.md	379	IO	s	pipe	-	-	-	-	-
IO.md	380	IO	s	pipe	-	-	-	-	-
IO.md	413	IO	s	popen	-	-	-	-	-
IO.md	414	IO	s	popen	-	-	-	-	-
IO.md	415	IO	s	popen	-	-	-	-	-
IO.md	416	IO	s	popen	-	-	-	-	-
IO.md	417	IO	s	popen	-	-	-	-	-
IO.md	418	IO	s	popen	-	-	-	-	-
IO.md	419	IO	s	popen	-	-	-	-	-
IO.md	420	IO	s	popen	-	-	-	-	-
IO.md	421	IO	s	popen	-	-	-	-	-
IO.md	422	IO	s	popen	-	-	-	-	-
IO.md	493	IO	s	popen	-	-	-	-	-
IO.md	494	IO	s	popen	-	-	-	-	-
IO.md	495	IO	s	popen	-	-	-	-	-
IO.md	496	IO	s	popen	-	-	-	-	-
IO.md	540	IO	s	read	-	-	-	-	-
IO.md	541	IO	s	read	-	-	-	-	-
IO.md	542	IO	s	read	-	-	-	-	-
IO.md	623	IO	s	binread	-	-	-	-	-
IO.md	653	IO	s	readlines	-	-	-	-	-
IO.md	654	IO	s	readlines	-	-	-	-	-
IO.md	655	IO	s	readlines	-	-	-	-	-
IO.md	700	IO	s	select	-	-	-	-	-
IO.md	742	IO	s	sysopen	-	-	-	-	-
IO.md	762	IO	s	write	-	-	-	-	-
IO.md	763	IO	s	write	-	-	-	-	-
IO.md	807	IO	s	binwrite	-	-	-	-	-
IO.md	857	IO	i	<<	-	-	-	-	-
IO.md	871	IO	i	binmode	-	-	-	-	-
IO.md	889	IO	i	clone	-	-	-	-	-
IO.md	890	IO	i	dup	-	-	-	-	-
IO.md	911	IO	i	close	-	-	-	-	-
IO.md	933	IO	i	close_read	-	-	-	-	-
IO.md	952	IO	i	close_write	-	-	-	-	-
IO.md	971	IO	i	closed?	-	-	-	-	-
IO.md	990	IO	i	each	-	-	-	-	-
IO.md	991	IO	i	each	-	-	-	-	-
IO.md	992	IO	i	each	-	-	-	-	-
IO.md	993	IO	i	each	-	-	-	-	-
IO.md	994	IO	i	each	-	-	-	-	-
IO.md	995	IO	i	each	-	-	-	-	-
IO.md	996	IO	i	each_line	-	-	-	-	-
IO.md	997	IO	i	each_line	-	-	-	-	-
IO.md	998	IO	i	each_line	-	-	-	-	-
IO.md	999	IO	i	each_line	-	-	-	-	-
IO.md	1000	IO	i	each_line	-	-	-	-	-
IO.md	1001	IO	i	each_line	-	-	-	-	-
IO.md	1055	IO	i	each_byte	-	-	-	-	-
IO.md	1056	IO	i	each_byte	-	-	-	-	-
IO.md	1078	IO	i	eof	-	-	-	-	-
IO.md	1079	IO	i	eof?	-	-	-	-	-
IO.md	1108	IO	i	fcntl	-	-	-	-	-
IO.md	1137	IO	i	fsync	-	-	-	-	-
IO.md	1149	IO	i	fileno	-	-	-	-	-
IO.md	1150	IO	i	to_i	-	-	-	-	-
IO.md	1163	IO	i	flush	-	-	-	-	-
IO.md	1185	IO	i	getc	-	-	-	-	-
IO.md	1208	IO	i	gets	-	-	-	-	-
IO.md	1209	IO	i	gets	-	-	-	-	-
IO.md	1210	IO	i	gets	-	-	-	-	-
IO.md	1239	IO	i	ioctl	-	-	-	-	-
IO.md	1252	IO	i	isatty	-	-	-	-	-
IO.md	1253	IO	i	tty?	-	-	-	-	-
IO.md	1264	IO	i	lineno	-	-	-	-	-
IO.md	1282	IO	i	lineno=	-	-	-	-	-
IO.md	1303	IO	i	pid	-	-	-	-	-
IO.md	1319	IO	i	pos	-	-	-	-	-
IO.md	1320	IO	i	tell	-	-	-	-	-
IO.md	1335	IO	i	pos=	-	-	-	-	-
IO.md	1353	IO	i	print	-	-	-	-	-
IO.md	1369	IO	i	printf	-	-	-	-	-
IO.md	1387	IO	i	putc	-	-	-	-	-
IO.md	1405	IO	i	puts	-	-	-	-	-
IO.md	1431	IO	i	read	-	-	-	-	-
IO.md	1464	IO	i	readchar	-	-	-	-	-
IO.md	1488	IO	i	readline	-	-	-	-	-
IO.md	1489	IO	i	readline	-	-	-	-	-
IO.md	1490	IO	i	readline	-	-	-	-	-
IO.md	1519	IO	i	readlines	-	-	-	-	-
IO.md	1520	IO	i	readlines	-	-	-	-	-
IO.md	1521	IO	i	readlines	-	-	-	-	-
IO.md	1552	IO	i	read_nonblock	-	-	-	-	-
IO.md	1584	IO	i	readpartial	-	-	-	-	-
IO.md	1644	IO	i	reopen	-	-	-	-	-
IO.md	1655	IO	i	reopen	-	-	-	-	-
IO.md	1656	IO	i	reopen	-	-	-	-	-
IO.md	1683	IO	i	rewind	-	-	-	-	-
IO.md	1697	IO	i	seek	-	-	-	-	-
IO.md	1725	IO	i	stat	-	-	-	-	-
IO.md	1745	IO	i	sync	-	-	-	-	-
IO.md	1759	IO	i	sync=	-	-	-	-	-
IO.md	1769	IO	i	sysread	-	-	-	-	-
IO.md	1800	IO	i	sysseek	-	-	-	-	-
IO.md	1844	IO	i	syswrite	-	-	-	-	-
IO.md	1866	IO	i	to_io	-	-	-	-	-
IO.md	1872	IO	i	ungetc	-	-	-	-	-
IO.md	1887	IO	i	write	-	-	-	-	-
IO.md	1920	IO	i	write_nonblock	-	-	-	-	-
IO.md	1940	IO	i	pread	-	-	-	-	-
IO.md	1964	IO	i	pwrite	-	-	-	-	-
IO.md	1987	IO	i	getbyte	-	-	-	-	-
IO.md	1998	IO	i	readbyte	-	-	-	-	-
IO.md	2019	IO	i	each_char	-	-	-	-	-
IO.md	2020	IO	i	each_char	-	-	-	-	-
IO.md	2035	IO	i	ungetbyte	-	-	-	-	-
IO.md	2053	IO	i	binmode?	-	-	-	-	-
IO.md	2061	IO	i	close_on_exec=	-	-	-	-	-
IO.md	2080	IO	i	close_on_exec?	-	-	-	-	-
IO.md	2096	IO	i	external_encoding	-	-	-	-	-
IO.md	2107	IO	i	internal_encoding	-	-	-	-	-
IO.md	2121	IO	i	set_encoding	-	-	-	-	-
IO.md	2122	IO	i	set_encoding	-	-	-	-	-
IO.md	2123	IO	i	set_encoding	-	-	-	-	-
IO.md	2150	IO	i	set_encoding_by_bom	-	-	-	-	-
IO.md	2174	IO	i	autoclose=	-	-	-	-	-
IO.md	2197	IO	i	autoclose?	-	-	-	-	-
IO.md	2211	IO	i	each_codepoint	-	-	-	-	-
IO.md	2212	IO	i	each_codepoint	-	-	-	-	-
IO.md	2233	IO	i	fdatasync	-	-	-	-	-
IO.md	2255	IO	i	advise	-	-	-	-	-
IO.md	2289	IO	i	path	-	-	since:3.2	-	-
IO.md	2290	IO	i	to_path	-	-	since:3.2	-	-
IO.md	2302	IO	i	timeout	-	-	since:3.2	-	-
IO.md	2318	IO	i	timeout=	-	-	since:3.2	-	-
IO.md	2319	IO	i	timeout=	-	-	since:3.2	-	-
IO.md	2346	IO	c	SEEK_CUR	-	-	-	-	-
IO.md	2350	IO	c	SEEK_END	-	-	-	-	-
IO.md	2354	IO	c	SEEK_SET	-	-	-	-	-
IO.md	2358	IO	c	SEEK_DATA	-	-	-	-	-
IO.md	2364	IO	c	SEEK_HOLE	-	-	-	-	-
IO__Buffer.md	40	IO::Buffer	c	DEFAULT_SIZE	-	-	-	3.1	-
IO__Buffer.md	46	IO::Buffer	c	PAGE_SIZE	-	-	-	3.1	-
IO__Buffer.md	54	IO::Buffer	c	MAPPED	-	-	-	3.1	-
IO__Buffer.md	58	IO::Buffer	c	EXTERNAL	-	-	-	3.1	-
IO__Buffer.md	62	IO::Buffer	c	INTERNAL	-	-	-	3.1	-
IO__Buffer.md	67	IO::Buffer	c	SHARED	-	-	since:3.2	3.1	-
IO__Buffer.md	72	IO::Buffer	c	LOCKED	-	-	-	3.1	-
IO__Buffer.md	80	IO::Buffer	c	PRIVATE	-	-	-	3.1	-
IO__Buffer.md	86	IO::Buffer	c	READONLY	-	-	-	3.1	-
IO__Buffer.md	93	IO::Buffer	c	LITTLE_ENDIAN	-	-	-	3.1	-
IO__Buffer.md	94	IO::Buffer	c	BIG_ENDIAN	-	-	-	3.1	-
IO__Buffer.md	95	IO::Buffer	c	HOST_ENDIAN	-	-	-	3.1	-
IO__Buffer.md	96	IO::Buffer	c	NETWORK_ENDIAN	-	-	-	3.1	-
IO__Buffer.md	112	IO::Buffer	s	for	-	-	-	3.1	-
IO__Buffer.md	113	IO::Buffer	s	for	-	-	-	3.1	-
IO__Buffer.md	151	IO::Buffer	s	map	-	-	-	3.1	-
IO__Buffer.md	185	IO::Buffer	s	new	-	-	-	3.1	-
IO__Buffer.md	207	IO::Buffer	s	string	-	-	since:3.3	3.1	-
IO__Buffer.md	229	IO::Buffer	s	size_of	-	-	since:3.2	3.1	-
IO__Buffer.md	230	IO::Buffer	s	size_of	-	-	since:3.2	3.1	-
IO__Buffer.md	258	IO::Buffer	i	size	-	-	-	3.1	-
IO__Buffer.md	266	IO::Buffer	i	get_string	-	-	-	3.1	-
IO__Buffer.md	295	IO::Buffer	i	set_string	-	-	-	3.1	-
IO__Buffer.md	326	IO::Buffer	i	get_value	-	-	-	3.1	-
IO__Buffer.md	366	IO::Buffer	i	get_values	-	-	since:3.2	3.1	-
IO__Buffer.md	385	IO::Buffer	i	set_value	-	-	-	3.1	-
IO__Buffer.md	422	IO::Buffer	i	set_values	-	-	since:3.2	3.1	-
IO__Buffer.md	445	IO::Buffer	i	values	-	-	since:3.2	3.1	-
IO__Buffer.md	465	IO::Buffer	i	each	-	-	since:3.2	3.1	-
IO__Buffer.md	466	IO::Buffer	i	each	-	-	since:3.2	3.1	-
IO__Buffer.md	489	IO::Buffer	i	each_byte	-	-	since:3.2	3.1	-
IO__Buffer.md	490	IO::Buffer	i	each_byte	-	-	since:3.2	3.1	-
IO__Buffer.md	531	IO::Buffer	i	slice	-	-	since:3.2	3.1	-
IO__Buffer.md	533	IO::Buffer	i	slice	-	-	until:3.2	3.1	-
IO__Buffer.md	567	IO::Buffer	i	copy	-	-	-	3.1	-
IO__Buffer.md	594	IO::Buffer	i	clear	-	-	-	3.1	-
IO__Buffer.md	615	IO::Buffer	i	resize	-	-	-	3.1	-
IO__Buffer.md	638	IO::Buffer	i	transfer	-	-	-	3.1	-
IO__Buffer.md	658	IO::Buffer	i	free	-	-	-	3.1	-
IO__Buffer.md	693	IO::Buffer	i	empty?	-	-	-	3.1	-
IO__Buffer.md	704	IO::Buffer	i	null?	-	-	-	3.1	-
IO__Buffer.md	721	IO::Buffer	i	valid?	-	-	-	3.1	-
IO__Buffer.md	727	IO::Buffer	i	internal?	-	-	-	3.1	-
IO__Buffer.md	741	IO::Buffer	i	external?	-	-	-	3.1	-
IO__Buffer.md	756	IO::Buffer	i	readonly?	-	-	-	3.1	-
IO__Buffer.md	779	IO::Buffer	i	mapped?	-	-	-	3.1	-
IO__Buffer.md	787	IO::Buffer	i	locked?	-	-	-	3.1	-
IO__Buffer.md	796	IO::Buffer	i	locked	-	-	-	3.1	-
IO__Buffer.md	847	IO::Buffer	i	shared?	-	-	since:3.2	3.1	-
IO__Buffer.md	856	IO::Buffer	i	private?	-	-	since:3.3	3.1	-
IO__Buffer.md	864	IO::Buffer	i	&	-	-	since:3.2	3.1	-
IO__Buffer.md	865	IO::Buffer	i	|	-	-	since:3.2	3.1	-
IO__Buffer.md	866	IO::Buffer	i	^	-	-	since:3.2	3.1	-
IO__Buffer.md	886	IO::Buffer	i	~	-	-	since:3.2	3.1	-
IO__Buffer.md	900	IO::Buffer	i	and!	-	-	since:3.2	3.1	-
IO__Buffer.md	901	IO::Buffer	i	or!	-	-	since:3.2	3.1	-
IO__Buffer.md	902	IO::Buffer	i	xor!	-	-	since:3.2	3.1	-
IO__Buffer.md	925	IO::Buffer	i	not!	-	-	since:3.2	3.1	-
IO__Buffer.md	940	IO::Buffer	i	to_s	-	-	-	3.1	-
IO__Buffer.md	955	IO::Buffer	i	inspect	-	-	-	3.1	-
IO__Buffer.md	989	IO::Buffer	i	hexdump	-	-	since:3.3	3.1	-
IO__Buffer.md	991	IO::Buffer	i	hexdump	-	-	until:3.3	3.1	-
IO__Buffer.md	1043	IO::Buffer	i	<=>	-	-	-	3.1	-
IO__Buffer.md	1072	IO::Buffer	i	read	-	-	since:3.2	3.1	-
IO__Buffer.md	1074	IO::Buffer	i	read	-	-	until:3.2	3.1	-
IO__Buffer.md	1126	IO::Buffer	i	write	-	-	since:3.2	3.1	-
IO__Buffer.md	1128	IO::Buffer	i	write	-	-	until:3.2	3.1	-
IO__Buffer.md	1167	IO::Buffer	i	pread	-	-	since:3.2	3.1	-
IO__Buffer.md	1169	IO::Buffer	i	pread	-	-	until:3.2	3.1	-
IO__Buffer.md	1232	IO::Buffer	i	pwrite	-	-	since:3.2	3.1	-
IO__Buffer.md	1234	IO::Buffer	i	pwrite	-	-	until:3.2	3.1	-
Integer.md	38	Integer	s	try_convert	-	-	since:3.1	-	-
Integer.md	61	Integer	s	sqrt	-	-	-	-	-
Integer.md	87	Integer	i	chr	-	-	-	-	-
Integer.md	88	Integer	i	chr	-	-	-	-	-
Integer.md	116	Integer	i	digits	-	-	-	-	-
Integer.md	117	Integer	i	digits	-	-	-	-	-
Integer.md	141	Integer	i	downto	-	-	-	-	-
Integer.md	142	Integer	i	downto	-	-	-	-	-
Integer.md	160	Integer	i	next	-	-	-	-	-
Integer.md	161	Integer	i	succ	-	-	-	-	-
Integer.md	176	Integer	i	times	-	-	-	-	-
Integer.md	177	Integer	i	times	-	-	-	-	-
Integer.md	192	Integer	i	to_i	-	-	-	-	-
Integer.md	193	Integer	i	to_int	-	-	-	-	-
Integer.md	201	Integer	i	floor	EMPTY	-	-	-	-
Integer.md	218	Integer	i	ceil	EMPTY	-	-	-	-
Integer.md	235	Integer	i	round	EMPTY	-	-	-	-
Integer.md	268	Integer	i	truncate	EMPTY	-	-	-	-
Integer.md	285	Integer	i	to_s	-	-	-	-	-
Integer.md	286	Integer	i	inspect	EMPTY	-	-	-	-
Integer.md	309	Integer	i	upto	-	-	-	-	-
Integer.md	310	Integer	i	upto	-	-	-	-	-
Integer.md	324	Integer	i	integer?	-	-	-	-	-
Integer.md	333	Integer	i	even?	-	-	-	-	-
Integer.md	342	Integer	i	odd?	-	-	-	-	-
Integer.md	351	Integer	i	ord	-	-	-	-	-
Integer.md	363	Integer	i	pred	-	-	-	-	-
Integer.md	376	Integer	i	denominator	-	-	-	-	-
Integer.md	389	Integer	i	gcd	-	-	-	-	-
Integer.md	411	Integer	i	gcdlcm	-	-	-	-	-
Integer.md	426	Integer	i	lcm	-	-	-	-	-
Integer.md	447	Integer	i	numerator	-	-	-	-	-
Integer.md	460	Integer	i	to_r	-	-	-	-	-
Integer.md	469	Integer	i	rationalize	-	-	-	-	-
Integer.md	470	Integer	i	rationalize	-	-	-	-	-
Integer.md	484	Integer	i	to_f	-	-	-	-	-
Integer.md	496	Integer	i	<=>	-	-	-	-	-
Integer.md	512	Integer	i	-@	-	-	-	-	-
Integer.md	523	Integer	i	+	-	-	-	-	-
Integer.md	535	Integer	i	-	-	-	-	-	-
Integer.md	547	Integer	i	*	-	-	-	-	-
Integer.md	559	Integer	i	/	-	-	-	-	-
Integer.md	591	Integer	i	div	-	-	-	-	-
Integer.md	625	Integer	i	%	-	-	-	-	-
Integer.md	626	Integer	i	modulo	-	-	-	-	-
Integer.md	641	Integer	i	remainder	-	-	-	-	-
Integer.md	661	Integer	i	divmod	-	-	-	-	-
Integer.md	670	Integer	i	fdiv	-	-	-	-	-
Integer.md	689	Integer	i	ceildiv	-	-	since:3.2	-	-
Integer.md	717	Integer	i	**	-	-	-	-	-
Integer.md	718	Integer	i	pow	-	-	-	-	-
Integer.md	719	Integer	i	pow	-	-	-	-	-
Integer.md	770	Integer	i	abs	-	-	-	-	-
Integer.md	771	Integer	i	magnitude	-	-	-	-	-
Integer.md	781	Integer	i	==	-	-	-	-	-
Integer.md	782	Integer	i	===	EMPTY	-	-	-	-
Integer.md	801	Integer	i	<	-	-	-	-	-
Integer.md	825	Integer	i	<=	-	-	-	-	-
Integer.md	851	Integer	i	>	-	-	-	-	-
Integer.md	876	Integer	i	>=	-	-	-	-	-
Integer.md	902	Integer	i	~	-	-	-	-	-
Integer.md	914	Integer	i	|	-	-	-	-	-
Integer.md	927	Integer	i	&	-	-	-	-	-
Integer.md	940	Integer	i	^	-	-	-	-	-
Integer.md	953	Integer	i	[]	-	-	-	-	-
Integer.md	954	Integer	i	[]	-	-	-	-	-
Integer.md	955	Integer	i	[]	-	-	-	-	-
Integer.md	999	Integer	i	<<	-	-	-	-	-
Integer.md	1012	Integer	i	>>	-	-	-	-	-
Integer.md	1028	Integer	i	size	-	-	-	-	-
Integer.md	1039	Integer	i	bit_length	-	-	-	-	-
Integer.md	1066	Integer	i	allbits?	-	-	-	-	-
Integer.md	1084	Integer	i	anybits?	-	-	-	-	-
Integer.md	1102	Integer	i	nobits?	-	-	-	-	-
functions.md	3	Kernel	o	exit	-	-	-	-	-
functions.md	42	Kernel	o	exit!	-	-	-	-	-
functions.md	73	Kernel	o	abort	-	-	-	-	-
functions.md	74	Kernel	o	abort	-	-	-	-	-
functions.md	125	Kernel	o	`	-	-	-	-	-
functions.md	149	Kernel	o	system	-	-	-	-	-
functions.md	150	Kernel	o	system	-	-	-	-	-
functions.md	199	Kernel	o	system	-	-	-	-	-
functions.md	200	Kernel	o	system	-	-	-	-	-
functions.md	247	Kernel	o	spawn	-	-	-	-	-
functions.md	248	Kernel	o	spawn	-	-	-	-	-
functions.md	272	Kernel	o	spawn	-	-	-	-	-
functions.md	273	Kernel	o	spawn	-	-	-	-	-
functions.md	556	Kernel	o	exec	-	-	-	-	-
functions.md	557	Kernel	o	exec	-	-	-	-	-
functions.md	595	Kernel	o	exec	-	-	-	-	-
functions.md	596	Kernel	o	exec	-	-	-	-	-
functions.md	645	Kernel	o	fork	-	-	-	-	-
functions.md	646	Kernel	o	fork	-	-	-	-	-
functions.md	695	Kernel	o	syscall	-	-	-	-	-
functions.md	722	Kernel	o	open	-	-	-	-	-
functions.md	723	Kernel	o	open	-	-	-	-	-
functions.md	831	Kernel	o	select	-	-	-	-	-
functions.md	844	Kernel	o	test	-	-	-	-	-
functions.md	912	Kernel	o	test	-	-	-	-	-
functions.md	945	Kernel	o	load	-	-	-	-	-
functions.md	978	Kernel	o	require	-	-	-	-	-
functions.md	1016	Kernel	o	require_relative	-	-	-	-	-
functions.md	1057	Kernel	o	autoload	-	-	-	-	-
functions.md	1085	Kernel	o	autoload?	-	-	-	-	-
functions.md	1115	Kernel	o	set_trace_func	-	-	-	-	-
functions.md	1217	Kernel	o	caller	-	-	-	-	-
functions.md	1218	Kernel	o	caller	-	-	-	-	-
functions.md	1219	Kernel	o	caller	-	-	-	-	-
functions.md	1281	Kernel	o	caller_locations	-	-	-	-	-
functions.md	1282	Kernel	o	caller_locations	-	-	-	-	-
functions.md	1337	Kernel	o	gets	-	-	-	-	-
functions.md	1378	Kernel	o	readline	-	-	-	-	-
functions.md	1414	Kernel	o	readlines	-	-	-	-	-
functions.md	1450	Kernel	o	putc	-	-	-	-	-
functions.md	1484	Kernel	o	p	-	-	-	-	-
functions_pp.md	1	Kernel	o	pp	-	-	-	-	-
functions.md	1519	Kernel	o	print	-	-	-	-	-
functions.md	1553	Kernel	o	puts	-	-	-	-	-
functions.md	1584	Kernel	o	warn	-	-	-	-	-
functions.md	1632	Kernel	o	Array	-	-	-	-	-
functions.md	1651	Kernel	o	Float	-	-	-	-	-
functions.md	1702	Kernel	o	Integer	-	-	-	-	-
functions.md	1755	Kernel	o	String	-	-	-	-	-
functions.md	1778	Kernel	o	at_exit	-	-	-	-	-
functions.md	1805	Kernel	o	loop	-	-	-	-	-
functions.md	1806	Kernel	o	loop	-	-	-	-	-
functions.md	1837	Kernel	o	sleep	-	-	-	-	-
functions.md	1838	Kernel	o	sleep	-	-	-	-	-
functions.md	1867	Kernel	o	block_given?	-	-	-	-	-
functions.md	1868	Kernel	o	iterator?	-	-	-	-	-
functions.md	1888	Kernel	o	catch	-	-	-	-	-
functions.md	1889	Kernel	o	catch	-	-	-	-	-
functions.md	1918	Kernel	o	throw	-	-	-	-	-
functions.md	1955	Kernel	o	rand	-	-	-	-	-
functions.md	1956	Kernel	o	rand	-	-	-	-	-
functions.md	1995	Kernel	o	srand	-	-	-	-	-
functions.md	1996	Kernel	o	srand	-	-	-	-	-
functions.md	2045	Kernel	o	global_variables	-	-	-	-	-
functions.md	2055	Kernel	o	local_variables	-	-	-	-	-
functions.md	2079	Kernel	o	sub	-	-	-	-	-
functions.md	2080	Kernel	o	sub	-	-	-	-	-
functions.md	2106	Kernel	o	gsub	-	-	-	-	-
functions.md	2107	Kernel	o	gsub	-	-	-	-	-
functions.md	2108	Kernel	o	gsub	-	-	-	-	-
functions.md	2132	Kernel	o	chop	-	-	-	-	-
functions.md	2159	Kernel	o	chomp	-	-	-	-	-
functions.md	2187	Kernel	o	trap	-	-	-	-	-
functions.md	2188	Kernel	o	trap	-	-	-	-	-
functions.md	2202	Kernel	o	trace_var	-	-	-	-	-
functions.md	2203	Kernel	o	trace_var	-	-	-	-	-
functions.md	2204	Kernel	o	trace_var	-	-	-	-	-
functions.md	2237	Kernel	o	untrace_var	-	-	-	-	-
functions.md	2265	Kernel	o	raise	-	-	-	-	-
functions.md	2266	Kernel	o	fail	-	-	-	-	-
functions.md	2267	Kernel	o	raise	-	-	-	-	-
functions.md	2268	Kernel	o	fail	-	-	-	-	-
functions.md	2269	Kernel	o	raise	-	-	-	-	-
functions.md	2270	Kernel	o	fail	-	-	-	-	-
functions.md	2352	Kernel	o	printf	-	-	-	-	-
functions.md	2353	Kernel	o	printf	-	-	-	-	-
functions.md	2385	Kernel	o	sprintf	-	-	-	-	-
functions.md	2386	Kernel	o	format	-	-	-	-	-
functions.md	2396	Kernel	o	binding	-	-	-	-	-
functions.md	2411	Kernel	o	eval	-	-	-	-	-
functions.md	2412	Kernel	o	eval	-	-	-	-	-
functions.md	2449	Kernel	o	proc	-	-	-	-	-
functions.md	2450	Kernel	o	lambda	-	-	-	-	-
functions.md	2482	Kernel	o	__method__	-	-	-	-	-
functions.md	2499	Kernel	o	__callee__	-	-	-	-	-
functions.md	2518	Kernel	o	Complex	-	-	-	-	-
functions.md	2519	Kernel	o	Complex	-	-	-	-	-
functions.md	2555	Kernel	o	Rational	-	-	-	-	-
functions.md	2635	Kernel	o	Hash	-	-	-	-	-
functions.md	2652	Kernel	o	__dir__	-	-	-	-	-
specialvars.md	3	Kernel	v	$_	-	-	-	-	-
specialvars.md	42	Kernel	v	$&	-	-	-	-	-
specialvars.md	60	Kernel	v	$~	-	-	-	-	-
specialvars.md	81	Kernel	v	$`	-	-	-	-	-
specialvars.md	99	Kernel	v	$'	-	-	-	-	-
specialvars.md	117	Kernel	v	$+	-	-	-	-	-
specialvars.md	126	Kernel	v	$1	-	-	-	-	-
specialvars.md	127	Kernel	v	$2	-	-	-	-	-
specialvars.md	128	Kernel	v	$3	-	-	-	-	-
specialvars.md	129	Kernel	v	$4	-	-	-	-	-
specialvars.md	130	Kernel	v	$5	-	-	-	-	-
specialvars.md	131	Kernel	v	$6	-	-	-	-	-
specialvars.md	132	Kernel	v	$7	-	-	-	-	-
specialvars.md	133	Kernel	v	$8	-	-	-	-	-
specialvars.md	134	Kernel	v	$9	-	-	-	-	-
specialvars.md	135	Kernel	v	$10	-	-	-	-	-
specialvars.md	136	Kernel	v	$11	-	-	-	-	-
specialvars.md	158	Kernel	v	$?	-	-	-	-	-
specialvars.md	170	Kernel	v	$!	-	-	-	-	-
specialvars.md	179	Kernel	v	$@	-	-	-	-	-
specialvars.md	210	Kernel	v	$SAFE	-	-	-	-	-
specialvars.md	216	Kernel	v	$=	-	-	-	-	-
specialvars.md	230	Kernel	v	$/	-	-	-	-	-
specialvars.md	231	Kernel	v	$-0	-	-	-	-	-
specialvars.md	249	Kernel	v	$\	-	-	-	-	-
specialvars.md	258	Kernel	v	$,	-	-	-	-	-
specialvars.md	271	Kernel	v	$;	-	-	-	-	-
specialvars.md	272	Kernel	v	$-F	-	-	-	-	-
specialvars.md	295	Kernel	v	$.	-	-	-	-	-
specialvars.md	306	Kernel	v	$<	-	-	-	-	-
specialvars.md	313	Kernel	v	$0	-	-	-	-	-
specialvars.md	314	Kernel	v	$PROGRAM_NAME	-	-	-	-	-
specialvars.md	323	Kernel	v	$*	-	-	-	-	-
specialvars.md	332	Kernel	v	$$	-	-	-	-	-
specialvars.md	339	Kernel	v	$:	-	-	-	-	-
specialvars.md	340	Kernel	v	$LOAD_PATH	-	-	-	-	-
specialvars.md	341	Kernel	v	$-I	-	-	-	-	-
specialvars.md	404	Kernel	v	$"	-	-	-	-	-
specialvars.md	405	Kernel	v	$LOADED_FEATURES	-	-	-	-	-
specialvars.md	413	Kernel	v	$DEBUG	-	-	-	-	-
specialvars.md	414	Kernel	v	$-d	-	-	-	-	-
specialvars.md	438	Kernel	v	$FILENAME	-	-	-	-	-
specialvars.md	445	Kernel	v	$stdin	-	-	-	-	-
specialvars.md	495	Kernel	v	$>	-	-	-	-	-
specialvars.md	496	Kernel	v	$stdout	-	-	-	-	-
specialvars.md	537	Kernel	v	$stderr	-	-	-	-	-
specialvars.md	575	Kernel	v	$VERBOSE	-	-	-	-	-
specialvars.md	576	Kernel	v	$-v	-	-	-	-	-
specialvars.md	577	Kernel	v	$-w	-	-	-	-	-
specialvars.md	604	Kernel	v	$KCODE	-	-	-	-	-
specialvars.md	605	Kernel	v	$-K	-	-	-	-	-
specialvars.md	614	Kernel	v	$-a	-	-	-	-	-
specialvars.md	625	Kernel	v	$-i	-	-	-	-	-
specialvars.md	640	Kernel	v	$-l	-	-	-	-	-
specialvars.md	649	Kernel	v	$-p	-	-	-	-	-
specialvars.md	658	Kernel	v	$-W	-	-	-	-	-
KeyError.md	13	KeyError	s	new	-	-	-	-	-
KeyError.md	14	KeyError	s	new	-	-	-	-	-
KeyError.md	15	KeyError	s	new	-	-	-	-	-
KeyError.md	16	KeyError	s	new	1.9.1	-	-	-	-
KeyError.md	36	KeyError	i	receiver	-	-	-	-	-
KeyError.md	52	KeyError	i	key	-	-	-	-	-
LoadError.md	21	LoadError	i	path	-	-	-	-	-
LocalJumpError.md	21	LocalJumpError	i	exit_value	-	-	-	-	-
LocalJumpError.md	46	LocalJumpError	i	reason	-	-	-	-	-
Marshal.md	14	Marshal	o	dump	-	-	-	-	-
Marshal.md	15	Marshal	o	dump	-	-	-	-	-
Marshal.md	67	Marshal	o	load	-	-	since:3.1	-	-
Marshal.md	68	Marshal	o	restore	-	-	since:3.1	-	-
Marshal.md	70	Marshal	o	load	-	-	until:3.1	-	-
Marshal.md	71	Marshal	o	restore	-	-	until:3.1	-	-
Marshal.md	112	Marshal	c	MAJOR_VERSION	-	-	-	-	-
Marshal.md	113	Marshal	c	MINOR_VERSION	-	-	-	-	-
MatchData.md	16	MatchData	i	[]	-	-	-	-	-
MatchData.md	36	MatchData	i	[]	-	-	-	-	-
MatchData.md	47	MatchData	i	[]	-	-	-	-	-
MatchData.md	58	MatchData	i	[]	-	-	-	-	-
MatchData.md	71	MatchData	i	match	-	-	since:3.1	-	-
MatchData.md	72	MatchData	i	match	-	-	since:3.1	-	-
MatchData.md	97	MatchData	i	match_length	-	-	since:3.1	-	-
MatchData.md	98	MatchData	i	match_length	-	-	since:3.1	-	-
MatchData.md	122	MatchData	i	begin	-	-	-	-	-
MatchData.md	144	MatchData	i	begin	-	-	-	-	-
MatchData.md	166	MatchData	i	end	-	-	-	-	-
MatchData.md	188	MatchData	i	end	-	-	-	-	-
MatchData.md	210	MatchData	i	captures	-	-	-	-	-
MatchData.md	212	MatchData	i	deconstruct	-	-	since:3.2	-	-
MatchData.md	233	MatchData	i	deconstruct_keys	-	-	since:3.2	-	-
MatchData.md	254	MatchData	i	length	-	-	-	-	-
MatchData.md	255	MatchData	i	size	-	-	-	-	-
MatchData.md	264	MatchData	i	offset	-	-	-	-	-
MatchData.md	284	MatchData	i	offset	-	-	-	-	-
MatchData.md	315	MatchData	i	byteoffset	-	-	since:3.2	-	-
MatchData.md	327	MatchData	i	byteoffset	-	-	since:3.2	-	-
MatchData.md	352	MatchData	i	bytebegin	-	-	since:3.4	-	-
MatchData.md	353	MatchData	i	bytebegin	-	-	since:3.4	-	-
MatchData.md	386	MatchData	i	byteend	-	-	since:3.4	-	-
MatchData.md	387	MatchData	i	byteend	-	-	since:3.4	-	-
MatchData.md	422	MatchData	i	post_match	-	-	-	-	-
MatchData.md	433	MatchData	i	pre_match	-	-	-	-	-
MatchData.md	444	MatchData	i	string	-	-	-	-	-
MatchData.md	455	MatchData	i	to_a	-	-	-	-	-
MatchData.md	466	MatchData	i	to_s	-	-	-	-	-
MatchData.md	475	MatchData	i	inspect	-	-	-	-	-
MatchData.md	493	MatchData	i	values_at	-	-	-	-	-
MatchData.md	514	MatchData	i	names	-	-	-	-	-
MatchData.md	528	MatchData	i	regexp	-	-	-	-	-
MatchData.md	537	MatchData	i	hash	EMPTY	-	-	-	-
MatchData.md	542	MatchData	i	eql?	EMPTY	-	-	-	-
MatchData.md	544	MatchData	i	==	EMPTY	-	-	-	-
MatchData.md	580	MatchData	i	named_captures	-	-	since:3.3	-	-
MatchData.md	582	MatchData	i	named_captures	-	-	until:3.3	-	-
Math.md	21	Math	o	acos	-	-	-	-	-
Math.md	41	Math	o	asin	-	-	-	-	-
Math.md	61	Math	o	atan	-	-	-	-	-
Math.md	79	Math	o	atan2	-	-	-	-	-
Math.md	114	Math	o	acosh	-	-	-	-	-
Math.md	132	Math	o	asinh	-	-	-	-	-
Math.md	148	Math	o	atanh	-	-	-	-	-
Math.md	168	Math	o	cos	-	-	-	-	-
Math.md	186	Math	o	sin	-	-	-	-	-
Math.md	204	Math	o	tan	-	-	-	-	-
Math.md	222	Math	o	cosh	-	-	-	-	-
Math.md	238	Math	o	sinh	-	-	-	-	-
Math.md	254	Math	o	tanh	-	-	-	-	-
Math.md	272	Math	o	erf	-	-	-	-	-
Math.md	288	Math	o	erfc	-	-	-	-	-
Math.md	304	Math	o	exp	-	-	-	-	-
Math.md	332	Math	o	expm1	-	-	since:4.0	-	-
Math.md	365	Math	o	frexp	-	-	-	-	-
Math.md	380	Math	o	hypot	-	-	-	-	-
Math.md	397	Math	o	ldexp	-	-	-	-	-
Math.md	413	Math	o	log	-	-	-	-	-
Math.md	414	Math	o	log	-	-	-	-	-
Math.md	440	Math	o	log2	-	-	-	-	-
Math.md	462	Math	o	log10	-	-	-	-	-
Math.md	483	Math	o	log1p	-	-	since:4.0	-	-
Math.md	515	Math	o	sqrt	-	-	-	-	-
Math.md	546	Math	o	cbrt	-	-	-	-	-
Math.md	583	Math	o	gamma	-	-	-	-	-
Math.md	629	Math	o	lgamma	-	-	-	-	-
Math.md	651	Math	c	E	-	-	-	-	-
Math.md	660	Math	c	PI	-	-	-	-	-
Method.md	91	Method	i	clone	-	-	-	-	-
Method.md	109	Method	i	[]	-	-	-	-	-
Method.md	110	Method	i	call	-	-	-	-	-
Method.md	111	Method	i	call	-	-	-	-	-
Method.md	112	Method	i	===	EMPTY	-	-	-	-
Method.md	141	Method	i	<<	-	-	-	-	-
Method.md	183	Method	i	>>	-	-	-	-	-
Method.md	225	Method	i	arity	-	-	-	-	-
Method.md	264	Method	i	inspect	-	-	-	-	-
Method.md	265	Method	i	to_s	-	-	-	-	-
Method.md	352	Method	i	to_proc	-	-	-	-	-
Method.md	368	Method	i	unbind	-	-	-	-	-
Method.md	384	Method	i	==	-	-	-	-	-
Method.md	385	Method	i	eql?	EMPTY	-	-	-	-
Method.md	400	Method	i	hash	EMPTY	-	-	-	-
Method.md	413	Method	i	name	-	-	-	-	-
Method.md	428	Method	i	owner	-	-	-	-	-
Method.md	447	Method	i	box	-	-	since:4.0	-	-
Method.md	454	Method	i	receiver	-	-	-	-	-
Method.md	470	Method	i	source_location	-	-	-	-	-
Method.md	493	Method	i	parameters	-	-	-	-	-
Method.md	523	Method	i	curry	-	-	-	-	-
Method.md	524	Method	i	curry	-	-	-	-	-
Method.md	553	Method	i	super_method	-	-	-	-	-
Method.md	578	Method	i	original_name	-	-	-	-	-
Method.md	593	Method	i	public?	-	-	if:(version == "3.1")	-	-
Method.md	597	Method	i	protected?	-	-	if:(version == "3.1")	-	-
Method.md	601	Method	i	private?	-	-	if:(version == "3.1")	-	-
Module.md	10	Module	s	constants	-	-	-	-	-
Module.md	24	Module	s	nesting	-	-	-	-	-
Module.md	38	Module	s	new	-	-	-	-	-
Module.md	39	Module	s	new	-	-	-	-	-
Module.md	71	Module	s	used_modules	-	-	-	-	-
Module.md	94	Module	s	used_refinements	-	-	since:3.2	-	-
Module.md	123	Module	i	<=>	-	-	-	-	-
Module.md	159	Module	i	<	-	-	-	-	-
Module.md	194	Module	i	<=	-	-	-	-	-
Module.md	229	Module	i	>	-	-	-	-	-
Module.md	264	Module	i	>=	-	-	-	-	-
Module.md	299	Module	i	===	-	-	-	-	-
Module.md	321	Module	i	ancestors	-	-	-	-	-
Module.attr.md	1	Module	i	attr	-	-	-	-	-
Module.attr.md	2	Module	i	attr	-	-	-	-	-
Module.attr.md	3	Module	i	attr	-	-	-	-	-
Module.attr.md	37	Module	i	attr_accessor	-	-	-	-	-
Module.attr.md	63	Module	i	attr_reader	-	-	-	-	-
Module.attr.md	86	Module	i	attr_writer	-	-	-	-	-
Module.md	345	Module	i	autoload	-	-	-	-	-
Module.md	410	Module	i	autoload?	-	-	-	-	-
Module.md	442	Module	i	class_variables	-	-	-	-	-
Module.md	462	Module	i	const_defined?	-	-	-	-	-
Module.md	501	Module	i	const_get	-	-	-	-	-
Module.md	538	Module	i	const_missing	-	-	-	-	-
Module.md	560	Module	i	const_set	-	-	-	-	-
Module.md	590	Module	i	const_source_location	-	-	-	-	-
Module.md	638	Module	i	constants	-	-	-	-	-
Module.md	677	Module	i	deprecate_constant	-	-	-	-	-
Module.md	706	Module	i	freeze	-	-	-	-	-
Module.include.md	1	Module	i	include	-	-	-	-	-
Module.md	727	Module	i	include?	-	-	-	-	-
Module.md	746	Module	i	included_modules	-	-	-	-	-
Module.md	764	Module	i	instance_method	-	-	-	-	-
Module.md	796	Module	i	method_defined?	-	-	-	-	-
Module.md	833	Module	i	module_eval	-	-	-	-	-
Module.md	834	Module	i	module_eval	-	-	-	-	-
Module.md	835	Module	i	class_eval	-	-	-	-	-
Module.md	836	Module	i	class_eval	-	-	-	-	-
Module.md	891	Module	i	module_exec	-	-	-	-	-
Module.md	892	Module	i	class_exec	-	-	-	-	-
Module.md	925	Module	i	name	-	-	-	-	-
Module.md	926	Module	i	to_s	-	-	-	-	-
Module.md	927	Module	i	inspect	EMPTY	-	-	-	-
Module.md	975	Module	i	set_temporary_name	-	-	since:3.3	-	-
Module.md	976	Module	i	set_temporary_name	-	-	since:3.3	-	-
Module.md	1026	Module	i	instance_methods	-	-	-	-	-
Module.md	1082	Module	i	undefined_instance_methods	-	-	since:3.2	-	-
Module.md	1106	Module	i	refinements	-	-	since:3.2	-	-
Module.md	1126	Module	i	public_instance_method	-	-	-	-	-
Module.md	1146	Module	i	public_instance_methods	-	-	-	-	-
Module.md	1156	Module	i	private_instance_methods	-	-	-	-	-
Module.md	1181	Module	i	protected_instance_methods	-	-	-	-	-
Module.md	1191	Module	i	private_class_method	-	-	-	-	-
Module.md	1192	Module	i	private_class_method	-	-	-	-	-
Module.md	1209	Module	i	private_constant	-	-	-	-	-
Module.md	1242	Module	i	public_class_method	-	-	-	-	-
Module.md	1243	Module	i	public_class_method	-	-	-	-	-
Module.md	1273	Module	i	public_constant	-	-	-	-	-
Module.md	1312	Module	i	private_method_defined?	-	-	-	-	-
Module.md	1343	Module	i	protected_method_defined?	-	-	-	-	-
Module.md	1374	Module	i	public_method_defined?	-	-	-	-	-
Module.md	1405	Module	i	class_variable_defined?	-	-	-	-	-
Module.md	1422	Module	i	class_variable_get	-	-	-	-	-
Module.md	1442	Module	i	class_variable_set	-	-	-	-	-
Module.md	1465	Module	i	remove_class_variable	-	-	-	-	-
Module.md	1485	Module	i	singleton_class?	-	-	-	-	-
Module.prepend.md	1	Module	i	prepend	2.0.0	-	-	-	-
Module.alias_method.md	1	Module	i	alias_method	-	-	-	-	-
Module.define_method.md	1	Module	i	define_method	-	-	-	-	-
Module.define_method.md	2	Module	i	define_method	-	-	-	-	-
Module.remove_method.md	1	Module	i	remove_method	-	-	-	-	-
Module.undef_method.md	1	Module	i	undef_method	-	-	-	-	-
Module.md	1504	Module	i	append_features	-	-	-	-	-
Module.md	1524	Module	i	extend_object	-	-	-	-	-
Module.md	1549	Module	i	extended	-	-	-	-	-
Module.md	1569	Module	i	included	-	-	-	-	-
Module.md	1590	Module	i	const_added	-	-	since:3.2	-	-
Module.md	1606	Module	i	method_added	-	-	-	-	-
Module.md	1631	Module	i	method_removed	-	-	-	-	-
Module.md	1655	Module	i	method_undefined	-	-	-	-	-
Module.md	1688	Module	i	module_function	-	-	-	-	-
Module.md	1689	Module	i	module_function	-	-	-	-	-
Module.md	1690	Module	i	module_function	-	-	-	-	-
Module.md	1751	Module	i	private	-	-	-	-	-
Module.md	1752	Module	i	private	-	-	-	-	-
Module.md	1753	Module	i	private	-	-	-	-	-
Module.md	1754	Module	i	private	-	-	-	-	-
Module.md	1789	Module	i	protected	-	-	-	-	-
Module.md	1790	Module	i	protected	-	-	-	-	-
Module.md	1791	Module	i	protected	-	-	-	-	-
Module.md	1792	Module	i	protected	-	-	-	-	-
Module.md	1812	Module	i	public	-	-	-	-	-
Module.md	1813	Module	i	public	-	-	-	-	-
Module.md	1814	Module	i	public	-	-	-	-	-
Module.md	1815	Module	i	public	-	-	-	-	-
Module.md	1852	Module	i	remove_const	-	-	-	-	-
Module.md	1876	Module	i	refine	-	-	-	-	-
Module.md	1918	Module	i	prepend_features	-	-	-	-	-
Module.md	1956	Module	i	prepended	-	-	-	-	-
Module.md	1976	Module	i	ruby2_keywords	-	-	-	-	-
Module.md	2008	Module	i	using	-	-	-	-	-
NameError.md	23	NameError	s	new	-	-	-	-	-
NameError.md	24	NameError	s	new	-	-	-	-	-
NameError.md	42	NameError	i	name	-	-	-	-	-
NameError.md	65	NameError	i	to_s	-	-	-	-	-
NameError.md	88	NameError	i	receiver	-	-	-	-	-
NameError.md	108	NameError	i	local_variables	-	-	-	-	-
NilClass.md	12	NilClass	i	&	-	-	-	-	-
NilClass.md	25	NilClass	i	|	-	-	-	-	-
NilClass.md	38	NilClass	i	^	-	-	-	-	-
NilClass.md	51	NilClass	i	nil?	-	-	-	-	-
NilClass.md	59	NilClass	i	to_a	-	-	-	-	-
NilClass.md	67	NilClass	i	to_f	-	-	-	-	-
NilClass.md	75	NilClass	i	to_i	-	-	-	-	-
NilClass.md	83	NilClass	i	to_s	-	-	-	-	-
NilClass.md	91	NilClass	i	to_c	-	-	-	-	-
NilClass.md	99	NilClass	i	to_r	-	-	-	-	-
NilClass.md	107	NilClass	i	rationalize	-	-	-	-	-
NilClass.md	108	NilClass	i	rationalize	-	-	-	-	-
NilClass.md	122	NilClass	i	to_h	-	-	-	-	-
NilClass.md	130	NilClass	i	=~	2.6.0	-	-	-	-
NoMatchingPatternKeyError.md	25	NoMatchingPatternKeyError	s	new	-	-	-	3.1	-
NoMatchingPatternKeyError.md	46	NoMatchingPatternKeyError	i	matchee	-	-	-	3.1	-
NoMatchingPatternKeyError.md	52	NoMatchingPatternKeyError	i	key	-	-	-	3.1	-
NoMethodError.md	53	NoMethodError	s	new	-	-	-	-	-
NoMethodError.md	54	NoMethodError	s	new	-	-	-	-	-
NoMethodError.md	78	NoMethodError	i	args	-	-	-	-	-
NoMethodError.md	104	NoMethodError	i	private_call?	-	-	-	-	-
Numeric.md	361	Numeric	i	+@	-	-	-	-	-
Numeric.md	374	Numeric	i	-@	-	-	-	-	-
Numeric.md	385	Numeric	i	/	-	-	-	-	-
Numeric.md	396	Numeric	i	abs	-	-	-	-	-
Numeric.md	397	Numeric	i	magnitude	-	-	-	-	-
Numeric.md	407	Numeric	i	ceil	-	-	-	-	-
Numeric.md	420	Numeric	i	floor	-	-	-	-	-
Numeric.md	437	Numeric	i	round	-	-	-	-	-
Numeric.md	452	Numeric	i	truncate	-	-	-	-	-
Numeric.md	465	Numeric	i	coerce	-	-	-	-	-
Numeric.md	512	Numeric	i	div	-	-	-	-	-
Numeric.md	537	Numeric	i	divmod	-	-	-	-	-
Numeric.md	567	Numeric	i	quo	-	-	-	-	-
Numeric.md	592	Numeric	i	fdiv	-	-	-	-	-
Numeric.md	613	Numeric	i	integer?	-	-	-	-	-
Numeric.md	626	Numeric	i	modulo	-	-	-	-	-
Numeric.md	627	Numeric	i	%	-	-	-	-	-
Numeric.md	657	Numeric	i	positive?	-	-	-	-	-
Numeric.md	669	Numeric	i	negative?	-	-	-	-	-
Numeric.md	681	Numeric	i	remainder	-	-	-	-	-
Numeric.md	710	Numeric	i	nonzero?	-	-	-	-	-
Numeric.md	731	Numeric	i	finite?	-	-	-	-	-
Numeric.md	745	Numeric	i	infinite?	-	-	-	-	-
Numeric.md	757	Numeric	i	to_int	-	-	-	-	-
Numeric.md	766	Numeric	i	zero?	-	-	-	-	-
Numeric.md	778	Numeric	i	step	-	-	-	-	-
Numeric.md	779	Numeric	i	step	-	-	-	-	-
Numeric.md	780	Numeric	i	step	-	-	-	-	-
Numeric.md	781	Numeric	i	step	-	-	-	-	-
Numeric.md	782	Numeric	i	step	-	-	-	-	-
Numeric.md	783	Numeric	i	step	-	-	-	-	-
Numeric.md	784	Numeric	i	step	-	-	-	-	-
Numeric.md	785	Numeric	i	step	-	-	-	-	-
Numeric.md	786	Numeric	i	step	-	-	-	-	-
Numeric.md	854	Numeric	i	<=>	-	-	-	-	-
Numeric.md	870	Numeric	i	eql?	-	-	-	-	-
Numeric.md	888	Numeric	i	abs2	-	-	-	-	-
Numeric.md	901	Numeric	i	arg	-	-	-	-	-
Numeric.md	902	Numeric	i	angle	-	-	-	-	-
Numeric.md	903	Numeric	i	phase	-	-	-	-	-
Numeric.md	916	Numeric	i	conj	-	-	-	-	-
Numeric.md	917	Numeric	i	conjugate	-	-	-	-	-
Numeric.md	933	Numeric	i	denominator	-	-	-	-	-
Numeric.md	943	Numeric	i	imag	-	-	-	-	-
Numeric.md	944	Numeric	i	imaginary	-	-	-	-	-
Numeric.md	959	Numeric	i	numerator	-	-	-	-	-
Numeric.md	969	Numeric	i	polar	-	-	-	-	-
Numeric.md	984	Numeric	i	real	-	-	-	-	-
Numeric.md	999	Numeric	i	real?	-	-	-	-	-
Numeric.md	1014	Numeric	i	rect	-	-	-	-	-
Numeric.md	1015	Numeric	i	rectangular	-	-	-	-	-
Numeric.md	1030	Numeric	i	to_c	-	-	-	-	-
Numeric.md	1043	Numeric	i	i	-	-	-	-	-
Object.md	14	Object	s	new	-	-	-	-	-
Object.md	25	Object	i	==	-	-	-	-	-
Object.md	54	Object	i	<=>	-	-	-	-	-
Object.md	67	Object	i	eql?	-	-	-	-	-
Object.md	90	Object	i	equal?	-	-	-	-	-
Object.md	113	Object	i	methods	-	-	-	-	-
Object.md	190	Object	i	public_method	-	-	-	-	-
Object.md	210	Object	i	public_methods	-	-	-	-	-
Object.md	220	Object	i	private_methods	-	-	-	-	-
Object.md	230	Object	i	protected_methods	-	-	-	-	-
Object.md	240	Object	i	singleton_methods	-	-	-	-	-
Object.md	312	Object	i	to_a	-	-	-	-	-
Object.md	329	Object	i	to_s	-	-	-	-	-
Object.md	356	Object	i	to_str	-	-	-	-	-
Object.md	383	Object	i	to_ary	-	-	-	-	-
Object.md	410	Object	i	to_hash	-	-	-	-	-
Object.md	435	Object	i	to_int	-	-	-	-	-
Object.md	462	Object	i	to_proc	-	-	-	-	-
Object.md	486	Object	i	to_io	-	-	-	-	-
Object.md	502	Object	i	to_regexp	-	-	-	-	-
Object.md	527	Object	i	to_enum	-	-	-	-	-
Object.md	528	Object	i	enum_for	-	-	-	-	-
Object.md	529	Object	i	to_enum	-	-	-	-	-
Object.md	530	Object	i	enum_for	-	-	-	-	-
Object.md	578	Object	i	tap	-	-	-	-	-
Object.md	593	Object	i	yield_self	-	-	-	-	-
Object.md	594	Object	i	yield_self	-	-	-	-	-
Object.md	595	Object	i	then	-	-	-	-	-
Object.md	596	Object	i	then	-	-	-	-	-
Object.md	628	Object	i	object_id	-	-	-	-	-
Object.md	657	Object	i	hash	-	-	-	-	-
Object.md	692	Object	i	===	-	-	-	-	-
Object.md	744	Object	i	=~	-	-	until:3.2	-	-
Object.md	765	Object	i	!~	-	-	-	-	-
Object.md	781	Object	i	display	-	-	-	-	-
Object.md	805	Object	i	extend	-	-	-	-	-
Object.md	855	Object	i	inspect	-	-	-	-	-
Object.md	902	Object	i	instance_variable_get	-	-	-	-	-
Object.md	925	Object	i	instance_variable_set	-	-	-	-	-
Object.md	944	Object	i	instance_variables	-	-	-	-	-
Object.md	958	Object	i	instance_variable_defined?	-	-	-	-	-
Object.md	978	Object	i	send	-	-	-	-	-
Object.md	979	Object	i	send	-	-	-	-	-
Object.md	1023	Object	i	public_send	-	-	-	-	-
Object.md	1024	Object	i	public_send	-	-	-	-	-
Object.md	1048	Object	i	_dump	-	-	-	-	-
Object.md	1088	Object	i	marshal_dump	-	-	-	-	-
Object.md	1131	Object	i	marshal_load	-	-	-	-	-
Object.md	1151	Object	i	clone	-	-	-	-	-
Object.md	1229	Object	i	dup	-	-	-	-	-
Object.md	1272	Object	i	freeze	-	-	-	-	-
Object.md	1312	Object	i	frozen?	-	-	-	-	-
Object.md	1325	Object	i	method	-	-	-	-	-
Object.md	1353	Object	i	singleton_method	-	-	-	-	-
Object.md	1395	Object	i	define_singleton_method	-	-	-	-	-
Object.md	1396	Object	i	define_singleton_method	-	-	-	-	-
Object.md	1424	Object	i	respond_to?	-	-	-	-	-
Object.md	1506	Object	i	remove_instance_variable	-	-	-	-	-
Object.md	1526	Object	i	instance_of?	-	-	-	-	-
Object.md	1547	Object	i	is_a?	-	-	-	-	-
Object.md	1548	Object	i	kind_of?	-	-	-	-	-
Object.md	1577	Object	i	nil?	-	-	-	-	-
Object.md	1588	Object	i	class	-	-	-	-	-
Object.md	1604	Object	i	taint	-	-	until:3.2	-	-
Object.md	1611	Object	i	tainted?	-	-	until:3.2	-	-
Object.md	1620	Object	i	untaint	-	-	until:3.2	-	-
Object.md	1628	Object	i	trust	-	-	until:3.2	-	-
Object.md	1637	Object	i	untrusted?	-	-	until:3.2	-	-
Object.md	1646	Object	i	untrust	-	-	until:3.2	-	-
Object.md	1655	Object	i	singleton_class	-	-	-	-	-
Object.md	1674	Object	i	itself	-	-	-	-	-
Object.md	1685	Object	i	initialize	-	-	-	-	-
Object.md	1727	Object	i	initialize_copy	-	-	-	-	-
Object.md	1835	Object	i	initialize_clone	1.9.2	-	-	-	-
Object.md	1851	Object	i	initialize_dup	1.9.2	-	-	-	-
Object.md	1862	Object	i	respond_to_missing?	-	-	-	-	-
constants.md	3	Object	c	STDIN	-	-	-	-	-
constants.md	22	Object	c	STDOUT	-	-	-	-	-
constants.md	41	Object	c	STDERR	-	-	-	-	-
constants.md	60	Object	c	ENV	-	-	-	-	-
constants.md	66	Object	c	ARGF	-	-	-	-	-
constants.md	75	Object	c	ARGV	-	-	-	-	-
constants.md	102	Object	c	DATA	-	-	-	-	-
constants.md	196	Object	c	TOPLEVEL_BINDING	-	-	-	-	-
constants.md	202	Object	c	RUBY_VERSION	-	-	-	-	-
constants.md	212	Object	c	RUBY_RELEASE_DATE	-	-	-	-	-
constants.md	220	Object	c	RUBY_PLATFORM	-	-	-	-	-
constants.md	229	Object	c	RUBY_PATCHLEVEL	-	-	since:4.0	-	-
constants.md	240	Object	c	RUBY_PATCHLEVEL	-	-	until:4.0	-	-
constants.md	251	Object	c	RUBY_REVISION	-	-	-	-	-
constants.md	259	Object	c	RUBY_COPYRIGHT	-	-	-	-	-
constants.md	267	Object	c	RUBY_ENGINE	-	-	-	-	-
constants.md	284	Object	c	RUBY_ENGINE_VERSION	-	-	-	-	-
constants.md	292	Object	c	RUBY_DESCRIPTION	-	-	-	-	-
constants.md	302	Object	c	SCRIPT_LINES__	-	-	-	-	-
ObjectSpace.md	10	ObjectSpace	o	_id2ref	-	-	-	-	-
ObjectSpace.md	39	ObjectSpace	o	define_finalizer	-	-	-	-	-
ObjectSpace.md	40	ObjectSpace	o	define_finalizer	-	-	-	-	-
ObjectSpace.md	110	ObjectSpace	o	each_object	-	-	-	-	-
ObjectSpace.md	111	ObjectSpace	o	each_object	-	-	-	-	-
ObjectSpace.md	112	ObjectSpace	o	each_object	-	-	-	-	-
ObjectSpace.md	113	ObjectSpace	o	each_object	-	-	-	-	-
ObjectSpace.md	165	ObjectSpace	o	garbage_collect	-	-	-	-	-
ObjectSpace.md	181	ObjectSpace	o	undefine_finalizer	-	-	-	-	-
ObjectSpace.md	217	ObjectSpace	o	count_objects	-	-	-	-	-
ObjectSpace__WeakKeyMap.md	42	ObjectSpace::WeakKeyMap	i	[]	-	-	-	3.3	-
ObjectSpace__WeakKeyMap.md	61	ObjectSpace::WeakKeyMap	i	[]=	-	-	-	3.3	-
ObjectSpace__WeakKeyMap.md	90	ObjectSpace::WeakKeyMap	i	getkey	-	-	-	3.3	-
ObjectSpace__WeakKeyMap.md	111	ObjectSpace::WeakKeyMap	i	key?	-	-	-	3.3	-
ObjectSpace__WeakKeyMap.md	126	ObjectSpace::WeakKeyMap	i	delete	-	-	-	3.3	-
ObjectSpace__WeakKeyMap.md	127	ObjectSpace::WeakKeyMap	i	delete	-	-	-	3.3	-
ObjectSpace__WeakKeyMap.md	149	ObjectSpace::WeakKeyMap	i	clear	-	-	-	3.3	-
ObjectSpace__WeakKeyMap.md	162	ObjectSpace::WeakKeyMap	i	inspect	-	-	-	3.3	-
ObjectSpace__WeakMap.md	24	ObjectSpace::WeakMap	i	[]	-	-	-	2.0.0	-
ObjectSpace__WeakMap.md	45	ObjectSpace::WeakMap	i	[]=	-	-	-	2.0.0	-
ObjectSpace__WeakMap.md	61	ObjectSpace::WeakMap	i	delete	-	-	since:3.3	2.0.0	-
ObjectSpace__WeakMap.md	62	ObjectSpace::WeakMap	i	delete	-	-	since:3.3	2.0.0	-
ObjectSpace__WeakMap.md	88	ObjectSpace::WeakMap	i	key?	2.1.0	-	-	2.0.0	-
ObjectSpace__WeakMap.md	90	ObjectSpace::WeakMap	i	include?	2.1.0	-	-	2.0.0	-
ObjectSpace__WeakMap.md	92	ObjectSpace::WeakMap	i	member?	2.1.0	-	-	2.0.0	-
ObjectSpace__WeakMap.md	117	ObjectSpace::WeakMap	i	each	2.1.0	-	-	2.0.0	-
ObjectSpace__WeakMap.md	119	ObjectSpace::WeakMap	i	each_pair	2.1.0	-	-	2.0.0	-
ObjectSpace__WeakMap.md	141	ObjectSpace::WeakMap	i	each_key	2.1.0	-	-	2.0.0	-
ObjectSpace__WeakMap.md	161	ObjectSpace::WeakMap	i	each_value	2.1.0	-	-	2.0.0	-
ObjectSpace__WeakMap.md	181	ObjectSpace::WeakMap	i	keys	2.1.0	-	-	2.0.0	-
ObjectSpace__WeakMap.md	198	ObjectSpace::WeakMap	i	values	2.1.0	-	-	2.0.0	-
ObjectSpace__WeakMap.md	215	ObjectSpace::WeakMap	i	size	2.1.0	-	-	2.0.0	-
ObjectSpace__WeakMap.md	217	ObjectSpace::WeakMap	i	length	2.1.0	-	-	2.0.0	-
ObjectSpace__WeakMap.md	231	ObjectSpace::WeakMap	i	inspect	2.0.0	-	-	2.0.0	-
Proc.md	29	Proc	s	new	-	-	-	-	-
Proc.md	52	Proc	i	[]	-	-	-	-	-
Proc.md	53	Proc	i	call	-	-	-	-	-
Proc.md	54	Proc	i	===	EMPTY	-	-	-	-
Proc.md	56	Proc	i	yield	-	-	-	-	-
Proc.md	110	Proc	i	<<	-	-	-	-	-
Proc.md	147	Proc	i	>>	-	-	-	-	-
Proc.md	184	Proc	i	arity	-	-	-	-	-
Proc.md	209	Proc	i	binding	-	-	-	-	-
Proc.md	223	Proc	i	to_proc	-	-	-	-	-
Proc.md	232	Proc	i	to_s	-	-	-	-	-
Proc.md	233	Proc	i	inspect	EMPTY	-	-	-	-
Proc.md	248	Proc	i	curry	-	-	-	-	-
Proc.md	249	Proc	i	curry	-	-	-	-	-
Proc.md	290	Proc	i	lambda?	-	-	-	-	-
Proc.md	350	Proc	i	source_location	-	-	-	-	-
Proc.md	366	Proc	i	hash	EMPTY	-	-	-	-
Proc.md	374	Proc	i	parameters	-	-	since:3.2	-	-
Proc.md	376	Proc	i	parameters	-	-	until:3.2	-	-
Proc.md	443	Proc	i	ruby2_keywords	-	-	-	-	-
Process.md	16	Process	s	abort	-	-	-	-	-
Process.md	17	Process	s	abort	-	-	-	-	-
Process.md	23	Process	s	exec	-	-	-	-	-
Process.md	58	Process	s	exit	-	-	-	-	-
Process.md	66	Process	s	exit!	-	-	-	-	-
Process.md	74	Process	s	fork	-	-	-	-	-
Process.md	75	Process	s	fork	-	-	-	-	-
Process.md	84	Process	s	_fork	-	-	since:3.1	-	-
Process.md	120	Process	s	spawn	-	-	-	-	-
Process.md	130	Process	s	last_status	-	-	-	-	-
Process.md	152	Process	o	getrlimit	-	-	-	-	-
Process.md	198	Process	o	setrlimit	-	-	-	-	-
Process.md	199	Process	o	setrlimit	-	-	-	-	-
Process.md	256	Process	o	egid	-	-	-	-	-
Process.md	262	Process	o	egid=	-	-	-	-	-
Process.md	277	Process	o	euid	-	-	-	-	-
Process.md	283	Process	o	euid=	-	-	-	-	-
Process.md	298	Process	o	gid	-	-	-	-	-
Process.md	304	Process	o	gid=	-	-	-	-	-
Process.md	319	Process	o	groups	-	-	-	-	-
Process.md	348	Process	o	groups=	-	-	-	-	-
Process.md	364	Process	o	maxgroups	-	-	-	-	-
Process.md	365	Process	o	maxgroups=	-	-	-	-	-
Process.md	376	Process	o	pid	-	-	-	-	-
Process.md	383	Process	o	ppid	-	-	-	-	-
Process.md	389	Process	o	uid	-	-	-	-	-
Process.md	395	Process	o	uid=	-	-	-	-	-
Process.md	410	Process	o	getpgid	-	-	-	-	-
Process.md	422	Process	o	getpgrp	-	-	-	-	-
Process.md	432	Process	o	getpriority	-	-	-	-	-
Process.md	447	Process	o	initgroups	-	-	-	-	-
Process.md	459	Process	o	kill	-	-	-	-	-
Process.md	486	Process	o	setpgid	-	-	-	-	-
Process.md	501	Process	o	setpgrp	-	-	-	-	-
Process.md	525	Process	o	setpriority	-	-	-	-	-
Process.md	556	Process	o	setsid	-	-	-	-	-
Process.md	566	Process	o	getsid	-	-	-	-	-
Process.md	582	Process	o	times	-	-	-	-	-
Process.md	592	Process	o	wait	-	-	-	-	-
Process.md	593	Process	o	wait2	-	-	-	-	-
Process.md	594	Process	o	waitpid	-	-	-	-	-
Process.md	595	Process	o	waitpid2	-	-	-	-	-
Process.md	626	Process	o	waitall	-	-	-	-	-
Process.md	644	Process	o	warmup	-	-	since:3.3	-	-
Process.md	659	Process	o	daemon	-	-	-	-	-
Process.md	676	Process	o	detach	-	-	-	-	-
Process.md	698	Process	o	argv0	-	-	-	-	-
Process.md	706	Process	o	setproctitle	-	-	-	-	-
Process.md	722	Process	o	clock_gettime	-	-	-	-	-
Process.md	873	Process	o	clock_getres	-	-	-	-	-
Process.md	911	Process	c	CLOCK_REALTIME	-	-	-	-	-
Process.md	918	Process	c	CLOCK_MONOTONIC	-	-	-	-	-
Process.md	925	Process	c	CLOCK_PROCESS_CPUTIME_ID	-	-	-	-	-
Process.md	932	Process	c	CLOCK_THREAD_CPUTIME_ID	-	-	-	-	-
Process.md	938	Process	c	CLOCK_VIRTUAL	-	-	-	-	-
Process.md	944	Process	c	CLOCK_PROF	-	-	-	-	-
Process.md	950	Process	c	CLOCK_REALTIME_FAST	-	-	-	-	-
Process.md	956	Process	c	CLOCK_REALTIME_PRECISE	-	-	-	-	-
Process.md	962	Process	c	CLOCK_REALTIME_COARSE	-	-	-	-	-
Process.md	968	Process	c	CLOCK_REALTIME_ALARM	-	-	-	-	-
Process.md	974	Process	c	CLOCK_MONOTONIC_FAST	-	-	-	-	-
Process.md	980	Process	c	CLOCK_MONOTONIC_PRECISE	-	-	-	-	-
Process.md	986	Process	c	CLOCK_MONOTONIC_COARSE	-	-	-	-	-
Process.md	992	Process	c	CLOCK_MONOTONIC_RAW	-	-	-	-	-
Process.md	998	Process	c	CLOCK_MONOTONIC_RAW_APPROX	-	-	-	-	-
Process.md	1004	Process	c	CLOCK_BOOTTIME	-	-	-	-	-
Process.md	1010	Process	c	CLOCK_BOOTTIME_ALARM	-	-	-	-	-
Process.md	1016	Process	c	CLOCK_UPTIME	-	-	-	-	-
Process.md	1022	Process	c	CLOCK_UPTIME_FAST	-	-	-	-	-
Process.md	1028	Process	c	CLOCK_UPTIME_RAW	-	-	-	-	-
Process.md	1034	Process	c	CLOCK_UPTIME_RAW_APPROX	-	-	-	-	-
Process.md	1040	Process	c	CLOCK_UPTIME_PRECISE	-	-	-	-	-
Process.md	1046	Process	c	CLOCK_SECOND	-	-	-	-	-
Process.md	1052	Process	c	PRIO_PROCESS	-	-	-	-	-
Process.md	1058	Process	c	PRIO_PGRP	-	-	-	-	-
Process.md	1064	Process	c	PRIO_USER	-	-	-	-	-
Process.md	1070	Process	c	RLIMIT_AS	-	-	-	-	-
Process.md	1077	Process	c	RLIMIT_CORE	-	-	-	-	-
Process.md	1084	Process	c	RLIMIT_CPU	-	-	-	-	-
Process.md	1091	Process	c	RLIMIT_DATA	-	-	-	-	-
Process.md	1098	Process	c	RLIMIT_FSIZE	-	-	-	-	-
Process.md	1105	Process	c	RLIMIT_MEMLOCK	-	-	-	-	-
Process.md	1112	Process	c	RLIMIT_NOFILE	-	-	-	-	-
Process.md	1119	Process	c	RLIMIT_NPROC	-	-	-	-	-
Process.md	1126	Process	c	RLIMIT_RSS	-	-	-	-	-
Process.md	1133	Process	c	RLIMIT_SBSIZE	-	-	-	-	-
Process.md	1140	Process	c	RLIMIT_STACK	-	-	-	-	-
Process.md	1147	Process	c	RLIM_INFINITY	-	-	-	-	-
Process.md	1153	Process	c	RLIM_SAVED_CUR	-	-	-	-	-
Process.md	1157	Process	c	RLIM_SAVED_MAX	-	-	-	-	-
Process.md	1161	Process	c	WNOHANG	-	-	-	-	-
Process.md	1166	Process	c	WUNTRACED	-	-	-	-	-
Process__GID.md	24	Process::GID	o	change_privilege	-	-	-	-	-
Process__GID.md	43	Process::GID	o	eid	-	-	-	-	-
Process__GID.md	55	Process::GID	o	grant_privilege	-	-	-	-	-
Process__GID.md	56	Process::GID	o	eid=	-	-	-	-	-
Process__GID.md	81	Process::GID	o	re_exchange	-	-	-	-	-
Process__GID.md	97	Process::GID	o	re_exchangeable?	-	-	-	-	-
Process__GID.md	101	Process::GID	o	rid	-	-	-	-	-
Process__GID.md	109	Process::GID	o	sid_available?	-	-	-	-	-
Process__GID.md	121	Process::GID	o	switch	-	-	-	-	-
Process__GID.md	122	Process::GID	o	switch	-	-	-	-	-
Process__GID.md	147	Process::GID	o	from_name	-	-	-	-	-
Process__Status.md	91	Process::Status	s	wait	-	-	-	-	-
Process__Status.md	132	Process::Status	i	==	-	-	-	-	-
Process__Status.md	141	Process::Status	i	&	-	-	until:4.0	-	-
Process__Status.md	152	Process::Status	i	pid	-	-	-	-	-
Process__Status.md	156	Process::Status	i	to_i	-	-	-	-	-
Process__Status.md	163	Process::Status	i	to_s	-	-	-	-	-
Process__Status.md	167	Process::Status	i	exited?	-	-	-	-	-
Process__Status.md	172	Process::Status	i	exitstatus	-	-	-	-	-
Process__Status.md	176	Process::Status	i	inspect	-	-	-	-	-
Process__Status.md	191	Process::Status	i	stopped?	-	-	-	-	-
Process__Status.md	196	Process::Status	i	stopsig	-	-	-	-	-
Process__Status.md	201	Process::Status	i	signaled?	-	-	-	-	-
Process__Status.md	205	Process::Status	i	termsig	-	-	-	-	-
Process__Status.md	209	Process::Status	i	coredump?	-	-	-	-	-
Process__Status.md	218	Process::Status	i	>>	-	-	until:4.0	-	-
Process__Status.md	236	Process::Status	i	success?	-	-	-	-	-
Process__Sys.md	13	Process::Sys	o	getuid	-	-	-	-	-
Process__Sys.md	19	Process::Sys	o	geteuid	-	-	-	-	-
Process__Sys.md	25	Process::Sys	o	getgid	-	-	-	-	-
Process__Sys.md	31	Process::Sys	o	getegid	-	-	-	-	-
Process__Sys.md	37	Process::Sys	o	setuid	-	-	-	-	-
Process__Sys.md	45	Process::Sys	o	setgid	-	-	-	-	-
Process__Sys.md	55	Process::Sys	o	setruid	-	-	-	-	-
Process__Sys.md	65	Process::Sys	o	setrgid	-	-	-	-	-
Process__Sys.md	75	Process::Sys	o	seteuid	-	-	-	-	-
Process__Sys.md	85	Process::Sys	o	setegid	-	-	-	-	-
Process__Sys.md	95	Process::Sys	o	setreuid	-	-	-	-	-
Process__Sys.md	107	Process::Sys	o	setregid	-	-	-	-	-
Process__Sys.md	119	Process::Sys	o	setresuid	-	-	-	-	-
Process__Sys.md	133	Process::Sys	o	setresgid	-	-	-	-	-
Process__Sys.md	147	Process::Sys	o	issetugid	-	-	-	-	-
Process__Tms.md	14	Process::Tms	i	cstime	-	-	-	-	-
Process__Tms.md	20	Process::Tms	i	cstime=	-	-	-	-	-
Process__Tms.md	24	Process::Tms	i	cutime	-	-	-	-	-
Process__Tms.md	30	Process::Tms	i	cutime=	-	-	-	-	-
Process__Tms.md	34	Process::Tms	i	stime	-	-	-	-	-
Process__Tms.md	38	Process::Tms	i	stime=	-	-	-	-	-
Process__Tms.md	42	Process::Tms	i	utime	-	-	-	-	-
Process__Tms.md	46	Process::Tms	i	utime=	-	-	-	-	-
Process__UID.md	24	Process::UID	o	rid	-	-	-	-	-
Process__UID.md	28	Process::UID	o	eid	-	-	-	-	-
Process__UID.md	32	Process::UID	o	change_privilege	-	-	-	-	-
Process__UID.md	51	Process::UID	o	grant_privilege	-	-	-	-	-
Process__UID.md	52	Process::UID	o	eid=	-	-	-	-	-
Process__UID.md	78	Process::UID	o	re_exchange	-	-	-	-	-
Process__UID.md	88	Process::UID	o	re_exchangeable?	-	-	-	-	-
Process__UID.md	92	Process::UID	o	sid_available?	-	-	-	-	-
Process__UID.md	104	Process::UID	o	switch	-	-	-	-	-
Process__UID.md	105	Process::UID	o	switch	-	-	-	-	-
Process__UID.md	130	Process::UID	o	from_name	-	-	-	-	-
Process__Waiter.md	14	Process::Waiter	i	pid	2.2.0	-	-	-	-
Ractor.md	11	Ractor	s	new	-	-	-	3.0	-
Ractor.md	22	Ractor	s	[]	-	-	since:3.4	3.0	-
Ractor.md	30	Ractor	s	[]=	-	-	since:3.4	3.0	-
Ractor.md	36	Ractor	s	count	-	-	-	3.0	-
Ractor.md	40	Ractor	s	current	-	-	-	3.0	-
Ractor.md	44	Ractor	s	main	-	-	-	3.0	-
Ractor.md	49	Ractor	s	main?	-	-	since:3.4	3.0	-
Ractor.md	54	Ractor	s	make_shareable	-	-	-	3.0	-
Ractor.md	63	Ractor	s	receive	-	-	-	3.0	-
Ractor.md	64	Ractor	s	recv	-	-	-	3.0	-
Ractor.md	78	Ractor	s	receive_if	-	-	until:4.0	3.0	-
Ractor.md	84	Ractor	s	select	-	-	since:4.0	3.0	-
Ractor.md	88	Ractor	s	select	-	-	until:4.0	3.0	-
Ractor.md	96	Ractor	s	shareable?	-	-	-	3.0	-
Ractor.md	103	Ractor	s	shareable_proc	-	-	since:4.0	3.0	-
Ractor.md	123	Ractor	s	shareable_lambda	-	-	since:4.0	3.0	-
Ractor.md	137	Ractor	s	store_if_absent	-	-	since:3.4	3.0	-
Ractor.md	146	Ractor	s	yield	-	-	until:4.0	3.0	-
Ractor.md	158	Ractor	i	close	-	-	since:4.0	3.0	-
Ractor.md	167	Ractor	i	default_port	-	-	since:4.0	3.0	-
Ractor.md	174	Ractor	i	join	-	-	since:4.0	3.0	-
Ractor.md	182	Ractor	i	monitor	-	-	since:4.0	3.0	-
Ractor.md	193	Ractor	i	name	-	-	-	3.0	-
Ractor.md	199	Ractor	i	<<	-	-	-	3.0	-
Ractor.md	200	Ractor	i	send	-	-	-	3.0	-
Ractor.md	217	Ractor	i	take	-	-	until:4.0	3.0	-
Ractor.md	225	Ractor	i	unmonitor	-	-	since:4.0	3.0	-
Ractor.md	232	Ractor	i	value	-	-	since:4.0	3.0	-
Random.md	15	Random	s	new	-	-	-	-	-
Random.md	32	Random	s	new_seed	-	-	-	-	-
Random.md	40	Random	s	urandom	-	-	-	-	-
Random.md	55	Random	s	rand	-	-	-	-	-
Random.md	56	Random	s	rand	-	-	-	-	-
Random.md	57	Random	s	rand	-	-	-	-	-
Random.md	84	Random	s	srand	-	-	-	-	-
Random.md	85	Random	s	srand	-	-	-	-	-
Random.md	99	Random	s	bytes	-	-	-	-	-
Random.md	112	Random	i	==	-	-	-	-	-
Random.md	129	Random	i	bytes	-	-	-	-	-
Random.md	142	Random	i	rand	-	-	-	-	-
Random.md	143	Random	i	rand	-	-	-	-	-
Random.md	144	Random	i	rand	-	-	-	-	-
Random.md	236	Random	i	seed	-	-	-	-	-
Random.md	245	Random	i	state	-	-	-	-	-
Random.md	251	Random	i	left	-	-	-	-	-
Random.md	257	Random	i	marshal_dump	-	-	-	-	-
Random.md	272	Random	i	marshal_load	-	-	-	-	-
Random.md	295	Random	s	state	-	-	-	-	-
Random.md	301	Random	s	left	-	-	-	-	-
Random.md	310	Random	c	DEFAULT	-	-	until:3.2	-	-
Random__Formatter.md	26	Random::Formatter	i	alphanumeric	-	-	since:3.3	-	-
Random__Formatter.md	28	Random::Formatter	i	alphanumeric	-	-	until:3.3	-	-
Range.md	111	Range	s	new	-	-	-	-	-
Range.md	167	Range	i	include?	-	-	-	-	-
Range.md	168	Range	i	member?	-	-	-	-	-
Range.md	191	Range	i	===	-	-	-	-	-
Range.md	235	Range	i	cover?	-	-	-	-	-
Range.md	273	Range	i	cover?	-	-	-	-	-
Range.md	296	Range	i	overlap?	-	-	since:3.3	-	-
Range.md	348	Range	i	begin	-	-	-	-	-
Range.md	349	Range	i	first	-	-	-	-	-
Range.md	368	Range	i	first	-	-	-	-	-
Range.md	384	Range	i	each	-	-	-	-	-
Range.md	385	Range	i	each	-	-	-	-	-
Range.md	402	Range	i	reverse_each	-	-	since:3.3	-	-
Range.md	403	Range	i	reverse_each	-	-	since:3.3	-	-
Range.md	431	Range	i	end	-	-	-	-	-
Range.md	432	Range	i	last	-	-	-	-	-
Range.md	443	Range	i	last	-	-	-	-	-
Range.md	465	Range	i	exclude_end?	-	-	-	-	-
Range.md	474	Range	i	step	-	-	-	-	-
Range.md	475	Range	i	step	-	-	-	-	-
Range.md	476	Range	i	step	-	-	-	-	-
Range.md	477	Range	i	%	-	-	-	-	-
Range.md	478	Range	i	%	-	-	-	-	-
Range.md	532	Range	i	==	-	-	-	-	-
Range.md	545	Range	i	eql?	-	-	-	-	-
Range.md	558	Range	i	hash	-	-	-	-	-
Range.md	567	Range	i	to_a	EMPTY	-	-	-	-
Range.md	569	Range	i	entries	EMPTY	-	-	-	-
Range.md	588	Range	i	to_s	-	-	-	-	-
Range.md	599	Range	i	inspect	-	-	-	-	-
Range.md	610	Range	i	min	EMPTY	-	-	-	-
Range.md	612	Range	i	min	EMPTY	-	-	-	-
Range.md	640	Range	i	min	EMPTY	-	-	-	-
Range.md	642	Range	i	min	EMPTY	-	-	-	-
Range.md	665	Range	i	minmax	EMPTY	-	-	-	-
Range.md	667	Range	i	minmax	EMPTY	-	-	-	-
Range.md	684	Range	i	max	EMPTY	-	-	-	-
Range.md	686	Range	i	max	EMPTY	-	-	-	-
Range.md	714	Range	i	max	EMPTY	-	-	-	-
Range.md	716	Range	i	max	EMPTY	-	-	-	-
Range.md	739	Range	i	bsearch	-	-	-	-	-
Range.md	740	Range	i	bsearch	-	-	-	-	-
Range.md	791	Range	i	size	-	-	-	-	-
Rational.md	61	Rational	i	*	-	-	-	-	-
Rational.md	79	Rational	i	**	-	-	-	-	-
Rational.md	125	Rational	i	+	-	-	-	-	-
Rational.md	142	Rational	i	-	-	-	-	-	-
Rational.md	158	Rational	i	/	-	-	-	-	-
Rational.md	159	Rational	i	quo	-	-	-	-	-
Rational.md	180	Rational	i	-@	1.9.1	-	-	-	-
Rational.md	192	Rational	i	<=>	-	-	-	-	-
Rational.md	208	Rational	i	==	-	-	-	-	-
Rational.md	226	Rational	i	positive?	2.3.0	-	-	-	-
Rational.md	238	Rational	i	negative?	2.3.0	-	-	-	-
Rational.md	250	Rational	i	abs	1.9.1	-	-	-	-
Rational.md	252	Rational	i	magnitude	1.9.1	-	-	-	-
Rational.md	262	Rational	i	ceil	-	-	-	-	-
Rational.md	287	Rational	i	coerce	-	-	-	-	-
Rational.md	298	Rational	i	denominator	-	-	-	-	-
Rational.md	311	Rational	i	fdiv	-	-	-	-	-
Rational.md	327	Rational	i	floor	-	-	-	-	-
Rational.md	361	Rational	i	hash	-	-	-	-	-
Rational.md	369	Rational	i	inspect	-	-	-	-	-
Rational.md	386	Rational	i	numerator	-	-	-	-	-
Rational.md	399	Rational	i	rationalize	-	-	-	-	-
Rational.md	414	Rational	i	round	-	-	-	-	-
Rational.md	442	Rational	i	to_f	-	-	-	-	-
Rational.md	461	Rational	i	to_i	-	-	-	-	-
Rational.md	462	Rational	i	truncate	-	-	-	-	-
Rational.md	490	Rational	i	to_r	-	-	-	-	-
Rational.md	499	Rational	i	to_s	-	-	-	-	-
Rational.md	518	Rational	i	marshal_dump	-	-	-	-	-
Rational.md	529	Rational	s	convert	-	-	-	-	-
Refinement.md	15	Refinement	i	target	-	-	since:3.2,since:3.3	3.1	-
Refinement.md	32	Refinement	i	refined_class	-	-	since:3.2,until:3.4	3.1	-
Refinement.md	58	Refinement	i	import_methods	-	-	-	3.1	-
Regexp.md	37	Regexp	s	compile	-	-	since:3.3	-	-
Regexp.md	38	Regexp	s	new	-	-	since:3.3	-	-
Regexp.md	53	Regexp	s	compile	-	-	until:3.3	-	-
Regexp.md	54	Regexp	s	new	-	-	until:3.3	-	-
Regexp.md	93	Regexp	s	escape	-	-	-	-	-
Regexp.md	94	Regexp	s	quote	-	-	-	-	-
Regexp.md	105	Regexp	s	last_match	-	-	-	-	-
Regexp.md	119	Regexp	s	last_match	-	-	-	-	-
Regexp.md	157	Regexp	s	union	-	-	-	-	-
Regexp.md	223	Regexp	s	try_convert	-	-	-	-	-
Regexp.md	235	Regexp	s	timeout	-	-	since:3.2	-	-
Regexp.md	250	Regexp	s	timeout=	-	-	since:3.2	-	-
Regexp.md	273	Regexp	s	linear_time?	-	-	since:3.2	-	-
Regexp.md	274	Regexp	s	linear_time?	-	-	since:3.2	-	-
Regexp.md	297	Regexp	i	=~	-	-	-	-	-
Regexp.md	334	Regexp	i	===	-	-	-	-	-
Regexp.md	360	Regexp	i	~	-	-	-	-	-
Regexp.md	399	Regexp	i	casefold?	-	-	-	-	-
Regexp.md	411	Regexp	i	fixed_encoding?	-	-	-	-	-
Regexp.md	448	Regexp	i	match	-	-	-	-	-
Regexp.md	449	Regexp	i	match	-	-	-	-	-
Regexp.md	541	Regexp	i	match?	-	-	-	-	-
Regexp.md	556	Regexp	i	options	-	-	-	-	-
Regexp.md	581	Regexp	i	timeout	-	-	since:3.2	-	-
Regexp.md	599	Regexp	i	source	-	-	-	-	-
Regexp.md	608	Regexp	i	to_s	-	-	-	-	-
Regexp.md	636	Regexp	i	==	-	-	-	-	-
Regexp.md	637	Regexp	i	eql?	-	-	-	-	-
Regexp.md	651	Regexp	i	hash	-	-	-	-	-
Regexp.md	660	Regexp	i	inspect	-	-	-	-	-
Regexp.md	671	Regexp	i	encoding	-	-	-	-	-
Regexp.md	679	Regexp	i	named_captures	-	-	-	-	-
Regexp.md	698	Regexp	i	names	-	-	-	-	-
Regexp.md	715	Regexp	c	EXTENDED	-	-	-	-	-
Regexp.md	719	Regexp	c	IGNORECASE	-	-	-	-	-
Regexp.md	724	Regexp	c	MULTILINE	-	-	-	-	-
Regexp.md	729	Regexp	c	FIXEDENCODING	-	-	-	-	-
Regexp.md	735	Regexp	c	NOENCODING	-	-	-	-	-
Ruby.md	17	Ruby	c	VERSION	-	-	-	4.0	-
Ruby.md	24	Ruby	c	RELEASE_DATE	-	-	-	4.0	-
Ruby.md	30	Ruby	c	PLATFORM	-	-	-	4.0	-
Ruby.md	36	Ruby	c	PATCHLEVEL	-	-	-	4.0	-
Ruby.md	43	Ruby	c	REVISION	-	-	-	4.0	-
Ruby.md	49	Ruby	c	COPYRIGHT	-	-	-	4.0	-
Ruby.md	55	Ruby	c	ENGINE	-	-	-	4.0	-
Ruby.md	61	Ruby	c	ENGINE_VERSION	-	-	-	4.0	-
Ruby.md	67	Ruby	c	DESCRIPTION	-	-	-	4.0	-
RubyVM.md	37	RubyVM	s	stat	-	-	-	-	-
RubyVM.md	38	RubyVM	s	stat	-	-	-	-	-
RubyVM.md	39	RubyVM	s	stat	-	-	-	-	-
RubyVM.md	64	RubyVM	c	OPTS	-	-	-	-	-
RubyVM.md	68	RubyVM	c	INSTRUCTION_NAMES	-	-	-	-	-
RubyVM.md	79	RubyVM	c	DEFAULT_PARAMS	-	-	-	-	-
RubyVM__AbstractSyntaxTree.md	24	RubyVM::AbstractSyntaxTree	s	of	-	-	-	2.6.0	-
RubyVM__AbstractSyntaxTree.md	26	RubyVM::AbstractSyntaxTree	s	of	-	-	since:3.2	2.6.0	-
RubyVM__AbstractSyntaxTree.md	73	RubyVM::AbstractSyntaxTree	s	parse	-	-	-	2.6.0	-
RubyVM__AbstractSyntaxTree.md	75	RubyVM::AbstractSyntaxTree	s	parse	-	-	since:3.2	2.6.0	-
RubyVM__AbstractSyntaxTree.md	105	RubyVM::AbstractSyntaxTree	s	parse_file	-	-	-	2.6.0	-
RubyVM__AbstractSyntaxTree.md	107	RubyVM::AbstractSyntaxTree	s	parse_file	-	-	since:3.2	2.6.0	-
RubyVM__AbstractSyntaxTree__Node.md	13	RubyVM::AbstractSyntaxTree::Node	i	children	-	-	-	2.6.0	-
RubyVM__AbstractSyntaxTree__Node.md	27	RubyVM::AbstractSyntaxTree::Node	i	first_column	-	-	-	2.6.0	-
RubyVM__AbstractSyntaxTree__Node.md	38	RubyVM::AbstractSyntaxTree::Node	i	first_lineno	-	-	-	2.6.0	-
RubyVM__AbstractSyntaxTree__Node.md	49	RubyVM::AbstractSyntaxTree::Node	i	inspect	-	-	-	2.6.0	-
RubyVM__AbstractSyntaxTree__Node.md	59	RubyVM::AbstractSyntaxTree::Node	i	last_column	-	-	-	2.6.0	-
RubyVM__AbstractSyntaxTree__Node.md	70	RubyVM::AbstractSyntaxTree::Node	i	last_lineno	-	-	-	2.6.0	-
RubyVM__AbstractSyntaxTree__Node.md	81	RubyVM::AbstractSyntaxTree::Node	i	type	-	-	-	2.6.0	-
RubyVM__InstructionSequence.md	21	RubyVM::InstructionSequence	s	compile	-	-	-	-	-
RubyVM__InstructionSequence.md	22	RubyVM::InstructionSequence	s	new	-	-	-	-	-
RubyVM__InstructionSequence.md	45	RubyVM::InstructionSequence	s	compile_file	-	-	-	-	-
RubyVM__InstructionSequence.md	68	RubyVM::InstructionSequence	s	compile_option	-	-	-	-	-
RubyVM__InstructionSequence.md	133	RubyVM::InstructionSequence	s	compile_option=	-	-	-	-	-
RubyVM__InstructionSequence.md	159	RubyVM::InstructionSequence	s	disasm	-	-	-	-	-
RubyVM__InstructionSequence.md	160	RubyVM::InstructionSequence	s	disassemble	-	-	-	-	-
RubyVM__InstructionSequence.md	216	RubyVM::InstructionSequence	s	of	-	-	-	-	-
RubyVM__InstructionSequence.md	259	RubyVM::InstructionSequence	s	load_from_binary	-	-	-	-	-
RubyVM__InstructionSequence.md	275	RubyVM::InstructionSequence	s	load_from_binary_extra_data	-	-	-	-	-
RubyVM__InstructionSequence.md	289	RubyVM::InstructionSequence	i	inspect	-	-	-	-	-
RubyVM__InstructionSequence.md	301	RubyVM::InstructionSequence	i	disasm	-	-	-	-	-
RubyVM__InstructionSequence.md	302	RubyVM::InstructionSequence	i	disassemble	-	-	-	-	-
RubyVM__InstructionSequence.md	321	RubyVM::InstructionSequence	i	to_a	-	-	-	-	-
RubyVM__InstructionSequence.md	430	RubyVM::InstructionSequence	i	eval	-	-	-	-	-
RubyVM__InstructionSequence.md	438	RubyVM::InstructionSequence	i	path	-	-	-	-	-
RubyVM__InstructionSequence.md	469	RubyVM::InstructionSequence	i	absolute_path	-	-	-	-	-
RubyVM__InstructionSequence.md	500	RubyVM::InstructionSequence	i	label	-	-	-	-	-
RubyVM__InstructionSequence.md	541	RubyVM::InstructionSequence	i	base_label	-	-	-	-	-
RubyVM__InstructionSequence.md	580	RubyVM::InstructionSequence	i	first_lineno	-	-	-	-	-
RubyVM__InstructionSequence.md	602	RubyVM::InstructionSequence	i	to_binary	-	-	-	-	-
RubyVM__MJIT.md	21	RubyVM::MJIT	s	enabled?	-	-	-	2.6.0	3.3
RubyVM__MJIT.md	27	RubyVM::MJIT	s	pause	-	-	-	2.6.0	3.3
RubyVM__MJIT.md	37	RubyVM::MJIT	s	resume	-	-	-	2.6.0	3.3
RubyVM__YJIT.md	41	RubyVM::YJIT	s	enabled?	-	-	-	3.1	-
RubyVM__YJIT.md	55	RubyVM::YJIT	s	stats_enabled?	-	-	-	3.1	-
RubyVM__YJIT.md	66	RubyVM::YJIT	s	log_enabled?	-	-	since:3.4	3.1	-
RubyVM__YJIT.md	73	RubyVM::YJIT	s	reset_stats!	-	-	-	3.1	-
RubyVM__YJIT.md	81	RubyVM::YJIT	s	enable	-	-	since:3.3,since:4.0	3.1	-
RubyVM__YJIT.md	84	RubyVM::YJIT	s	enable	-	-	since:3.3,if:("3.4" <= version and version < "4.0")	3.1	-
RubyVM__YJIT.md	87	RubyVM::YJIT	s	enable	-	-	since:3.3,until:3.4	3.1	-
RubyVM__YJIT.md	122	RubyVM::YJIT	s	dump_exit_locations	-	-	since:3.2	3.1	-
RubyVM__YJIT.md	135	RubyVM::YJIT	s	runtime_stats	-	-	since:3.4	3.1	-
RubyVM__YJIT.md	138	RubyVM::YJIT	s	runtime_stats	-	-	if:("3.3" <= version and version < "3.4")	3.1	-
RubyVM__YJIT.md	141	RubyVM::YJIT	s	runtime_stats	-	-	until:3.3	3.1	-
RubyVM__YJIT.md	165	RubyVM::YJIT	s	stats_string	-	-	since:3.3	3.1	-
RubyVM__YJIT.md	176	RubyVM::YJIT	s	log	-	-	since:3.4	3.1	-
RubyVM__YJIT.md	187	RubyVM::YJIT	s	code_gc	-	-	since:3.2	3.1	-
Ruby__Box.md	55	Ruby::Box	s	new	-	-	-	4.0	-
Ruby__Box.md	62	Ruby::Box	s	enabled?	-	-	-	4.0	-
Ruby__Box.md	68	Ruby::Box	s	current	-	-	-	4.0	-
Ruby__Box.md	76	Ruby::Box	i	eval	-	-	-	4.0	-
Ruby__Box.md	82	Ruby::Box	i	load	-	-	-	4.0	-
Ruby__Box.md	88	Ruby::Box	i	require	-	-	-	4.0	-
Ruby__Box.md	95	Ruby::Box	i	require_relative	-	-	-	4.0	-
Ruby__Box.md	101	Ruby::Box	i	load_path	-	-	-	4.0	-
Ruby__Box.md	107	Ruby::Box	i	inspect	-	-	-	4.0	-
Set.md	67	Set	s	new	-	-	-	3.2	-
Set.md	68	Set	s	new	-	-	-	3.2	-
Set.md	94	Set	s	[]	-	-	-	3.2	-
Set.md	109	Set	i	clone	-	-	-	3.2	-
Set.md	110	Set	i	dup	-	-	-	3.2	-
Set.md	133	Set	i	compare_by_identity	-	-	-	3.2	-
Set.md	160	Set	i	compare_by_identity?	-	-	-	3.2	-
Set.md	175	Set	i	size	-	-	-	3.2	-
Set.md	176	Set	i	length	-	-	-	3.2	-
Set.md	184	Set	i	empty?	-	-	-	3.2	-
Set.md	193	Set	i	clear	-	-	-	3.2	-
Set.md	211	Set	i	replace	-	-	-	3.2	-
Set.md	234	Set	i	flatten	-	-	-	3.2	-
Set.md	235	Set	i	flatten!	-	-	-	3.2	-
Set.md	264	Set	i	to_a	-	-	-	3.2	-
Set.md	273	Set	i	join	-	-	-	3.2	-
Set.md	290	Set	i	include?	-	-	-	3.2	-
Set.md	291	Set	i	member?	-	-	-	3.2	-
Set.md	292	Set	i	===	-	-	-	3.2	-
Set.md	304	Set	i	superset?	-	-	-	3.2	-
Set.md	305	Set	i	>=	-	-	-	3.2	-
Set.md	306	Set	i	proper_superset?	-	-	-	3.2	-
Set.md	307	Set	i	>	-	-	-	3.2	-
Set.md	330	Set	i	subset?	-	-	-	3.2	-
Set.md	331	Set	i	<=	-	-	-	3.2	-
Set.md	332	Set	i	proper_subset?	-	-	-	3.2	-
Set.md	333	Set	i	<	-	-	-	3.2	-
Set.md	356	Set	i	each	-	-	-	3.2	-
Set.md	367	Set	i	collect!	-	-	-	3.2	-
Set.md	368	Set	i	map!	-	-	-	3.2	-
Set.md	384	Set	i	add	-	-	-	3.2	-
Set.md	385	Set	i	<<	-	-	-	3.2	-
Set.md	386	Set	i	add?	-	-	-	3.2	-
Set.md	410	Set	i	delete	-	-	-	3.2	-
Set.md	411	Set	i	delete?	-	-	-	3.2	-
Set.md	434	Set	i	delete_if	-	-	-	3.2	-
Set.md	435	Set	i	reject!	-	-	-	3.2	-
Set.md	464	Set	i	merge	-	-	-	3.2	-
Set.md	483	Set	i	subtract	-	-	-	3.2	-
Set.md	502	Set	i	union	-	-	-	3.2	-
Set.md	503	Set	i	+	-	-	-	3.2	-
Set.md	504	Set	i	|	-	-	-	3.2	-
Set.md	520	Set	i	difference	-	-	-	3.2	-
Set.md	521	Set	i	-	-	-	-	3.2	-
Set.md	537	Set	i	intersection	-	-	-	3.2	-
Set.md	538	Set	i	&	-	-	-	3.2	-
Set.md	557	Set	i	^	-	-	-	3.2	-
Set.md	574	Set	i	==	-	-	-	3.2	-
Set.md	592	Set	i	classify	-	-	-	3.2	-
Set.md	610	Set	i	divide	-	-	-	3.2	-
Set.md	611	Set	i	divide	-	-	-	3.2	-
Set.md	671	Set	i	inspect	-	-	-	3.2	-
Set.md	672	Set	i	to_s	-	-	-	3.2	-
Set.md	685	Set	i	intersect?	-	-	-	3.2	-
Set.md	699	Set	i	disjoint?	-	-	-	3.2	-
Set.md	715	Set	i	keep_if	-	-	-	3.2	-
Set.md	721	Set	i	select!	-	-	-	3.2	-
Set.md	722	Set	i	filter!	-	-	-	3.2	-
Set.md	728	Set	i	reset	-	-	-	3.2	-
Signal.md	10	Signal	o	list	-	-	-	-	-
Signal.md	20	Signal	o	trap	-	-	-	-	-
Signal.md	21	Signal	o	trap	-	-	-	-	-
Signal.md	83	Signal	o	signame	-	-	-	-	-
SignalException.md	26	SignalException	s	new	-	-	-	-	-
SignalException.md	27	SignalException	s	new	-	-	-	-	-
SignalException.md	28	SignalException	s	new	-	-	-	-	-
SignalException.md	53	SignalException	i	signo	-	-	-	-	-
SignalException.md	67	SignalException	i	signm	-	-	-	-	-
StopIteration.md	10	StopIteration	i	result	-	-	-	-	-
String.md	173	String	s	try_convert	-	-	-	-	-
String.md	185	String	s	new	-	-	-	-	-
String.md	186	String	s	new	-	-	-	-	-
String.md	215	String	i	+@	-	-	-	-	-
String.md	238	String	i	-@	-	-	-	-	-
String.md	240	String	i	dedup	-	-	since:3.2	-	-
String.md	264	String	i	+	-	-	-	-	-
String.md	281	String	i	*	-	-	-	-	-
String.md	299	String	i	%	-	-	-	-	-
String.md	324	String	i	<=>	-	-	-	-	-
String.md	348	String	i	==	-	-	-	-	-
String.md	349	String	i	===	EMPTY	-	-	-	-
String.md	382	String	i	<<	-	-	-	-	-
String.md	383	String	i	concat	-	-	-	-	-
String.md	404	String	i	concat	-	-	-	-	-
String.md	433	String	i	append_as_bytes	-	-	since:3.4	-	-
String.md	461	String	i	=~	-	-	-	-	-
String.md	481	String	i	[]	-	-	-	-	-
String.md	482	String	i	slice	-	-	-	-	-
String.md	503	String	i	[]	-	-	-	-	-
String.md	504	String	i	slice	-	-	-	-	-
String.md	532	String	i	[]	-	-	-	-	-
String.md	533	String	i	slice	-	-	-	-	-
String.md	547	String	i	[]	-	-	-	-	-
String.md	548	String	i	slice	-	-	-	-	-
String.md	565	String	i	[]	-	-	-	-	-
String.md	566	String	i	slice	-	-	-	-	-
String.md	583	String	i	[]	-	-	-	-	-
String.md	584	String	i	slice	-	-	-	-	-
String.md	662	String	i	[]=	-	-	-	-	-
String.md	677	String	i	[]=	-	-	-	-	-
String.md	700	String	i	[]=	-	-	-	-	-
String.md	720	String	i	[]=	-	-	-	-	-
String.md	740	String	i	[]=	-	-	-	-	-
String.md	758	String	i	[]=	-	-	-	-	-
String.md	775	String	i	[]=	-	-	-	-	-
String.md	783	String	i	capitalize	-	-	-	-	-
String.md	798	String	i	capitalize!	-	-	-	-	-
String.md	819	String	i	casecmp	-	-	-	-	-
String.md	845	String	i	casecmp?	-	-	-	-	-
String.md	868	String	i	center	-	-	-	-	-
String.md	890	String	i	ljust	-	-	-	-	-
String.md	910	String	i	rjust	-	-	-	-	-
String.md	930	String	i	chomp	-	-	-	-	-
String.md	961	String	i	chomp!	-	-	-	-	-
String.md	996	String	i	chop	-	-	-	-	-
String.md	1013	String	i	chop!	-	-	-	-	-
String.md	1033	String	i	clear	-	-	-	-	-
String.md	1059	String	i	count	-	-	-	-	-
String.md	1089	String	i	crypt	-	-	-	-	-
String.md	1133	String	i	delete	-	-	-	-	-
String.md	1156	String	i	delete!	-	-	-	-	-
String.md	1190	String	i	downcase	-	-	-	-	-
String.md	1234	String	i	downcase!	-	-	-	-	-
String.md	1250	String	i	dump	-	-	-	-	-
String.md	1262	String	i	undump	-	-	-	-	-
String.md	1274	String	i	each_line	-	-	-	-	-
String.md	1275	String	i	each_line	-	-	-	-	-
String.md	1307	String	i	lines	-	-	-	-	-
String.md	1308	String	i	lines	-	-	-	-	-
String.md	1339	String	i	each_byte	-	-	-	-	-
String.md	1340	String	i	each_byte	-	-	-	-	-
String.md	1362	String	i	bytes	-	-	-	-	-
String.md	1363	String	i	bytes	-	-	-	-	-
String.md	1377	String	i	empty?	-	-	-	-	-
String.md	1387	String	i	getbyte	-	-	-	-	-
String.md	1405	String	i	setbyte	-	-	-	-	-
String.md	1424	String	i	gsub	-	-	-	-	-
String.md	1482	String	i	gsub	-	-	-	-	-
String.md	1483	String	i	gsub	-	-	-	-	-
String.md	1499	String	i	gsub	-	-	-	-	-
String.md	1512	String	i	gsub!	-	-	-	-	-
String.md	1564	String	i	gsub!	-	-	-	-	-
String.md	1565	String	i	gsub!	-	-	-	-	-
String.md	1587	String	i	gsub!	-	-	-	-	-
String.md	1605	String	i	hex	-	-	-	-	-
String.md	1634	String	i	include?	-	-	-	-	-
String.md	1646	String	i	index	-	-	-	-	-
String.md	1671	String	i	byteindex	-	-	since:3.2	-	-
String.md	1713	String	i	insert	-	-	-	-	-
String.md	1737	String	i	intern	-	-	-	-	-
String.md	1738	String	i	to_sym	-	-	-	-	-
String.md	1752	String	i	length	-	-	-	-	-
String.md	1753	String	i	size	-	-	-	-	-
String.md	1787	String	i	match	-	-	-	-	-
String.md	1788	String	i	match	-	-	-	-	-
String.md	1813	String	i	match?	-	-	-	-	-
String.md	1828	String	i	succ	-	-	-	-	-
String.md	1829	String	i	next	-	-	-	-	-
String.md	1893	String	i	succ!	-	-	-	-	-
String.md	1894	String	i	next!	-	-	-	-	-
String.md	1932	String	i	oct	-	-	-	-	-
String.md	1971	String	i	replace	-	-	-	-	-
String.md	1981	String	i	reverse	-	-	-	-	-
String.md	1990	String	i	reverse!	-	-	-	-	-
String.md	2000	String	i	rindex	-	-	-	-	-
String.md	2043	String	i	byterindex	-	-	since:3.2	-	-
String.md	2111	String	i	scan	-	-	-	-	-
String.md	2129	String	i	scan	-	-	-	-	-
String.md	2156	String	i	slice!	-	-	-	-	-
String.md	2157	String	i	slice!	-	-	-	-	-
String.md	2158	String	i	slice!	-	-	-	-	-
String.md	2159	String	i	slice!	-	-	-	-	-
String.md	2160	String	i	slice!	-	-	-	-	-
String.md	2161	String	i	slice!	-	-	-	-	-
String.md	2176	String	i	split	-	-	-	-	-
String.md	2177	String	i	split	-	-	-	-	-
String.md	2272	String	i	squeeze	-	-	-	-	-
String.md	2298	String	i	squeeze!	-	-	-	-	-
String.md	2332	String	i	strip	-	-	since:4.0	-	-
String.md	2334	String	i	strip	-	-	until:4.0	-	-
String.md	2384	String	i	strip!	-	-	since:4.0	-	-
String.md	2386	String	i	strip!	-	-	until:4.0	-	-
String.md	2441	String	i	lstrip	-	-	since:4.0	-	-
String.md	2443	String	i	lstrip	-	-	until:4.0	-	-
String.md	2486	String	i	lstrip!	-	-	since:4.0	-	-
String.md	2488	String	i	lstrip!	-	-	until:4.0	-	-
String.md	2536	String	i	rstrip	-	-	since:4.0	-	-
String.md	2538	String	i	rstrip	-	-	until:4.0	-	-
String.md	2586	String	i	rstrip!	-	-	since:4.0	-	-
String.md	2588	String	i	rstrip!	-	-	until:4.0	-	-
String.md	2634	String	i	sub	-	-	-	-	-
String.md	2691	String	i	sub	-	-	-	-	-
String.md	2706	String	i	sub	-	-	-	-	-
String.md	2719	String	i	sub!	-	-	-	-	-
String.md	2771	String	i	sub!	-	-	-	-	-
String.md	2793	String	i	sub!	-	-	-	-	-
String.md	2801	String	i	sum	-	-	-	-	-
String.md	2829	String	i	swapcase	-	-	-	-	-
String.md	2842	String	i	swapcase!	-	-	-	-	-
String.md	2860	String	i	to_f	-	-	-	-	-
String.md	2917	String	i	to_i	-	-	-	-	-
String.md	2974	String	i	to_s	-	-	-	-	-
String.md	2975	String	i	to_str	-	-	-	-	-
String.md	2994	String	i	tr	-	-	-	-	-
String.md	3029	String	i	tr!	-	-	-	-	-
String.md	3053	String	i	tr_s	-	-	-	-	-
String.md	3092	String	i	tr_s!	-	-	-	-	-
String.md	3139	String	i	unpack	-	-	-	-	-
String.md	3150	String	i	upcase	-	-	-	-	-
String.md	3164	String	i	upcase!	-	-	-	-	-
String.md	3180	String	i	upto	-	-	-	-	-
String.md	3200	String	i	eql?	-	-	-	-	-
String.md	3232	String	i	hash	-	-	-	-	-
String.md	3244	String	i	inspect	-	-	-	-	-
String.md	3263	String	i	chr	-	-	-	-	-
String.md	3284	String	i	start_with?	-	-	-	-	-
String.md	3301	String	i	end_with?	-	-	-	-	-
String.md	3316	String	i	partition	-	-	-	-	-
String.md	3334	String	i	rpartition	-	-	-	-	-
String.md	3351	String	i	each_char	-	-	-	-	-
String.md	3352	String	i	each_char	-	-	-	-	-
String.md	3370	String	i	chars	-	-	-	-	-
String.md	3371	String	i	chars	-	-	-	-	-
String.md	3385	String	i	each_codepoint	-	-	-	-	-
String.md	3386	String	i	each_codepoint	-	-	-	-	-
String.md	3402	String	i	codepoints	-	-	-	-	-
String.md	3403	String	i	codepoints	-	-	-	-	-
String.md	3419	String	i	bytesize	-	-	-	-	-
String.md	3432	String	i	ord	-	-	-	-	-
String.md	3447	String	i	encoding	-	-	-	-	-
String.md	3461	String	i	force_encoding	-	-	-	-	-
String.md	3481	String	i	ascii_only?	-	-	-	-	-
String.md	3493	String	i	valid_encoding?	-	-	-	-	-
String.md	3504	String	i	encode	-	-	-	-	-
String.md	3505	String	i	encode	-	-	-	-	-
String.md	3506	String	i	encode	-	-	-	-	-
String.md	3559	String	i	encode!	-	-	-	-	-
String.md	3560	String	i	encode!	-	-	-	-	-
String.md	3580	String	i	to_c	-	-	-	-	-
String.md	3616	String	i	to_r	-	-	-	-	-
String.md	3655	String	i	byteslice	-	-	-	-	-
String.md	3673	String	i	byteslice	-	-	-	-	-
String.md	3694	String	i	byteslice	-	-	-	-	-
String.md	3711	String	i	bytesplice	-	-	since:3.2	-	-
String.md	3713	String	i	bytesplice	-	-	since:3.2,since:3.3	-	-
String.md	3715	String	i	bytesplice	-	-	since:3.2	-	-
String.md	3717	String	i	bytesplice	-	-	since:3.2,since:3.3	-	-
String.md	3747	String	i	prepend	-	-	-	-	-
String.md	3759	String	i	prepend	-	-	-	-	-
String.md	3775	String	i	b	2.0.0	-	-	-	-
String.md	3785	String	i	scrub	-	-	-	-	-
String.md	3786	String	i	scrub	-	-	-	-	-
String.md	3787	String	i	scrub	-	-	-	-	-
String.md	3803	String	i	scrub!	-	-	-	-	-
String.md	3804	String	i	scrub!	-	-	-	-	-
String.md	3805	String	i	scrub!	-	-	-	-	-
String.md	3821	String	i	unicode_normalize	-	-	-	-	-
String.md	3844	String	i	unicode_normalize!	-	-	-	-	-
String.md	3864	String	i	unicode_normalized?	-	-	-	-	-
String.md	3883	String	i	unpack1	-	-	-	-	-
String.md	3899	String	i	each_grapheme_cluster	-	-	-	-	-
String.md	3900	String	i	each_grapheme_cluster	-	-	-	-	-
String.md	3915	String	i	grapheme_clusters	-	-	-	-	-
String.md	3916	String	i	grapheme_clusters	-	-	-	-	-
String.md	3930	String	i	delete_prefix	-	-	-	-	-
String.md	3947	String	i	delete_prefix!	-	-	-	-	-
String.md	3964	String	i	delete_suffix	-	-	-	-	-
String.md	3983	String	i	delete_suffix!	-	-	-	-	-
Struct.md	15	Struct	s	new	-	-	since:3.1	-	-
Struct.md	16	Struct	s	new	-	-	since:3.1	-	-
Struct.md	18	Struct	s	new	-	-	until:3.1	-	-
Struct.md	19	Struct	s	new	-	-	until:3.1	-	-
Struct.md	157	Struct	s	new	-	-	-	-	-
Struct.md	158	Struct	s	[]	-	-	-	-	-
Struct.md	175	Struct	s	members	-	-	-	-	-
Struct.md	186	Struct	s	keyword_init?	-	-	since:3.1	-	-
Struct.md	205	Struct	i	[]	-	-	-	-	-
Struct.md	238	Struct	i	[]=	-	-	-	-	-
Struct.md	264	Struct	i	each	-	-	-	-	-
Struct.md	265	Struct	i	each	-	-	-	-	-
Struct.md	281	Struct	i	each_pair	-	-	-	-	-
Struct.md	282	Struct	i	each_pair	-	-	-	-	-
Struct.md	295	Struct	i	length	-	-	-	-	-
Struct.md	296	Struct	i	size	-	-	-	-	-
Struct.md	308	Struct	i	members	-	-	-	-	-
Struct.md	319	Struct	i	values	-	-	-	-	-
Struct.md	320	Struct	i	to_a	-	-	-	-	-
Struct.md	321	Struct	i	deconstruct	2.7.0	-	-	-	-
Struct.md	336	Struct	i	deconstruct_keys	2.7.0	-	-	-	-
Struct.md	358	Struct	i	inspect	-	-	-	-	-
Struct.md	359	Struct	i	to_s	-	-	-	-	-
Struct.md	371	Struct	i	select	-	-	-	-	-
Struct.md	372	Struct	i	select	-	-	-	-	-
Struct.md	373	Struct	i	filter	-	-	-	-	-
Struct.md	374	Struct	i	filter	-	-	-	-	-
Struct.md	390	Struct	i	values_at	-	-	-	-	-
Struct.md	406	Struct	i	dig	-	-	-	-	-
Struct.md	422	Struct	i	==	-	-	-	-	-
Struct.md	443	Struct	i	eql?	-	-	-	-	-
Struct.md	464	Struct	i	equal?	-	-	-	-	-
Struct.md	475	Struct	i	hash	-	-	-	-	-
Struct.md	489	Struct	i	to_h	-	-	-	-	-
Struct.md	490	Struct	i	to_h	-	-	-	-	-
Symbol.md	85	Symbol	s	all_symbols	-	-	-	-	-
Symbol.md	117	Symbol	i	intern	-	-	-	-	-
Symbol.md	118	Symbol	i	to_sym	-	-	-	-	-
Symbol.md	128	Symbol	i	id2name	-	-	-	-	-
Symbol.md	129	Symbol	i	to_s	-	-	-	-	-
Symbol.md	156	Symbol	i	name	-	-	-	-	-
Symbol.md	171	Symbol	i	to_proc	-	-	-	-	-
Symbol.md	198	Symbol	i	==	EMPTY	-	-	-	-
Symbol.md	211	Symbol	i	start_with?	-	-	-	-	-
Symbol.md	232	Symbol	i	succ	-	-	-	-	-
Symbol.md	233	Symbol	i	next	-	-	-	-	-
Symbol.md	246	Symbol	i	<=>	-	-	-	-	-
Symbol.md	264	Symbol	i	casecmp	-	-	-	-	-
Symbol.md	290	Symbol	i	casecmp?	-	-	-	-	-
Symbol.md	314	Symbol	i	=~	EMPTY	-	-	-	-
Symbol.md	333	Symbol	i	match	1.9.1	-	-	-	-
Symbol.md	353	Symbol	i	match?	-	-	-	-	-
Symbol.md	370	Symbol	i	[]	-	-	-	-	-
Symbol.md	371	Symbol	i	slice	-	-	-	-	-
Symbol.md	385	Symbol	i	[]	-	-	-	-	-
Symbol.md	386	Symbol	i	slice	-	-	-	-	-
Symbol.md	399	Symbol	i	[]	-	-	-	-	-
Symbol.md	400	Symbol	i	slice	-	-	-	-	-
Symbol.md	411	Symbol	i	[]	-	-	-	-	-
Symbol.md	412	Symbol	i	slice	-	-	-	-	-
Symbol.md	429	Symbol	i	[]	-	-	-	-	-
Symbol.md	430	Symbol	i	slice	-	-	-	-	-
Symbol.md	444	Symbol	i	length	-	-	-	-	-
Symbol.md	445	Symbol	i	size	-	-	-	-	-
Symbol.md	457	Symbol	i	empty?	-	-	-	-	-
Symbol.md	468	Symbol	i	end_with?	-	-	-	-	-
Symbol.md	488	Symbol	i	upcase	-	-	-	-	-
Symbol.md	500	Symbol	i	downcase	-	-	-	-	-
Symbol.md	512	Symbol	i	capitalize	-	-	-	-	-
Symbol.md	527	Symbol	i	swapcase	-	-	-	-	-
Symbol.md	540	Symbol	i	encoding	-	-	-	-	-
Symbol.md	553	Symbol	i	inspect	-	-	-	-	-
SyntaxError.md	11	SyntaxError	i	path	-	-	since:3.2	-	-
SystemCallError.md	15	SystemCallError	s	new	-	-	-	-	-
SystemCallError.md	26	SystemCallError	s	new	-	-	-	-	-
SystemCallError.md	27	SystemCallError	s	new	-	-	-	-	-
SystemCallError.md	57	SystemCallError	s	===	-	-	-	-	-
SystemCallError.md	85	SystemCallError	i	errno	-	-	-	-	-
SystemCallError.md	293	Errno::EXXX	s	new	-	-	-	-	-
SystemCallError.md	294	Errno::EXXX	s	new	-	-	-	-	-
SystemCallError.md	309	Errno::EXXX	c	Errno	-	-	-	-	-
SystemExit.md	11	SystemExit	s	new	-	-	-	-	-
SystemExit.md	26	SystemExit	i	status	-	-	-	-	-
SystemExit.md	46	SystemExit	i	success?	-	-	-	-	-
Thread.md	12	Thread	s	abort_on_exception	-	-	-	-	-
Thread.md	13	Thread	s	abort_on_exception=	-	-	-	-	-
Thread.md	30	Thread	s	report_on_exception	-	-	-	-	-
Thread.md	31	Thread	s	report_on_exception=	-	-	-	-	-
Thread.md	71	Thread	s	ignore_deadlock	-	-	-	-	-
Thread.md	81	Thread	s	ignore_deadlock=	-	-	-	-	-
Thread.md	99	Thread	s	current	-	-	-	-	-
Thread.md	107	Thread	s	exit	-	-	-	-	-
Thread.md	113	Thread	s	kill	-	-	-	-	-
Thread.md	126	Thread	s	list	-	-	-	-	-
Thread.md	139	Thread	s	main	-	-	-	-	-
Thread.md	147	Thread	s	start	-	-	-	-	-
Thread.md	148	Thread	s	fork	-	-	-	-	-
Thread.md	178	Thread	s	new	-	-	-	-	-
Thread.md	205	Thread	s	pass	-	-	-	-	-
Thread.md	235	Thread	s	stop	-	-	-	-	-
Thread.md	252	Thread	s	each_caller_location	-	-	since:3.2,since:3.4	-	-
Thread.md	253	Thread	s	each_caller_location	-	-	since:3.2,since:3.4	-	-
Thread.md	255	Thread	s	each_caller_location	-	-	since:3.2,until:3.4	-	-
Thread.md	287	Thread	s	DEBUG	-	-	-	-	-
Thread.md	302	Thread	s	DEBUG=	-	-	-	-	-
Thread.md	319	Thread	s	pending_interrupt?	-	-	-	-	-
Thread.md	378	Thread	s	handle_interrupt	-	-	-	-	-
Thread.md	486	Thread	i	[]	-	-	-	-	-
Thread.md	546	Thread	i	[]=	-	-	-	-	-
Thread.md	558	Thread	i	fetch	-	-	-	-	-
Thread.md	579	Thread	i	abort_on_exception	-	-	-	-	-
Thread.md	580	Thread	i	abort_on_exception=	-	-	-	-	-
Thread.md	596	Thread	i	report_on_exception	-	-	-	-	-
Thread.md	597	Thread	i	report_on_exception=	-	-	-	-	-
Thread.md	625	Thread	i	alive?	-	-	-	-	-
Thread.md	640	Thread	i	exit	-	-	-	-	-
Thread.md	641	Thread	i	kill	-	-	-	-	-
Thread.md	642	Thread	i	terminate	-	-	-	-	-
Thread.md	669	Thread	i	group	-	-	-	-	-
Thread.md	678	Thread	i	join	-	-	-	-	-
Thread.md	679	Thread	i	join	-	-	-	-	-
Thread.md	700	Thread	i	key?	-	-	-	-	-
Thread.md	714	Thread	i	keys	-	-	-	-	-
Thread.md	728	Thread	i	priority	-	-	-	-	-
Thread.md	729	Thread	i	priority=	-	-	-	-	-
Thread.md	756	Thread	i	raise	-	-	-	-	-
Thread.md	782	Thread	i	run	-	-	-	-	-
Thread.md	802	Thread	i	status	-	-	-	-	-
Thread.md	835	Thread	i	stop?	-	-	-	-	-
Thread.md	848	Thread	i	value	-	-	-	-	-
Thread.md	871	Thread	i	wakeup	-	-	-	-	-
Thread.md	887	Thread	i	inspect	-	-	-	-	-
Thread.md	888	Thread	i	to_s	EMPTY	-	-	-	-
Thread.md	900	Thread	i	add_trace_func	-	-	-	-	-
Thread.md	929	Thread	i	set_trace_func	1.9.2	-	-	-	-
Thread.md	966	Thread	i	backtrace	-	-	-	-	-
Thread.md	1002	Thread	i	backtrace_locations	-	-	-	-	-
Thread.md	1003	Thread	i	backtrace_locations	-	-	-	-	-
Thread.md	1030	Thread	i	thread_variable_get	-	-	-	-	-
Thread.md	1056	Thread	i	thread_variable_set	-	-	-	-	-
Thread.md	1073	Thread	i	thread_variable?	-	-	-	-	-
Thread.md	1090	Thread	i	thread_variables	-	-	-	-	-
Thread.md	1108	Thread	i	native_thread_id	-	-	since:3.1	-	-
Thread.md	1132	Thread	i	pending_interrupt?	-	-	-	-	-
Thread.md	1142	Thread	i	name	-	-	-	-	-
Thread.md	1150	Thread	i	name=	-	-	-	-	-
ThreadGroup.md	41	ThreadGroup	s	new	-	-	-	-	-
ThreadGroup.md	55	ThreadGroup	i	add	-	-	-	-	-
ThreadGroup.md	79	ThreadGroup	i	enclose	-	-	-	-	-
ThreadGroup.md	114	ThreadGroup	i	enclosed?	-	-	-	-	-
ThreadGroup.md	134	ThreadGroup	i	list	-	-	-	-	-
ThreadGroup.md	145	ThreadGroup	c	Default	-	-	-	-	-
Thread__Backtrace.md	16	Thread::Backtrace	s	limit	-	-	since:3.1	-	-
Thread__Backtrace__Location.md	72	Thread::Backtrace::Location	i	lineno	-	-	-	2.0.0	-
Thread__Backtrace__Location.md	83	Thread::Backtrace::Location	i	label	-	-	-	2.0.0	-
Thread__Backtrace__Location.md	96	Thread::Backtrace::Location	i	base_label	-	-	-	2.0.0	-
Thread__Backtrace__Location.md	121	Thread::Backtrace::Location	i	path	-	-	-	2.0.0	-
Thread__Backtrace__Location.md	134	Thread::Backtrace::Location	i	absolute_path	-	-	-	2.0.0	-
Thread__Backtrace__Location.md	158	Thread::Backtrace::Location	i	to_s	-	-	-	2.0.0	-
Thread__Backtrace__Location.md	186	Thread::Backtrace::Location	i	inspect	-	-	-	2.0.0	-
Time.md	44	Time	s	at	-	-	-	-	-
Time.md	45	Time	s	at	-	-	-	-	-
Time.md	68	Time	s	at	-	-	-	-	-
Time.md	69	Time	s	at	-	-	-	-	-
Time.md	87	Time	s	at	-	-	-	-	-
Time.md	88	Time	s	at	-	-	-	-	-
Time.md	105	Time	s	gm	-	-	-	-	-
Time.md	106	Time	s	utc	-	-	-	-	-
Time.md	133	Time	s	gm	-	-	-	-	-
Time.md	134	Time	s	utc	-	-	-	-	-
Time.md	166	Time	s	local	-	-	-	-	-
Time.md	167	Time	s	mktime	-	-	-	-	-
Time.md	194	Time	s	local	-	-	-	-	-
Time.md	195	Time	s	mktime	-	-	-	-	-
Time.md	227	Time	s	new	-	-	-	-	-
Time.md	228	Time	s	now	-	-	-	-	-
Time.md	237	Time	s	new	-	-	-	-	-
Time.md	239	Time	s	new	-	-	since:3.1	-	-
Time.md	283	Time	s	new	-	-	since:3.2	-	-
Time.md	306	Time	i	+	-	-	-	-	-
Time.md	317	Time	i	-	-	-	-	-	-
Time.md	329	Time	i	-	-	-	-	-	-
Time.md	341	Time	i	<=>	-	-	-	-	-
Time.md	364	Time	i	eql?	-	-	-	-	-
Time.md	376	Time	i	asctime	-	-	-	-	-
Time.md	377	Time	i	ctime	-	-	-	-	-
Time.md	389	Time	i	ceil	-	-	-	-	-
Time.md	422	Time	i	gmt?	-	-	-	-	-
Time.md	423	Time	i	utc?	-	-	-	-	-
Time.md	434	Time	i	getgm	-	-	-	-	-
Time.md	435	Time	i	getutc	-	-	-	-	-
Time.md	447	Time	i	getlocal	-	-	-	-	-
Time.md	448	Time	i	getlocal	-	-	-	-	-
Time.md	465	Time	i	gmtime	-	-	-	-	-
Time.md	466	Time	i	utc	-	-	-	-	-
Time.md	482	Time	i	localtime	-	-	-	-	-
Time.md	483	Time	i	localtime	-	-	-	-	-
Time.md	504	Time	i	strftime	-	-	-	-	-
Time.md	615	Time	i	sec	-	-	-	-	-
Time.md	630	Time	i	min	-	-	-	-	-
Time.md	639	Time	i	hour	-	-	-	-	-
Time.md	648	Time	i	mday	-	-	-	-	-
Time.md	649	Time	i	day	-	-	-	-	-
Time.md	659	Time	i	mon	-	-	-	-	-
Time.md	660	Time	i	month	-	-	-	-	-
Time.md	670	Time	i	year	-	-	-	-	-
Time.md	679	Time	i	wday	-	-	-	-	-
Time.md	700	Time	i	yday	-	-	-	-	-
Time.md	722	Time	i	isdst	-	-	-	-	-
Time.md	723	Time	i	dst?	-	-	-	-	-
Time.md	733	Time	i	zone	-	-	-	-	-
Time.md	741	Time	i	utc_offset	-	-	-	-	-
Time.md	742	Time	i	gmt_offset	-	-	-	-	-
Time.md	743	Time	i	gmtoff	-	-	-	-	-
Time.md	762	Time	i	to_a	-	-	-	-	-
Time.md	791	Time	i	to_f	-	-	-	-	-
Time.md	802	Time	i	to_r	-	-	-	-	-
Time.md	812	Time	i	to_i	-	-	-	-	-
Time.md	813	Time	i	tv_sec	-	-	-	-	-
Time.md	825	Time	i	to_s	-	-	-	-	-
Time.md	841	Time	i	inspect	EMPTY	-	-	-	-
Time.md	864	Time	i	hash	EMPTY	-	-	-	-
Time.md	875	Time	i	usec	-	-	-	-	-
Time.md	876	Time	i	tv_usec	-	-	-	-	-
Time.md	886	Time	i	floor	-	-	-	-	-
Time.md	919	Time	i	friday?	-	-	-	-	-
Time.md	929	Time	i	monday?	-	-	-	-	-
Time.md	939	Time	i	saturday?	-	-	-	-	-
Time.md	949	Time	i	sunday?	-	-	-	-	-
Time.md	959	Time	i	thursday?	-	-	-	-	-
Time.md	969	Time	i	tuesday?	-	-	-	-	-
Time.md	979	Time	i	wednesday?	-	-	-	-	-
Time.md	989	Time	i	nsec	-	-	-	-	-
Time.md	990	Time	i	tv_nsec	-	-	-	-	-
Time.md	1002	Time	i	round	-	-	-	-	-
Time.md	1028	Time	i	subsec	-	-	-	-	-
Time.md	1044	Time	i	deconstruct_keys	-	-	since:3.2	-	-
TracePoint.md	34	TracePoint	s	new	-	-	-	2.0.0	-
TracePoint.md	139	TracePoint	s	trace	-	-	-	2.0.0	-
TracePoint.md	155	TracePoint	s	stat	-	-	-	2.0.0	-
TracePoint.md	165	TracePoint	s	allow_reentry	-	-	since:3.1	2.0.0	-
TracePoint.md	212	TracePoint	i	enable	-	-	-	2.0.0	-
TracePoint.md	213	TracePoint	i	enable	-	-	-	2.0.0	-
TracePoint.md	253	TracePoint	i	disable	-	-	-	2.0.0	-
TracePoint.md	254	TracePoint	i	disable	-	-	-	2.0.0	-
TracePoint.md	289	TracePoint	i	enabled?	-	-	-	2.0.0	-
TracePoint.md	297	TracePoint	i	inspect	-	-	-	2.0.0	-
TracePoint.md	316	TracePoint	i	event	-	-	-	2.0.0	-
TracePoint.md	337	TracePoint	i	lineno	-	-	-	2.0.0	-
TracePoint.md	356	TracePoint	i	path	-	-	-	2.0.0	-
TracePoint.md	373	TracePoint	i	method_id	-	-	-	2.0.0	-
TracePoint.md	397	TracePoint	i	callee_id	-	-	-	2.0.0	-
TracePoint.md	421	TracePoint	i	defined_class	-	-	-	2.0.0	-
TracePoint.md	462	TracePoint	i	binding	-	-	since:3.2	2.0.0	-
TracePoint.md	464	TracePoint	i	binding	-	-	until:3.2	2.0.0	-
TracePoint.md	485	TracePoint	i	self	-	-	-	2.0.0	-
TracePoint.md	501	TracePoint	i	return_value	-	-	-	2.0.0	-
TracePoint.md	518	TracePoint	i	raised_exception	-	-	-	2.0.0	-
TracePoint.md	535	TracePoint	i	parameters	-	-	-	2.0.0	-
TracePoint.md	555	TracePoint	i	eval_script	-	-	-	2.0.0	-
TracePoint.md	570	TracePoint	i	instruction_sequence	-	-	-	2.0.0	-
TrueClass.md	12	TrueClass	i	&	-	-	-	-	-
TrueClass.md	34	TrueClass	i	|	-	-	-	-	-
TrueClass.md	56	TrueClass	i	^	-	-	-	-	-
TrueClass.md	78	TrueClass	i	to_s	-	-	-	-	-
TrueClass.md	86	TrueClass	i	inspect	EMPTY	-	-	-	-
UnboundMethod.md	53	UnboundMethod	i	bind	-	-	-	-	-
UnboundMethod.md	101	UnboundMethod	i	bind_call	-	-	-	-	-
UnboundMethod.md	102	UnboundMethod	i	bind_call	-	-	-	-	-
UnboundMethod.md	114	UnboundMethod	i	arity	-	-	-	-	-
UnboundMethod.md	150	UnboundMethod	i	==	-	-	-	-	-
UnboundMethod.md	151	UnboundMethod	i	eql?	EMPTY	-	-	-	-
UnboundMethod.md	168	UnboundMethod	i	clone	-	-	-	-	-
UnboundMethod.md	179	UnboundMethod	i	inspect	-	-	-	-	-
UnboundMethod.md	180	UnboundMethod	i	to_s	-	-	-	-	-
UnboundMethod.md	192	UnboundMethod	i	hash	EMPTY	-	-	-	-
UnboundMethod.md	205	UnboundMethod	i	name	-	-	-	-	-
UnboundMethod.md	214	UnboundMethod	i	owner	-	-	-	-	-
UnboundMethod.md	224	UnboundMethod	i	source_location	-	-	-	-	-
UnboundMethod.md	239	UnboundMethod	i	parameters	-	-	-	-	-
UnboundMethod.md	249	UnboundMethod	i	super_method	-	-	-	-	-
UnboundMethod.md	257	UnboundMethod	i	original_name	-	-	-	-	-
UnboundMethod.md	272	UnboundMethod	i	public?	-	-	if:(version == "3.1")	-	-
UnboundMethod.md	276	UnboundMethod	i	protected?	-	-	if:(version == "3.1")	-	-
UnboundMethod.md	280	UnboundMethod	i	private?	-	-	if:(version == "3.1")	-	-
UncaughtThrowError.md	17	UncaughtThrowError	i	tag	-	-	-	2.2.0	-
UncaughtThrowError.md	33	UncaughtThrowError	i	value	-	-	-	2.2.0	-
UncaughtThrowError.md	49	UncaughtThrowError	i	to_s	-	-	-	2.2.0	-
Warning.md	15	Warning	s	[]	-	-	-	2.4.0	-
Warning.md	43	Warning	s	[]=	-	-	-	2.4.0	-
Warning.md	53	Warning	s	warn	-	-	-	2.4.0	-
Warning.md	80	Warning	s	categories	-	-	since:3.4	2.4.0	-
Warning.md	92	Warning	i	warn	-	-	-	2.4.0	-
main.md	34	main	s	public	-	-	-	-	-
main.md	35	main	s	public	-	-	-	-	-
main.md	36	main	s	public	-	-	-	-	-
main.md	37	main	s	public	-	-	-	-	-
main.md	54	main	s	private	-	-	-	-	-
main.md	55	main	s	private	-	-	-	-	-
main.md	56	main	s	private	-	-	-	-	-
main.md	57	main	s	private	-	-	-	-	-
main.md	74	main	s	to_s	-	-	-	-	-
main.md	75	main	s	inspect	EMPTY	-	-	-	-
main.md	82	main	s	include	-	-	-	-	-
main.md	98	main	s	define_method	-	-	-	-	-
main.md	99	main	s	define_method	2.0.0	-	-	-	-
main.md	119	main	s	using	2.0.0	-	-	-	-
