class	kind	method	file	line	since_attr	until_attr	real_first	real_last	real_via	db_first	db_last	current_since_badge	current_until_badge	expected_since	expected_until	verdict	note
ARGF.class	i	filename	ARGF.class.md	12	EMPTY	-	1.8.6	4.0	special:ARGF(s)	1.9.3	4.1	none	none	none	none	OK	last-resolved-via:direct;special:ARGF(s)
ARGF.class	i	path	ARGF.class.md	14	EMPTY	-	1.8.6	4.0	special:ARGF(s)	1.9.3	4.1	none	none	none	none	OK	last-resolved-via:direct;special:ARGF(s)
ARGF.class	i	to_s	ARGF.class.md	36	EMPTY	-	1.8.6	4.0	special:ARGF(s)	1.9.3	4.1	none	none	none	none	OK	last-resolved-via:direct;special:ARGF(s)
ARGF.class	i	inspect	ARGF.class.md	38	EMPTY	-	1.9.1	4.0	inherited:Kernel	2.0.0	4.1	none	none	1.9.1	none	MISMATCH_SINCE	last-resolved-via:direct;inherited:Kernel;explicit-empty-suppressed
ARGF.class	i	file	ARGF.class.md	43	EMPTY	-	1.8.6	4.0	special:ARGF(s)	1.9.3	4.1	none	none	none	none	OK	last-resolved-via:direct;special:ARGF(s)
ARGF.class	i	lineno	ARGF.class.md	61	EMPTY	-	1.8.6	4.0	special:ARGF(s)	1.9.3	4.1	none	none	none	none	OK	last-resolved-via:direct;special:ARGF(s)
ARGF.class	i	lineno=	ARGF.class.md	77	EMPTY	-	1.8.6	4.0	special:ARGF(s)	1.9.3	4.1	none	none	none	none	OK	last-resolved-via:direct;special:ARGF(s)
ARGF.class	i	skip	ARGF.class.md	96	EMPTY	-	1.8.6	4.0	special:ARGF(s)	1.9.3	4.1	none	none	none	none	OK	last-resolved-via:direct;special:ARGF(s)
ARGF.class	i	binmode	ARGF.class.md	113	EMPTY	-	1.8.6	4.0	special:ARGF(s)	1.9.3	4.1	none	none	none	none	OK	last-resolved-via:direct;special:ARGF(s)
ARGF.class	i	binmode?	ARGF.class.md	147	1.9.1	-	1.9.1	4.0	direct	2.0.0	4.1	1.9.1	none	1.9.1	none	OK	
ARGF.class	i	close	ARGF.class.md	163	EMPTY	-	1.8.6	4.0	special:ARGF(s)	1.9.3	4.1	none	none	none	none	OK	last-resolved-via:direct;special:ARGF(s)
ARGF.class	i	closed?	ARGF.class.md	183	EMPTY	-	1.8.6	4.0	special:ARGF(s)	1.9.3	4.1	none	none	none	none	OK	last-resolved-via:direct;special:ARGF(s)
ARGF.class	i	each	ARGF.class.md	205	EMPTY	-	1.8.6	4.0	special:ARGF(s)	1.9.3	4.1	none	none	none	none	OK	last-resolved-via:direct;overloads:4;special:ARGF(s)
ARGF.class	i	each_line	ARGF.class.md	207	EMPTY	-	1.8.6	4.0	special:ARGF(s)	1.9.3	4.1	none	none	none	none	OK	last-resolved-via:direct;overloads:4;special:ARGF(s)
ARGF.class	i	each_byte	ARGF.class.md	244	EMPTY	-	1.8.6	4.0	special:ARGF(s)	1.9.3	4.1	none	none	none	none	OK	last-resolved-via:direct;overloads:2;special:ARGF(s)
ARGF.class	i	each_char	ARGF.class.md	263	EMPTY	-	1.8.7	4.0	special:ARGF(s)	1.9.3	4.1	none	none	none	none	INFO_1_8_7	last-resolved-via:direct;overloads:2;special:ARGF(s)
ARGF.class	i	each_codepoint	ARGF.class.md	300	1.9.3	-	1.9.3	4.0	direct	2.0.0	4.1	1.9.3	none	1.9.3	none	OK	overloads:2
ARGF.class	i	eof	ARGF.class.md	321	EMPTY	-	1.8.6	4.0	special:ARGF(s)	1.9.3	4.1	none	none	none	none	OK	last-resolved-via:direct;special:ARGF(s)
ARGF.class	i	eof?	ARGF.class.md	323	EMPTY	-	1.8.6	4.0	special:ARGF(s)	1.9.3	4.1	none	none	none	none	OK	last-resolved-via:direct;special:ARGF(s)
ARGF.class	i	fileno	ARGF.class.md	343	EMPTY	-	1.8.6	4.0	special:ARGF(s)	1.9.3	4.1	none	none	none	none	OK	last-resolved-via:direct;special:ARGF(s)
ARGF.class	i	to_i	ARGF.class.md	345	EMPTY	-	1.8.6	4.0	special:ARGF(s)	1.9.3	4.1	none	none	none	none	OK	last-resolved-via:direct;special:ARGF(s)
ARGF.class	i	getc	ARGF.class.md	356	EMPTY	-	1.8.6	4.0	special:ARGF(s)	1.9.3	4.1	none	none	none	none	OK	last-resolved-via:direct;special:ARGF(s)
ARGF.class	i	gets	ARGF.class.md	381	EMPTY	-	1.8.6	4.0	special:ARGF(s)	1.9.3	4.1	none	none	none	none	OK	last-resolved-via:direct;overloads:3;special:ARGF(s)
ARGF.class	i	pos	ARGF.class.md	430	EMPTY	-	1.8.6	4.0	special:ARGF(s)	1.9.3	4.1	none	none	none	none	OK	last-resolved-via:direct;special:ARGF(s)
ARGF.class	i	tell	ARGF.class.md	432	EMPTY	-	1.8.6	4.0	special:ARGF(s)	1.9.3	4.1	none	none	none	none	OK	last-resolved-via:direct;special:ARGF(s)
ARGF.class	i	pos=	ARGF.class.md	445	EMPTY	-	1.8.6	4.0	special:ARGF(s)	1.9.3	4.1	none	none	none	none	OK	last-resolved-via:direct;special:ARGF(s)
ARGF.class	i	read	ARGF.class.md	459	EMPTY	-	1.8.6	4.0	special:ARGF(s)	1.9.3	4.1	none	none	none	none	OK	last-resolved-via:direct;special:ARGF(s)
ARGF.class	i	readchar	ARGF.class.md	481	EMPTY	-	1.8.6	4.0	special:ARGF(s)	1.9.3	4.1	none	none	none	none	OK	last-resolved-via:direct;special:ARGF(s)
ARGF.class	i	readline	ARGF.class.md	501	EMPTY	-	1.8.6	4.0	special:ARGF(s)	1.9.3	4.1	none	none	none	none	OK	last-resolved-via:direct;overloads:3;special:ARGF(s)
ARGF.class	i	readlines	ARGF.class.md	518	EMPTY	-	1.8.6	4.0	special:ARGF(s)	1.9.3	4.1	none	none	none	none	OK	last-resolved-via:direct;overloads:3;special:ARGF(s)
ARGF.class	i	to_a	ARGF.class.md	524	EMPTY	-	1.8.6	4.0	special:ARGF(s)	1.9.3	4.1	none	none	none	none	OK	last-resolved-via:direct;overloads:3;special:ARGF(s)
ARGF.class	i	rewind	ARGF.class.md	544	EMPTY	-	1.8.6	4.0	special:ARGF(s)	1.9.3	4.1	none	none	none	none	OK	last-resolved-via:direct;special:ARGF(s)
ARGF.class	i	seek	ARGF.class.md	556	EMPTY	-	1.8.6	4.0	special:ARGF(s)	1.9.3	4.1	none	none	none	none	OK	last-resolved-via:direct;special:ARGF(s)
ARGF.class	i	to_io	ARGF.class.md	567	EMPTY	-	1.8.6	4.0	special:ARGF(s)	1.9.3	4.1	none	none	none	none	OK	last-resolved-via:direct;special:ARGF(s)
ARGF.class	i	getbyte	ARGF.class.md	579	EMPTY	-	1.8.7	4.0	special:ARGF(s)	1.9.3	4.1	none	none	none	none	INFO_1_8_7	last-resolved-via:direct;special:ARGF(s)
ARGF.class	i	readbyte	ARGF.class.md	605	EMPTY	-	1.8.7	4.0	special:ARGF(s)	1.9.3	4.1	none	none	none	none	INFO_1_8_7	last-resolved-via:direct;special:ARGF(s)
ARGF.class	i	readpartial	ARGF.class.md	624	-	-	1.9.1	4.0	direct	1.9.3	4.1	1.9.3	none	1.9.1	none	MISMATCH_SINCE	ladder-gap-1.9.1-1.9.3
ARGF.class	i	argv	ARGF.class.md	633	1.9.1	-	1.9.1	4.0	direct	2.0.0	4.1	1.9.1	none	1.9.1	none	OK	
ARGF.class	i	external_encoding	ARGF.class.md	648	1.9.1	-	1.9.1	4.0	direct	2.0.0	4.1	1.9.1	none	1.9.1	none	OK	
ARGF.class	i	internal_encoding	ARGF.class.md	662	1.9.1	-	1.9.1	4.0	direct	2.0.0	4.1	1.9.1	none	1.9.1	none	OK	
ARGF.class	i	set_encoding	ARGF.class.md	688	1.9.1	-	1.9.1	4.0	direct	2.0.0	4.1	1.9.1	none	1.9.1	none	OK	overloads:3
ARGF.class	i	inplace_mode	ARGF.class.md	712	1.9.1	-	1.9.1	4.0	direct	2.0.0	4.1	1.9.1	none	1.9.1	none	OK	
ARGF.class	i	inplace_mode=	ARGF.class.md	742	1.9.1	-	1.9.1	4.0	direct	2.0.0	4.1	1.9.1	none	1.9.1	none	OK	
ARGF.class	i	print	ARGF.class.md	780	1.9.3	-	1.9.1	4.0	inherited:Kernel	2.0.0	4.1	1.9.3	none	1.9.1	none	MISMATCH_SINCE	last-resolved-via:direct;inherited:Kernel;explicit-wrong
ARGF.class	i	printf	ARGF.class.md	791	1.9.3	-	1.9.1	4.0	inherited:Kernel	2.0.0	4.1	1.9.3	none	1.9.1	none	MISMATCH_SINCE	last-resolved-via:direct;inherited:Kernel;explicit-wrong
ARGF.class	i	putc	ARGF.class.md	803	1.9.3	-	1.9.1	4.0	inherited:Kernel	2.0.0	4.1	1.9.3	none	1.9.1	none	MISMATCH_SINCE	last-resolved-via:direct;inherited:Kernel;explicit-wrong
ARGF.class	i	puts	ARGF.class.md	815	1.9.3	-	1.9.1	4.0	inherited:Kernel	2.0.0	4.1	1.9.3	none	1.9.1	none	MISMATCH_SINCE	last-resolved-via:direct;inherited:Kernel;explicit-wrong
ARGF.class	i	read_nonblock	ARGF.class.md	827	1.9.3	-	1.9.3	4.0	direct	2.0.0	4.1	1.9.3	none	1.9.3	none	OK	
ARGF.class	i	to_write_io	ARGF.class.md	846	1.9.3	-	1.9.3	4.0	direct	2.0.0	4.1	1.9.3	none	1.9.3	none	OK	
ARGF.class	i	write	ARGF.class.md	854	1.9.3	-	1.9.3	4.0	direct	2.0.0	4.1	1.9.3	none	1.9.3	none	OK	
Array	s	try_convert	Array.md	21	-	-	1.9.1	4.0	direct	1.9.3	4.1	1.9.3	none	1.9.1	none	MISMATCH_SINCE	ladder-gap-1.9.1-1.9.3
Array	s	[]	Array.md	39	-	-	1.8.6	4.0	direct	1.8.7	4.1	none	none	none	none	OK	
Array	s	new	Array.md	56	-	-	1.8.6	4.0	new-via-initialize	1.8.7	4.1	none	none	none	none	OK	last-resolved-via:direct;overloads:3;new-via-initialize
Array	i	[]	Array.md	114	-	-	1.8.6	4.0	direct	1.8.7	4.1	none	none	none	none	OK	overloads:3
Array	i	at	Array.md	115	-	-	1.8.6	4.0	direct	1.8.7	4.1	none	none	none	none	OK	
Array	i	[]=	Array.md	192	-	-	1.8.6	4.0	direct	1.8.7	4.1	none	none	none	none	OK	overloads:3
Array	i	+	Array.md	319	-	-	1.8.6	4.0	direct	1.8.7	4.1	none	none	none	none	OK	
Array	i	*	Array.md	336	-	-	1.8.6	4.0	direct	1.8.7	4.1	none	none	none	none	OK	overloads:2
Array	i	-	Array.md	366	-	-	1.8.6	4.0	direct	1.8.7	4.1	none	none	none	none	OK	
Array	i	difference	Array.md	386	-	-	2.6	4.0	direct	2.6.0	4.1	2.6.0	none	2.6.0	none	OK	
Array	i	&	Array.md	403	-	-	1.8.6	4.0	direct	1.8.7	4.1	none	none	none	none	OK	
Array	i	|	Array.md	422	-	-	1.8.6	4.0	direct	1.8.7	4.1	none	none	none	none	OK	
Array	i	union	Array.md	442	-	-	2.6	4.0	direct	2.6.0	4.1	2.6.0	none	2.6.0	none	OK	
Array	i	<<	Array.md	458	-	-	1.8.6	4.0	direct	1.8.7	4.1	none	none	none	none	OK	
Array	i	<=>	Array.md	480	-	-	1.8.6	4.0	direct	1.8.7	4.1	none	none	none	none	OK	
Array	i	==	Array.md	496	-	-	1.8.6	4.0	direct	1.8.7	4.1	none	none	none	none	OK	
Array	i	all?	Array.md	510	EMPTY	-	1.8.6	4.0	inherited:Enumerable	2.6.0	4.1	none	none	none	none	OK	last-resolved-via:direct;overloads:3;inherited:Enumerable
Array	i	any?	Array.md	538	EMPTY	-	1.8.6	4.0	inherited:Enumerable	2.5.0	4.1	none	none	none	none	OK	last-resolved-via:direct;overloads:3;inherited:Enumerable
Array	i	assoc	Array.md	566	-	-	1.8.6	4.0	direct	1.8.7	4.1	none	none	none	none	OK	
Array	i	clear	Array.md	581	-	-	1.8.6	4.0	direct	1.8.7	4.1	none	none	none	none	OK	
Array	i	clone	Array.md	591	-	-	1.8.6	4.0	inherited:Kernel	1.8.7	4.1	none	none	none	none	OK	inherited:Kernel
Array	i	dup	Array.md	592	-	-	1.8.6	4.0	inherited:Kernel	1.8.7	4.1	none	none	none	none	OK	inherited:Kernel
Array	i	collect	Array.md	612	EMPTY	-	1.8.6	4.0	direct	2.5.0	4.1	none	none	none	none	OK	overloads:2
Array	i	map	Array.md	614	EMPTY	-	1.8.6	4.0	direct	2.5.0	4.1	none	none	none	none	OK	overloads:2
Array	i	collect!	Array.md	632	-	-	1.8.6	4.0	direct	1.8.7	4.1	none	none	none	none	OK	overloads:2
Array	i	map!	Array.md	633	-	-	1.8.6	4.0	direct	1.8.7	4.1	none	none	none	none	OK	overloads:2
Array	i	compact	Array.md	655	-	-	1.8.6	4.0	direct	1.8.7	4.1	none	none	none	none	OK	
Array	i	compact!	Array.md	656	-	-	1.8.6	4.0	direct	1.8.7	4.1	none	none	none	none	OK	
Array	i	concat	Array.md	670	-	-	1.8.6	4.0	direct	1.8.7	4.1	none	none	none	none	OK	overloads:2
Array	i	count	Array.md	705	EMPTY	-	1.8.7	4.0	direct	2.5.0	4.1	none	none	none	none	INFO_1_8_7	overloads:3
Array	i	delete	Array.md	731	-	-	1.8.6	4.0	direct	1.8.7	4.1	none	none	none	none	OK	overloads:2
Array	i	delete_at	Array.md	754	-	-	1.8.6	4.0	direct	1.8.7	4.1	none	none	none	none	OK	
Array	i	delete_if	Array.md	772	-	-	1.8.6	4.0	direct	1.8.7	4.1	none	none	none	none	OK	overloads:2
Array	i	reject!	Array.md	773	-	-	1.8.6	4.0	direct	1.8.7	4.1	none	none	none	none	OK	overloads:2
Array	i	drop	Array.md	798	EMPTY	-	1.8.7	4.0	direct	2.5.0	4.1	none	none	none	none	INFO_1_8_7	
Array	i	drop_while	Array.md	816	EMPTY	-	1.8.7	4.0	direct	2.5.0	4.1	none	none	none	none	INFO_1_8_7	overloads:2
Array	i	each	Array.md	836	-	-	1.8.6	4.0	direct	1.8.7	4.1	none	none	none	none	OK	overloads:2
Array	i	each_index	Array.md	889	-	-	1.8.6	4.0	direct	1.8.7	4.1	none	none	none	none	OK	overloads:2
Array	i	empty?	Array.md	907	-	-	1.8.6	4.0	direct	1.8.7	4.1	none	none	none	none	OK	
Array	i	eql?	Array.md	916	-	-	1.8.6	4.0	direct	1.8.7	4.1	none	none	none	none	OK	
Array	i	fetch	Array.md	931	-	-	1.8.6	4.0	direct	1.8.7	4.1	none	none	none	none	OK	overloads:3
Array	i	fetch_values	Array.md	968	-	-	3.4	4.0	direct	3.4	4.1	3.4	none	3.4	none	OK	overloads:2
Array	i	fill	Array.md	994	-	-	1.8.6	4.0	direct	1.8.7	4.1	none	none	none	none	OK	overloads:6
Array	i	first	Array.md	1063	-	-	1.8.6	4.0	direct	1.8.7	4.1	none	none	none	none	OK	overloads:2
Array	i	flatten	Array.md	1101	-	-	1.8.6	4.0	direct	1.8.7	4.1	none	none	none	none	OK	
Array	i	flatten!	Array.md	1102	-	-	1.8.6	4.0	direct	1.8.7	4.1	none	none	none	none	OK	
Array	i	hash	Array.md	1133	-	-	1.8.6	4.0	direct	1.8.7	4.1	none	none	none	none	OK	
Array	i	include?	Array.md	1147	-	-	1.8.6	4.0	direct	1.8.7	4.1	none	none	none	none	OK	
Array	i	find_index	Array.md	1159	-	-	1.8.7	4.0	direct	1.8.7	4.1	none	none	none	none	INFO_1_8_7	overloads:3
Array	i	index	Array.md	1160	-	-	1.8.6	4.0	direct	1.8.7	4.1	none	none	none	none	OK	overloads:3
Array	i	dig	Array.md	1191	-	-	2.3	4.0	direct	2.3.0	4.1	2.3.0	none	2.3.0	none	OK	
Array	i	insert	Array.md	1208	-	-	1.8.6	4.0	direct	1.8.7	4.1	none	none	none	none	OK	
Array	i	intersection	Array.md	1228	-	-	2.7	4.0	direct	2.7.0	4.1	2.7.0	none	2.7.0	none	OK	
Array	i	join	Array.md	1250	-	-	1.8.6	4.0	direct	1.8.7	4.1	none	none	none	none	OK	
Array	i	last	Array.md	1282	-	-	1.8.6	4.0	direct	1.8.7	4.1	none	none	none	none	OK	overloads:2
Array	i	length	Array.md	1320	-	-	1.8.6	4.0	direct	1.8.7	4.1	none	none	none	none	OK	
Array	i	size	Array.md	1321	-	-	1.8.6	4.0	direct	1.8.7	4.1	none	none	none	none	OK	
Array	i	none?	Array.md	1329	EMPTY	-	1.8.7	4.0	inherited:Enumerable	2.6.0	4.1	none	none	none	none	INFO_1_8_7	last-resolved-via:direct;overloads:3;inherited:Enumerable
Array	i	one?	Array.md	1355	EMPTY	-	1.8.7	4.0	inherited:Enumerable	2.6.0	4.1	none	none	none	none	INFO_1_8_7	last-resolved-via:direct;overloads:3;inherited:Enumerable
Array	i	pack	Array.md	1382	-	-	1.8.6	4.0	direct	1.8.7	4.1	none	none	none	none	OK	overloads:2
Array	i	pop	Array.md	1410	-	-	1.8.6	4.0	direct	1.8.7	4.1	none	none	none	none	OK	overloads:2
Array	i	push	Array.md	1442	-	-	1.8.6	4.0	direct	1.8.7	4.1	none	none	none	none	OK	
Array	i	append	Array.md	1443	-	-	2.5	4.0	direct	2.5.0	4.1	2.5.0	none	2.5.0	none	OK	
Array	i	rassoc	Array.md	1460	-	-	1.8.6	4.0	direct	1.8.7	4.1	none	none	none	none	OK	
Array	i	reject	Array.md	1476	EMPTY	-	1.8.6	4.0	direct	2.5.0	4.1	none	none	none	none	OK	overloads:2
Array	i	replace	Array.md	1494	-	-	1.8.6	4.0	direct	1.8.7	4.1	none	none	none	none	OK	
Array	i	reverse	Array.md	1509	-	-	1.8.6	4.0	direct	1.8.7	4.1	none	none	none	none	OK	
Array	i	reverse!	Array.md	1510	-	-	1.8.6	4.0	direct	1.8.7	4.1	none	none	none	none	OK	
Array	i	reverse_each	Array.md	1526	-	-	1.8.6	4.0	direct	1.8.7	4.1	none	none	none	none	OK	overloads:2
Array	i	rfind	Array.md	1543	-	-	4.0	4.0	direct	4.0	4.1	4.0	none	4.0	none	OK	overloads:2
Array	i	rindex	Array.md	1576	-	-	1.8.6	4.0	direct	1.8.7	4.1	none	none	none	none	OK	overloads:3
Array	i	shift	Array.md	1600	-	-	1.8.6	4.0	direct	1.8.7	4.1	none	none	none	none	OK	overloads:2
Array	i	slice	Array.md	1628	-	-	1.8.6	4.0	direct	1.8.7	4.1	none	none	none	none	OK	overloads:3
Array	i	slice!	Array.md	1657	-	-	1.8.6	4.0	direct	1.8.7	4.1	none	none	none	none	OK	overloads:3
Array	i	sort	Array.md	1696	-	-	1.8.6	4.0	direct	1.8.7	4.1	none	none	none	none	OK	overloads:2
Array	i	sort!	Array.md	1697	-	-	1.8.6	4.0	direct	1.8.7	4.1	none	none	none	none	OK	overloads:2
Array	i	sort_by!	Array.md	1732	-	-	1.9.2	4.0	direct	1.9.3	4.1	1.9.3	none	1.9.3	none	INFO_1_9_2	overloads:2
Array	i	take	Array.md	1749	EMPTY	-	1.8.7	4.0	direct	2.5.0	4.1	none	none	none	none	INFO_1_8_7	
Array	i	take_while	Array.md	1764	EMPTY	-	1.8.7	4.0	direct	2.5.0	4.1	none	none	none	none	INFO_1_8_7	overloads:2
Array	i	to_a	Array.md	1782	-	-	1.8.6	4.0	direct	1.8.7	4.1	none	none	none	none	OK	
Array	i	to_ary	Array.md	1800	-	-	1.8.6	4.0	direct	1.8.7	4.1	none	none	none	none	OK	
Array	i	to_s	Array.md	1818	-	-	1.8.6	4.0	direct	1.8.7	4.1	none	none	none	none	OK	
Array	i	inspect	Array.md	1819	-	-	1.8.6	4.0	direct	1.8.7	4.1	none	none	none	none	OK	
Array	i	to_h	Array.md	1828	-	-	2.1	4.0	direct	2.1.0	4.1	2.1.0	none	2.1.0	none	OK	overloads:2
Array	i	transpose	Array.md	1843	-	-	1.8.6	4.0	direct	1.8.7	4.1	none	none	none	none	OK	
Array	i	uniq	Array.md	1878	-	-	1.8.6	4.0	direct	1.8.7	4.1	none	none	none	none	OK	overloads:2
Array	i	uniq!	Array.md	1879	-	-	1.8.6	4.0	direct	1.8.7	4.1	none	none	none	none	OK	overloads:2
Array	i	unshift	Array.md	1904	-	-	1.8.6	4.0	direct	1.8.7	4.1	none	none	none	none	OK	
Array	i	prepend	Array.md	1905	-	-	2.5	4.0	direct	2.5.0	4.1	2.5.0	none	2.5.0	none	OK	
Array	i	values_at	Array.md	1924	-	-	1.8.6	4.0	direct	1.8.7	4.1	none	none	none	none	OK	
Array	i	zip	Array.md	1944	-	-	1.8.6	4.0	direct	1.8.7	4.1	none	none	none	none	OK	overloads:2
Array	i	sample	Array.md	1976	-	-	1.9.1	4.0	direct	1.9.3	4.1	1.9.3	none	1.9.1	none	MISMATCH_SINCE	overloads:4;ladder-gap-1.9.1-1.9.3
Array	i	cycle	Array.md	2017	-	-	1.8.7	4.0	direct	1.8.7	4.1	none	none	none	none	INFO_1_8_7	overloads:2
Array	i	shuffle	Array.md	2034	-	-	1.8.7	4.0	direct	1.8.7	4.1	none	none	none	none	INFO_1_8_7	overloads:2
Array	i	shuffle!	Array.md	2053	-	-	1.8.7	4.0	direct	1.8.7	4.1	none	none	none	none	INFO_1_8_7	overloads:2
Array	i	combination	Array.md	2070	-	-	1.8.7	4.0	direct	1.8.7	4.1	none	none	none	none	INFO_1_8_7	overloads:2
Array	i	permutation	Array.md	2103	-	-	1.8.7	4.0	direct	1.8.7	4.1	none	none	none	none	INFO_1_8_7	overloads:2
Array	i	product	Array.md	2138	-	-	1.8.7	4.0	direct	1.8.7	4.1	none	none	none	none	INFO_1_8_7	overloads:2
Array	i	repeated_combination	Array.md	2165	-	-	1.9.2	4.0	direct	1.9.3	4.1	1.9.3	none	1.9.3	none	INFO_1_9_2	overloads:2
Array	i	repeated_permutation	Array.md	2201	-	-	1.9.2	4.0	direct	1.9.3	4.1	1.9.3	none	1.9.3	none	INFO_1_9_2	overloads:2
Array	i	keep_if	Array.md	2234	-	-	1.9.2	4.0	direct	1.9.3	4.1	1.9.3	none	1.9.3	none	INFO_1_9_2	overloads:2
Array	i	select	Array.md	2259	EMPTY	-	1.8.6	4.0	direct	2.1.0	4.1	none	none	none	none	OK	overloads:2
Array	i	filter	Array.md	2261	-	-	2.6	4.0	direct	2.6.0	4.1	2.6.0	none	2.6.0	none	OK	overloads:2
Array	i	select!	Array.md	2278	-	-	1.9.2	4.0	direct	1.9.3	4.1	1.9.3	none	1.9.3	none	INFO_1_9_2	overloads:2
Array	i	filter!	Array.md	2280	-	-	2.6	4.0	direct	2.6.0	4.1	2.6.0	none	2.6.0	none	OK	overloads:2
Array	i	rotate	Array.md	2297	-	-	1.9.2	4.0	direct	1.9.3	4.1	1.9.3	none	1.9.3	none	INFO_1_9_2	
Array	i	rotate!	Array.md	2318	-	-	1.9.2	4.0	direct	1.9.3	4.1	1.9.3	none	1.9.3	none	INFO_1_9_2	
Array	i	bsearch	Array.md	2337	-	-	2.0.0	4.0	direct	2.0.0	4.1	2.0.0	none	2.0.0	none	OK	overloads:2
Array	i	bsearch_index	Array.md	2387	-	-	2.3	4.0	direct	2.3.0	4.1	2.3.0	none	2.3.0	none	OK	overloads:2
Array	i	max	Array.md	2415	EMPTY	-	1.8.6	4.0	inherited:Enumerable	2.4.0	4.1	none	none	none	none	OK	last-resolved-via:direct;overloads:4;inherited:Enumerable
Array	i	min	Array.md	2463	EMPTY	-	1.8.6	4.0	inherited:Enumerable	2.4.0	4.1	none	none	none	none	OK	last-resolved-via:direct;overloads:4;inherited:Enumerable
Array	i	minmax	Array.md	2511	EMPTY	-	1.8.7	4.0	inherited:Enumerable	2.7.0	4.1	none	none	none	none	INFO_1_8_7	last-resolved-via:direct;overloads:2;inherited:Enumerable
Array	i	sum	Array.md	2529	-	-	2.4	4.0	direct	2.4.0	4.1	2.4.0	none	2.4.0	none	OK	overloads:2
Array	i	intersect?	Array.md	2571	-	-	3.1	4.0	direct	3.1	4.1	3.1	none	3.1	none	OK	
BasicObject	i	==	BasicObject.md	47	-	-	1.8.6	4.0	special:BasicObject->Kernel(i)	1.9.3	4.1	1.9.3	none	none	none	MISMATCH_SINCE	last-resolved-via:alias-union:BasicObject::BasicObject;special:BasicObject->Kernel(i);db-late
BasicObject	i	equal?	BasicObject.md	77	-	-	1.8.6	4.0	special:BasicObject->Kernel(i)	1.9.3	4.1	1.9.3	none	none	none	MISMATCH_SINCE	last-resolved-via:alias-union:BasicObject::BasicObject;special:BasicObject->Kernel(i);db-late
BasicObject	i	!	BasicObject.md	102	-	-	1.9.2	4.0	alias-union:BasicObject::BasicObject	1.9.3	4.1	1.9.3	none	1.9.3	none	INFO_1_9_2	alias-union:BasicObject::BasicObject
BasicObject	i	!=	BasicObject.md	147	-	-	1.9.2	4.0	alias-union:BasicObject::BasicObject	1.9.3	4.1	1.9.3	none	1.9.3	none	INFO_1_9_2	alias-union:BasicObject::BasicObject
BasicObject	i	__send__	BasicObject.md	181	-	-	1.8.6	4.0	special:BasicObject->Kernel(i)	1.9.3	4.1	1.9.3	none	none	none	MISMATCH_SINCE	last-resolved-via:alias-union:BasicObject::BasicObject;overloads:2;special:BasicObject->Kernel(i);db-late
BasicObject	i	__id__	BasicObject.md	207	-	-	1.8.6	4.0	special:BasicObject->Kernel(i)	1.9.3	4.1	1.9.3	none	none	none	MISMATCH_SINCE	last-resolved-via:alias-union:BasicObject::BasicObject;special:BasicObject->Kernel(i);db-late
BasicObject	i	instance_eval	BasicObject.public_methods_from_Object.md	1	-	-	1.8.6	4.0	special:BasicObject->Kernel(i)	1.9.3	4.1	1.9.3	none	none	none	MISMATCH_SINCE	last-resolved-via:alias-union:BasicObject::BasicObject;overloads:2;special:BasicObject->Kernel(i);db-late
BasicObject	i	instance_exec	BasicObject.public_methods_from_Object.md	61	-	-	1.8.7	4.0	special:BasicObject->Kernel(i)	1.9.3	4.1	1.9.3	none	none	none	MISMATCH_SINCE	last-resolved-via:alias-union:BasicObject::BasicObject;special:BasicObject->Kernel(i);db-late;INFO_1_8_7
BasicObject	i	method_missing	BasicObject.md	229	-	-	1.8.6	4.0	special:BasicObject->Kernel(i)	1.9.3	4.1	1.9.3	none	none	none	MISMATCH_SINCE	last-resolved-via:alias-union:BasicObject::BasicObject;special:BasicObject->Kernel(i);db-late
BasicObject	i	singleton_method_added	BasicObject.private_methods_from_Object.md	1	-	-	1.8.6	4.0	special:BasicObject->Kernel(i)	1.9.3	4.1	1.9.3	none	none	none	MISMATCH_SINCE	last-resolved-via:alias-union:BasicObject::BasicObject;special:BasicObject->Kernel(i);db-late
BasicObject	i	singleton_method_removed	BasicObject.private_methods_from_Object.md	26	-	-	1.8.6	4.0	special:BasicObject->Kernel(i)	1.9.3	4.1	1.9.3	none	none	none	MISMATCH_SINCE	last-resolved-via:alias-union:BasicObject::BasicObject;special:BasicObject->Kernel(i);db-late
BasicObject	i	singleton_method_undefined	BasicObject.private_methods_from_Object.md	55	-	-	1.8.6	4.0	special:BasicObject->Kernel(i)	1.9.3	4.1	1.9.3	none	none	none	MISMATCH_SINCE	last-resolved-via:alias-union:BasicObject::BasicObject;special:BasicObject->Kernel(i);db-late
Bignum	i	[]	Bignum.md	25	-	-	1.8.6	4.0	alias-union:Fixnum,Integer	1.8.7	4.1	none	none	none	none	OK	alias-union:Fixnum,Integer
Bignum	i	+	Bignum.md	36	-	-	1.8.6	4.0	alias-union:Fixnum,Integer	1.8.7	4.1	none	none	none	none	OK	alias-union:Fixnum,Integer
Bignum	i	-	Bignum.md	43	-	-	1.8.6	4.0	alias-union:Fixnum,Integer	1.8.7	4.1	none	none	none	none	OK	alias-union:Fixnum,Integer
Bignum	i	-@	Bignum.md	50	-	-	1.8.6	4.0	alias-union:Fixnum,Integer	1.8.7	4.1	none	none	none	none	OK	alias-union:Fixnum,Integer
Bignum	i	*	Bignum.md	55	-	-	1.8.6	4.0	alias-union:Fixnum,Integer	1.8.7	4.1	none	none	none	none	OK	alias-union:Fixnum,Integer
Bignum	i	/	Bignum.md	62	-	-	1.8.6	4.0	alias-union:Fixnum,Integer	1.8.7	4.1	none	none	none	none	OK	alias-union:Fixnum,Integer
Bignum	i	div	Bignum.md	63	-	-	1.8.6	4.0	alias-union:Fixnum,Integer	1.8.7	4.1	none	none	none	none	OK	alias-union:Fixnum,Integer
Bignum	i	%	Bignum.md	70	-	-	1.8.6	4.0	alias-union:Fixnum,Integer	1.8.7	4.1	none	none	none	none	OK	alias-union:Fixnum,Integer
Bignum	i	modulo	Bignum.md	71	-	-	1.8.6	4.0	alias-union:Fixnum,Integer	1.8.7	4.1	none	none	none	none	OK	alias-union:Fixnum,Integer
Bignum	i	remainder	Bignum.md	78	-	-	1.8.6	4.0	alias-union:Fixnum,Integer	1.8.7	4.1	none	none	none	none	OK	alias-union:Fixnum,Integer
Bignum	i	divmod	Bignum.md	88	-	-	1.8.6	4.0	alias-union:Fixnum,Integer	1.8.7	4.1	none	none	none	none	OK	alias-union:Fixnum,Integer
Bignum	i	fdiv	Bignum.md	96	-	-	1.8.7	4.0	alias-union:Fixnum,Integer	1.8.7	4.1	none	none	none	none	INFO_1_8_7	alias-union:Fixnum,Integer
Bignum	i	**	Bignum.md	106	-	-	1.8.6	4.0	alias-union:Fixnum,Integer	1.8.7	4.1	none	none	none	none	OK	alias-union:Fixnum,Integer
Bignum	i	<=>	Bignum.md	119	-	-	1.8.6	4.0	alias-union:Fixnum,Integer	1.8.7	4.1	none	none	none	none	OK	alias-union:Fixnum,Integer
Bignum	i	==	Bignum.md	132	-	-	1.8.6	4.0	alias-union:Fixnum,Integer	1.8.7	4.1	none	none	none	none	OK	alias-union:Fixnum,Integer
Bignum	i	===	Bignum.md	133	EMPTY	-	1.8.6	4.0	inherited:Kernel	1.9.3	4.1	none	none	none	none	OK	last-resolved-via:alias-union:Fixnum,Integer;inherited:Kernel
Bignum	i	~	Bignum.md	142	-	-	1.8.6	4.0	alias-union:Fixnum,Integer	1.8.7	4.1	none	none	none	none	OK	alias-union:Fixnum,Integer
Bignum	i	|	Bignum.md	152	-	-	1.8.6	4.0	alias-union:Fixnum,Integer	1.8.7	4.1	none	none	none	none	OK	alias-union:Fixnum,Integer
Bignum	i	&	Bignum.md	163	-	-	1.8.6	4.0	alias-union:Fixnum,Integer	1.8.7	4.1	none	none	none	none	OK	alias-union:Fixnum,Integer
Bignum	i	^	Bignum.md	174	-	-	1.8.6	4.0	alias-union:Fixnum,Integer	1.8.7	4.1	none	none	none	none	OK	alias-union:Fixnum,Integer
Bignum	i	<<	Bignum.md	185	-	-	1.8.6	4.0	alias-union:Fixnum,Integer	1.8.7	4.1	none	none	none	none	OK	alias-union:Fixnum,Integer
Bignum	i	>>	Bignum.md	196	-	-	1.8.6	4.0	alias-union:Fixnum,Integer	1.8.7	4.1	none	none	none	none	OK	alias-union:Fixnum,Integer
Bignum	i	size	Bignum.md	210	-	-	1.8.6	4.0	alias-union:Fixnum,Integer	1.8.7	4.1	none	none	none	none	OK	alias-union:Fixnum,Integer
Bignum	i	eql?	Bignum.md	224	-	-	1.8.6	2.3	alias-union:Fixnum,Integer	1.8.7	2.3.0	none	2.4.0	none	2.4.0	OK	alias-union:Fixnum,Integer
Bignum	i	hash	Bignum.md	236	-	-	1.8.6	2.3	alias-union:Fixnum,Integer	1.8.7	2.3.0	none	2.4.0	none	2.4.0	OK	alias-union:Fixnum,Integer
Bignum	i	to_f	Bignum.md	240	-	-	1.8.6	4.0	alias-union:Fixnum,Integer	1.8.7	4.1	none	none	none	none	OK	alias-union:Fixnum,Integer
Bignum	i	to_s	Bignum.md	244	-	-	1.8.6	4.0	alias-union:Fixnum,Integer	1.8.7	4.1	none	none	none	none	OK	alias-union:Fixnum,Integer
Bignum	i	inspect	Bignum.md	245	EMPTY	-	1.8.6	4.0	inherited:Kernel	2.0.0	4.1	none	none	none	none	OK	last-resolved-via:alias-union:Fixnum,Integer;inherited:Kernel
Bignum	i	abs	Bignum.md	260	-	-	1.8.6	4.0	alias-union:Fixnum,Integer	1.8.7	4.1	none	none	none	none	OK	alias-union:Fixnum,Integer
Bignum	i	magnitude	Bignum.md	261	-	-	1.9.1	4.0	alias-union:Fixnum,Integer	1.9.3	4.1	1.9.3	none	1.9.1	none	MISMATCH_SINCE	alias-union:Fixnum,Integer;ladder-gap-1.9.1-1.9.3
Bignum	i	odd?	Bignum.md	265	-	-	1.8.7	4.0	alias-union:Fixnum,Integer	1.8.7	4.1	none	none	none	none	INFO_1_8_7	alias-union:Fixnum,Integer
Bignum	i	even?	Bignum.md	269	-	-	1.8.7	4.0	alias-union:Fixnum,Integer	1.8.7	4.1	none	none	none	none	INFO_1_8_7	alias-union:Fixnum,Integer
Bignum	i	bit_length	Bignum.md	273	-	-	2.1	4.0	alias-union:Fixnum,Integer	2.1.0	4.1	2.1.0	none	2.1.0	none	OK	alias-union:Fixnum,Integer
Binding	i	eval	Binding.md	14	-	-	1.8.6	4.0	inherited:Kernel	1.8.7	4.1	none	none	none	none	OK	last-resolved-via:direct;inherited:Kernel
Binding	i	local_variable_get	Binding.md	38	-	-	2.1	4.0	direct	2.1.0	4.1	2.1.0	none	2.1.0	none	OK	
Binding	i	local_variable_set	Binding.md	65	-	-	2.1	4.0	direct	2.1.0	4.1	2.1.0	none	2.1.0	none	OK	
Binding	i	local_variable_defined?	Binding.md	98	-	-	2.1	4.0	direct	2.1.0	4.1	2.1.0	none	2.1.0	none	OK	
Binding	i	local_variables	Binding.md	123	-	-	1.8.6	4.0	inherited:Kernel	2.2.0	4.1	2.2.0	none	none	none	MISMATCH_SINCE	last-resolved-via:direct;inherited:Kernel;db-late
Binding	i	implicit_parameters	Binding.md	158	-	-	4.0	4.0	direct	4.0	4.1	4.0	none	4.0	none	OK	
Binding	i	implicit_parameter_get	Binding.md	182	-	-	4.0	4.0	direct	4.0	4.1	4.0	none	4.0	none	OK	
Binding	i	implicit_parameter_defined?	Binding.md	207	-	-	4.0	4.0	direct	4.0	4.1	4.0	none	4.0	none	OK	
Binding	i	receiver	Binding.md	238	-	-	2.2	4.0	direct	2.2.0	4.1	2.2.0	none	2.2.0	none	OK	
Binding	i	irb	Binding.md	248	2.5.0	-	2.5	4.0	direct	2.4.0	4.1	2.5.0	none	2.5.0	none	OK	
Binding	i	source_location	Binding.md	257	-	-	2.6	4.0	direct	2.6.0	4.1	2.6.0	none	2.6.0	none	OK	
Class	s	new	Class.md	27	-	-	1.8.6	4.0	new-via-initialize	1.8.7	4.1	none	none	none	none	OK	overloads:2;new-via-initialize
Class	i	allocate	Class.md	73	-	-	1.8.6	4.0	direct	1.8.7	4.1	none	none	none	none	OK	
Class	i	new	Class.md	91	-	-	1.8.6	4.0	direct	1.8.7	4.1	none	none	none	none	OK	
Class	i	subclasses	Class.md	112	-	-	3.1	4.0	direct	3.1	4.1	3.1	none	3.1	none	OK	
Class	i	superclass	Class.md	130	-	-	1.8.6	4.0	direct	1.8.7	4.1	none	none	none	none	OK	
Class	i	attached_object	Class.md	154	-	-	3.2	4.0	direct	3.2	4.1	3.2	none	3.2	none	OK	
Class	i	_load	Class.md	182	-	-	-	-	-	1.8.7	4.1	none	none	-	-	DOC_ONLY	
Class	i	inherited	Class.md	190	-	-	1.8.6	4.0	direct	1.8.7	4.1	none	none	none	none	OK	
Comparable	i	==	Comparable.md	19	-	-	1.8.6	4.0	direct	1.8.7	4.1	none	none	none	none	OK	
Comparable	i	>	Comparable.md	32	-	-	1.8.6	4.0	direct	1.8.7	4.1	none	none	none	none	OK	
Comparable	i	>=	Comparable.md	46	-	-	1.8.6	4.0	direct	1.8.7	4.1	none	none	none	none	OK	
Comparable	i	<	Comparable.md	61	-	-	1.8.6	4.0	direct	1.8.7	4.1	none	none	none	none	OK	
Comparable	i	<=	Comparable.md	75	-	-	1.8.6	4.0	direct	1.8.7	4.1	none	none	none	none	OK	
Comparable	i	between?	Comparable.md	90	-	-	1.8.6	4.0	direct	1.8.7	4.1	none	none	none	none	OK	
Comparable	i	clamp	Comparable.md	114	-	-	2.4	4.0	direct	2.4.0	4.1	2.4.0	none	2.4.0	none	OK	overloads:2
Complex	i	*	Complex.md	36	-	-	1.9.1	4.0	direct	1.9.3	4.1	1.9.3	none	1.9.1	none	MISMATCH_SINCE	ladder-gap-1.9.1-1.9.3
Complex	i	**	Complex.md	48	-	-	1.9.1	4.0	direct	1.9.3	4.1	1.9.3	none	1.9.1	none	MISMATCH_SINCE	ladder-gap-1.9.1-1.9.3
Complex	i	+	Complex.md	58	-	-	1.9.1	4.0	direct	1.9.3	4.1	1.9.3	none	1.9.1	none	MISMATCH_SINCE	ladder-gap-1.9.1-1.9.3
Complex	i	-	Complex.md	68	-	-	1.9.1	4.0	direct	1.9.3	4.1	1.9.3	none	1.9.1	none	MISMATCH_SINCE	ladder-gap-1.9.1-1.9.3
Complex	i	-@	Complex.md	78	-	-	1.9.1	4.0	direct	1.9.3	4.1	1.9.3	none	1.9.1	none	MISMATCH_SINCE	ladder-gap-1.9.1-1.9.3
Complex	i	/	Complex.md	87	-	-	1.9.1	4.0	direct	1.9.3	4.1	1.9.3	none	1.9.1	none	MISMATCH_SINCE	ladder-gap-1.9.1-1.9.3
Complex	i	quo	Complex.md	88	-	-	1.9.1	4.0	direct	1.9.3	4.1	1.9.3	none	1.9.1	none	MISMATCH_SINCE	ladder-gap-1.9.1-1.9.3
Complex	i	==	Complex.md	101	-	-	1.9.1	4.0	direct	1.9.3	4.1	1.9.3	none	1.9.1	none	MISMATCH_SINCE	ladder-gap-1.9.1-1.9.3
Complex	i	<=>	Complex.md	113	-	-	1.9.1	4.0	inherited:Numeric	2.7.0	4.1	2.7.0	none	1.9.1	none	MISMATCH_SINCE	last-resolved-via:direct;inherited:Numeric;db-late
Complex	i	<	Complex.md	131	-	-	-	-	-	2.5.0	4.1	none	none	-	-	DOC_ONLY	flag:undef
Complex	i	>	Complex.md	134	-	-	-	-	-	2.5.0	4.1	none	none	-	-	DOC_ONLY	flag:undef
Complex	i	<=	Complex.md	137	-	-	-	-	-	2.5.0	4.1	none	none	-	-	DOC_ONLY	flag:undef
Complex	i	>=	Complex.md	140	-	-	-	-	-	2.5.0	4.1	none	none	-	-	DOC_ONLY	flag:undef
Complex	i	between?	Complex.md	143	-	-	-	-	-	2.5.0	4.1	none	none	-	-	DOC_ONLY	flag:undef
Complex	i	clamp	Complex.md	146	-	-	-	-	-	2.5.0	4.1	none	none	-	-	DOC_ONLY	flag:undef
Complex	i	abs	Complex.md	149	-	-	1.9.1	4.0	direct	1.9.3	4.1	1.9.3	none	1.9.1	none	MISMATCH_SINCE	ladder-gap-1.9.1-1.9.3
Complex	i	magnitude	Complex.md	150	-	-	1.9.1	4.0	direct	1.9.3	4.1	1.9.3	none	1.9.1	none	MISMATCH_SINCE	ladder-gap-1.9.1-1.9.3
Complex	i	abs2	Complex.md	168	-	-	1.9.1	4.0	direct	1.9.3	4.1	1.9.3	none	1.9.1	none	MISMATCH_SINCE	ladder-gap-1.9.1-1.9.3
Complex	i	arg	Complex.md	186	-	-	1.9.1	4.0	direct	1.9.3	4.1	1.9.3	none	1.9.1	none	MISMATCH_SINCE	ladder-gap-1.9.1-1.9.3
Complex	i	angle	Complex.md	187	-	-	1.9.1	4.0	direct	1.9.3	4.1	1.9.3	none	1.9.1	none	MISMATCH_SINCE	ladder-gap-1.9.1-1.9.3
Complex	i	phase	Complex.md	188	-	-	1.9.1	4.0	direct	1.9.3	4.1	1.9.3	none	1.9.1	none	MISMATCH_SINCE	ladder-gap-1.9.1-1.9.3
Complex	i	finite?	Complex.md	212	-	-	2.4	4.0	direct	2.4.0	4.1	2.4.0	none	2.4.0	none	OK	
Complex	i	infinite?	Complex.md	223	-	-	2.4	4.0	direct	2.4.0	4.1	2.4.0	none	2.4.0	none	OK	
Complex	i	coerce	Complex.md	234	-	-	1.9.1	4.0	direct	1.9.3	4.1	1.9.3	none	1.9.1	none	MISMATCH_SINCE	ladder-gap-1.9.1-1.9.3
Complex	i	conjugate	Complex.md	244	-	-	1.9.1	4.0	direct	1.9.3	4.1	1.9.3	none	1.9.1	none	MISMATCH_SINCE	ladder-gap-1.9.1-1.9.3
Complex	i	conj	Complex.md	245	-	-	1.9.1	4.0	direct	1.9.3	4.1	1.9.3	none	1.9.1	none	MISMATCH_SINCE	ladder-gap-1.9.1-1.9.3
Complex	i	denominator	Complex.md	253	-	-	1.9.1	4.0	direct	1.9.3	4.1	1.9.3	none	1.9.1	none	MISMATCH_SINCE	ladder-gap-1.9.1-1.9.3
Complex	i	fdiv	Complex.md	272	-	-	1.9.1	4.0	direct	1.9.3	4.1	1.9.3	none	1.9.1	none	MISMATCH_SINCE	ladder-gap-1.9.1-1.9.3
Complex	i	imag	Complex.md	291	-	-	1.9.1	4.0	direct	1.9.3	4.1	1.9.3	none	1.9.1	none	MISMATCH_SINCE	ladder-gap-1.9.1-1.9.3
Complex	i	imaginary	Complex.md	292	-	-	1.9.1	4.0	direct	1.9.3	4.1	1.9.3	none	1.9.1	none	MISMATCH_SINCE	ladder-gap-1.9.1-1.9.3
Complex	i	inspect	Complex.md	302	-	-	1.9.1	4.0	direct	1.9.3	4.1	1.9.3	none	1.9.1	none	MISMATCH_SINCE	ladder-gap-1.9.1-1.9.3
Complex	i	numerator	Complex.md	314	-	-	1.9.1	4.0	direct	1.9.3	4.1	1.9.3	none	1.9.1	none	MISMATCH_SINCE	ladder-gap-1.9.1-1.9.3
Complex	i	polar	Complex.md	325	-	-	1.9.1	4.0	direct	1.9.3	4.1	1.9.3	none	1.9.1	none	MISMATCH_SINCE	ladder-gap-1.9.1-1.9.3
Complex	i	real	Complex.md	335	-	-	1.9.1	4.0	direct	1.9.3	4.1	1.9.3	none	1.9.1	none	MISMATCH_SINCE	ladder-gap-1.9.1-1.9.3
Complex	i	real?	Complex.md	343	-	-	1.9.1	4.0	direct	1.9.3	4.1	1.9.3	none	1.9.1	none	MISMATCH_SINCE	ladder-gap-1.9.1-1.9.3
Complex	i	rect	Complex.md	354	-	-	1.9.1	4.0	direct	1.9.3	4.1	1.9.3	none	1.9.1	none	MISMATCH_SINCE	ladder-gap-1.9.1-1.9.3
Complex	i	rectangular	Complex.md	355	-	-	1.9.1	4.0	direct	1.9.3	4.1	1.9.3	none	1.9.1	none	MISMATCH_SINCE	ladder-gap-1.9.1-1.9.3
Complex	i	to_f	Complex.md	367	-	-	1.9.1	4.0	direct	1.9.3	4.1	1.9.3	none	1.9.1	none	MISMATCH_SINCE	ladder-gap-1.9.1-1.9.3
Complex	i	to_i	Complex.md	379	-	-	1.9.1	4.0	direct	1.9.3	4.1	1.9.3	none	1.9.1	none	MISMATCH_SINCE	ladder-gap-1.9.1-1.9.3
Complex	i	to_r	Complex.md	391	-	-	1.9.1	4.0	direct	1.9.3	4.1	1.9.3	none	1.9.1	none	MISMATCH_SINCE	ladder-gap-1.9.1-1.9.3
Complex	i	rationalize	Complex.md	392	-	-	1.9.2	4.0	direct	1.9.3	4.1	1.9.3	none	1.9.3	none	INFO_1_9_2	overloads:2
Complex	i	to_s	Complex.md	409	-	-	1.9.1	4.0	direct	1.9.3	4.1	1.9.3	none	1.9.1	none	MISMATCH_SINCE	ladder-gap-1.9.1-1.9.3
Complex	i	to_c	Complex.md	421	1.9.1	-	1.9.1	4.0	inherited:Numeric	2.0.0	4.1	1.9.1	none	1.9.1	none	OK	last-resolved-via:direct;inherited:Numeric
Complex	s	rect	Complex.md	433	-	-	1.9.1	4.0	direct	1.9.3	4.1	1.9.3	none	1.9.1	none	MISMATCH_SINCE	ladder-gap-1.9.1-1.9.3
Complex	s	rectangular	Complex.md	434	-	-	1.9.1	4.0	direct	1.9.3	4.1	1.9.3	none	1.9.1	none	MISMATCH_SINCE	ladder-gap-1.9.1-1.9.3
Complex	s	polar	Complex.md	450	-	-	1.9.1	4.0	direct	1.9.3	4.1	1.9.3	none	1.9.1	none	MISMATCH_SINCE	ladder-gap-1.9.1-1.9.3
Complex	i	marshal_dump	Complex.md	466	-	-	1.9.1	4.0	direct	1.9.3	4.1	1.9.3	none	1.9.1	none	MISMATCH_SINCE	ladder-gap-1.9.1-1.9.3
Continuation	i	[]	Continuation.md	48	-	-	1.8.6	1.8.7	direct	1.8.7	1.8.7	none	1.9.3	none	1.9.1	MISMATCH_UNTIL	ladder-gap-1.9.1-1.9.3
Continuation	i	call	Continuation.md	49	-	-	1.8.6	1.8.7	direct	1.8.7	1.8.7	none	1.9.3	none	1.9.1	MISMATCH_UNTIL	ladder-gap-1.9.1-1.9.3
Data	s	define	Data.md	40	-	-	3.2	4.0	direct	3.2	4.1	3.2	none	3.2	none	OK	overloads:2
Data	s	new	Data.md	128	-	-	1.8.6	4.0	inherited-new-via-initialize:Object	3.2	4.1	3.2	none	none	none	MISMATCH_SINCE	last-resolved-via:new-via-initialize;overloads:2;inherited-new-via-initialize:Object;db-late
Data	s	[]	Data.md	130	-	-	-	-	-	3.2	4.1	3.2	none	-	-	DOC_ONLY	overloads:2
Data	s	members	Data.md	206	-	-	-	-	-	3.2	4.1	3.2	none	-	-	DOC_ONLY	
Data	i	==	Data.md	217	-	-	1.8.6	4.0	inherited:Kernel	3.2	4.1	3.2	none	none	none	MISMATCH_SINCE	last-resolved-via:direct;inherited:Kernel;db-late
Data	i	deconstruct	Data.md	241	-	-	3.2	4.0	direct	3.2	4.1	3.2	none	3.2	none	OK	
Data	i	deconstruct_keys	Data.md	278	-	-	3.2	4.0	direct	3.2	4.1	3.2	none	3.2	none	OK	
Data	i	eql?	Data.md	318	-	-	1.8.6	4.0	inherited:Kernel	3.2	4.1	3.2	none	none	none	MISMATCH_SINCE	last-resolved-via:direct;inherited:Kernel;db-late
Data	i	hash	Data.md	339	-	-	1.8.6	4.0	inherited:Kernel	3.2	4.1	3.2	none	none	none	MISMATCH_SINCE	last-resolved-via:direct;inherited:Kernel;db-late
Data	i	inspect	Data.md	358	-	-	1.8.6	4.0	inherited:Kernel	3.2	4.1	3.2	none	none	none	MISMATCH_SINCE	last-resolved-via:direct;inherited:Kernel;db-late
Data	i	to_s	Data.md	359	-	-	1.8.6	4.0	inherited:Kernel	3.2	4.1	3.2	none	none	none	MISMATCH_SINCE	last-resolved-via:direct;inherited:Kernel;db-late
Data	i	members	Data.md	371	-	-	3.2	4.0	direct	3.2	4.1	3.2	none	3.2	none	OK	
Data	i	to_h	Data.md	382	-	-	3.2	4.0	direct	3.2	4.1	3.2	none	3.2	none	OK	overloads:2
Data	i	with	Data.md	404	-	-	3.2	4.0	direct	3.2	4.1	3.2	none	3.2	none	OK	
Dir	s	[]	Dir.md	12	-	-	1.8.6	4.0	direct	1.8.7	4.1	none	none	none	none	OK	
Dir	s	glob	Dir.md	13	-	-	1.8.6	4.0	direct	1.8.7	4.1	none	none	none	none	OK	overloads:2
Dir	s	chdir	Dir.md	99	-	-	1.8.6	4.0	direct	1.8.7	4.1	none	none	none	none	OK	overloads:4
Dir	s	fchdir	Dir.md	133	-	-	3.3	4.0	direct	3.3	4.1	3.3	none	3.3	none	OK	overloads:2
Dir	s	chroot	Dir.md	163	-	-	1.8.6	4.0	direct	1.8.7	4.1	none	none	none	none	OK	
Dir	s	delete	Dir.md	183	-	-	1.8.6	4.0	direct	1.8.7	4.1	none	none	none	none	OK	
Dir	s	rmdir	Dir.md	184	-	-	1.8.6	4.0	direct	1.8.7	4.1	none	none	none	none	OK	
Dir	s	unlink	Dir.md	185	-	-	1.8.6	4.0	direct	1.8.7	4.1	none	none	none	none	OK	
Dir	s	entries	Dir.md	197	-	-	1.8.6	4.0	direct	1.8.7	4.1	none	none	none	none	OK	overloads:2
Dir	s	children	Dir.md	216	-	-	2.5	4.0	direct	2.5.0	4.1	2.5.0	none	2.5.0	none	OK	overloads:2
Dir	s	foreach	Dir.md	237	-	-	1.8.6	4.0	direct	1.8.7	4.1	none	none	none	none	OK	overloads:4
Dir	s	each_child	Dir.md	267	-	-	2.5	4.0	direct	2.5.0	4.1	2.5.0	none	2.5.0	none	OK	overloads:4
Dir	s	getwd	Dir.md	296	-	-	1.8.6	4.0	direct	1.8.7	4.1	none	none	none	none	OK	
Dir	s	pwd	Dir.md	297	-	-	1.8.6	4.0	direct	1.8.7	4.1	none	none	none	none	OK	
Dir	s	mkdir	Dir.md	308	-	-	1.8.6	4.0	direct	1.8.7	4.1	none	none	none	none	OK	
Dir	s	new	Dir.md	329	-	-	1.8.6	4.0	new-via-initialize	1.8.7	4.1	none	none	none	none	OK	overloads:2;new-via-initialize
Dir	s	open	Dir.md	331	-	-	1.8.6	4.0	direct	1.8.7	4.1	none	none	none	none	OK	overloads:4
Dir	s	for_fd	Dir.md	381	-	-	3.3	4.0	direct	3.3	4.1	3.3	none	3.3	none	OK	
Dir	s	exist?	Dir.md	411	-	-	1.9.1	4.0	direct	1.9.3	4.1	1.9.3	none	1.9.1	none	MISMATCH_SINCE	ladder-gap-1.9.1-1.9.3
Dir	s	exists?	Dir.md	426	1.9.1	-	1.9.1	3.1	direct	1.9.3	3.1	1.9.1	3.2	1.9.1	3.2	OK	
Dir	s	home	Dir.md	431	-	-	1.9.2	4.0	direct	1.9.3	4.1	1.9.3	none	1.9.3	none	INFO_1_9_2	overloads:2
Dir	s	empty?	Dir.md	446	-	-	2.4	4.0	direct	2.4.0	4.1	2.4.0	none	2.4.0	none	OK	
Dir	i	close	Dir.md	462	-	-	1.8.6	4.0	direct	1.8.7	4.1	none	none	none	none	OK	
Dir	i	each	Dir.md	472	-	-	1.8.6	4.0	direct	1.8.7	4.1	none	none	none	none	OK	overloads:2
Dir	i	path	Dir.md	495	-	-	1.8.6	4.0	direct	1.8.7	4.1	none	none	none	none	OK	
Dir	i	to_path	Dir.md	496	-	-	1.9.2	4.0	direct	1.9.3	4.1	1.9.3	none	1.9.3	none	INFO_1_9_2	
Dir	i	pos	Dir.md	507	-	-	1.8.6	4.0	direct	1.8.7	4.1	none	none	none	none	OK	
Dir	i	tell	Dir.md	508	-	-	1.8.6	4.0	direct	1.8.7	4.1	none	none	none	none	OK	
Dir	i	pos=	Dir.md	522	-	-	1.8.6	4.0	direct	1.8.7	4.1	none	none	none	none	OK	
Dir	i	seek	Dir.md	523	-	-	1.8.6	4.0	direct	1.8.7	4.1	none	none	none	none	OK	
Dir	i	read	Dir.md	542	-	-	1.8.6	4.0	direct	1.8.7	4.1	none	none	none	none	OK	
Dir	i	rewind	Dir.md	566	-	-	1.8.6	4.0	direct	1.8.7	4.1	none	none	none	none	OK	
Dir	i	inspect	Dir.md	580	-	-	1.8.6	4.0	inherited:Kernel	1.8.7	4.1	none	none	none	none	OK	last-resolved-via:direct;inherited:Kernel
Dir	i	fileno	Dir.md	588	-	-	2.2	4.0	direct	2.2.0	4.1	2.2.0	none	2.2.0	none	OK	
Dir	i	each_child	Dir.md	603	-	-	2.6	4.0	direct	2.6.0	4.1	2.6.0	none	2.6.0	none	OK	overloads:2
Dir	i	children	Dir.md	625	-	-	2.6	4.0	direct	2.6.0	4.1	2.6.0	none	2.6.0	none	OK	
ENV	s	[]	ENV.md	23	-	-	1.8.6	4.0	direct	1.8.7	4.1	none	none	none	none	OK	
ENV	s	[]=	ENV.md	34	-	-	1.8.6	4.0	direct	1.8.7	4.1	none	none	none	none	OK	
ENV	s	store	ENV.md	35	-	-	1.8.6	4.0	direct	1.8.7	4.1	none	none	none	none	OK	
ENV	s	clear	ENV.md	52	-	-	1.8.6	4.0	direct	1.8.7	4.1	none	none	none	none	OK	
ENV	s	delete	ENV.md	61	-	-	1.8.6	4.0	direct	1.8.7	4.1	none	none	none	none	OK	overloads:2
ENV	s	reject	ENV.md	77	-	-	1.8.6	4.0	direct	1.8.7	4.1	none	none	none	none	OK	overloads:2
ENV	s	delete_if	ENV.md	90	-	-	1.8.6	4.0	direct	1.8.7	4.1	none	none	none	none	OK	overloads:2
ENV	s	reject!	ENV.md	91	-	-	1.8.6	4.0	direct	1.8.7	4.1	none	none	none	none	OK	overloads:2
ENV	s	each	ENV.md	105	-	-	1.8.6	4.0	direct	1.8.7	4.1	none	none	none	none	OK	overloads:2
ENV	s	each_pair	ENV.md	106	-	-	1.8.6	4.0	direct	1.8.7	4.1	none	none	none	none	OK	overloads:2
ENV	s	each_key	ENV.md	120	-	-	1.8.6	4.0	direct	1.8.7	4.1	none	none	none	none	OK	overloads:2
ENV	s	each_value	ENV.md	133	-	-	1.8.6	4.0	direct	1.8.7	4.1	none	none	none	none	OK	overloads:2
ENV	s	empty?	ENV.md	138	-	-	1.8.6	4.0	direct	1.8.7	4.1	none	none	none	none	OK	
ENV	s	fetch	ENV.md	142	-	-	1.8.6	4.0	direct	1.8.7	4.1	none	none	none	none	OK	overloads:3
ENV	s	has_key?	ENV.md	154	-	-	1.8.6	4.0	direct	1.8.7	4.1	none	none	none	none	OK	
ENV	s	include?	ENV.md	155	-	-	1.8.6	4.0	direct	1.8.7	4.1	none	none	none	none	OK	
ENV	s	key?	ENV.md	156	-	-	1.8.6	4.0	direct	1.8.7	4.1	none	none	none	none	OK	
ENV	s	member?	ENV.md	157	-	-	1.8.6	4.0	direct	1.8.7	4.1	none	none	none	none	OK	
ENV	s	has_value?	ENV.md	164	-	-	1.8.6	4.0	direct	1.8.7	4.1	none	none	none	none	OK	
ENV	s	value?	ENV.md	165	-	-	1.8.6	4.0	direct	1.8.7	4.1	none	none	none	none	OK	
ENV	s	key	ENV.md	171	-	-	1.9.1	4.0	direct	1.9.3	4.1	1.9.3	none	1.9.1	none	MISMATCH_SINCE	ladder-gap-1.9.1-1.9.3
ENV	s	inspect	ENV.md	178	-	-	1.8.6	4.0	direct	1.8.7	4.1	none	none	none	none	OK	
ENV	s	invert	ENV.md	182	-	-	1.8.6	4.0	direct	1.8.7	4.1	none	none	none	none	OK	
ENV	s	keys	ENV.md	186	-	-	1.8.6	4.0	direct	1.8.7	4.1	none	none	none	none	OK	
ENV	s	length	ENV.md	190	-	-	1.8.6	4.0	direct	1.8.7	4.1	none	none	none	none	OK	
ENV	s	size	ENV.md	191	-	-	1.8.6	4.0	direct	1.8.7	4.1	none	none	none	none	OK	
ENV	s	rehash	ENV.md	195	-	-	1.8.6	4.0	direct	1.8.7	4.1	none	none	none	none	OK	
ENV	s	replace	ENV.md	199	-	-	1.8.6	4.0	direct	1.8.7	4.1	none	none	none	none	OK	
ENV	s	select	ENV.md	205	-	-	1.8.6	4.0	direct	1.8.7	4.1	none	none	none	none	OK	overloads:2
ENV	s	filter	ENV.md	207	-	-	2.6	4.0	direct	2.6.0	4.1	2.6.0	none	2.6.0	none	OK	overloads:2
ENV	s	shift	ENV.md	212	-	-	1.8.6	4.0	direct	1.8.7	4.1	none	none	none	none	OK	
ENV	s	to_a	ENV.md	217	-	-	1.8.6	4.0	direct	1.8.7	4.1	none	none	none	none	OK	
ENV	s	to_hash	ENV.md	221	-	-	1.8.6	4.0	direct	1.8.7	4.1	none	none	none	none	OK	
ENV	s	to_h	ENV.md	225	-	-	2.0.0	4.0	direct	2.0.0	4.1	2.0.0	none	2.0.0	none	OK	overloads:2
ENV	s	to_s	ENV.md	236	-	-	1.8.6	4.0	direct	1.8.7	4.1	none	none	none	none	OK	
ENV	s	merge!	ENV.md	241	-	-	2.7	4.0	direct	2.7.0	4.1	2.7.0	none	2.7.0	none	OK	overloads:4
ENV	s	update	ENV.md	243	-	-	1.8.6	4.0	direct	1.8.7	4.1	none	none	none	none	OK	overloads:4
ENV	s	values	ENV.md	263	-	-	1.8.6	4.0	direct	1.8.7	4.1	none	none	none	none	OK	
ENV	s	values_at	ENV.md	267	-	-	1.8.6	4.0	direct	1.8.7	4.1	none	none	none	none	OK	
ENV	s	assoc	ENV.md	279	-	-	1.9.1	4.0	direct	1.9.3	4.1	1.9.3	none	1.9.1	none	MISMATCH_SINCE	ladder-gap-1.9.1-1.9.3
ENV	s	rassoc	ENV.md	287	-	-	1.9.1	4.0	direct	1.9.3	4.1	1.9.3	none	1.9.1	none	MISMATCH_SINCE	ladder-gap-1.9.1-1.9.3
ENV	s	keep_if	ENV.md	295	-	-	1.9.2	4.0	direct	1.9.3	4.1	1.9.3	none	1.9.3	none	INFO_1_9_2	overloads:2
ENV	s	select!	ENV.md	296	-	-	1.9.2	4.0	direct	1.9.3	4.1	1.9.3	none	1.9.3	none	INFO_1_9_2	overloads:2
ENV	s	filter!	ENV.md	297	-	-	2.6	4.0	direct	2.6.0	4.1	2.6.0	none	2.6.0	none	OK	overloads:2
ENV	s	slice	ENV.md	311	-	-	2.6	4.0	direct	2.6.0	4.1	2.6.0	none	2.6.0	none	OK	
ENV	s	freeze	ENV.md	327	2.7.0	-	1.8.6	4.0	special:ENV.class(Kernel)	2.7.0	4.1	2.7.0	none	none	none	MISMATCH_SINCE	last-resolved-via:direct;special:ENV.class(Kernel);explicit-wrong
ENV	s	except	ENV.md	334	-	-	3.0	4.0	direct	3.0	4.1	3.0	none	3.0	none	OK	
ENV	s	clone	ENV.md	346	EMPTY	-	1.8.6	4.0	special:ENV.class(Kernel)	2.5.0	4.1	none	none	none	none	OK	last-resolved-via:direct;overloads:2;special:ENV.class(Kernel)
ENV	s	dup	ENV.md	371	-	-	1.8.6	4.0	special:ENV.class(Kernel)	3.1	4.1	3.1	none	none	none	MISMATCH_SINCE	last-resolved-via:direct;special:ENV.class(Kernel);db-late
Encoding	s	aliases	Encoding.md	15	-	-	1.9.1	4.0	direct	1.9.3	4.1	1.9.3	none	1.9.1	none	MISMATCH_SINCE	ladder-gap-1.9.1-1.9.3
Encoding	s	compatible?	Encoding.md	25	-	-	1.9.1	4.0	direct	1.9.3	4.1	1.9.3	none	1.9.1	none	MISMATCH_SINCE	ladder-gap-1.9.1-1.9.3
Encoding	s	find	Encoding.md	54	-	-	1.9.1	4.0	direct	1.9.3	4.1	1.9.3	none	1.9.1	none	MISMATCH_SINCE	ladder-gap-1.9.1-1.9.3
Encoding	s	list	Encoding.md	68	-	-	1.9.1	4.0	direct	1.9.3	4.1	1.9.3	none	1.9.1	none	MISMATCH_SINCE	ladder-gap-1.9.1-1.9.3
Encoding	s	name_list	Encoding.md	87	-	-	1.9.1	4.0	direct	1.9.3	4.1	1.9.3	none	1.9.1	none	MISMATCH_SINCE	ladder-gap-1.9.1-1.9.3
Encoding	s	default_external	Encoding.md	99	-	-	1.9.1	4.0	direct	1.9.3	4.1	1.9.3	none	1.9.1	none	MISMATCH_SINCE	ladder-gap-1.9.1-1.9.3
Encoding	s	default_external=	Encoding.md	113	-	-	1.9.1	4.0	direct	1.9.3	4.1	1.9.3	none	1.9.1	none	MISMATCH_SINCE	ladder-gap-1.9.1-1.9.3
Encoding	s	default_internal	Encoding.md	123	-	-	1.9.1	4.0	direct	1.9.3	4.1	1.9.3	none	1.9.1	none	MISMATCH_SINCE	ladder-gap-1.9.1-1.9.3
Encoding	s	default_internal=	Encoding.md	137	-	-	1.9.1	4.0	direct	1.9.3	4.1	1.9.3	none	1.9.1	none	MISMATCH_SINCE	ladder-gap-1.9.1-1.9.3
Encoding	s	locale_charmap	Encoding.md	147	-	-	1.9.1	4.0	direct	1.9.3	4.1	1.9.3	none	1.9.1	none	MISMATCH_SINCE	ladder-gap-1.9.1-1.9.3
Encoding	i	inspect	Encoding.md	171	-	-	1.9.1	4.0	direct	1.9.3	4.1	1.9.3	none	1.9.1	none	MISMATCH_SINCE	ladder-gap-1.9.1-1.9.3
Encoding	i	name	Encoding.md	180	-	-	1.9.1	4.0	direct	1.9.3	4.1	1.9.3	none	1.9.1	none	MISMATCH_SINCE	ladder-gap-1.9.1-1.9.3
Encoding	i	to_s	Encoding.md	181	-	-	1.9.1	4.0	direct	1.9.3	4.1	1.9.3	none	1.9.1	none	MISMATCH_SINCE	ladder-gap-1.9.1-1.9.3
Encoding	i	names	Encoding.md	189	-	-	1.9.1	4.0	direct	1.9.3	4.1	1.9.3	none	1.9.1	none	MISMATCH_SINCE	ladder-gap-1.9.1-1.9.3
Encoding	i	dummy?	Encoding.md	197	-	-	1.9.1	4.0	direct	1.9.3	4.1	1.9.3	none	1.9.1	none	MISMATCH_SINCE	ladder-gap-1.9.1-1.9.3
Encoding	i	ascii_compatible?	Encoding.md	212	-	-	1.9.2	4.0	direct	1.9.3	4.1	1.9.3	none	1.9.3	none	INFO_1_9_2	
Encoding	i	replicate	Encoding.md	223	-	-	1.9.2	3.2	direct	1.9.3	3.2	1.9.3	3.3	1.9.3	3.3	INFO_1_9_2	
Encoding::UndefinedConversionError	i	destination_encoding	Encoding.md	1219	-	-	1.9.1	4.0	direct	1.9.3	4.1	1.9.3	none	1.9.1	none	MISMATCH_SINCE	ladder-gap-1.9.1-1.9.3
Encoding::UndefinedConversionError	i	destination_encoding_name	Encoding.md	1226	-	-	1.9.1	4.0	direct	1.9.3	4.1	1.9.3	none	1.9.1	none	MISMATCH_SINCE	ladder-gap-1.9.1-1.9.3
Encoding::UndefinedConversionError	i	error_char	Encoding.md	1232	-	-	1.9.1	4.0	direct	1.9.3	4.1	1.9.3	none	1.9.1	none	MISMATCH_SINCE	ladder-gap-1.9.1-1.9.3
Encoding::UndefinedConversionError	i	source_encoding	Encoding.md	1245	-	-	1.9.1	4.0	direct	1.9.3	4.1	1.9.3	none	1.9.1	none	MISMATCH_SINCE	ladder-gap-1.9.1-1.9.3
Encoding::UndefinedConversionError	i	source_encoding_name	Encoding.md	1254	-	-	1.9.1	4.0	direct	1.9.3	4.1	1.9.3	none	1.9.1	none	MISMATCH_SINCE	ladder-gap-1.9.1-1.9.3
Encoding::InvalidByteSequenceError	i	destination_encoding	Encoding.md	1274	-	-	1.9.1	4.0	direct	1.9.3	4.1	1.9.3	none	1.9.1	none	MISMATCH_SINCE	ladder-gap-1.9.1-1.9.3
Encoding::InvalidByteSequenceError	i	destination_encoding_name	Encoding.md	1282	-	-	1.9.1	4.0	direct	1.9.3	4.1	1.9.3	none	1.9.1	none	MISMATCH_SINCE	ladder-gap-1.9.1-1.9.3
Encoding::InvalidByteSequenceError	i	source_encoding	Encoding.md	1288	-	-	1.9.1	4.0	direct	1.9.3	4.1	1.9.3	none	1.9.1	none	MISMATCH_SINCE	ladder-gap-1.9.1-1.9.3
Encoding::InvalidByteSequenceError	i	source_encoding_name	Encoding.md	1296	-	-	1.9.1	4.0	direct	1.9.3	4.1	1.9.3	none	1.9.1	none	MISMATCH_SINCE	ladder-gap-1.9.1-1.9.3
Encoding::InvalidByteSequenceError	i	error_bytes	Encoding.md	1302	-	-	1.9.1	4.0	direct	1.9.3	4.1	1.9.3	none	1.9.1	none	MISMATCH_SINCE	ladder-gap-1.9.1-1.9.3
Encoding::InvalidByteSequenceError	i	readagain_bytes	Encoding.md	1320	-	-	1.9.1	4.0	direct	1.9.3	4.1	1.9.3	none	1.9.1	none	MISMATCH_SINCE	ladder-gap-1.9.1-1.9.3
Encoding::InvalidByteSequenceError	i	incomplete_input?	Encoding.md	1326	-	-	1.9.1	4.0	direct	1.9.3	4.1	1.9.3	none	1.9.1	none	MISMATCH_SINCE	ladder-gap-1.9.1-1.9.3
Encoding::Converter	s	new	Encoding__Converter.md	14	-	-	1.9.1	4.0	new-via-initialize	1.9.3	4.1	1.9.3	none	1.9.1	none	MISMATCH_SINCE	overloads:3;new-via-initialize;ladder-gap-1.9.1-1.9.3
Encoding::Converter	s	asciicompat_encoding	Encoding__Converter.md	59	-	-	1.9.1	4.0	direct	1.9.3	4.1	1.9.3	none	1.9.1	none	MISMATCH_SINCE	overloads:2;ladder-gap-1.9.1-1.9.3
Encoding::Converter	s	search_convpath	Encoding__Converter.md	77	-	-	1.9.1	4.0	direct	1.9.3	4.1	1.9.3	none	1.9.1	none	MISMATCH_SINCE	ladder-gap-1.9.1-1.9.3
Encoding::Converter	i	inspect	Encoding__Converter.md	112	-	-	1.9.1	4.0	direct	1.9.3	4.1	1.9.3	none	1.9.1	none	MISMATCH_SINCE	ladder-gap-1.9.1-1.9.3
Encoding::Converter	i	source_encoding	Encoding__Converter.md	118	-	-	1.9.1	4.0	direct	1.9.3	4.1	1.9.3	none	1.9.1	none	MISMATCH_SINCE	ladder-gap-1.9.1-1.9.3
Encoding::Converter	i	destination_encoding	Encoding__Converter.md	129	-	-	1.9.1	4.0	direct	1.9.3	4.1	1.9.3	none	1.9.1	none	MISMATCH_SINCE	ladder-gap-1.9.1-1.9.3
Encoding::Converter	i	convpath	Encoding__Converter.md	140	-	-	1.9.1	4.0	direct	1.9.3	4.1	1.9.3	none	1.9.1	none	MISMATCH_SINCE	ladder-gap-1.9.1-1.9.3
Encoding::Converter	i	replacement	Encoding__Converter.md	156	-	-	1.9.1	4.0	direct	1.9.3	4.1	1.9.3	none	1.9.1	none	MISMATCH_SINCE	ladder-gap-1.9.1-1.9.3
Encoding::Converter	i	replacement=	Encoding__Converter.md	170	-	-	1.9.1	4.0	direct	1.9.3	4.1	1.9.3	none	1.9.1	none	MISMATCH_SINCE	ladder-gap-1.9.1-1.9.3
Encoding::Converter	i	convert	Encoding__Converter.md	182	-	-	1.9.1	4.0	direct	1.9.3	4.1	1.9.3	none	1.9.1	none	MISMATCH_SINCE	ladder-gap-1.9.1-1.9.3
Encoding::Converter	i	last_error	Encoding__Converter.md	214	-	-	1.9.1	4.0	direct	1.9.3	4.1	1.9.3	none	1.9.1	none	MISMATCH_SINCE	ladder-gap-1.9.1-1.9.3
Encoding::Converter	i	finish	Encoding__Converter.md	227	-	-	1.9.1	4.0	direct	1.9.3	4.1	1.9.3	none	1.9.1	none	MISMATCH_SINCE	ladder-gap-1.9.1-1.9.3
Encoding::Converter	i	primitive_convert	Encoding__Converter.md	241	-	-	1.9.1	4.0	direct	1.9.3	4.1	1.9.3	none	1.9.1	none	MISMATCH_SINCE	overloads:4;ladder-gap-1.9.1-1.9.3
Encoding::Converter	i	primitive_errinfo	Encoding__Converter.md	302	-	-	1.9.1	4.0	direct	1.9.3	4.1	1.9.3	none	1.9.1	none	MISMATCH_SINCE	ladder-gap-1.9.1-1.9.3
Encoding::Converter	i	insert_output	Encoding__Converter.md	366	-	-	1.9.1	4.0	direct	1.9.3	4.1	1.9.3	none	1.9.1	none	MISMATCH_SINCE	ladder-gap-1.9.1-1.9.3
Encoding::Converter	i	putback	Encoding__Converter.md	397	-	-	1.9.1	4.0	direct	1.9.3	4.1	1.9.3	none	1.9.1	none	MISMATCH_SINCE	overloads:2;ladder-gap-1.9.1-1.9.3
Enumerable	i	all?	Enumerable.md	13	-	-	1.8.6	4.0	direct	1.8.7	4.1	none	none	none	none	OK	overloads:3
Enumerable	i	any?	Enumerable.md	47	-	-	1.8.6	4.0	direct	1.8.7	4.1	none	none	none	none	OK	overloads:3
Enumerable	i	chain	Enumerable.md	75	-	-	2.6	4.0	direct	2.6.0	4.1	2.6.0	none	2.6.0	none	OK	
Enumerable	i	collect	Enumerable.md	86	-	-	1.8.6	4.0	direct	1.8.7	4.1	none	none	none	none	OK	overloads:2
Enumerable	i	map	Enumerable.md	87	-	-	1.8.6	4.0	direct	1.8.7	4.1	none	none	none	none	OK	overloads:2
Enumerable	i	each_with_index	Enumerable.md	103	-	-	1.8.6	4.0	direct	1.8.7	4.1	none	none	none	none	OK	overloads:2
Enumerable	i	find	Enumerable.md	137	-	-	1.8.6	4.0	direct	1.8.7	4.1	none	none	none	none	OK	overloads:2
Enumerable	i	detect	Enumerable.md	138	-	-	1.8.6	4.0	direct	1.8.7	4.1	none	none	none	none	OK	overloads:2
Enumerable	i	find_all	Enumerable.md	162	-	-	1.8.6	4.0	direct	1.8.7	4.1	none	none	none	none	OK	overloads:2
Enumerable	i	select	Enumerable.md	163	-	-	1.8.6	4.0	direct	1.8.7	4.1	none	none	none	none	OK	overloads:2
Enumerable	i	filter	Enumerable.md	164	-	-	2.6	4.0	direct	2.6.0	4.1	2.6.0	none	2.6.0	none	OK	overloads:2
Enumerable	i	filter_map	Enumerable.md	184	-	-	2.7	4.0	direct	2.7.0	4.1	2.7.0	none	2.7.0	none	OK	overloads:2
Enumerable	i	grep	Enumerable.md	197	-	-	1.8.6	4.0	direct	1.8.7	4.1	none	none	none	none	OK	overloads:2
Enumerable	i	grep_v	Enumerable.md	216	-	-	2.3	4.0	direct	2.3.0	4.1	2.3.0	none	2.3.0	none	OK	overloads:2
Enumerable	i	inject	Enumerable.md	232	-	-	1.8.6	4.0	direct	1.8.7	4.1	none	none	none	none	OK	overloads:3
Enumerable	i	reduce	Enumerable.md	235	-	-	1.8.7	4.0	direct	1.8.7	4.1	none	none	none	none	INFO_1_8_7	overloads:3
Enumerable	i	member?	Enumerable.md	275	-	-	1.8.6	4.0	direct	1.8.7	4.1	none	none	none	none	OK	
Enumerable	i	include?	Enumerable.md	276	-	-	1.8.6	4.0	direct	1.8.7	4.1	none	none	none	none	OK	
Enumerable	i	max	Enumerable.md	289	-	-	1.8.6	4.0	direct	1.8.7	4.1	none	none	none	none	OK	overloads:4
Enumerable	i	max_by	Enumerable.md	353	-	-	1.8.7	4.0	direct	1.8.7	4.1	none	none	none	none	INFO_1_8_7	overloads:4
Enumerable	i	min	Enumerable.md	427	-	-	1.8.6	4.0	direct	1.8.7	4.1	none	none	none	none	OK	overloads:4
Enumerable	i	min_by	Enumerable.md	492	-	-	1.8.7	4.0	direct	1.8.7	4.1	none	none	none	none	INFO_1_8_7	overloads:4
Enumerable	i	partition	Enumerable.md	520	-	-	1.8.6	4.0	direct	1.8.7	4.1	none	none	none	none	OK	overloads:2
Enumerable	i	reject	Enumerable.md	533	-	-	1.8.6	4.0	direct	1.8.7	4.1	none	none	none	none	OK	overloads:2
Enumerable	i	sort	Enumerable.md	549	-	-	1.8.6	4.0	direct	1.8.7	4.1	none	none	none	none	OK	overloads:2
Enumerable	i	sort_by	Enumerable.md	575	-	-	1.8.6	4.0	direct	1.8.7	4.1	none	none	none	none	OK	overloads:2
Enumerable	i	to_a	Enumerable.md	643	-	-	1.8.6	4.0	direct	1.8.7	4.1	none	none	none	none	OK	
Enumerable	i	entries	Enumerable.md	644	-	-	1.8.6	4.0	direct	1.8.7	4.1	none	none	none	none	OK	
Enumerable	i	to_h	Enumerable.md	658	-	-	2.1	4.0	direct	2.1.0	4.1	2.1.0	none	2.1.0	none	OK	overloads:2
Enumerable	i	zip	Enumerable.md	675	-	-	1.8.6	4.0	direct	1.8.7	4.1	none	none	none	none	OK	overloads:2
Enumerable	i	each_slice	Enumerable.md	709	-	-	1.8.7	4.0	direct	1.8.7	4.1	none	none	none	none	INFO_1_8_7	overloads:3
Enumerable	i	each_cons	Enumerable.md	735	-	-	1.8.7	4.0	direct	1.8.7	4.1	none	none	none	none	INFO_1_8_7	overloads:3
Enumerable	i	count	Enumerable.md	764	-	-	1.8.7	4.0	direct	1.8.7	4.1	none	none	none	none	INFO_1_8_7	overloads:3
Enumerable	i	cycle	Enumerable.md	788	-	-	1.8.7	4.0	direct	1.8.7	4.1	none	none	none	none	INFO_1_8_7	overloads:2
Enumerable	i	drop	Enumerable.md	809	-	-	1.8.7	4.0	direct	1.8.7	4.1	none	none	none	none	INFO_1_8_7	
Enumerable	i	drop_while	Enumerable.md	822	-	-	1.8.7	4.0	direct	1.8.7	4.1	none	none	none	none	INFO_1_8_7	overloads:2
Enumerable	i	find_index	Enumerable.md	834	-	-	1.8.7	4.0	direct	1.8.7	4.1	none	none	none	none	INFO_1_8_7	overloads:3
Enumerable	i	first	Enumerable.md	861	-	-	1.8.7	4.0	direct	1.8.7	4.1	none	none	none	none	INFO_1_8_7	overloads:2
Enumerable	i	group_by	Enumerable.md	880	-	-	1.8.7	4.0	direct	1.8.7	4.1	none	none	none	none	INFO_1_8_7	overloads:2
Enumerable	i	minmax	Enumerable.md	891	-	-	1.8.7	4.0	direct	1.8.7	4.1	none	none	none	none	INFO_1_8_7	overloads:2
Enumerable	i	minmax_by	Enumerable.md	909	-	-	1.8.7	4.0	direct	1.8.7	4.1	none	none	none	none	INFO_1_8_7	overloads:2
Enumerable	i	none?	Enumerable.md	930	-	-	1.8.7	4.0	direct	1.8.7	4.1	none	none	none	none	INFO_1_8_7	overloads:3
Enumerable	i	one?	Enumerable.md	958	-	-	1.8.7	4.0	direct	1.8.7	4.1	none	none	none	none	INFO_1_8_7	overloads:3
Enumerable	i	take	Enumerable.md	985	-	-	1.8.7	4.0	direct	1.8.7	4.1	none	none	none	none	INFO_1_8_7	
Enumerable	i	take_while	Enumerable.md	998	-	-	1.8.7	4.0	direct	1.8.7	4.1	none	none	none	none	INFO_1_8_7	overloads:2
Enumerable	i	reverse_each	Enumerable.md	1013	-	-	1.8.7	4.0	direct	1.8.7	4.1	none	none	none	none	INFO_1_8_7	overloads:2
Enumerable	i	each_with_object	Enumerable.md	1031	-	-	1.9.1	4.0	direct	1.9.3	4.1	1.9.3	none	1.9.1	none	MISMATCH_SINCE	overloads:2;ladder-gap-1.9.1-1.9.3
Enumerable	i	flat_map	Enumerable.md	1047	-	-	1.9.2	4.0	direct	1.9.3	4.1	1.9.3	none	1.9.3	none	INFO_1_9_2	overloads:2
Enumerable	i	collect_concat	Enumerable.md	1048	-	-	1.9.2	4.0	direct	1.9.3	4.1	1.9.3	none	1.9.3	none	INFO_1_9_2	overloads:2
Enumerable	i	chunk	Enumerable.md	1062	-	-	1.9.2	4.0	direct	1.9.3	4.1	1.9.3	none	1.9.3	none	INFO_1_9_2	
Enumerable	i	chunk_while	Enumerable.md	1179	-	-	2.3	4.0	direct	2.3.0	4.1	2.3.0	none	2.3.0	none	OK	
Enumerable	i	each_entry	Enumerable.md	1221	-	-	1.9.2	4.0	direct	1.9.3	4.1	1.9.3	none	1.9.3	none	INFO_1_9_2	overloads:2
Enumerable	i	slice_before	Enumerable.md	1247	-	-	1.9.2	4.0	direct	1.9.3	4.1	1.9.3	none	1.9.3	none	INFO_1_9_2	overloads:2
Enumerable	i	slice_after	Enumerable.md	1311	-	-	2.2	4.0	direct	2.2.0	4.1	2.2.0	none	2.2.0	none	OK	overloads:2
Enumerable	i	slice_when	Enumerable.md	1353	-	-	2.2	4.0	direct	2.2.0	4.1	2.2.0	none	2.2.0	none	OK	
Enumerable	i	lazy	Enumerable.md	1406	-	-	2.0.0	4.0	direct	2.0.0	4.1	2.0.0	none	2.0.0	none	OK	
Enumerable	i	sum	Enumerable.md	1445	-	-	2.4	4.0	direct	2.4.0	4.1	2.4.0	none	2.4.0	none	OK	overloads:2
Enumerable	i	tally	Enumerable.md	1473	-	-	2.7	4.0	direct	2.7.0	4.1	2.7.0	none	2.7.0	none	OK	overloads:2
Enumerable	i	uniq	Enumerable.md	1500	-	-	2.4	4.0	direct	2.4.0	4.1	2.4.0	none	2.4.0	none	OK	overloads:2
Enumerable	i	compact	Enumerable.md	1522	-	-	3.1	4.0	direct	3.1	4.1	3.1	none	3.1	none	OK	
Enumerable	i	to_set	Enumerable.md	1541	-	-	3.2	4.0	direct	3.2	4.1	3.2	none	3.2	none	OK	overloads:2
Enumerator	s	new	Enumerator.md	44	-	-	1.9.1	4.0	new-via-initialize	1.9.3	4.1	1.9.3	none	1.9.1	none	MISMATCH_SINCE	new-via-initialize;ladder-gap-1.9.1-1.9.3
Enumerator	s	produce	Enumerator.md	84	-	-	2.7	4.0	direct	2.7.0	4.1	2.7.0	none	2.7.0	none	OK	overloads:2
Enumerator	s	product	Enumerator.md	157	-	-	3.2	4.0	direct	3.2	4.1	3.2	none	3.2	none	OK	overloads:2
Enumerator	i	+	Enumerator.md	188	-	-	2.6	4.0	direct	2.6.0	4.1	2.6.0	none	2.6.0	none	OK	
Enumerator	i	each	Enumerator.md	199	-	-	1.9.1	4.0	direct	1.9.3	4.1	1.9.3	none	1.9.1	none	MISMATCH_SINCE	overloads:4;ladder-gap-1.9.1-1.9.3
Enumerator	i	next	Enumerator.md	250	-	-	1.9.1	4.0	direct	1.9.3	4.1	1.9.3	none	1.9.1	none	MISMATCH_SINCE	ladder-gap-1.9.1-1.9.3
Enumerator	i	feed	Enumerator.md	305	-	-	1.9.2	4.0	direct	1.9.3	4.1	1.9.3	none	1.9.3	none	INFO_1_9_2	
Enumerator	i	next_values	Enumerator.md	336	-	-	1.9.2	4.0	direct	1.9.3	4.1	1.9.3	none	1.9.3	none	INFO_1_9_2	
Enumerator	i	peek	Enumerator.md	393	-	-	1.9.2	4.0	direct	1.9.3	4.1	1.9.3	none	1.9.3	none	INFO_1_9_2	
Enumerator	i	peek_values	Enumerator.md	417	-	-	1.9.2	4.0	direct	1.9.3	4.1	1.9.3	none	1.9.3	none	INFO_1_9_2	
Enumerator	i	rewind	Enumerator.md	461	-	-	1.9.1	4.0	direct	1.9.3	4.1	1.9.3	none	1.9.1	none	MISMATCH_SINCE	ladder-gap-1.9.1-1.9.3
Enumerator	i	with_index	Enumerator.md	481	-	-	1.9.1	4.0	direct	1.9.3	4.1	1.9.3	none	1.9.1	none	MISMATCH_SINCE	overloads:2;ladder-gap-1.9.1-1.9.3
Enumerator	i	with_object	Enumerator.md	510	-	-	1.9.1	4.0	direct	1.9.3	4.1	1.9.3	none	1.9.1	none	MISMATCH_SINCE	overloads:2;ladder-gap-1.9.1-1.9.3
Enumerator	i	size	Enumerator.md	539	2.0.0	-	2.0.0	4.0	direct	1.9.3	4.1	2.0.0	none	2.0.0	none	OK	
Enumerator::ArithmeticSequence	i	begin	Enumerator__ArithmeticSequence.md	15	-	-	2.6	4.0	direct	2.6.0	4.1	2.6.0	none	2.6.0	none	OK	
Enumerator::ArithmeticSequence	i	end	Enumerator__ArithmeticSequence.md	21	-	-	2.6	4.0	direct	2.6.0	4.1	2.6.0	none	2.6.0	none	OK	
Enumerator::ArithmeticSequence	i	exclude_end?	Enumerator__ArithmeticSequence.md	55	-	-	2.6	4.0	direct	2.6.0	4.1	2.6.0	none	2.6.0	none	OK	
Enumerator::ArithmeticSequence	i	step	Enumerator__ArithmeticSequence.md	59	-	-	2.6	4.0	direct	2.6.0	4.1	2.6.0	none	2.6.0	none	OK	
Enumerator::ArithmeticSequence	i	first	Enumerator__ArithmeticSequence.md	63	-	-	2.6	4.0	direct	2.6.0	4.1	2.6.0	none	2.6.0	none	OK	overloads:2
Enumerator::ArithmeticSequence	i	last	Enumerator__ArithmeticSequence.md	70	-	-	2.6	4.0	direct	2.6.0	4.1	2.6.0	none	2.6.0	none	OK	overloads:2
Enumerator::ArithmeticSequence	i	inspect	Enumerator__ArithmeticSequence.md	77	-	-	2.6	4.0	direct	2.6.0	4.1	2.6.0	none	2.6.0	none	OK	
Enumerator::ArithmeticSequence	i	==	Enumerator__ArithmeticSequence.md	81	-	-	2.6	4.0	direct	2.6.0	4.1	2.6.0	none	2.6.0	none	OK	
Enumerator::ArithmeticSequence	i	hash	Enumerator__ArithmeticSequence.md	91	-	-	2.6	4.0	direct	2.6.0	4.1	2.6.0	none	2.6.0	none	OK	
Enumerator::ArithmeticSequence	i	each	Enumerator__ArithmeticSequence.md	97	-	-	2.6	4.0	direct	2.6.0	4.1	2.6.0	none	2.6.0	none	OK	overloads:2
Enumerator::ArithmeticSequence	i	size	Enumerator__ArithmeticSequence.md	104	-	-	2.6	4.0	direct	2.6.0	4.1	2.6.0	none	2.6.0	none	OK	
Enumerator::Chain	s	new	Enumerator__Chain.md	13	-	-	2.6	4.0	new-via-initialize	2.6.0	4.1	2.6.0	none	2.6.0	none	OK	new-via-initialize
Enumerator::Chain	i	each	Enumerator__Chain.md	25	-	-	2.6	4.0	direct	2.6.0	4.1	2.6.0	none	2.6.0	none	OK	overloads:2
Enumerator::Chain	i	inspect	Enumerator__Chain.md	33	-	-	2.6	4.0	direct	2.6.0	4.1	2.6.0	none	2.6.0	none	OK	
Enumerator::Chain	i	rewind	Enumerator__Chain.md	37	-	-	2.6	4.0	direct	2.6.0	4.1	2.6.0	none	2.6.0	none	OK	
Enumerator::Chain	i	size	Enumerator__Chain.md	44	-	-	2.6	4.0	direct	2.6.0	4.1	2.6.0	none	2.6.0	none	OK	
Enumerator::Generator	i	each	Enumerator__Generator.md	10	1.9.1	-	1.9.1	4.0	direct	3.0	4.1	1.9.1	none	1.9.1	none	OK	
Enumerator::Lazy	s	new	Enumerator__Lazy.md	52	-	-	2.0.0	4.0	new-via-initialize	2.0.0	4.1	2.0.0	none	2.0.0	none	OK	new-via-initialize
Enumerator::Lazy	i	map	Enumerator__Lazy.md	82	-	-	2.0.0	4.0	direct	2.0.0	4.1	2.0.0	none	2.0.0	none	OK	
Enumerator::Lazy	i	collect	Enumerator__Lazy.md	83	-	-	2.0.0	4.0	direct	2.0.0	4.1	2.0.0	none	2.0.0	none	OK	
Enumerator::Lazy	i	flat_map	Enumerator__Lazy.md	99	-	-	2.0.0	4.0	direct	2.0.0	4.1	2.0.0	none	2.0.0	none	OK	
Enumerator::Lazy	i	collect_concat	Enumerator__Lazy.md	100	-	-	2.0.0	4.0	direct	2.0.0	4.1	2.0.0	none	2.0.0	none	OK	
Enumerator::Lazy	i	select	Enumerator__Lazy.md	126	-	-	2.0.0	4.0	direct	2.0.0	4.1	2.0.0	none	2.0.0	none	OK	
Enumerator::Lazy	i	find_all	Enumerator__Lazy.md	127	-	-	2.0.0	4.0	direct	2.0.0	4.1	2.0.0	none	2.0.0	none	OK	
Enumerator::Lazy	i	filter	Enumerator__Lazy.md	128	-	-	2.6	4.0	direct	2.6.0	4.1	2.6.0	none	2.6.0	none	OK	
Enumerator::Lazy	i	filter_map	Enumerator__Lazy.md	144	-	-	2.7	4.0	direct	2.7.0	4.1	2.7.0	none	2.7.0	none	OK	
Enumerator::Lazy	i	reject	Enumerator__Lazy.md	160	-	-	2.0.0	4.0	direct	2.0.0	4.1	2.0.0	none	2.0.0	none	OK	
Enumerator::Lazy	i	grep	Enumerator__Lazy.md	176	-	-	2.0.0	4.0	direct	2.0.0	4.1	2.0.0	none	2.0.0	none	OK	
Enumerator::Lazy	i	grep_v	Enumerator__Lazy.md	189	-	-	2.3	4.0	direct	2.3.0	4.1	2.3.0	none	2.3.0	none	OK	
Enumerator::Lazy	i	zip	Enumerator__Lazy.md	202	-	-	2.0.0	4.0	direct	2.0.0	4.1	2.0.0	none	2.0.0	none	OK	overloads:2
Enumerator::Lazy	i	take	Enumerator__Lazy.md	219	-	-	2.0.0	4.0	direct	2.0.0	4.1	2.0.0	none	2.0.0	none	OK	
Enumerator::Lazy	i	take_while	Enumerator__Lazy.md	240	-	-	2.0.0	4.0	direct	2.0.0	4.1	2.0.0	none	2.0.0	none	OK	overloads:2
Enumerator::Lazy	i	drop	Enumerator__Lazy.md	255	-	-	2.0.0	4.0	direct	2.0.0	4.1	2.0.0	none	2.0.0	none	OK	
Enumerator::Lazy	i	drop_while	Enumerator__Lazy.md	273	-	-	2.0.0	4.0	direct	2.0.0	4.1	2.0.0	none	2.0.0	none	OK	
Enumerator::Lazy	i	eager	Enumerator__Lazy.md	287	-	-	2.7	4.0	direct	2.7.0	4.1	2.7.0	none	2.7.0	none	OK	
Enumerator::Lazy	i	lazy	Enumerator__Lazy.md	305	-	-	2.0.0	4.0	direct	2.0.0	4.1	2.0.0	none	2.0.0	none	OK	
Enumerator::Lazy	i	chunk	Enumerator__Lazy.md	315	-	-	2.0.0	4.0	direct	2.0.0	4.1	2.0.0	none	2.0.0	none	OK	overloads:2
Enumerator::Lazy	i	slice_before	Enumerator__Lazy.md	330	-	-	2.0.0	4.0	direct	2.0.0	4.1	2.0.0	none	2.0.0	none	OK	overloads:3
Enumerator::Lazy	i	slice_after	Enumerator__Lazy.md	346	-	-	2.2	4.0	direct	2.2.0	4.1	2.2.0	none	2.2.0	none	OK	overloads:2
Enumerator::Lazy	i	slice_when	Enumerator__Lazy.md	361	-	-	2.2	4.0	direct	2.2.0	4.1	2.2.0	none	2.2.0	none	OK	
Enumerator::Lazy	i	force	Enumerator__Lazy.md	375	2.3.0	-	2.3	4.0	direct	2.0.0	4.1	2.3.0	none	2.3.0	none	OK	
Enumerator::Lazy	i	to_enum	Enumerator__Lazy.md	390	-	-	2.0.0	4.0	direct	2.0.0	4.1	2.0.0	none	2.0.0	none	OK	overloads:2
Enumerator::Lazy	i	enum_for	Enumerator__Lazy.md	391	-	-	2.0.0	4.0	direct	2.0.0	4.1	2.0.0	none	2.0.0	none	OK	overloads:2
Enumerator::Lazy	i	chunk_while	Enumerator__Lazy.md	430	2.3.0	-	2.3	4.0	inherited:Enumerable	2.4.0	4.1	2.3.0	none	2.3.0	none	OK	last-resolved-via:direct;inherited:Enumerable
Enumerator::Lazy	i	uniq	Enumerator__Lazy.md	437	-	-	2.4	4.0	direct	2.4.0	4.1	2.4.0	none	2.4.0	none	OK	overloads:2
Enumerator::Lazy	i	with_index	Enumerator__Lazy.md	442	2.0.0	-	2.0.0	4.0	inherited:Enumerator	2.7.0	4.1	2.0.0	none	2.0.0	none	OK	last-resolved-via:direct;overloads:2;inherited:Enumerator
Enumerator::Lazy	i	compact	Enumerator__Lazy.md	461	-	-	3.1	4.0	direct	3.1	4.1	3.1	none	3.1	none	OK	
Enumerator::Product	s	new	Enumerator__Product.md	27	-	-	3.2	4.0	new-via-initialize	3.2	4.1	3.2	none	3.2	none	OK	new-via-initialize
Enumerator::Product	i	each	Enumerator__Product.md	43	-	-	3.2	4.0	direct	3.2	4.1	3.2	none	3.2	none	OK	overloads:2
Enumerator::Product	i	inspect	Enumerator__Product.md	66	-	-	3.2	4.0	direct	3.2	4.1	3.2	none	3.2	none	OK	
Enumerator::Product	i	rewind	Enumerator__Product.md	75	-	-	3.2	4.0	direct	3.2	4.1	3.2	none	3.2	none	OK	
Enumerator::Product	i	size	Enumerator__Product.md	82	-	-	3.2	4.0	direct	3.2	4.1	3.2	none	3.2	none	OK	
Enumerator::Yielder	i	<<	Enumerator__Yielder.md	10	1.9.1	-	1.9.1	4.0	direct	2.5.0	4.1	1.9.1	none	1.9.1	none	OK	
Enumerator::Yielder	i	to_proc	Enumerator__Yielder.md	34	-	-	2.7	4.0	direct	2.7.0	4.1	2.7.0	none	2.7.0	none	OK	
Enumerator::Yielder	i	yield	Enumerator__Yielder.md	58	1.9.1	-	1.9.1	4.0	direct	2.5.0	4.1	1.9.1	none	1.9.1	none	OK	
Exception	s	new	Exception.md	10	-	-	1.8.6	4.0	new-via-initialize	1.8.7	4.1	none	none	none	none	OK	new-via-initialize
Exception	s	exception	Exception.md	11	-	-	1.8.6	4.0	direct	1.8.7	4.1	none	none	none	none	OK	
Exception	s	to_tty?	Exception.md	29	-	-	2.5	4.0	direct	2.5.0	4.1	2.5.0	none	2.5.0	none	OK	
Exception	i	exception	Exception.md	37	-	-	1.8.6	4.0	direct	1.8.7	4.1	none	none	none	none	OK	overloads:2
Exception	i	backtrace	Exception.md	55	-	-	1.8.6	4.0	direct	1.8.7	4.1	none	none	none	none	OK	
Exception	i	backtrace_locations	Exception.md	93	-	-	2.1	4.0	direct	2.1.0	4.1	2.1.0	none	2.1.0	none	OK	
Exception	i	message	Exception.md	126	-	-	1.8.6	4.0	direct	1.8.7	4.1	none	none	none	none	OK	
Exception	i	to_s	Exception.md	127	-	-	1.8.6	4.0	direct	1.8.7	4.1	none	none	none	none	OK	
Exception	i	set_backtrace	Exception.md	139	-	-	1.8.6	4.0	direct	1.8.7	4.1	none	none	none	none	OK	
Exception	i	inspect	Exception.md	167	-	-	1.8.6	4.0	direct	1.8.7	4.1	none	none	none	none	OK	
Exception	i	==	Exception.md	179	EMPTY	-	1.8.6	4.0	inherited:Kernel	1.9.3	4.1	none	none	none	none	OK	last-resolved-via:direct;inherited:Kernel
Exception	i	cause	Exception.md	229	-	-	2.1	4.0	direct	2.1.0	4.1	2.1.0	none	2.1.0	none	OK	
Exception	i	full_message	Exception.md	246	-	-	2.5	4.0	direct	2.5.0	4.1	2.5.0	none	2.5.0	none	OK	
Exception	i	detailed_message	Exception.md	287	-	-	3.2	4.0	direct	3.2	4.1	3.2	none	3.2	none	OK	
FalseClass	i	&	FalseClass.md	12	-	-	1.8.6	4.0	direct	1.8.7	4.1	none	none	none	none	OK	
FalseClass	i	|	FalseClass.md	34	-	-	1.8.6	4.0	direct	1.8.7	4.1	none	none	none	none	OK	
FalseClass	i	^	FalseClass.md	56	-	-	1.8.6	4.0	direct	1.8.7	4.1	none	none	none	none	OK	
FalseClass	i	to_s	FalseClass.md	78	-	-	1.8.6	4.0	direct	1.8.7	4.1	none	none	none	none	OK	
FalseClass	i	inspect	FalseClass.md	79	EMPTY	-	1.8.6	4.0	inherited:Kernel	2.0.0	4.1	none	none	none	none	OK	last-resolved-via:direct;inherited:Kernel
Fiber	s	current	Fiber.current.md	1	-	-	3.1	4.0	direct	3.1	4.1	3.1	none	3.1	none	OK	
Fiber	s	new	Fiber.md	141	-	-	1.9.1	4.0	new-via-initialize	1.9.3	4.1	1.9.3	none	1.9.1	none	MISMATCH_SINCE	overloads:2;new-via-initialize;ladder-gap-1.9.1-1.9.3
Fiber	s	yield	Fiber.md	189	-	-	1.9.1	4.0	direct	1.9.3	4.1	1.9.3	none	1.9.1	none	MISMATCH_SINCE	ladder-gap-1.9.1-1.9.3
Fiber	s	[]	Fiber.md	212	-	-	3.2	4.0	direct	3.2	4.1	3.2	none	3.2	none	OK	
Fiber	s	[]=	Fiber.md	235	-	-	3.2	4.0	direct	3.2	4.1	3.2	none	3.2	none	OK	
Fiber	s	blocking	Fiber.md	266	-	-	3.2	4.0	direct	3.2	4.1	3.2	none	3.2	none	OK	
Fiber	s	blocking?	Fiber.md	289	-	-	3.0	4.0	direct	3.0	4.1	3.0	none	3.0	none	OK	
Fiber	s	current_scheduler	Fiber.md	305	-	-	3.1	4.0	direct	3.1	4.1	3.1	none	3.1	none	OK	
Fiber	s	schedule	Fiber.md	316	-	-	3.0	4.0	direct	3.0	4.1	3.0	none	3.0	none	OK	
Fiber	s	scheduler	Fiber.md	333	-	-	3.0	4.0	direct	3.0	4.1	3.0	none	3.0	none	OK	
Fiber	s	set_scheduler	Fiber.md	347	-	-	3.0	4.0	direct	3.0	4.1	3.0	none	3.0	none	OK	
Fiber	i	transfer	Fiber.transfer.md	1	-	-	3.1	4.0	direct	3.1	4.1	3.1	none	3.1	none	OK	
Fiber	i	alive?	Fiber.alive_p.md	1	-	-	3.1	4.0	direct	3.1	4.1	3.1	none	3.1	none	OK	
Fiber	i	raise	Fiber.md	370	-	-	1.9.1	4.0	inherited:Kernel	2.7.0	4.1	2.7.0	none	1.9.1	none	MISMATCH_SINCE	last-resolved-via:direct;overloads:3;inherited:Kernel;db-late
Fiber	i	resume	Fiber.md	413	-	-	1.9.1	4.0	direct	1.9.3	4.1	1.9.3	none	1.9.1	none	MISMATCH_SINCE	ladder-gap-1.9.1-1.9.3
Fiber	i	backtrace	Fiber.md	441	-	-	3.0	4.0	direct	3.0	4.1	3.0	none	3.0	none	OK	overloads:4
Fiber	i	backtrace_locations	Fiber.md	491	-	-	3.0	4.0	direct	3.0	4.1	3.0	none	3.0	none	OK	overloads:4
Fiber	i	blocking?	Fiber.md	512	-	-	3.0	4.0	direct	3.0	4.1	3.0	none	3.0	none	OK	
Fiber	i	kill	Fiber.md	527	-	-	3.3	4.0	direct	3.3	4.1	3.3	none	3.3	none	OK	
Fiber	i	storage	Fiber.md	561	-	-	3.2	4.0	direct	3.2	4.1	3.2	none	3.2	none	OK	
Fiber	i	storage=	Fiber.md	562	-	-	3.2	4.0	direct	3.2	4.1	3.2	none	3.2	none	OK	
File	s	atime	File.md	15	-	-	1.8.6	4.0	direct	1.8.7	4.1	none	none	none	none	OK	
File	s	ctime	File.md	27	-	-	1.8.6	4.0	direct	1.8.7	4.1	none	none	none	none	OK	
File	s	mtime	File.md	43	-	-	1.8.6	4.0	direct	1.8.7	4.1	none	none	none	none	OK	
File	s	birthtime	File.md	55	-	-	2.2	4.0	direct	2.2.0	4.1	2.2.0	none	2.2.0	none	OK	
File	s	basename	File.md	69	-	-	1.8.6	4.0	direct	1.8.7	4.1	none	none	none	none	OK	
File	s	chmod	File.md	96	-	-	1.8.6	4.0	direct	1.8.7	4.1	none	none	none	none	OK	
File	s	lchmod	File.md	106	-	-	1.8.6	4.0	direct	1.8.7	4.1	none	none	none	none	OK	
File	s	chown	File.md	127	-	-	1.8.6	4.0	direct	1.8.7	4.1	none	none	none	none	OK	
File	s	lchown	File.md	147	-	-	1.8.6	4.0	direct	1.8.7	4.1	none	none	none	none	OK	
File	s	delete	File.md	169	-	-	1.8.6	4.0	direct	1.8.7	4.1	none	none	none	none	OK	
File	s	unlink	File.md	170	-	-	1.8.6	4.0	direct	1.8.7	4.1	none	none	none	none	OK	
File	s	dirname	File.md	195	-	-	1.8.6	4.0	direct	1.8.7	4.1	none	none	none	none	OK	overloads:2
File	s	expand_path	File.md	236	-	-	1.8.6	4.0	direct	1.8.7	4.1	none	none	none	none	OK	
File	s	absolute_path	File.md	257	-	-	1.9.1	4.0	direct	1.9.3	4.1	1.9.3	none	1.9.1	none	MISMATCH_SINCE	ladder-gap-1.9.1-1.9.3
File	s	absolute_path?	File.md	277	-	-	2.7	4.0	direct	2.7.0	4.1	2.7.0	none	2.7.0	none	OK	
File	s	extname	File.md	299	-	-	1.8.6	4.0	direct	1.8.7	4.1	none	none	none	none	OK	
File	s	fnmatch	File.md	322	-	-	1.8.6	4.0	direct	1.8.7	4.1	none	none	none	none	OK	
File	s	fnmatch?	File.md	323	-	-	1.8.6	4.0	direct	1.8.7	4.1	none	none	none	none	OK	
File	s	ftype	File.md	405	-	-	1.8.6	4.0	direct	1.8.7	4.1	none	none	none	none	OK	
File	s	join	File.md	431	-	-	1.8.6	4.0	direct	1.8.7	4.1	none	none	none	none	OK	
File	s	link	File.md	456	-	-	1.8.6	4.0	direct	1.8.7	4.1	none	none	none	none	OK	
File	s	new	File.md	475	-	-	1.8.6	4.0	new-via-initialize	1.8.7	4.1	none	none	none	none	OK	new-via-initialize
File	s	open	File.md	476	-	-	1.8.6	4.0	inherited:IO	1.8.7	4.1	none	none	none	none	OK	overloads:2;inherited:IO
File	s	path	File.md	512	-	-	1.9.1	4.0	direct	1.9.3	4.1	1.9.3	none	1.9.1	none	MISMATCH_SINCE	ladder-gap-1.9.1-1.9.3
File	s	readlink	File.md	535	-	-	1.8.6	4.0	direct	1.8.7	4.1	none	none	none	none	OK	
File	s	realpath	File.md	549	-	-	1.9.2	4.0	direct	1.9.3	4.1	1.9.3	none	1.9.3	none	INFO_1_9_2	
File	s	realdirpath	File.md	569	-	-	1.9.2	4.0	direct	1.9.3	4.1	1.9.3	none	1.9.3	none	INFO_1_9_2	
File	s	rename	File.md	581	-	-	1.8.6	4.0	direct	1.8.7	4.1	none	none	none	none	OK	
File	s	split	File.md	604	-	-	1.8.6	4.0	direct	1.8.7	4.1	none	none	none	none	OK	
File	s	stat	File.md	616	-	-	1.8.6	4.0	direct	1.8.7	4.1	none	none	none	none	OK	
File	s	lstat	File.md	631	-	-	1.8.6	4.0	direct	1.8.7	4.1	none	none	none	none	OK	
File	s	symlink	File.md	647	-	-	1.8.6	4.0	direct	1.8.7	4.1	none	none	none	none	OK	
File	s	truncate	File.md	663	-	-	1.8.6	4.0	direct	1.8.7	4.1	none	none	none	none	OK	
File	s	umask	File.md	682	-	-	1.8.6	4.0	direct	1.8.7	4.1	none	none	none	none	OK	overloads:2
File	s	utime	File.md	701	-	-	1.8.6	4.0	direct	1.8.7	4.1	none	none	none	none	OK	
File	s	lutime	File.md	732	-	-	2.5	4.0	direct	2.5.0	4.1	2.5.0	none	2.5.0	none	OK	
File	s	blockdev?	File.md	749	-	-	1.8.6	4.0	direct	1.8.7	4.1	none	none	none	none	OK	
File	s	chardev?	File.md	759	-	-	1.8.6	4.0	direct	1.8.7	4.1	none	none	none	none	OK	
File	s	directory?	File.md	767	-	-	1.8.6	4.0	direct	1.8.7	4.1	none	none	none	none	OK	
File	s	executable?	File.md	775	-	-	1.8.6	4.0	direct	1.8.7	4.1	none	none	none	none	OK	
File	s	executable_real?	File.md	783	-	-	1.8.6	4.0	direct	1.8.7	4.1	none	none	none	none	OK	
File	s	exist?	File.md	791	-	-	1.8.6	4.0	direct	1.8.7	4.1	none	none	none	none	OK	
File	s	exists?	File.md	800	-	-	1.8.6	3.1	direct	1.8.7	3.1	none	3.2	none	3.2	OK	
File	s	file?	File.md	806	-	-	1.8.6	4.0	direct	1.8.7	4.1	none	none	none	none	OK	
File	s	grpowned?	File.md	814	-	-	1.8.6	4.0	direct	1.8.7	4.1	none	none	none	none	OK	
File	s	owned?	File.md	822	-	-	1.8.6	4.0	direct	1.8.7	4.1	none	none	none	none	OK	
File	s	identical?	File.md	830	-	-	1.8.6	4.0	direct	1.8.7	4.1	none	none	none	none	OK	
File	s	pipe?	File.md	840	-	-	1.8.6	4.0	direct	1.8.7	4.1	none	none	none	none	OK	
File	s	readable?	File.md	848	-	-	1.8.6	4.0	direct	1.8.7	4.1	none	none	none	none	OK	
File	s	readable_real?	File.md	856	-	-	1.8.6	4.0	direct	1.8.7	4.1	none	none	none	none	OK	
File	s	setgid?	File.md	864	-	-	1.8.6	4.0	direct	1.8.7	4.1	none	none	none	none	OK	
File	s	setuid?	File.md	872	-	-	1.8.6	4.0	direct	1.8.7	4.1	none	none	none	none	OK	
File	s	size	File.md	880	-	-	1.8.6	4.0	direct	1.8.7	4.1	none	none	none	none	OK	
File	s	size?	File.md	886	-	-	1.8.6	4.0	direct	1.8.7	4.1	none	none	none	none	OK	
File	s	socket?	File.md	894	-	-	1.8.6	4.0	direct	1.8.7	4.1	none	none	none	none	OK	
File	s	sticky?	File.md	902	-	-	1.8.6	4.0	direct	1.8.7	4.1	none	none	none	none	OK	
File	s	symlink?	File.md	910	-	-	1.8.6	4.0	direct	1.8.7	4.1	none	none	none	none	OK	
File	s	writable?	File.md	918	-	-	1.8.6	4.0	direct	1.8.7	4.1	none	none	none	none	OK	
File	s	writable_real?	File.md	926	-	-	1.8.6	4.0	direct	1.8.7	4.1	none	none	none	none	OK	
File	s	zero?	File.md	934	-	-	1.8.6	4.0	direct	1.8.7	4.1	none	none	none	none	OK	
File	s	empty?	File.md	935	-	-	2.4	4.0	direct	2.4.0	4.1	2.4.0	none	2.4.0	none	OK	
File	s	world_readable?	File.md	943	-	-	1.9.1	4.0	direct	1.9.3	4.1	1.9.3	none	1.9.1	none	MISMATCH_SINCE	ladder-gap-1.9.1-1.9.3
File	s	world_writable?	File.md	956	-	-	1.9.1	4.0	direct	1.9.3	4.1	1.9.3	none	1.9.1	none	MISMATCH_SINCE	ladder-gap-1.9.1-1.9.3
File	s	mkfifo	File.md	969	-	-	2.3	4.0	direct	2.3.0	4.1	2.3.0	none	2.3.0	none	OK	
File	i	atime	File.md	985	-	-	1.8.6	4.0	direct	1.8.7	4.1	none	none	none	none	OK	
File	i	ctime	File.md	1000	-	-	1.8.6	4.0	direct	1.8.7	4.1	none	none	none	none	OK	
File	i	mtime	File.md	1015	-	-	1.8.6	4.0	direct	1.8.7	4.1	none	none	none	none	OK	
File	i	birthtime	File.md	1030	-	-	2.2	4.0	direct	2.2.0	4.1	2.2.0	none	2.2.0	none	OK	
File	i	size	File.md	1046	-	-	1.9.2	4.0	direct	1.9.3	4.1	1.9.3	none	1.9.3	none	INFO_1_9_2	
File	i	chmod	File.md	1062	-	-	1.8.6	4.0	direct	1.8.7	4.1	none	none	none	none	OK	
File	i	chown	File.md	1079	-	-	1.8.6	4.0	direct	1.8.7	4.1	none	none	none	none	OK	
File	i	flock	File.md	1102	-	-	1.8.6	4.0	direct	1.8.7	4.1	none	none	none	none	OK	
File	i	path	File.md	1195	-	-	1.8.6	4.0	direct	1.8.7	4.1	none	none	none	none	OK	last-resolved-via:inherited:IO
File	i	to_path	File.md	1196	-	-	1.9.1	4.0	direct	1.9.3	4.1	1.9.3	none	1.9.1	none	MISMATCH_SINCE	last-resolved-via:inherited:IO;ladder-gap-1.9.1-1.9.3
File	i	lstat	File.md	1211	-	-	1.8.6	4.0	direct	1.8.7	4.1	none	none	none	none	OK	
File	i	truncate	File.md	1231	-	-	1.8.6	4.0	direct	1.8.7	4.1	none	none	none	none	OK	
FileTest	o	blockdev?	FileTest.md	22	-	-	1.8.6	4.0	direct	1.8.7	4.1	none	none	none	none	OK	
FileTest	o	chardev?	FileTest.md	40	-	-	1.8.6	4.0	direct	1.8.7	4.1	none	none	none	none	OK	
FileTest	o	executable?	FileTest.md	57	-	-	1.8.6	4.0	direct	1.8.7	4.1	none	none	none	none	OK	
FileTest	o	executable_real?	FileTest.md	68	-	-	1.8.6	4.0	direct	1.8.7	4.1	none	none	none	none	OK	
FileTest	o	exist?	FileTest.md	82	-	-	1.8.6	4.0	direct	1.8.7	4.1	none	none	none	none	OK	
FileTest	o	exists?	FileTest.md	98	-	-	1.8.6	3.1	direct	1.8.7	3.1	none	3.2	none	3.2	OK	
FileTest	o	grpowned?	FileTest.md	102	-	-	1.8.6	4.0	direct	1.8.7	4.1	none	none	none	none	OK	
FileTest	o	directory?	FileTest.md	118	-	-	1.8.6	4.0	direct	1.8.7	4.1	none	none	none	none	OK	
FileTest	o	file?	FileTest.md	136	-	-	1.8.6	4.0	direct	1.8.7	4.1	none	none	none	none	OK	
FileTest	o	identical?	FileTest.md	150	-	-	1.8.6	4.0	direct	1.8.7	4.1	none	none	none	none	OK	
FileTest	o	pipe?	FileTest.md	175	-	-	1.8.6	4.0	direct	1.8.7	4.1	none	none	none	none	OK	
FileTest	o	socket?	FileTest.md	189	-	-	1.8.6	4.0	direct	1.8.7	4.1	none	none	none	none	OK	
FileTest	o	owned?	FileTest.md	205	-	-	1.8.6	4.0	direct	1.8.7	4.1	none	none	none	none	OK	
FileTest	o	readable?	FileTest.md	221	-	-	1.8.6	4.0	direct	1.8.7	4.1	none	none	none	none	OK	
FileTest	o	readable_real?	FileTest.md	235	-	-	1.8.6	4.0	direct	1.8.7	4.1	none	none	none	none	OK	
FileTest	o	setuid?	FileTest.md	245	-	-	1.8.6	4.0	direct	1.8.7	4.1	none	none	none	none	OK	
FileTest	o	setgid?	FileTest.md	262	-	-	1.8.6	4.0	direct	1.8.7	4.1	none	none	none	none	OK	
FileTest	o	size	FileTest.md	277	-	-	1.8.6	4.0	direct	1.8.7	4.1	none	none	none	none	OK	
FileTest	o	size?	FileTest.md	293	-	-	1.8.6	4.0	direct	1.8.7	4.1	none	none	none	none	OK	
FileTest	o	sticky?	FileTest.md	310	-	-	1.8.6	4.0	direct	1.8.7	4.1	none	none	none	none	OK	
FileTest	o	symlink?	FileTest.md	325	-	-	1.8.6	4.0	direct	1.8.7	4.1	none	none	none	none	OK	
FileTest	o	writable?	FileTest.md	338	-	-	1.8.6	4.0	direct	1.8.7	4.1	none	none	none	none	OK	
FileTest	o	writable_real?	FileTest.md	352	-	-	1.8.6	4.0	direct	1.8.7	4.1	none	none	none	none	OK	
FileTest	o	zero?	FileTest.md	362	-	-	1.8.6	4.0	direct	1.8.7	4.1	none	none	none	none	OK	
FileTest	o	empty?	FileTest.md	363	-	-	2.4	4.0	direct	2.4.0	4.1	2.4.0	none	2.4.0	none	OK	
FileTest	o	world_readable?	FileTest.md	381	-	-	1.9.1	4.0	direct	1.9.3	4.1	1.9.3	none	1.9.1	none	MISMATCH_SINCE	ladder-gap-1.9.1-1.9.3
FileTest	o	world_writable?	FileTest.md	394	-	-	1.9.1	4.0	direct	1.9.3	4.1	1.9.3	none	1.9.1	none	MISMATCH_SINCE	ladder-gap-1.9.1-1.9.3
File::Stat	s	new	File__Stat.md	42	-	-	1.8.6	4.0	new-via-initialize	1.8.7	4.1	none	none	none	none	OK	new-via-initialize
File::Stat	i	<=>	File__Stat.md	62	-	-	1.8.6	4.0	direct	1.8.7	4.1	none	none	none	none	OK	
File::Stat	i	ftype	File__Stat.md	83	-	-	1.8.6	4.0	direct	1.8.7	4.1	none	none	none	none	OK	
File::Stat	i	dev	File__Stat.md	114	-	-	1.8.6	4.0	direct	1.8.7	4.1	none	none	none	none	OK	
File::Stat	i	dev_major	File__Stat.md	127	-	-	1.8.6	4.0	direct	1.8.7	4.1	none	none	none	none	OK	
File::Stat	i	dev_minor	File__Stat.md	140	-	-	1.8.6	4.0	direct	1.8.7	4.1	none	none	none	none	OK	
File::Stat	i	ino	File__Stat.md	153	-	-	1.8.6	4.0	direct	1.8.7	4.1	none	none	none	none	OK	
File::Stat	i	mode	File__Stat.md	165	-	-	1.8.6	4.0	direct	1.8.7	4.1	none	none	none	none	OK	
File::Stat	i	nlink	File__Stat.md	178	-	-	1.8.6	4.0	direct	1.8.7	4.1	none	none	none	none	OK	
File::Stat	i	uid	File__Stat.md	190	-	-	1.8.6	4.0	direct	1.8.7	4.1	none	none	none	none	OK	
File::Stat	i	gid	File__Stat.md	202	-	-	1.8.6	4.0	direct	1.8.7	4.1	none	none	none	none	OK	
File::Stat	i	rdev	File__Stat.md	214	-	-	1.8.6	4.0	direct	1.8.7	4.1	none	none	none	none	OK	
File::Stat	i	rdev_major	File__Stat.md	226	-	-	1.8.6	4.0	direct	1.8.7	4.1	none	none	none	none	OK	
File::Stat	i	rdev_minor	File__Stat.md	238	-	-	1.8.6	4.0	direct	1.8.7	4.1	none	none	none	none	OK	
File::Stat	i	size	File__Stat.md	250	-	-	1.8.6	4.0	direct	1.8.7	4.1	none	none	none	none	OK	
File::Stat	i	blksize	File__Stat.md	262	-	-	1.8.6	4.0	direct	1.8.7	4.1	none	none	none	none	OK	
File::Stat	i	blocks	File__Stat.md	274	-	-	1.8.6	4.0	direct	1.8.7	4.1	none	none	none	none	OK	
File::Stat	i	atime	File__Stat.md	286	-	-	1.8.6	4.0	direct	1.8.7	4.1	none	none	none	none	OK	
File::Stat	i	mtime	File__Stat.md	300	-	-	1.8.6	4.0	direct	1.8.7	4.1	none	none	none	none	OK	
File::Stat	i	ctime	File__Stat.md	314	-	-	1.8.6	4.0	direct	1.8.7	4.1	none	none	none	none	OK	
File::Stat	i	birthtime	File__Stat.md	329	-	-	2.2	4.0	direct	2.2.0	4.1	2.2.0	none	2.2.0	none	OK	
File::Stat	i	directory?	File__Stat.md	349	-	-	1.8.6	4.0	direct	1.8.7	4.1	none	none	none	none	OK	
File::Stat	i	readable?	File__Stat.md	359	-	-	1.8.6	4.0	direct	1.8.7	4.1	none	none	none	none	OK	
File::Stat	i	readable_real?	File__Stat.md	367	-	-	1.8.6	4.0	direct	1.8.7	4.1	none	none	none	none	OK	
File::Stat	i	writable?	File__Stat.md	375	-	-	1.8.6	4.0	direct	1.8.7	4.1	none	none	none	none	OK	
File::Stat	i	writable_real?	File__Stat.md	383	-	-	1.8.6	4.0	direct	1.8.7	4.1	none	none	none	none	OK	
File::Stat	i	executable?	File__Stat.md	391	-	-	1.8.6	4.0	direct	1.8.7	4.1	none	none	none	none	OK	
File::Stat	i	executable_real?	File__Stat.md	401	-	-	1.8.6	4.0	direct	1.8.7	4.1	none	none	none	none	OK	
File::Stat	i	file?	File__Stat.md	411	-	-	1.8.6	4.0	direct	1.8.7	4.1	none	none	none	none	OK	
File::Stat	i	zero?	File__Stat.md	419	-	-	1.8.6	4.0	direct	1.8.7	4.1	none	none	none	none	OK	
File::Stat	i	size?	File__Stat.md	427	-	-	1.8.6	4.0	direct	1.8.7	4.1	none	none	none	none	OK	
File::Stat	i	owned?	File__Stat.md	443	-	-	1.8.6	4.0	direct	1.8.7	4.1	none	none	none	none	OK	
File::Stat	i	grpowned?	File__Stat.md	453	-	-	1.8.6	4.0	direct	1.8.7	4.1	none	none	none	none	OK	
File::Stat	i	pipe?	File__Stat.md	468	-	-	1.8.6	4.0	direct	1.8.7	4.1	none	none	none	none	OK	
File::Stat	i	symlink?	File__Stat.md	479	-	-	1.8.6	4.0	direct	1.8.7	4.1	none	none	none	none	OK	
File::Stat	i	socket?	File__Stat.md	497	-	-	1.8.6	4.0	direct	1.8.7	4.1	none	none	none	none	OK	
File::Stat	i	blockdev?	File__Stat.md	512	-	-	1.8.6	4.0	direct	1.8.7	4.1	none	none	none	none	OK	
File::Stat	i	chardev?	File__Stat.md	529	-	-	1.8.6	4.0	direct	1.8.7	4.1	none	none	none	none	OK	
File::Stat	i	setuid?	File__Stat.md	546	-	-	1.8.6	4.0	direct	1.8.7	4.1	none	none	none	none	OK	
File::Stat	i	setgid?	File__Stat.md	563	-	-	1.8.6	4.0	direct	1.8.7	4.1	none	none	none	none	OK	
File::Stat	i	sticky?	File__Stat.md	579	-	-	1.8.6	4.0	direct	1.8.7	4.1	none	none	none	none	OK	
File::Stat	i	world_readable?	File__Stat.md	598	-	-	1.9.1	4.0	direct	1.9.3	4.1	1.9.3	none	1.9.1	none	MISMATCH_SINCE	ladder-gap-1.9.1-1.9.3
File::Stat	i	world_writable?	File__Stat.md	609	-	-	1.9.1	4.0	direct	1.9.3	4.1	1.9.3	none	1.9.1	none	MISMATCH_SINCE	ladder-gap-1.9.1-1.9.3
Fixnum	i	[]	Fixnum.md	29	-	-	1.8.6	4.0	alias-union:Bignum,Integer	1.8.7	4.1	none	none	none	none	OK	alias-union:Bignum,Integer
Fixnum	i	+	Fixnum.md	40	-	-	1.8.6	4.0	alias-union:Bignum,Integer	1.8.7	4.1	none	none	none	none	OK	alias-union:Bignum,Integer
Fixnum	i	-	Fixnum.md	47	-	-	1.8.6	4.0	alias-union:Bignum,Integer	1.8.7	4.1	none	none	none	none	OK	alias-union:Bignum,Integer
Fixnum	i	-@	Fixnum.md	54	-	-	1.8.6	4.0	alias-union:Bignum,Integer	1.8.7	4.1	none	none	none	none	OK	alias-union:Bignum,Integer
Fixnum	i	*	Fixnum.md	59	-	-	1.8.6	4.0	alias-union:Bignum,Integer	1.8.7	4.1	none	none	none	none	OK	alias-union:Bignum,Integer
Fixnum	i	/	Fixnum.md	66	-	-	1.8.6	4.0	alias-union:Bignum,Integer	1.8.7	4.1	none	none	none	none	OK	alias-union:Bignum,Integer
Fixnum	i	div	Fixnum.md	67	-	-	1.8.6	4.0	alias-union:Bignum,Integer	1.8.7	4.1	none	none	none	none	OK	alias-union:Bignum,Integer
Fixnum	i	%	Fixnum.md	74	-	-	1.8.6	4.0	alias-union:Bignum,Integer	1.8.7	4.1	none	none	none	none	OK	alias-union:Bignum,Integer
Fixnum	i	modulo	Fixnum.md	75	-	-	1.8.6	4.0	alias-union:Bignum,Integer	1.8.7	4.1	none	none	none	none	OK	alias-union:Bignum,Integer
Fixnum	i	divmod	Fixnum.md	82	-	-	1.8.6	4.0	alias-union:Bignum,Integer	1.8.7	4.1	none	none	none	none	OK	alias-union:Bignum,Integer
Fixnum	i	fdiv	Fixnum.md	90	-	-	1.8.7	4.0	alias-union:Bignum,Integer	1.8.7	4.1	none	none	none	none	INFO_1_8_7	alias-union:Bignum,Integer
Fixnum	i	**	Fixnum.md	100	-	-	1.8.6	4.0	alias-union:Bignum,Integer	1.8.7	4.1	none	none	none	none	OK	alias-union:Bignum,Integer
Fixnum	i	<=>	Fixnum.md	113	-	-	1.8.6	4.0	alias-union:Bignum,Integer	1.8.7	4.1	none	none	none	none	OK	alias-union:Bignum,Integer
Fixnum	i	==	Fixnum.md	126	-	-	1.8.6	4.0	alias-union:Bignum,Integer	1.8.7	4.1	none	none	none	none	OK	alias-union:Bignum,Integer
Fixnum	i	<	Fixnum.md	134	-	-	1.8.6	4.0	alias-union:Bignum,Integer	1.8.7	4.1	none	none	none	none	OK	alias-union:Bignum,Integer
Fixnum	i	<=	Fixnum.md	142	-	-	1.8.6	4.0	alias-union:Bignum,Integer	1.8.7	4.1	none	none	none	none	OK	alias-union:Bignum,Integer
Fixnum	i	>	Fixnum.md	150	-	-	1.8.6	4.0	alias-union:Bignum,Integer	1.8.7	4.1	none	none	none	none	OK	alias-union:Bignum,Integer
Fixnum	i	>=	Fixnum.md	158	-	-	1.8.6	4.0	alias-union:Bignum,Integer	1.8.7	4.1	none	none	none	none	OK	alias-union:Bignum,Integer
Fixnum	i	~	Fixnum.md	166	-	-	1.8.6	4.0	alias-union:Bignum,Integer	1.8.7	4.1	none	none	none	none	OK	alias-union:Bignum,Integer
Fixnum	i	|	Fixnum.md	176	-	-	1.8.6	4.0	alias-union:Bignum,Integer	1.8.7	4.1	none	none	none	none	OK	alias-union:Bignum,Integer
Fixnum	i	&	Fixnum.md	187	-	-	1.8.6	4.0	alias-union:Bignum,Integer	1.8.7	4.1	none	none	none	none	OK	alias-union:Bignum,Integer
Fixnum	i	^	Fixnum.md	198	-	-	1.8.6	4.0	alias-union:Bignum,Integer	1.8.7	4.1	none	none	none	none	OK	alias-union:Bignum,Integer
Fixnum	i	<<	Fixnum.md	209	-	-	1.8.6	4.0	alias-union:Bignum,Integer	1.8.7	4.1	none	none	none	none	OK	alias-union:Bignum,Integer
Fixnum	i	>>	Fixnum.md	220	-	-	1.8.6	4.0	alias-union:Bignum,Integer	1.8.7	4.1	none	none	none	none	OK	alias-union:Bignum,Integer
Fixnum	i	size	Fixnum.md	234	-	-	1.8.6	4.0	alias-union:Bignum,Integer	1.8.7	4.1	none	none	none	none	OK	alias-union:Bignum,Integer
Fixnum	i	to_f	Fixnum.md	248	-	-	1.8.6	4.0	alias-union:Bignum,Integer	1.8.7	4.1	none	none	none	none	OK	alias-union:Bignum,Integer
Fixnum	i	to_s	Fixnum.md	252	-	-	1.8.6	4.0	alias-union:Bignum,Integer	1.8.7	4.1	none	none	none	none	OK	alias-union:Bignum,Integer
Fixnum	i	inspect	Fixnum.md	253	EMPTY	-	1.8.6	4.0	inherited:Kernel	2.0.0	4.1	none	none	none	none	OK	last-resolved-via:alias-union:Bignum,Integer;inherited:Kernel
Fixnum	i	zero?	Fixnum.md	269	-	-	1.8.6	4.0	alias-union:Bignum,Integer	1.8.7	2.3.0	none	2.4.0	none	none	MISMATCH_UNTIL	alias-union:Bignum,Integer;until-mismatch
Fixnum	i	odd?	Fixnum.md	273	-	-	1.8.7	4.0	alias-union:Bignum,Integer	1.8.7	4.1	none	none	none	none	INFO_1_8_7	alias-union:Bignum,Integer
Fixnum	i	even?	Fixnum.md	277	-	-	1.8.7	4.0	alias-union:Bignum,Integer	1.8.7	4.1	none	none	none	none	INFO_1_8_7	alias-union:Bignum,Integer
Fixnum	i	abs	Fixnum.md	281	-	-	1.8.6	4.0	alias-union:Bignum,Integer	1.8.7	4.1	none	none	none	none	OK	alias-union:Bignum,Integer
Fixnum	i	magnitude	Fixnum.md	282	-	-	1.9.1	4.0	alias-union:Bignum,Integer	1.9.3	4.1	1.9.3	none	1.9.1	none	MISMATCH_SINCE	alias-union:Bignum,Integer;ladder-gap-1.9.1-1.9.3
Fixnum	i	succ	Fixnum.md	286	-	-	1.8.6	4.0	alias-union:Bignum,Integer	1.8.7	4.1	none	none	none	none	OK	alias-union:Bignum,Integer
Fixnum	i	bit_length	Fixnum.md	290	-	-	2.1	4.0	alias-union:Bignum,Integer	2.1.0	4.1	2.1.0	none	2.1.0	none	OK	alias-union:Bignum,Integer
Float	i	+	Float.md	21	-	-	1.8.6	4.0	direct	1.8.7	4.1	none	none	none	none	OK	
Float	i	-	Float.md	32	-	-	1.8.6	4.0	direct	1.8.7	4.1	none	none	none	none	OK	
Float	i	-@	Float.md	43	-	-	1.8.6	4.0	direct	1.8.7	4.1	none	none	none	none	OK	
Float	i	*	Float.md	53	-	-	1.8.6	4.0	direct	1.8.7	4.1	none	none	none	none	OK	
Float	i	/	Float.md	64	-	-	1.8.6	4.0	direct	1.8.7	4.1	none	none	none	none	OK	
Float	i	%	Float.md	76	-	-	1.8.6	4.0	direct	1.8.7	4.1	none	none	none	none	OK	
Float	i	modulo	Float.md	77	-	-	1.8.6	4.0	direct	1.8.7	4.1	none	none	none	none	OK	
Float	i	**	Float.md	89	-	-	1.8.6	4.0	direct	1.8.7	4.1	none	none	none	none	OK	
Float	i	<=>	Float.md	102	-	-	1.8.6	4.0	direct	1.8.7	4.1	none	none	none	none	OK	
Float	i	==	Float.md	134	-	-	1.8.6	4.0	direct	1.8.7	4.1	none	none	none	none	OK	
Float	i	<	Float.md	156	-	-	1.8.6	4.0	direct	1.8.7	4.1	none	none	none	none	OK	
Float	i	<=	Float.md	169	-	-	1.8.6	4.0	direct	1.8.7	4.1	none	none	none	none	OK	
Float	i	>	Float.md	182	-	-	1.8.6	4.0	direct	1.8.7	4.1	none	none	none	none	OK	
Float	i	>=	Float.md	195	-	-	1.8.6	4.0	direct	1.8.7	4.1	none	none	none	none	OK	
Float	i	finite?	Float.md	208	-	-	1.8.6	4.0	direct	1.8.7	4.1	none	none	none	none	OK	
Float	i	infinite?	Float.md	221	-	-	1.8.6	4.0	direct	1.8.7	4.1	none	none	none	none	OK	
Float	i	nan?	Float.md	237	-	-	1.8.6	4.0	direct	1.8.7	4.1	none	none	none	none	OK	
Float	i	to_f	Float.md	247	-	-	1.8.6	4.0	direct	1.8.7	4.1	none	none	none	none	OK	
Float	i	to_i	Float.md	255	-	-	1.8.6	4.0	direct	1.8.7	4.1	none	none	none	none	OK	
Float	i	truncate	Float.md	256	-	-	1.8.6	4.0	direct	1.8.7	4.1	none	none	none	none	OK	
Float	i	hash	Float.md	275	-	-	1.8.6	4.0	direct	1.8.7	4.1	none	none	none	none	OK	
Float	i	abs	Float.md	289	-	-	1.8.6	4.0	direct	1.8.7	4.1	none	none	none	none	OK	
Float	i	magnitude	Float.md	290	-	-	1.9.1	4.0	direct	1.9.3	4.1	1.9.3	none	1.9.1	none	MISMATCH_SINCE	ladder-gap-1.9.1-1.9.3
Float	i	ceil	Float.md	299	-	-	1.8.6	4.0	direct	1.8.7	4.1	none	none	none	none	OK	
Float	i	divmod	Float.md	333	-	-	1.8.6	4.0	direct	1.8.7	4.1	none	none	none	none	OK	
Float	i	floor	Float.md	361	-	-	1.8.6	4.0	direct	1.8.7	4.1	none	none	none	none	OK	
Float	i	eql?	Float.md	395	-	-	1.8.6	4.0	direct	1.8.7	4.1	none	none	none	none	OK	
Float	i	round	Float.md	407	-	-	1.8.6	4.0	direct	1.8.7	4.1	none	none	none	none	OK	overloads:2
Float	i	zero?	Float.md	461	-	-	1.8.6	4.0	direct	1.8.7	4.1	none	none	none	none	OK	
Float	i	positive?	Float.md	471	-	-	2.3	4.0	direct	2.3.0	4.1	2.3.0	none	2.3.0	none	OK	
Float	i	negative?	Float.md	483	-	-	2.3	4.0	direct	2.3.0	4.1	2.3.0	none	2.3.0	none	OK	
Float	i	to_s	Float.md	495	-	-	1.8.6	4.0	direct	1.8.7	4.1	none	none	none	none	OK	
Float	i	inspect	Float.md	496	EMPTY	-	1.8.6	4.0	inherited:Kernel	2.0.0	4.1	none	none	none	none	OK	last-resolved-via:direct;inherited:Kernel
Float	i	arg	Float.md	518	-	-	1.9.1	4.0	direct	1.9.3	4.1	1.9.3	none	1.9.1	none	MISMATCH_SINCE	ladder-gap-1.9.1-1.9.3
Float	i	angle	Float.md	519	-	-	1.9.1	4.0	direct	1.9.3	4.1	1.9.3	none	1.9.1	none	MISMATCH_SINCE	ladder-gap-1.9.1-1.9.3
Float	i	phase	Float.md	520	-	-	1.9.1	4.0	direct	1.9.3	4.1	1.9.3	none	1.9.1	none	MISMATCH_SINCE	ladder-gap-1.9.1-1.9.3
Float	i	denominator	Float.md	531	-	-	1.9.1	4.0	direct	1.9.3	4.1	1.9.3	none	1.9.1	none	MISMATCH_SINCE	ladder-gap-1.9.1-1.9.3
Float	i	numerator	Float.md	544	-	-	1.9.1	4.0	direct	1.9.3	4.1	1.9.3	none	1.9.1	none	MISMATCH_SINCE	ladder-gap-1.9.1-1.9.3
Float	i	to_r	Float.md	557	-	-	1.9.1	4.0	direct	1.9.3	4.1	1.9.3	none	1.9.1	none	MISMATCH_SINCE	ladder-gap-1.9.1-1.9.3
Float	i	rationalize	Float.md	581	-	-	1.9.2	4.0	direct	1.9.3	4.1	1.9.3	none	1.9.3	none	INFO_1_9_2	overloads:2
Float	i	next_float	Float.md	599	-	-	2.2	4.0	direct	2.2.0	4.1	2.2.0	none	2.2.0	none	OK	
Float	i	prev_float	Float.md	641	-	-	2.2	4.0	direct	2.2.0	4.1	2.2.0	none	2.2.0	none	OK	
FrozenError	s	new	FrozenError.md	15	-	-	2.5	4.0	inherited-new-via-initialize:Exception	2.5.0	4.1	2.5.0	none	2.5.0	none	OK	last-resolved-via:new-via-initialize;overloads:2;inherited-new-via-initialize:Exception
FrozenError	i	receiver	FrozenError.md	31	-	-	2.7	4.0	direct	2.7.0	4.1	2.7.0	none	2.7.0	none	OK	
GC	s	auto_compact	GC.md	170	-	-	3.0	4.0	direct	3.0	4.1	3.0	none	3.0	none	OK	
GC	s	auto_compact=	GC.md	179	-	-	3.0	4.0	direct	3.0	4.1	3.0	none	3.0	none	OK	
GC	s	config	GC.md	196	-	-	3.4	4.0	direct	3.4	4.1	3.4	none	3.4	none	OK	overloads:2
GC	s	disable	GC.md	234	-	-	1.8.6	4.0	direct	1.8.7	4.1	none	none	none	none	OK	
GC	s	enable	GC.md	248	-	-	1.8.6	4.0	direct	1.8.7	4.1	none	none	none	none	OK	
GC	s	start	GC.md	263	-	-	1.8.6	4.0	direct	1.8.7	4.1	none	none	none	none	OK	
GC	s	stress	GC.md	288	-	-	1.8.7	4.0	direct	1.8.7	4.1	none	none	none	none	INFO_1_8_7	
GC	s	stress=	GC.md	296	-	-	1.8.7	4.0	direct	1.8.7	4.1	none	none	none	none	INFO_1_8_7	
GC	s	count	GC.md	320	-	-	1.9.1	4.0	direct	1.9.3	4.1	1.9.3	none	1.9.1	none	MISMATCH_SINCE	ladder-gap-1.9.1-1.9.3
GC	s	stat	GC.md	328	-	-	1.9.3	4.0	direct	1.9.3	4.1	1.9.3	none	1.9.3	none	OK	overloads:2
GC	s	stat_heap	GC.md	379	-	-	3.2	4.0	direct	3.2	4.1	3.2	none	3.2	none	OK	overloads:5
GC	s	latest_gc_info	GC.md	411	-	-	2.1	4.0	direct	2.1.0	4.1	2.1.0	none	2.1.0	none	OK	overloads:2
GC	s	total_time	GC.md	433	-	-	3.1	4.0	direct	3.1	4.1	3.1	none	3.1	none	OK	
GC	s	measure_total_time	GC.md	456	-	-	3.1	4.0	direct	3.1	4.1	3.1	none	3.1	none	OK	
GC	s	measure_total_time=	GC.md	457	-	-	3.1	4.0	direct	3.1	4.1	3.1	none	3.1	none	OK	
GC	s	compact	GC.md	481	-	-	2.7	4.0	direct	2.7.0	4.1	2.7.0	none	2.7.0	none	OK	
GC	s	verify_compaction_references	GC.md	489	-	-	2.7	4.0	direct	2.7.0	4.1	2.7.0	none	2.7.0	none	OK	
GC	i	garbage_collect	GC.md	510	-	-	1.8.6	4.0	direct	1.8.7	4.1	none	none	none	none	OK	
GC::Profiler	s	enabled?	GC__Profiler.md	13	-	-	1.9.1	4.0	direct	1.9.3	4.1	1.9.3	none	1.9.1	none	MISMATCH_SINCE	ladder-gap-1.9.1-1.9.3
GC::Profiler	s	enable	GC__Profiler.md	27	-	-	1.9.1	4.0	direct	1.9.3	4.1	1.9.3	none	1.9.1	none	MISMATCH_SINCE	ladder-gap-1.9.1-1.9.3
GC::Profiler	s	disable	GC__Profiler.md	41	-	-	1.9.1	4.0	direct	1.9.3	4.1	1.9.3	none	1.9.1	none	MISMATCH_SINCE	ladder-gap-1.9.1-1.9.3
GC::Profiler	s	clear	GC__Profiler.md	55	-	-	1.9.1	4.0	direct	1.9.3	4.1	1.9.3	none	1.9.1	none	MISMATCH_SINCE	ladder-gap-1.9.1-1.9.3
GC::Profiler	s	result	GC__Profiler.md	69	-	-	1.9.1	4.0	direct	1.9.3	4.1	1.9.3	none	1.9.1	none	MISMATCH_SINCE	ladder-gap-1.9.1-1.9.3
GC::Profiler	s	report	GC__Profiler.md	104	-	-	1.9.1	4.0	direct	1.9.3	4.1	1.9.3	none	1.9.1	none	MISMATCH_SINCE	ladder-gap-1.9.1-1.9.3
GC::Profiler	s	total_time	GC__Profiler.md	122	-	-	1.9.2	4.0	direct	1.9.3	4.1	1.9.3	none	1.9.3	none	INFO_1_9_2	
GC::Profiler	s	raw_data	GC__Profiler.md	132	-	-	2.0.0	4.0	direct	2.0.0	4.1	2.0.0	none	2.0.0	none	OK	
Hash	s	try_convert	Hash.md	40	-	-	1.9.1	4.0	direct	1.9.3	4.1	1.9.3	none	1.9.1	none	MISMATCH_SINCE	ladder-gap-1.9.1-1.9.3
Hash	s	[]	Hash.md	52	-	-	1.8.6	4.0	direct	1.8.7	4.1	none	none	none	none	OK	overloads:2
Hash	s	new	Hash.md	131	-	-	1.8.6	4.0	new-via-initialize	1.8.7	4.1	none	none	none	none	OK	overloads:4;new-via-initialize
Hash	s	ruby2_keywords_hash	Hash.md	241	2.7.1	-	2.7	4.0	direct	3.0	4.1	2.7.1	none	2.7.0	none	MISMATCH_SINCE	explicit-wrong
Hash	s	ruby2_keywords_hash?	Hash.md	280	2.7.1	-	2.7	4.0	direct	2.7.0	4.1	2.7.1	none	2.7.0	none	MISMATCH_SINCE	explicit-wrong
Hash	i	values	Hash.md	302	-	-	1.8.6	4.0	direct	1.8.7	4.1	none	none	none	none	OK	
Hash	i	to_a	Hash.md	313	-	-	1.8.6	4.0	direct	1.8.7	4.1	none	none	none	none	OK	
Hash	i	keys	Hash.md	324	-	-	1.8.6	4.0	direct	1.8.7	4.1	none	none	none	none	OK	
Hash	i	to_hash	Hash.md	335	-	-	1.8.6	4.0	direct	1.8.7	4.1	none	none	none	none	OK	
Hash	i	to_h	Hash.md	347	-	-	2.0.0	4.0	direct	2.0.0	4.1	2.0.0	none	2.0.0	none	OK	overloads:2
Hash	i	to_proc	Hash.md	374	-	-	2.3	4.0	direct	2.3.0	4.1	2.3.0	none	2.3.0	none	OK	
Hash	i	length	Hash.md	383	-	-	1.8.6	4.0	direct	1.8.7	4.1	none	none	none	none	OK	
Hash	i	size	Hash.md	384	-	-	1.8.6	4.0	direct	1.8.7	4.1	none	none	none	none	OK	
Hash	i	empty?	Hash.md	397	-	-	1.8.6	4.0	direct	1.8.7	4.1	none	none	none	none	OK	
Hash	i	invert	Hash.md	405	-	-	1.8.6	4.0	direct	1.8.7	4.1	none	none	none	none	OK	
Hash	i	fetch	Hash.md	431	-	-	1.8.6	4.0	direct	1.8.7	4.1	none	none	none	none	OK	overloads:3
Hash	i	fetch_values	Hash.md	460	-	-	2.3	4.0	direct	2.3.0	4.1	2.3.0	none	2.3.0	none	OK	overloads:2
Hash	i	has_key?	Hash.md	484	-	-	1.8.6	4.0	direct	1.8.7	4.1	none	none	none	none	OK	
Hash	i	include?	Hash.md	485	-	-	1.8.6	4.0	direct	1.8.7	4.1	none	none	none	none	OK	
Hash	i	key?	Hash.md	486	-	-	1.8.6	4.0	direct	1.8.7	4.1	none	none	none	none	OK	
Hash	i	member?	Hash.md	487	-	-	1.8.6	4.0	direct	1.8.7	4.1	none	none	none	none	OK	
Hash	i	has_value?	Hash.md	500	-	-	1.8.6	4.0	direct	1.8.7	4.1	none	none	none	none	OK	
Hash	i	value?	Hash.md	501	-	-	1.8.6	4.0	direct	1.8.7	4.1	none	none	none	none	OK	
Hash	i	[]=	Hash.md	515	-	-	1.8.6	4.0	direct	1.8.7	4.1	none	none	none	none	OK	
Hash	i	store	Hash.md	516	-	-	1.8.6	4.0	direct	1.8.7	4.1	none	none	none	none	OK	
Hash	i	clear	Hash.md	532	-	-	1.8.6	4.0	direct	1.8.7	4.1	none	none	none	none	OK	
Hash	i	compact	Hash.md	550	-	-	2.4	4.0	direct	2.4.0	4.1	2.4.0	none	2.4.0	none	OK	
Hash	i	compact!	Hash.md	551	-	-	2.4	4.0	direct	2.4.0	4.1	2.4.0	none	2.4.0	none	OK	
Hash	i	compare_by_identity	Hash.md	566	-	-	1.9.1	4.0	direct	1.9.3	4.1	1.9.3	none	1.9.1	none	MISMATCH_SINCE	ladder-gap-1.9.1-1.9.3
Hash	i	compare_by_identity?	Hash.md	591	-	-	1.9.1	4.0	direct	1.9.3	4.1	1.9.3	none	1.9.1	none	MISMATCH_SINCE	ladder-gap-1.9.1-1.9.3
Hash	i	shift	Hash.md	606	-	-	1.8.6	4.0	direct	1.8.7	4.1	none	none	none	none	OK	
Hash	i	replace	Hash.md	658	-	-	1.8.6	4.0	direct	1.8.7	4.1	none	none	none	none	OK	
Hash	i	[]	Hash.md	694	-	-	1.8.6	4.0	direct	1.8.7	4.1	none	none	none	none	OK	
Hash	i	default	Hash.md	718	-	-	1.8.6	4.0	direct	1.8.7	4.1	none	none	none	none	OK	overloads:2
Hash	i	default=	Hash.md	749	-	-	1.8.6	4.0	direct	1.8.7	4.1	none	none	none	none	OK	
Hash	i	default_proc	Hash.md	768	-	-	1.8.6	4.0	direct	1.8.7	4.1	none	none	none	none	OK	
Hash	i	default_proc=	Hash.md	786	-	-	1.9.1	4.0	direct	1.9.3	4.1	1.9.3	none	1.9.1	none	MISMATCH_SINCE	ladder-gap-1.9.1-1.9.3
Hash	i	clone	Hash.md	827	-	-	1.8.6	4.0	inherited:Kernel	1.8.7	4.1	none	none	none	none	OK	inherited:Kernel
Hash	i	dup	Hash.md	828	-	-	1.8.6	4.0	inherited:Kernel	1.8.7	4.1	none	none	none	none	OK	inherited:Kernel
Hash	i	delete	Hash.md	852	-	-	1.8.6	4.0	direct	1.8.7	4.1	none	none	none	none	OK	overloads:2
Hash	i	reject	Hash.md	878	-	-	1.8.6	4.0	direct	1.8.7	4.1	none	none	none	none	OK	overloads:2
Hash	i	delete_if	Hash.md	895	-	-	1.8.6	4.0	direct	1.8.7	4.1	none	none	none	none	OK	overloads:2
Hash	i	reject!	Hash.md	896	-	-	1.8.6	4.0	direct	1.8.7	4.1	none	none	none	none	OK	overloads:2
Hash	i	each	Hash.md	920	-	-	1.8.6	4.0	direct	1.8.7	4.1	none	none	none	none	OK	overloads:2
Hash	i	each_pair	Hash.md	921	-	-	1.8.6	4.0	direct	1.8.7	4.1	none	none	none	none	OK	overloads:2
Hash	i	each_key	Hash.md	967	-	-	1.8.6	4.0	direct	1.8.7	4.1	none	none	none	none	OK	overloads:2
Hash	i	each_value	Hash.md	985	-	-	1.8.6	4.0	direct	1.8.7	4.1	none	none	none	none	OK	overloads:2
Hash	i	key	Hash.md	1003	-	-	1.9.1	4.0	direct	1.9.3	4.1	1.9.3	none	1.9.1	none	MISMATCH_SINCE	ladder-gap-1.9.1-1.9.3
Hash	i	values_at	Hash.md	1022	-	-	1.8.6	4.0	direct	1.8.7	4.1	none	none	none	none	OK	
Hash	i	dig	Hash.md	1042	-	-	2.3	4.0	direct	2.3.0	4.1	2.3.0	none	2.3.0	none	OK	
Hash	i	rehash	Hash.md	1060	-	-	1.8.6	4.0	direct	1.8.7	4.1	none	none	none	none	OK	
Hash	i	merge	Hash.md	1084	-	-	1.8.6	4.0	direct	1.8.7	4.1	none	none	none	none	OK	overloads:2
Hash	i	merge!	Hash.md	1144	-	-	1.8.6	4.0	direct	1.8.7	4.1	none	none	none	none	OK	overloads:2
Hash	i	update	Hash.md	1146	-	-	1.8.6	4.0	direct	1.8.7	4.1	none	none	none	none	OK	overloads:2
Hash	i	==	Hash.md	1203	-	-	1.8.6	4.0	direct	1.8.7	4.1	none	none	none	none	OK	
Hash	i	===	Hash.md	1204	-	-	1.8.6	4.0	inherited:Kernel	1.8.7	4.1	none	none	none	none	OK	inherited:Kernel
Hash	i	eql?	Hash.md	1205	-	-	1.8.6	4.0	inherited:Kernel	1.8.7	4.1	none	none	none	none	OK	last-resolved-via:direct;inherited:Kernel
Hash	i	equal?	Hash.md	1221	-	-	1.8.6	4.0	inherited:Kernel	1.8.7	4.1	none	none	none	none	OK	last-resolved-via:inherited:BasicObject;inherited:Kernel
Hash	i	<=	Hash.md	1235	-	-	2.3	4.0	direct	2.3.0	4.1	2.3.0	none	2.3.0	none	OK	
Hash	i	<	Hash.md	1251	-	-	2.3	4.0	direct	2.3.0	4.1	2.3.0	none	2.3.0	none	OK	
Hash	i	>=	Hash.md	1267	-	-	2.3	4.0	direct	2.3.0	4.1	2.3.0	none	2.3.0	none	OK	
Hash	i	>	Hash.md	1283	-	-	2.3	4.0	direct	2.3.0	4.1	2.3.0	none	2.3.0	none	OK	
Hash	i	hash	Hash.md	1299	-	-	1.8.6	4.0	inherited:Kernel	1.8.7	4.1	none	none	none	none	OK	last-resolved-via:direct;inherited:Kernel
Hash	i	assoc	Hash.md	1311	-	-	1.9.1	4.0	direct	1.9.3	4.1	1.9.3	none	1.9.1	none	MISMATCH_SINCE	ladder-gap-1.9.1-1.9.3
Hash	i	flatten	Hash.md	1329	-	-	1.9.1	4.0	direct	1.9.3	4.1	1.9.3	none	1.9.1	none	MISMATCH_SINCE	ladder-gap-1.9.1-1.9.3
Hash	i	rassoc	Hash.md	1349	-	-	1.9.1	4.0	direct	1.9.3	4.1	1.9.3	none	1.9.1	none	MISMATCH_SINCE	ladder-gap-1.9.1-1.9.3
Hash	i	select	Hash.md	1366	-	-	1.8.6	4.0	direct	1.8.7	4.1	none	none	none	none	OK	overloads:2
Hash	i	filter	Hash.md	1368	-	-	2.6	4.0	direct	2.6.0	4.1	2.6.0	none	2.6.0	none	OK	overloads:2
Hash	i	to_s	Hash.md	1384	-	-	1.8.6	4.0	direct	1.8.7	4.1	none	none	none	none	OK	
Hash	i	inspect	Hash.md	1385	-	-	1.8.6	4.0	direct	1.8.7	4.1	none	none	none	none	OK	
Hash	i	keep_if	Hash.md	1394	-	-	1.9.2	4.0	direct	1.9.3	4.1	1.9.3	none	1.9.3	none	INFO_1_9_2	overloads:2
Hash	i	select!	Hash.md	1396	-	-	1.9.2	4.0	direct	1.9.3	4.1	1.9.3	none	1.9.3	none	INFO_1_9_2	overloads:2
Hash	i	filter!	Hash.md	1398	-	-	2.6	4.0	direct	2.6.0	4.1	2.6.0	none	2.6.0	none	OK	overloads:2
Hash	i	transform_values	Hash.md	1426	-	-	2.4	4.0	direct	2.4.0	4.1	2.4.0	none	2.4.0	none	OK	overloads:2
Hash	i	transform_values!	Hash.md	1447	-	-	2.4	4.0	direct	2.4.0	4.1	2.4.0	none	2.4.0	none	OK	overloads:2
Hash	i	transform_keys	Hash.md	1468	-	-	2.5	4.0	direct	2.5.0	4.1	2.5.0	none	2.5.0	none	OK	overloads:3
Hash	i	transform_keys!	Hash.md	1490	-	-	2.5	4.0	direct	2.5.0	4.1	2.5.0	none	2.5.0	none	OK	overloads:3
Hash	i	slice	Hash.md	1514	-	-	2.5	4.0	direct	2.5.0	4.1	2.5.0	none	2.5.0	none	OK	
Hash	i	except	Hash.md	1527	-	-	3.0	4.0	direct	3.0	4.1	3.0	none	3.0	none	OK	
IO	s	copy_stream	IO.md	187	-	-	1.9.1	4.0	direct	1.9.3	4.1	1.9.3	none	1.9.1	none	MISMATCH_SINCE	overloads:2;ladder-gap-1.9.1-1.9.3
IO	s	try_convert	IO.md	229	-	-	1.9.1	4.0	direct	1.9.3	4.1	1.9.3	none	1.9.1	none	MISMATCH_SINCE	ladder-gap-1.9.1-1.9.3
IO	s	new	IO.md	239	-	-	1.8.6	4.0	direct	1.8.7	4.1	none	none	none	none	OK	
IO	s	for_fd	IO.md	240	-	-	1.8.6	4.0	direct	1.8.7	4.1	none	none	none	none	OK	
IO	s	open	IO.md	241	-	-	1.8.6	4.0	direct	1.8.7	4.1	none	none	none	none	OK	overloads:2
IO	s	foreach	IO.md	301	-	-	1.8.6	4.0	direct	1.8.7	4.1	none	none	none	none	OK	overloads:2
IO	s	pipe	IO.md	373	-	-	1.8.6	4.0	direct	1.8.7	4.1	none	none	none	none	OK	overloads:8
IO	s	popen	IO.md	413	-	-	1.8.6	4.0	direct	1.8.7	4.1	none	none	none	none	OK	overloads:14
IO	s	read	IO.md	540	-	-	1.8.6	4.0	direct	1.8.7	4.1	none	none	none	none	OK	overloads:3
IO	s	binread	IO.md	623	-	-	1.9.1	4.0	direct	1.9.3	4.1	1.9.3	none	1.9.1	none	MISMATCH_SINCE	ladder-gap-1.9.1-1.9.3
IO	s	readlines	IO.md	653	-	-	1.8.6	4.0	direct	1.8.7	4.1	none	none	none	none	OK	overloads:3
IO	s	select	IO.md	700	-	-	1.8.6	4.0	direct	1.8.7	4.1	none	none	none	none	OK	
IO	s	sysopen	IO.md	742	-	-	1.8.6	4.0	direct	1.8.7	4.1	none	none	none	none	OK	
IO	s	write	IO.md	762	-	-	1.9.3	4.0	direct	1.9.3	4.1	1.9.3	none	1.9.3	none	OK	overloads:2
IO	s	binwrite	IO.md	807	-	-	1.9.3	4.0	direct	1.9.3	4.1	1.9.3	none	1.9.3	none	OK	
IO	i	<<	IO.md	857	-	-	1.8.6	4.0	direct	1.8.7	4.1	none	none	none	none	OK	
IO	i	binmode	IO.md	871	-	-	1.8.6	4.0	direct	1.8.7	4.1	none	none	none	none	OK	
IO	i	clone	IO.md	889	-	-	1.8.6	4.0	inherited:Kernel	1.8.7	4.1	none	none	none	none	OK	inherited:Kernel
IO	i	dup	IO.md	890	-	-	1.8.6	4.0	inherited:Kernel	1.8.7	4.1	none	none	none	none	OK	inherited:Kernel
IO	i	close	IO.md	911	-	-	1.8.6	4.0	direct	1.8.7	4.1	none	none	none	none	OK	
IO	i	close_read	IO.md	933	-	-	1.8.6	4.0	direct	1.8.7	4.1	none	none	none	none	OK	
IO	i	close_write	IO.md	952	-	-	1.8.6	4.0	direct	1.8.7	4.1	none	none	none	none	OK	
IO	i	closed?	IO.md	971	-	-	1.8.6	4.0	direct	1.8.7	4.1	none	none	none	none	OK	
IO	i	each	IO.md	990	-	-	1.8.6	4.0	direct	1.8.7	4.1	none	none	none	none	OK	overloads:6
IO	i	each_line	IO.md	996	-	-	1.8.6	4.0	direct	1.8.7	4.1	none	none	none	none	OK	overloads:6
IO	i	each_byte	IO.md	1055	-	-	1.8.6	4.0	direct	1.8.7	4.1	none	none	none	none	OK	overloads:2
IO	i	eof	IO.md	1078	-	-	1.8.6	4.0	direct	1.8.7	4.1	none	none	none	none	OK	
IO	i	eof?	IO.md	1079	-	-	1.8.6	4.0	direct	1.8.7	4.1	none	none	none	none	OK	
IO	i	fcntl	IO.md	1108	-	-	1.8.6	4.0	direct	1.8.7	4.1	none	none	none	none	OK	
IO	i	fsync	IO.md	1137	-	-	1.8.6	4.0	direct	1.8.7	4.1	none	none	none	none	OK	
IO	i	fileno	IO.md	1149	-	-	1.8.6	4.0	direct	1.8.7	4.1	none	none	none	none	OK	
IO	i	to_i	IO.md	1150	-	-	1.8.6	4.0	direct	1.8.7	4.1	none	none	none	none	OK	
IO	i	flush	IO.md	1163	-	-	1.8.6	4.0	direct	1.8.7	4.1	none	none	none	none	OK	
IO	i	getc	IO.md	1185	-	-	1.8.6	4.0	direct	1.8.7	4.1	none	none	none	none	OK	
IO	i	gets	IO.md	1208	-	-	1.8.6	4.0	direct	1.8.7	4.1	none	none	none	none	OK	overloads:3
IO	i	ioctl	IO.md	1239	-	-	1.8.6	4.0	direct	1.8.7	4.1	none	none	none	none	OK	
IO	i	isatty	IO.md	1252	-	-	1.8.6	4.0	direct	1.8.7	4.1	none	none	none	none	OK	
IO	i	tty?	IO.md	1253	-	-	1.8.6	4.0	direct	1.8.7	4.1	none	none	none	none	OK	
IO	i	lineno	IO.md	1264	-	-	1.8.6	4.0	direct	1.8.7	4.1	none	none	none	none	OK	
IO	i	lineno=	IO.md	1282	-	-	1.8.6	4.0	direct	1.8.7	4.1	none	none	none	none	OK	
IO	i	pid	IO.md	1303	-	-	1.8.6	4.0	direct	1.8.7	4.1	none	none	none	none	OK	
IO	i	pos	IO.md	1319	-	-	1.8.6	4.0	direct	1.8.7	4.1	none	none	none	none	OK	
IO	i	tell	IO.md	1320	-	-	1.8.6	4.0	direct	1.8.7	4.1	none	none	none	none	OK	
IO	i	pos=	IO.md	1335	-	-	1.8.6	4.0	direct	1.8.7	4.1	none	none	none	none	OK	
IO	i	print	IO.md	1353	-	-	1.8.6	4.0	direct	1.8.7	4.1	none	none	none	none	OK	
IO	i	printf	IO.md	1369	-	-	1.8.6	4.0	direct	1.8.7	4.1	none	none	none	none	OK	
IO	i	putc	IO.md	1387	-	-	1.8.6	4.0	direct	1.8.7	4.1	none	none	none	none	OK	
IO	i	puts	IO.md	1405	-	-	1.8.6	4.0	direct	1.8.7	4.1	none	none	none	none	OK	
IO	i	read	IO.md	1431	-	-	1.8.6	4.0	direct	1.8.7	4.1	none	none	none	none	OK	
IO	i	readchar	IO.md	1464	-	-	1.8.6	4.0	direct	1.8.7	4.1	none	none	none	none	OK	
IO	i	readline	IO.md	1488	-	-	1.8.6	4.0	direct	1.8.7	4.1	none	none	none	none	OK	overloads:3
IO	i	readlines	IO.md	1519	-	-	1.8.6	4.0	direct	1.8.7	4.1	none	none	none	none	OK	overloads:3
IO	i	read_nonblock	IO.md	1552	-	-	1.8.6	4.0	direct	1.8.7	4.1	none	none	none	none	OK	
IO	i	readpartial	IO.md	1584	-	-	1.8.6	4.0	direct	1.8.7	4.1	none	none	none	none	OK	
IO	i	reopen	IO.md	1644	-	-	1.8.6	4.0	direct	1.8.7	4.1	none	none	none	none	OK	overloads:3
IO	i	rewind	IO.md	1683	-	-	1.8.6	4.0	direct	1.8.7	4.1	none	none	none	none	OK	
IO	i	seek	IO.md	1697	-	-	1.8.6	4.0	direct	1.8.7	4.1	none	none	none	none	OK	
IO	i	stat	IO.md	1725	-	-	1.8.6	4.0	direct	1.8.7	4.1	none	none	none	none	OK	
IO	i	sync	IO.md	1745	-	-	1.8.6	4.0	direct	1.8.7	4.1	none	none	none	none	OK	
IO	i	sync=	IO.md	1759	-	-	1.8.6	4.0	direct	1.8.7	4.1	none	none	none	none	OK	
IO	i	sysread	IO.md	1769	-	-	1.8.6	4.0	direct	1.8.7	4.1	none	none	none	none	OK	
IO	i	sysseek	IO.md	1800	-	-	1.8.6	4.0	direct	1.8.7	4.1	none	none	none	none	OK	
IO	i	syswrite	IO.md	1844	-	-	1.8.6	4.0	direct	1.8.7	4.1	none	none	none	none	OK	
IO	i	to_io	IO.md	1866	-	-	1.8.6	4.0	direct	1.8.7	4.1	none	none	none	none	OK	
IO	i	ungetc	IO.md	1872	-	-	1.8.6	4.0	direct	1.8.7	4.1	none	none	none	none	OK	
IO	i	write	IO.md	1887	-	-	1.8.6	4.0	direct	1.8.7	4.1	none	none	none	none	OK	
IO	i	write_nonblock	IO.md	1920	-	-	1.8.6	4.0	direct	1.8.7	4.1	none	none	none	none	OK	
IO	i	pread	IO.md	1940	-	-	2.5	4.0	direct	2.5.0	4.1	2.5.0	none	2.5.0	none	OK	
IO	i	pwrite	IO.md	1964	-	-	2.5	4.0	direct	2.5.0	4.1	2.5.0	none	2.5.0	none	OK	
IO	i	getbyte	IO.md	1987	-	-	1.8.7	4.0	direct	1.8.7	4.1	none	none	none	none	INFO_1_8_7	
IO	i	readbyte	IO.md	1998	-	-	1.8.7	4.0	direct	1.8.7	4.1	none	none	none	none	INFO_1_8_7	
IO	i	each_char	IO.md	2019	-	-	1.8.7	4.0	direct	1.8.7	4.1	none	none	none	none	INFO_1_8_7	overloads:2
IO	i	ungetbyte	IO.md	2035	-	-	1.9.1	4.0	direct	1.9.3	4.1	1.9.3	none	1.9.1	none	MISMATCH_SINCE	ladder-gap-1.9.1-1.9.3
IO	i	binmode?	IO.md	2053	-	-	1.9.1	4.0	direct	1.9.3	4.1	1.9.3	none	1.9.1	none	MISMATCH_SINCE	ladder-gap-1.9.1-1.9.3
IO	i	close_on_exec=	IO.md	2061	-	-	1.9.1	4.0	direct	1.9.3	4.1	1.9.3	none	1.9.1	none	MISMATCH_SINCE	ladder-gap-1.9.1-1.9.3
IO	i	close_on_exec?	IO.md	2080	-	-	1.9.1	4.0	direct	1.9.3	4.1	1.9.3	none	1.9.1	none	MISMATCH_SINCE	ladder-gap-1.9.1-1.9.3
IO	i	external_encoding	IO.md	2096	-	-	1.9.1	4.0	direct	1.9.3	4.1	1.9.3	none	1.9.1	none	MISMATCH_SINCE	ladder-gap-1.9.1-1.9.3
IO	i	internal_encoding	IO.md	2107	-	-	1.9.1	4.0	direct	1.9.3	4.1	1.9.3	none	1.9.1	none	MISMATCH_SINCE	ladder-gap-1.9.1-1.9.3
IO	i	set_encoding	IO.md	2121	-	-	1.9.1	4.0	direct	1.9.3	4.1	1.9.3	none	1.9.1	none	MISMATCH_SINCE	overloads:3;ladder-gap-1.9.1-1.9.3
IO	i	set_encoding_by_bom	IO.md	2150	-	-	2.7	4.0	direct	2.7.0	4.1	2.7.0	none	2.7.0	none	OK	
IO	i	autoclose=	IO.md	2174	-	-	1.9.2	4.0	direct	1.9.3	4.1	1.9.3	none	1.9.3	none	INFO_1_9_2	
IO	i	autoclose?	IO.md	2197	-	-	1.9.2	4.0	direct	1.9.3	4.1	1.9.3	none	1.9.3	none	INFO_1_9_2	
IO	i	each_codepoint	IO.md	2211	-	-	1.9.2	4.0	direct	1.9.3	4.1	1.9.3	none	1.9.3	none	INFO_1_9_2	overloads:2
IO	i	fdatasync	IO.md	2233	-	-	1.9.2	4.0	direct	1.9.3	4.1	1.9.3	none	1.9.3	none	INFO_1_9_2	
IO	i	advise	IO.md	2255	-	-	1.9.3	4.0	direct	1.9.3	4.1	1.9.3	none	1.9.3	none	OK	
IO	i	path	IO.md	2289	-	-	3.2	4.0	direct	3.2	4.1	3.2	none	3.2	none	OK	
IO	i	to_path	IO.md	2290	-	-	3.2	4.0	direct	3.2	4.1	3.2	none	3.2	none	OK	
IO	i	timeout	IO.md	2302	-	-	3.2	4.0	direct	3.2	4.1	3.2	none	3.2	none	OK	
IO	i	timeout=	IO.md	2318	-	-	3.2	4.0	direct	3.2	4.1	3.2	none	3.2	none	OK	overloads:2
IO::Buffer	s	for	IO__Buffer.md	112	-	-	3.1	4.0	direct	3.1	4.1	3.1	none	3.1	none	OK	overloads:2
IO::Buffer	s	map	IO__Buffer.md	151	-	-	3.1	4.0	direct	3.1	4.1	3.1	none	3.1	none	OK	
IO::Buffer	s	new	IO__Buffer.md	185	-	-	3.1	4.0	new-via-initialize	3.1	4.1	3.1	none	3.1	none	OK	new-via-initialize
IO::Buffer	s	string	IO__Buffer.md	207	-	-	3.3	4.0	direct	3.3	4.1	3.3	none	3.3	none	OK	
IO::Buffer	s	size_of	IO__Buffer.md	229	-	-	3.2	4.0	direct	3.2	4.1	3.2	none	3.2	none	OK	overloads:2
IO::Buffer	i	size	IO__Buffer.md	258	-	-	3.1	4.0	direct	3.1	4.1	3.1	none	3.1	none	OK	
IO::Buffer	i	get_string	IO__Buffer.md	266	-	-	3.1	4.0	direct	3.1	4.1	3.1	none	3.1	none	OK	
IO::Buffer	i	set_string	IO__Buffer.md	295	-	-	3.1	4.0	direct	3.1	4.1	3.1	none	3.1	none	OK	
IO::Buffer	i	get_value	IO__Buffer.md	326	-	-	3.1	4.0	direct	3.1	4.1	3.1	none	3.1	none	OK	
IO::Buffer	i	get_values	IO__Buffer.md	366	-	-	3.2	4.0	direct	3.2	4.1	3.2	none	3.2	none	OK	
IO::Buffer	i	set_value	IO__Buffer.md	385	-	-	3.1	4.0	direct	3.1	4.1	3.1	none	3.1	none	OK	
IO::Buffer	i	set_values	IO__Buffer.md	422	-	-	3.2	4.0	direct	3.2	4.1	3.2	none	3.2	none	OK	
IO::Buffer	i	values	IO__Buffer.md	445	-	-	3.2	4.0	direct	3.2	4.1	3.2	none	3.2	none	OK	
IO::Buffer	i	each	IO__Buffer.md	465	-	-	3.2	4.0	direct	3.2	4.1	3.2	none	3.2	none	OK	overloads:2
IO::Buffer	i	each_byte	IO__Buffer.md	489	-	-	3.2	4.0	direct	3.2	4.1	3.2	none	3.2	none	OK	overloads:2
IO::Buffer	i	slice	IO__Buffer.md	531	-	-	3.1	4.0	direct	3.1	4.1	3.1	none	3.1	none	OK	overloads:2
IO::Buffer	i	copy	IO__Buffer.md	567	-	-	3.1	4.0	direct	3.1	4.1	3.1	none	3.1	none	OK	
IO::Buffer	i	clear	IO__Buffer.md	594	-	-	3.1	4.0	direct	3.1	4.1	3.1	none	3.1	none	OK	
IO::Buffer	i	resize	IO__Buffer.md	615	-	-	3.1	4.0	direct	3.1	4.1	3.1	none	3.1	none	OK	
IO::Buffer	i	transfer	IO__Buffer.md	638	-	-	3.1	4.0	direct	3.1	4.1	3.1	none	3.1	none	OK	
IO::Buffer	i	free	IO__Buffer.md	658	-	-	3.1	4.0	direct	3.1	4.1	3.1	none	3.1	none	OK	
IO::Buffer	i	empty?	IO__Buffer.md	693	-	-	3.1	4.0	direct	3.1	4.1	3.1	none	3.1	none	OK	
IO::Buffer	i	null?	IO__Buffer.md	704	-	-	3.1	4.0	direct	3.1	4.1	3.1	none	3.1	none	OK	
IO::Buffer	i	valid?	IO__Buffer.md	721	-	-	3.1	4.0	direct	3.1	4.1	3.1	none	3.1	none	OK	
IO::Buffer	i	internal?	IO__Buffer.md	727	-	-	3.1	4.0	direct	3.1	4.1	3.1	none	3.1	none	OK	
IO::Buffer	i	external?	IO__Buffer.md	741	-	-	3.1	4.0	direct	3.1	4.1	3.1	none	3.1	none	OK	
IO::Buffer	i	readonly?	IO__Buffer.md	756	-	-	3.1	4.0	direct	3.1	4.1	3.1	none	3.1	none	OK	
IO::Buffer	i	mapped?	IO__Buffer.md	779	-	-	3.1	4.0	direct	3.1	4.1	3.1	none	3.1	none	OK	
IO::Buffer	i	locked?	IO__Buffer.md	787	-	-	3.1	4.0	direct	3.1	4.1	3.1	none	3.1	none	OK	
IO::Buffer	i	locked	IO__Buffer.md	796	-	-	3.1	4.0	direct	3.1	4.1	3.1	none	3.1	none	OK	
IO::Buffer	i	shared?	IO__Buffer.md	847	-	-	3.2	4.0	direct	3.2	4.1	3.2	none	3.2	none	OK	
IO::Buffer	i	private?	IO__Buffer.md	856	-	-	3.3	4.0	direct	3.3	4.1	3.3	none	3.3	none	OK	
IO::Buffer	i	&	IO__Buffer.md	864	-	-	3.2	4.0	direct	3.2	4.1	3.2	none	3.2	none	OK	
IO::Buffer	i	|	IO__Buffer.md	865	-	-	3.2	4.0	direct	3.2	4.1	3.2	none	3.2	none	OK	
IO::Buffer	i	^	IO__Buffer.md	866	-	-	3.2	4.0	direct	3.2	4.1	3.2	none	3.2	none	OK	
IO::Buffer	i	~	IO__Buffer.md	886	-	-	3.2	4.0	direct	3.2	4.1	3.2	none	3.2	none	OK	
IO::Buffer	i	and!	IO__Buffer.md	900	-	-	3.2	4.0	direct	3.2	4.1	3.2	none	3.2	none	OK	
IO::Buffer	i	or!	IO__Buffer.md	901	-	-	3.2	4.0	direct	3.2	4.1	3.2	none	3.2	none	OK	
IO::Buffer	i	xor!	IO__Buffer.md	902	-	-	3.2	4.0	direct	3.2	4.1	3.2	none	3.2	none	OK	
IO::Buffer	i	not!	IO__Buffer.md	925	-	-	3.2	4.0	direct	3.2	4.1	3.2	none	3.2	none	OK	
IO::Buffer	i	to_s	IO__Buffer.md	940	-	-	3.1	4.0	direct	3.1	4.1	3.1	none	3.1	none	OK	
IO::Buffer	i	inspect	IO__Buffer.md	955	-	-	3.1	4.0	direct	3.1	4.1	3.1	none	3.1	none	OK	
IO::Buffer	i	hexdump	IO__Buffer.md	989	-	-	3.1	4.0	direct	3.1	4.1	3.1	none	3.1	none	OK	overloads:2
IO::Buffer	i	<=>	IO__Buffer.md	1043	-	-	3.1	4.0	direct	3.1	4.1	3.1	none	3.1	none	OK	
IO::Buffer	i	read	IO__Buffer.md	1072	-	-	3.1	4.0	direct	3.1	4.1	3.1	none	3.1	none	OK	overloads:2
IO::Buffer	i	write	IO__Buffer.md	1126	-	-	3.1	4.0	direct	3.1	4.1	3.1	none	3.1	none	OK	overloads:2
IO::Buffer	i	pread	IO__Buffer.md	1167	-	-	3.1	4.0	direct	3.1	4.1	3.1	none	3.1	none	OK	overloads:2
IO::Buffer	i	pwrite	IO__Buffer.md	1232	-	-	3.1	4.0	direct	3.1	4.1	3.1	none	3.1	none	OK	overloads:2
Integer	s	try_convert	Integer.md	38	-	-	3.1	4.0	alias-union:Bignum,Fixnum	3.1	4.1	3.1	none	3.1	none	OK	alias-union:Bignum,Fixnum
Integer	s	sqrt	Integer.md	61	-	-	2.5	4.0	alias-union:Bignum,Fixnum	2.5.0	4.1	2.5.0	none	2.5.0	none	OK	alias-union:Bignum,Fixnum
Integer	i	chr	Integer.md	87	-	-	1.8.6	4.0	alias-union:Bignum,Fixnum	1.8.7	4.1	none	none	none	none	OK	overloads:2;alias-union:Bignum,Fixnum
Integer	i	digits	Integer.md	116	-	-	2.4	4.0	alias-union:Bignum,Fixnum	2.4.0	4.1	2.4.0	none	2.4.0	none	OK	overloads:2;alias-union:Bignum,Fixnum
Integer	i	downto	Integer.md	141	-	-	1.8.6	4.0	alias-union:Bignum,Fixnum	1.8.7	4.1	none	none	none	none	OK	overloads:2;alias-union:Bignum,Fixnum
Integer	i	next	Integer.md	160	-	-	1.8.6	4.0	alias-union:Bignum,Fixnum	1.8.7	4.1	none	none	none	none	OK	alias-union:Bignum,Fixnum
Integer	i	succ	Integer.md	161	-	-	1.8.6	4.0	alias-union:Bignum,Fixnum	1.8.7	4.1	none	none	none	none	OK	alias-union:Bignum,Fixnum
Integer	i	times	Integer.md	176	-	-	1.8.6	4.0	alias-union:Bignum,Fixnum	1.8.7	4.1	none	none	none	none	OK	overloads:2;alias-union:Bignum,Fixnum
Integer	i	to_i	Integer.md	192	-	-	1.8.6	4.0	alias-union:Bignum,Fixnum	1.8.7	4.1	none	none	none	none	OK	alias-union:Bignum,Fixnum
Integer	i	to_int	Integer.md	193	-	-	1.8.6	4.0	alias-union:Bignum,Fixnum	1.8.7	4.1	none	none	none	none	OK	alias-union:Bignum,Fixnum
Integer	i	floor	Integer.md	201	EMPTY	-	1.8.6	4.0	alias-union:Bignum,Fixnum	2.1.0	4.1	none	none	none	none	OK	alias-union:Bignum,Fixnum
Integer	i	ceil	Integer.md	218	EMPTY	-	1.8.6	4.0	alias-union:Bignum,Fixnum	2.1.0	4.1	none	none	none	none	OK	alias-union:Bignum,Fixnum
Integer	i	round	Integer.md	235	EMPTY	-	1.8.6	4.0	alias-union:Bignum,Fixnum	2.1.0	4.1	none	none	none	none	OK	alias-union:Bignum,Fixnum
Integer	i	truncate	Integer.md	268	EMPTY	-	1.8.6	4.0	alias-union:Bignum,Fixnum	2.1.0	4.1	none	none	none	none	OK	alias-union:Bignum,Fixnum
Integer	i	to_s	Integer.md	285	-	-	1.8.6	4.0	alias-union:Bignum,Fixnum	1.8.7	4.1	none	none	none	none	OK	alias-union:Bignum,Fixnum
Integer	i	inspect	Integer.md	286	EMPTY	-	1.8.6	4.0	inherited:Kernel	2.0.0	4.1	none	none	none	none	OK	last-resolved-via:alias-union:Bignum,Fixnum;inherited:Kernel
Integer	i	upto	Integer.md	309	-	-	1.8.6	4.0	alias-union:Bignum,Fixnum	1.8.7	4.1	none	none	none	none	OK	overloads:2;alias-union:Bignum,Fixnum
Integer	i	integer?	Integer.md	324	-	-	1.8.6	4.0	alias-union:Bignum,Fixnum	1.8.7	4.1	none	none	none	none	OK	alias-union:Bignum,Fixnum
Integer	i	even?	Integer.md	333	-	-	1.8.7	4.0	alias-union:Bignum,Fixnum	1.8.7	4.1	none	none	none	none	INFO_1_8_7	alias-union:Bignum,Fixnum
Integer	i	odd?	Integer.md	342	-	-	1.8.7	4.0	alias-union:Bignum,Fixnum	1.8.7	4.1	none	none	none	none	INFO_1_8_7	alias-union:Bignum,Fixnum
Integer	i	ord	Integer.md	351	-	-	1.8.7	4.0	alias-union:Bignum,Fixnum	1.8.7	4.1	none	none	none	none	INFO_1_8_7	alias-union:Bignum,Fixnum
Integer	i	pred	Integer.md	363	-	-	1.8.7	4.0	alias-union:Bignum,Fixnum	1.8.7	4.1	none	none	none	none	INFO_1_8_7	alias-union:Bignum,Fixnum
Integer	i	denominator	Integer.md	376	-	-	1.9.1	4.0	alias-union:Bignum,Fixnum	1.9.3	4.1	1.9.3	none	1.9.1	none	MISMATCH_SINCE	alias-union:Bignum,Fixnum;ladder-gap-1.9.1-1.9.3
Integer	i	gcd	Integer.md	389	-	-	1.9.1	4.0	alias-union:Bignum,Fixnum	1.9.3	4.1	1.9.3	none	1.9.1	none	MISMATCH_SINCE	alias-union:Bignum,Fixnum;ladder-gap-1.9.1-1.9.3
Integer	i	gcdlcm	Integer.md	411	-	-	1.9.1	4.0	alias-union:Bignum,Fixnum	1.9.3	4.1	1.9.3	none	1.9.1	none	MISMATCH_SINCE	alias-union:Bignum,Fixnum;ladder-gap-1.9.1-1.9.3
Integer	i	lcm	Integer.md	426	-	-	1.9.1	4.0	alias-union:Bignum,Fixnum	1.9.3	4.1	1.9.3	none	1.9.1	none	MISMATCH_SINCE	alias-union:Bignum,Fixnum;ladder-gap-1.9.1-1.9.3
Integer	i	numerator	Integer.md	447	-	-	1.9.1	4.0	alias-union:Bignum,Fixnum	1.9.3	4.1	1.9.3	none	1.9.1	none	MISMATCH_SINCE	alias-union:Bignum,Fixnum;ladder-gap-1.9.1-1.9.3
Integer	i	to_r	Integer.md	460	-	-	1.9.1	4.0	alias-union:Bignum,Fixnum	1.9.3	4.1	1.9.3	none	1.9.1	none	MISMATCH_SINCE	alias-union:Bignum,Fixnum;ladder-gap-1.9.1-1.9.3
Integer	i	rationalize	Integer.md	469	-	-	1.9.2	4.0	alias-union:Bignum,Fixnum	1.9.3	4.1	1.9.3	none	1.9.3	none	INFO_1_9_2	overloads:2;alias-union:Bignum,Fixnum
Integer	i	to_f	Integer.md	484	-	-	1.8.6	4.0	alias-union:Bignum,Fixnum	1.8.7	4.1	none	none	none	none	OK	alias-union:Bignum,Fixnum
Integer	i	<=>	Integer.md	496	-	-	1.8.6	4.0	alias-union:Bignum,Fixnum	1.8.7	4.1	none	none	none	none	OK	alias-union:Bignum,Fixnum
Integer	i	-@	Integer.md	512	-	-	1.8.6	4.0	alias-union:Bignum,Fixnum	1.8.7	4.1	none	none	none	none	OK	alias-union:Bignum,Fixnum
Integer	i	+	Integer.md	523	-	-	1.8.6	4.0	alias-union:Bignum,Fixnum	1.8.7	4.1	none	none	none	none	OK	alias-union:Bignum,Fixnum
Integer	i	-	Integer.md	535	-	-	1.8.6	4.0	alias-union:Bignum,Fixnum	1.8.7	4.1	none	none	none	none	OK	alias-union:Bignum,Fixnum
Integer	i	*	Integer.md	547	-	-	1.8.6	4.0	alias-union:Bignum,Fixnum	1.8.7	4.1	none	none	none	none	OK	alias-union:Bignum,Fixnum
Integer	i	/	Integer.md	559	-	-	1.8.6	4.0	alias-union:Bignum,Fixnum	1.8.7	4.1	none	none	none	none	OK	alias-union:Bignum,Fixnum
Integer	i	div	Integer.md	591	-	-	1.8.6	4.0	alias-union:Bignum,Fixnum	1.8.7	4.1	none	none	none	none	OK	alias-union:Bignum,Fixnum
Integer	i	%	Integer.md	625	-	-	1.8.6	4.0	alias-union:Bignum,Fixnum	1.8.7	4.1	none	none	none	none	OK	alias-union:Bignum,Fixnum
Integer	i	modulo	Integer.md	626	-	-	1.8.6	4.0	alias-union:Bignum,Fixnum	1.8.7	4.1	none	none	none	none	OK	alias-union:Bignum,Fixnum
Integer	i	remainder	Integer.md	641	-	-	1.8.6	4.0	alias-union:Bignum,Fixnum	1.8.7	4.1	none	none	none	none	OK	alias-union:Bignum,Fixnum
Integer	i	divmod	Integer.md	661	-	-	1.8.6	4.0	alias-union:Bignum,Fixnum	1.8.7	4.1	none	none	none	none	OK	alias-union:Bignum,Fixnum
Integer	i	fdiv	Integer.md	670	-	-	1.8.7	4.0	alias-union:Bignum,Fixnum	1.8.7	4.1	none	none	none	none	INFO_1_8_7	alias-union:Bignum,Fixnum
Integer	i	ceildiv	Integer.md	689	-	-	3.2	4.0	alias-union:Bignum,Fixnum	3.2	4.1	3.2	none	3.2	none	OK	alias-union:Bignum,Fixnum
Integer	i	**	Integer.md	717	-	-	1.8.6	4.0	alias-union:Bignum,Fixnum	1.8.7	4.1	none	none	none	none	OK	alias-union:Bignum,Fixnum
Integer	i	pow	Integer.md	718	-	-	2.5	4.0	alias-union:Bignum,Fixnum	2.5.0	4.1	2.5.0	none	2.5.0	none	OK	overloads:2;alias-union:Bignum,Fixnum
Integer	i	abs	Integer.md	770	-	-	1.8.6	4.0	alias-union:Bignum,Fixnum	1.8.7	4.1	none	none	none	none	OK	alias-union:Bignum,Fixnum
Integer	i	magnitude	Integer.md	771	-	-	1.9.1	4.0	alias-union:Bignum,Fixnum	1.9.3	4.1	1.9.3	none	1.9.1	none	MISMATCH_SINCE	alias-union:Bignum,Fixnum;ladder-gap-1.9.1-1.9.3
Integer	i	==	Integer.md	781	-	-	1.8.6	4.0	alias-union:Bignum,Fixnum	1.8.7	4.1	none	none	none	none	OK	alias-union:Bignum,Fixnum
Integer	i	===	Integer.md	782	EMPTY	-	1.8.6	4.0	inherited:Kernel	1.9.3	4.1	none	none	none	none	OK	last-resolved-via:alias-union:Bignum,Fixnum;inherited:Kernel
Integer	i	<	Integer.md	801	-	-	1.8.6	4.0	alias-union:Bignum,Fixnum	1.8.7	4.1	none	none	none	none	OK	alias-union:Bignum,Fixnum
Integer	i	<=	Integer.md	825	-	-	1.8.6	4.0	alias-union:Bignum,Fixnum	1.8.7	4.1	none	none	none	none	OK	alias-union:Bignum,Fixnum
Integer	i	>	Integer.md	851	-	-	1.8.6	4.0	alias-union:Bignum,Fixnum	1.8.7	4.1	none	none	none	none	OK	alias-union:Bignum,Fixnum
Integer	i	>=	Integer.md	876	-	-	1.8.6	4.0	alias-union:Bignum,Fixnum	1.8.7	4.1	none	none	none	none	OK	alias-union:Bignum,Fixnum
Integer	i	~	Integer.md	902	-	-	1.8.6	4.0	alias-union:Bignum,Fixnum	1.8.7	4.1	none	none	none	none	OK	alias-union:Bignum,Fixnum
Integer	i	|	Integer.md	914	-	-	1.8.6	4.0	alias-union:Bignum,Fixnum	1.8.7	4.1	none	none	none	none	OK	alias-union:Bignum,Fixnum
Integer	i	&	Integer.md	927	-	-	1.8.6	4.0	alias-union:Bignum,Fixnum	1.8.7	4.1	none	none	none	none	OK	alias-union:Bignum,Fixnum
Integer	i	^	Integer.md	940	-	-	1.8.6	4.0	alias-union:Bignum,Fixnum	1.8.7	4.1	none	none	none	none	OK	alias-union:Bignum,Fixnum
Integer	i	[]	Integer.md	953	-	-	1.8.6	4.0	alias-union:Bignum,Fixnum	1.8.7	4.1	none	none	none	none	OK	overloads:3;alias-union:Bignum,Fixnum
Integer	i	<<	Integer.md	999	-	-	1.8.6	4.0	alias-union:Bignum,Fixnum	1.8.7	4.1	none	none	none	none	OK	alias-union:Bignum,Fixnum
Integer	i	>>	Integer.md	1012	-	-	1.8.6	4.0	alias-union:Bignum,Fixnum	1.8.7	4.1	none	none	none	none	OK	alias-union:Bignum,Fixnum
Integer	i	size	Integer.md	1028	-	-	1.8.6	4.0	alias-union:Bignum,Fixnum	1.8.7	4.1	none	none	none	none	OK	alias-union:Bignum,Fixnum
Integer	i	bit_length	Integer.md	1039	-	-	2.1	4.0	alias-union:Bignum,Fixnum	2.1.0	4.1	2.1.0	none	2.1.0	none	OK	alias-union:Bignum,Fixnum
Integer	i	allbits?	Integer.md	1066	-	-	2.5	4.0	alias-union:Bignum,Fixnum	2.5.0	4.1	2.5.0	none	2.5.0	none	OK	alias-union:Bignum,Fixnum
Integer	i	anybits?	Integer.md	1084	-	-	2.5	4.0	alias-union:Bignum,Fixnum	2.5.0	4.1	2.5.0	none	2.5.0	none	OK	alias-union:Bignum,Fixnum
Integer	i	nobits?	Integer.md	1102	-	-	2.5	4.0	alias-union:Bignum,Fixnum	2.5.0	4.1	2.5.0	none	2.5.0	none	OK	alias-union:Bignum,Fixnum
Kernel	o	exit	functions.md	3	-	-	1.8.6	4.0	direct	1.8.7	4.1	none	none	none	none	OK	
Kernel	o	exit!	functions.md	42	-	-	1.8.6	4.0	direct	1.8.7	4.1	none	none	none	none	OK	
Kernel	o	abort	functions.md	73	-	-	1.8.6	4.0	direct	1.8.7	4.1	none	none	none	none	OK	overloads:2
Kernel	o	`	functions.md	125	-	-	1.8.6	4.0	direct	1.8.7	4.1	none	none	none	none	OK	
Kernel	o	system	functions.md	149	-	-	1.8.6	4.0	direct	1.8.7	4.1	none	none	none	none	OK	overloads:4
Kernel	o	spawn	functions.md	247	-	-	1.9.1	4.0	direct	1.9.3	4.1	1.9.3	none	1.9.1	none	MISMATCH_SINCE	overloads:4;ladder-gap-1.9.1-1.9.3
Kernel	o	exec	functions.md	556	-	-	1.8.6	4.0	direct	1.8.7	4.1	none	none	none	none	OK	overloads:4
Kernel	o	fork	functions.md	645	-	-	1.8.6	4.0	direct	1.8.7	4.1	none	none	none	none	OK	overloads:2
Kernel	o	syscall	functions.md	695	-	-	1.8.6	4.0	direct	1.8.7	4.1	none	none	none	none	OK	
Kernel	o	open	functions.md	722	-	-	1.8.6	4.0	direct	1.8.7	4.1	none	none	none	none	OK	overloads:2
Kernel	o	select	functions.md	831	-	-	1.8.6	4.0	direct	1.8.7	4.1	none	none	none	none	OK	
Kernel	o	test	functions.md	844	-	-	1.8.6	4.0	direct	1.8.7	4.1	none	none	none	none	OK	overloads:2
Kernel	o	load	functions.md	945	-	-	1.8.6	4.0	direct	1.8.7	4.1	none	none	none	none	OK	
Kernel	o	require	functions.md	978	-	-	1.8.6	4.0	direct	1.8.7	4.1	none	none	none	none	OK	
Kernel	o	require_relative	functions.md	1016	-	-	1.9.2	4.0	direct	1.9.3	4.1	1.9.3	none	1.9.3	none	INFO_1_9_2	
Kernel	o	autoload	functions.md	1057	-	-	1.8.6	4.0	direct	1.8.7	4.1	none	none	none	none	OK	
Kernel	o	autoload?	functions.md	1085	-	-	1.8.6	4.0	direct	1.8.7	4.1	none	none	none	none	OK	
Kernel	o	set_trace_func	functions.md	1115	-	-	1.8.6	4.0	direct	1.8.7	4.1	none	none	none	none	OK	
Kernel	o	caller	functions.md	1217	-	-	1.8.6	4.0	direct	1.8.7	4.1	none	none	none	none	OK	overloads:3
Kernel	o	caller_locations	functions.md	1281	-	-	2.0.0	4.0	direct	2.0.0	4.1	2.0.0	none	2.0.0	none	OK	overloads:2
Kernel	o	gets	functions.md	1337	-	-	1.8.6	4.0	direct	1.8.7	4.1	none	none	none	none	OK	
Kernel	o	readline	functions.md	1378	-	-	1.8.6	4.0	direct	1.8.7	4.1	none	none	none	none	OK	
Kernel	o	readlines	functions.md	1414	-	-	1.8.6	4.0	direct	1.8.7	4.1	none	none	none	none	OK	
Kernel	o	putc	functions.md	1450	-	-	1.8.6	4.0	direct	1.8.7	4.1	none	none	none	none	OK	
Kernel	o	p	functions.md	1484	-	-	1.8.6	4.0	direct	1.8.7	4.1	none	none	none	none	OK	
Kernel	o	pp	functions_pp.md	1	-	-	2.5	4.0	direct	2.5.0	4.1	2.5.0	none	2.5.0	none	OK	
Kernel	o	print	functions.md	1519	-	-	1.8.6	4.0	direct	1.8.7	4.1	none	none	none	none	OK	
Kernel	o	puts	functions.md	1553	-	-	1.8.6	4.0	direct	1.8.7	4.1	none	none	none	none	OK	
Kernel	o	warn	functions.md	1584	-	-	1.8.6	4.0	direct	1.8.7	4.1	none	none	none	none	OK	
Kernel	o	Array	functions.md	1632	-	-	1.8.6	4.0	direct	1.8.7	4.1	none	none	none	none	OK	
Kernel	o	Float	functions.md	1651	-	-	1.8.6	4.0	direct	1.8.7	4.1	none	none	none	none	OK	
Kernel	o	Integer	functions.md	1702	-	-	1.8.6	4.0	direct	1.8.7	4.1	none	none	none	none	OK	
Kernel	o	String	functions.md	1755	-	-	1.8.6	4.0	direct	1.8.7	4.1	none	none	none	none	OK	
Kernel	o	at_exit	functions.md	1778	-	-	1.8.6	4.0	direct	1.8.7	4.1	none	none	none	none	OK	
Kernel	o	loop	functions.md	1805	-	-	1.8.6	4.0	direct	1.8.7	4.1	none	none	none	none	OK	overloads:2
Kernel	o	sleep	functions.md	1837	-	-	1.8.6	4.0	direct	1.8.7	4.1	none	none	none	none	OK	overloads:2
Kernel	o	block_given?	functions.md	1867	-	-	1.8.6	4.0	direct	1.8.7	4.1	none	none	none	none	OK	
Kernel	o	iterator?	functions.md	1868	-	-	1.8.6	4.0	direct	1.8.7	4.1	none	none	none	none	OK	
Kernel	o	catch	functions.md	1888	-	-	1.8.6	4.0	direct	1.8.7	4.1	none	none	none	none	OK	overloads:2
Kernel	o	throw	functions.md	1918	-	-	1.8.6	4.0	direct	1.8.7	4.1	none	none	none	none	OK	
Kernel	o	rand	functions.md	1955	-	-	1.8.6	4.0	direct	1.8.7	4.1	none	none	none	none	OK	overloads:2
Kernel	o	srand	functions.md	1995	-	-	1.8.6	4.0	direct	1.8.7	4.1	none	none	none	none	OK	overloads:2
Kernel	o	global_variables	functions.md	2045	-	-	1.8.6	4.0	direct	1.8.7	4.1	none	none	none	none	OK	
Kernel	o	local_variables	functions.md	2055	-	-	1.8.6	4.0	direct	1.8.7	4.1	none	none	none	none	OK	
Kernel	o	sub	functions.md	2079	-	-	1.8.6	1.8.7	direct	1.8.7	4.1	none	none	none	1.9.1	MISMATCH_UNTIL	overloads:2;until-mismatch
Kernel	o	gsub	functions.md	2106	-	-	1.8.6	1.8.7	direct	1.8.7	4.1	none	none	none	1.9.1	MISMATCH_UNTIL	overloads:3;until-mismatch
Kernel	o	chop	functions.md	2132	-	-	1.8.6	1.8.7	direct	1.8.7	4.1	none	none	none	1.9.1	MISMATCH_UNTIL	until-mismatch
Kernel	o	chomp	functions.md	2159	-	-	1.8.6	1.8.7	direct	1.8.7	4.1	none	none	none	1.9.1	MISMATCH_UNTIL	until-mismatch
Kernel	o	trap	functions.md	2187	-	-	1.8.6	4.0	direct	1.8.7	4.1	none	none	none	none	OK	overloads:2
Kernel	o	trace_var	functions.md	2202	-	-	1.8.6	4.0	direct	1.8.7	4.1	none	none	none	none	OK	overloads:3
Kernel	o	untrace_var	functions.md	2237	-	-	1.8.6	4.0	direct	1.8.7	4.1	none	none	none	none	OK	
Kernel	o	raise	functions.md	2265	-	-	1.8.6	4.0	direct	1.8.7	4.1	none	none	none	none	OK	overloads:3
Kernel	o	fail	functions.md	2266	-	-	1.8.6	4.0	direct	1.8.7	4.1	none	none	none	none	OK	overloads:3
Kernel	o	printf	functions.md	2352	-	-	1.8.6	4.0	direct	1.8.7	4.1	none	none	none	none	OK	overloads:2
Kernel	o	sprintf	functions.md	2385	-	-	1.8.6	4.0	direct	1.8.7	4.1	none	none	none	none	OK	
Kernel	o	format	functions.md	2386	-	-	1.8.6	4.0	direct	1.8.7	4.1	none	none	none	none	OK	
Kernel	o	binding	functions.md	2396	-	-	1.8.6	4.0	direct	1.8.7	4.1	none	none	none	none	OK	
Kernel	o	eval	functions.md	2411	-	-	1.8.6	4.0	direct	1.8.7	4.1	none	none	none	none	OK	overloads:2
Kernel	o	proc	functions.md	2449	-	-	1.8.6	4.0	direct	1.8.7	4.1	none	none	none	none	OK	
Kernel	o	lambda	functions.md	2450	-	-	1.8.6	4.0	direct	1.8.7	4.1	none	none	none	none	OK	
Kernel	o	__method__	functions.md	2482	-	-	1.8.7	4.0	direct	1.8.7	4.1	none	none	none	none	INFO_1_8_7	
Kernel	o	__callee__	functions.md	2499	-	-	1.9.1	4.0	direct	1.9.3	4.1	1.9.3	none	1.9.1	none	MISMATCH_SINCE	ladder-gap-1.9.1-1.9.3
Kernel	o	Complex	functions.md	2518	-	-	1.9.1	4.0	direct	1.9.3	4.1	1.9.3	none	1.9.1	none	MISMATCH_SINCE	overloads:2;ladder-gap-1.9.1-1.9.3
Kernel	o	Rational	functions.md	2555	-	-	1.9.1	4.0	direct	1.9.3	4.1	1.9.3	none	1.9.1	none	MISMATCH_SINCE	ladder-gap-1.9.1-1.9.3
Kernel	o	Hash	functions.md	2635	-	-	2.0.0	4.0	direct	2.0.0	4.1	2.0.0	none	2.0.0	none	OK	
Kernel	o	__dir__	functions.md	2652	-	-	2.0.0	4.0	direct	2.0.0	4.1	2.0.0	none	2.0.0	none	OK	
KeyError	s	new	KeyError.md	13	1.9.1	-	1.9.1	4.0	inherited-new-via-initialize:Exception	2.6.0	4.1	1.9.1	none	1.9.1	none	OK	last-resolved-via:new-via-initialize;overloads:4;inherited-new-via-initialize:Exception
KeyError	i	receiver	KeyError.md	36	-	-	2.5	4.0	direct	2.5.0	4.1	2.5.0	none	2.5.0	none	OK	
KeyError	i	key	KeyError.md	52	-	-	2.5	4.0	direct	2.5.0	4.1	2.5.0	none	2.5.0	none	OK	
LoadError	i	path	LoadError.md	21	-	-	2.0.0	4.0	direct	2.0.0	4.1	2.0.0	none	2.0.0	none	OK	
LocalJumpError	i	exit_value	LocalJumpError.md	21	-	-	1.8.6	4.0	direct	1.8.7	4.1	none	none	none	none	OK	
LocalJumpError	i	reason	LocalJumpError.md	46	-	-	1.8.6	4.0	direct	1.8.7	4.1	none	none	none	none	OK	
Marshal	o	dump	Marshal.md	14	-	-	1.8.6	4.0	direct	1.8.7	4.1	none	none	none	none	OK	overloads:2
Marshal	o	load	Marshal.md	67	-	-	1.8.6	4.0	direct	1.8.7	4.1	none	none	none	none	OK	overloads:2
Marshal	o	restore	Marshal.md	68	-	-	1.8.6	4.0	direct	1.8.7	4.1	none	none	none	none	OK	overloads:2
MatchData	i	[]	MatchData.md	16	-	-	1.8.6	4.0	alias-union:MatchingData	1.8.7	4.1	none	none	none	none	OK	overloads:4;alias-union:MatchingData
MatchData	i	match	MatchData.md	71	-	-	3.1	4.0	alias-union:MatchingData	3.1	4.1	3.1	none	3.1	none	OK	overloads:2;alias-union:MatchingData
MatchData	i	match_length	MatchData.md	97	-	-	3.1	4.0	alias-union:MatchingData	3.1	4.1	3.1	none	3.1	none	OK	overloads:2;alias-union:MatchingData
MatchData	i	begin	MatchData.md	122	-	-	1.8.6	4.0	alias-union:MatchingData	1.8.7	4.1	none	none	none	none	OK	overloads:2;alias-union:MatchingData
MatchData	i	end	MatchData.md	166	-	-	1.8.6	4.0	alias-union:MatchingData	1.8.7	4.1	none	none	none	none	OK	overloads:2;alias-union:MatchingData
MatchData	i	captures	MatchData.md	210	-	-	1.8.6	4.0	alias-union:MatchingData	1.8.7	4.1	none	none	none	none	OK	alias-union:MatchingData
MatchData	i	deconstruct	MatchData.md	212	-	-	3.2	4.0	alias-union:MatchingData	3.2	4.1	3.2	none	3.2	none	OK	alias-union:MatchingData
MatchData	i	deconstruct_keys	MatchData.md	233	-	-	3.2	4.0	alias-union:MatchingData	3.2	4.1	3.2	none	3.2	none	OK	alias-union:MatchingData
MatchData	i	length	MatchData.md	254	-	-	1.8.6	4.0	alias-union:MatchingData	1.8.7	4.1	none	none	none	none	OK	alias-union:MatchingData
MatchData	i	size	MatchData.md	255	-	-	1.8.6	4.0	alias-union:MatchingData	1.8.7	4.1	none	none	none	none	OK	alias-union:MatchingData
MatchData	i	offset	MatchData.md	264	-	-	1.8.6	4.0	alias-union:MatchingData	1.8.7	4.1	none	none	none	none	OK	overloads:2;alias-union:MatchingData
MatchData	i	byteoffset	MatchData.md	315	-	-	3.2	4.0	alias-union:MatchingData	3.2	4.1	3.2	none	3.2	none	OK	overloads:2;alias-union:MatchingData
MatchData	i	bytebegin	MatchData.md	352	-	-	3.4	4.0	alias-union:MatchingData	3.4	4.1	3.4	none	3.4	none	OK	overloads:2;alias-union:MatchingData
MatchData	i	byteend	MatchData.md	386	-	-	3.4	4.0	alias-union:MatchingData	3.4	4.1	3.4	none	3.4	none	OK	overloads:2;alias-union:MatchingData
MatchData	i	post_match	MatchData.md	422	-	-	1.8.6	4.0	alias-union:MatchingData	1.8.7	4.1	none	none	none	none	OK	alias-union:MatchingData
MatchData	i	pre_match	MatchData.md	433	-	-	1.8.6	4.0	alias-union:MatchingData	1.8.7	4.1	none	none	none	none	OK	alias-union:MatchingData
MatchData	i	string	MatchData.md	444	-	-	1.8.6	4.0	alias-union:MatchingData	1.8.7	4.1	none	none	none	none	OK	alias-union:MatchingData
MatchData	i	to_a	MatchData.md	455	-	-	1.8.6	4.0	alias-union:MatchingData	1.8.7	4.1	none	none	none	none	OK	alias-union:MatchingData
MatchData	i	to_s	MatchData.md	466	-	-	1.8.6	4.0	alias-union:MatchingData	1.8.7	4.1	none	none	none	none	OK	alias-union:MatchingData
MatchData	i	inspect	MatchData.md	475	-	-	1.8.6	4.0	alias-union:MatchingData	1.8.7	4.1	none	none	none	none	OK	alias-union:MatchingData
MatchData	i	values_at	MatchData.md	493	-	-	1.8.6	4.0	alias-union:MatchingData	1.8.7	4.1	none	none	none	none	OK	alias-union:MatchingData
MatchData	i	names	MatchData.md	514	-	-	1.9.1	4.0	alias-union:MatchingData	1.9.3	4.1	1.9.3	none	1.9.1	none	MISMATCH_SINCE	alias-union:MatchingData;ladder-gap-1.9.1-1.9.3
MatchData	i	regexp	MatchData.md	528	-	-	1.9.1	4.0	alias-union:MatchingData	1.9.3	4.1	1.9.3	none	1.9.1	none	MISMATCH_SINCE	alias-union:MatchingData;ladder-gap-1.9.1-1.9.3
MatchData	i	hash	MatchData.md	537	EMPTY	-	1.8.6	4.0	inherited:Kernel	1.9.3	4.1	none	none	none	none	OK	last-resolved-via:alias-union:MatchingData;inherited:Kernel
MatchData	i	eql?	MatchData.md	542	EMPTY	-	1.8.6	4.0	inherited:Kernel	1.9.3	4.1	none	none	none	none	OK	last-resolved-via:alias-union:MatchingData;inherited:Kernel
MatchData	i	==	MatchData.md	544	EMPTY	-	1.8.6	4.0	inherited:Kernel	1.9.3	4.1	none	none	none	none	OK	last-resolved-via:alias-union:MatchingData;inherited:Kernel
MatchData	i	named_captures	MatchData.md	580	-	-	2.4	4.0	alias-union:MatchingData	2.4.0	4.1	2.4.0	none	2.4.0	none	OK	overloads:2;alias-union:MatchingData
Math	o	acos	Math.md	21	-	-	1.8.6	4.0	direct	1.8.7	4.1	none	none	none	none	OK	
Math	o	asin	Math.md	41	-	-	1.8.6	4.0	direct	1.8.7	4.1	none	none	none	none	OK	
Math	o	atan	Math.md	61	-	-	1.8.6	4.0	direct	1.8.7	4.1	none	none	none	none	OK	
Math	o	atan2	Math.md	79	-	-	1.8.6	4.0	direct	1.8.7	4.1	none	none	none	none	OK	
Math	o	acosh	Math.md	114	-	-	1.8.6	4.0	direct	1.8.7	4.1	none	none	none	none	OK	
Math	o	asinh	Math.md	132	-	-	1.8.6	4.0	direct	1.8.7	4.1	none	none	none	none	OK	
Math	o	atanh	Math.md	148	-	-	1.8.6	4.0	direct	1.8.7	4.1	none	none	none	none	OK	
Math	o	cos	Math.md	168	-	-	1.8.6	4.0	direct	1.8.7	4.1	none	none	none	none	OK	
Math	o	sin	Math.md	186	-	-	1.8.6	4.0	direct	1.8.7	4.1	none	none	none	none	OK	
Math	o	tan	Math.md	204	-	-	1.8.6	4.0	direct	1.8.7	4.1	none	none	none	none	OK	
Math	o	cosh	Math.md	222	-	-	1.8.6	4.0	direct	1.8.7	4.1	none	none	none	none	OK	
Math	o	sinh	Math.md	238	-	-	1.8.6	4.0	direct	1.8.7	4.1	none	none	none	none	OK	
Math	o	tanh	Math.md	254	-	-	1.8.6	4.0	direct	1.8.7	4.1	none	none	none	none	OK	
Math	o	erf	Math.md	272	-	-	1.8.6	4.0	direct	1.8.7	4.1	none	none	none	none	OK	
Math	o	erfc	Math.md	288	-	-	1.8.6	4.0	direct	1.8.7	4.1	none	none	none	none	OK	
Math	o	exp	Math.md	304	-	-	1.8.6	4.0	direct	1.8.7	4.1	none	none	none	none	OK	
Math	o	expm1	Math.md	332	-	-	4.0	4.0	direct	4.0	4.1	4.0	none	4.0	none	OK	
Math	o	frexp	Math.md	365	-	-	1.8.6	4.0	direct	1.8.7	4.1	none	none	none	none	OK	
Math	o	hypot	Math.md	380	-	-	1.8.6	4.0	direct	1.8.7	4.1	none	none	none	none	OK	
Math	o	ldexp	Math.md	397	-	-	1.8.6	4.0	direct	1.8.7	4.1	none	none	none	none	OK	
Math	o	log	Math.md	413	-	-	1.8.6	4.0	direct	1.8.7	4.1	none	none	none	none	OK	overloads:2
Math	o	log2	Math.md	440	-	-	1.9.1	4.0	direct	1.9.3	4.1	1.9.3	none	1.9.1	none	MISMATCH_SINCE	ladder-gap-1.9.1-1.9.3
Math	o	log10	Math.md	462	-	-	1.8.6	4.0	direct	1.8.7	4.1	none	none	none	none	OK	
Math	o	log1p	Math.md	483	-	-	4.0	4.0	direct	4.0	4.1	4.0	none	4.0	none	OK	
Math	o	sqrt	Math.md	515	-	-	1.8.6	4.0	direct	1.8.7	4.1	none	none	none	none	OK	
Math	o	cbrt	Math.md	546	-	-	1.9.1	4.0	direct	1.9.3	4.1	1.9.3	none	1.9.1	none	MISMATCH_SINCE	ladder-gap-1.9.1-1.9.3
Math	o	gamma	Math.md	583	-	-	1.9.1	4.0	direct	1.9.3	4.1	1.9.3	none	1.9.1	none	MISMATCH_SINCE	ladder-gap-1.9.1-1.9.3
Math	o	lgamma	Math.md	629	-	-	1.9.1	4.0	direct	1.9.3	4.1	1.9.3	none	1.9.1	none	MISMATCH_SINCE	ladder-gap-1.9.1-1.9.3
Method	i	clone	Method.md	91	-	-	1.8.6	4.0	direct	1.8.7	4.1	none	none	none	none	OK	
Method	i	[]	Method.md	109	-	-	1.8.6	4.0	direct	1.8.7	4.1	none	none	none	none	OK	
Method	i	call	Method.md	110	-	-	1.8.6	4.0	direct	1.8.7	4.1	none	none	none	none	OK	overloads:2
Method	i	===	Method.md	112	EMPTY	-	1.8.6	4.0	inherited:Kernel	2.5.0	4.1	none	none	none	none	OK	last-resolved-via:direct;inherited:Kernel
Method	i	<<	Method.md	141	-	-	2.6	4.0	direct	2.6.0	4.1	2.6.0	none	2.6.0	none	OK	
Method	i	>>	Method.md	183	-	-	2.6	4.0	direct	2.6.0	4.1	2.6.0	none	2.6.0	none	OK	
Method	i	arity	Method.md	225	-	-	1.8.6	4.0	direct	1.8.7	4.1	none	none	none	none	OK	
Method	i	inspect	Method.md	264	-	-	1.8.6	4.0	direct	1.8.7	4.1	none	none	none	none	OK	
Method	i	to_s	Method.md	265	-	-	1.8.6	4.0	direct	1.8.7	4.1	none	none	none	none	OK	
Method	i	to_proc	Method.md	352	-	-	1.8.6	4.0	direct	1.8.7	4.1	none	none	none	none	OK	
Method	i	unbind	Method.md	368	-	-	1.8.6	4.0	direct	1.8.7	4.1	none	none	none	none	OK	
Method	i	==	Method.md	384	-	-	1.8.6	4.0	direct	1.8.7	4.1	none	none	none	none	OK	
Method	i	eql?	Method.md	385	EMPTY	-	1.8.6	4.0	inherited:Kernel	1.9.3	4.1	none	none	none	none	OK	last-resolved-via:direct;inherited:Kernel
Method	i	hash	Method.md	400	EMPTY	-	1.8.6	4.0	inherited:Kernel	1.9.3	4.1	none	none	none	none	OK	last-resolved-via:direct;inherited:Kernel
Method	i	name	Method.md	413	-	-	1.8.7	4.0	direct	1.8.7	4.1	none	none	none	none	INFO_1_8_7	
Method	i	owner	Method.md	428	-	-	1.8.7	4.0	direct	1.8.7	4.1	none	none	none	none	INFO_1_8_7	
Method	i	box	Method.md	447	-	-	4.0	4.0	direct	4.0	4.1	4.0	none	4.0	none	OK	
Method	i	receiver	Method.md	454	-	-	1.8.7	4.0	direct	1.8.7	4.1	none	none	none	none	INFO_1_8_7	
Method	i	source_location	Method.md	470	-	-	1.9.1	4.0	direct	1.9.3	4.1	1.9.3	none	1.9.1	none	MISMATCH_SINCE	ladder-gap-1.9.1-1.9.3
Method	i	parameters	Method.md	493	-	-	1.9.2	4.0	direct	1.9.3	4.1	1.9.3	none	1.9.3	none	INFO_1_9_2	
Method	i	curry	Method.md	523	-	-	2.2	4.0	direct	2.2.0	4.1	2.2.0	none	2.2.0	none	OK	overloads:2
Method	i	super_method	Method.md	553	-	-	2.2	4.0	direct	2.2.0	4.1	2.2.0	none	2.2.0	none	OK	
Method	i	original_name	Method.md	578	-	-	2.1	4.0	direct	2.1.0	4.1	2.1.0	none	2.1.0	none	OK	
Method	i	public?	Method.md	593	-	-	3.1	3.1	direct	3.1	3.1	3.1	3.2	3.1	3.2	OK	
Method	i	protected?	Method.md	597	-	-	3.1	3.1	direct	3.1	3.1	3.1	3.2	3.1	3.2	OK	
Method	i	private?	Method.md	601	-	-	3.1	3.1	direct	3.1	3.1	3.1	3.2	3.1	3.2	OK	
Module	s	constants	Module.md	10	-	-	1.8.6	4.0	direct	1.8.7	4.1	none	none	none	none	OK	
Module	s	nesting	Module.md	24	-	-	1.8.6	4.0	direct	1.8.7	4.1	none	none	none	none	OK	
Module	s	new	Module.md	38	-	-	1.8.6	4.0	new-via-initialize	1.8.7	4.1	none	none	none	none	OK	overloads:2;new-via-initialize
Module	s	used_modules	Module.md	71	-	-	2.4	4.0	direct	2.4.0	4.1	2.4.0	none	2.4.0	none	OK	
Module	s	used_refinements	Module.md	94	-	-	3.2	4.0	direct	3.2	4.1	3.2	none	3.2	none	OK	
Module	i	<=>	Module.md	123	-	-	1.8.6	4.0	direct	1.8.7	4.1	none	none	none	none	OK	
Module	i	<	Module.md	159	-	-	1.8.6	4.0	direct	1.8.7	4.1	none	none	none	none	OK	
Module	i	<=	Module.md	194	-	-	1.8.6	4.0	direct	1.8.7	4.1	none	none	none	none	OK	
Module	i	>	Module.md	229	-	-	1.8.6	4.0	direct	1.8.7	4.1	none	none	none	none	OK	
Module	i	>=	Module.md	264	-	-	1.8.6	4.0	direct	1.8.7	4.1	none	none	none	none	OK	
Module	i	===	Module.md	299	-	-	1.8.6	4.0	direct	1.8.7	4.1	none	none	none	none	OK	
Module	i	ancestors	Module.md	321	-	-	1.8.6	4.0	direct	1.8.7	4.1	none	none	none	none	OK	
Module	i	attr	Module.attr.md	1	-	-	1.8.6	4.0	direct	1.8.7	4.1	none	none	none	none	OK	overloads:3
Module	i	attr_accessor	Module.attr.md	37	-	-	1.8.6	4.0	direct	1.8.7	4.1	none	none	none	none	OK	
Module	i	attr_reader	Module.attr.md	63	-	-	1.8.6	4.0	direct	1.8.7	4.1	none	none	none	none	OK	
Module	i	attr_writer	Module.attr.md	86	-	-	1.8.6	4.0	direct	1.8.7	4.1	none	none	none	none	OK	
Module	i	autoload	Module.md	345	-	-	1.8.6	4.0	direct	1.8.7	4.1	none	none	none	none	OK	
Module	i	autoload?	Module.md	410	-	-	1.8.6	4.0	direct	1.8.7	4.1	none	none	none	none	OK	
Module	i	class_variables	Module.md	442	-	-	1.8.6	4.0	direct	1.8.7	4.1	none	none	none	none	OK	
Module	i	const_defined?	Module.md	462	-	-	1.8.6	4.0	direct	1.8.7	4.1	none	none	none	none	OK	
Module	i	const_get	Module.md	501	-	-	1.8.6	4.0	direct	1.8.7	4.1	none	none	none	none	OK	
Module	i	const_missing	Module.md	538	-	-	1.8.6	4.0	direct	1.8.7	4.1	none	none	none	none	OK	
Module	i	const_set	Module.md	560	-	-	1.8.6	4.0	direct	1.8.7	4.1	none	none	none	none	OK	
Module	i	const_source_location	Module.md	590	-	-	2.7	4.0	direct	2.7.0	4.1	2.7.0	none	2.7.0	none	OK	
Module	i	constants	Module.md	638	-	-	1.8.6	4.0	direct	1.8.7	4.1	none	none	none	none	OK	
Module	i	deprecate_constant	Module.md	677	-	-	2.3	4.0	direct	2.3.0	4.1	2.3.0	none	2.3.0	none	OK	
Module	i	freeze	Module.md	706	-	-	1.8.6	4.0	direct	1.8.7	4.1	none	none	none	none	OK	
Module	i	include	Module.include.md	1	-	-	1.8.6	4.0	direct	1.8.7	4.1	none	none	none	none	OK	
Module	i	include?	Module.md	727	-	-	1.8.6	4.0	direct	1.8.7	4.1	none	none	none	none	OK	
Module	i	included_modules	Module.md	746	-	-	1.8.6	4.0	direct	1.8.7	4.1	none	none	none	none	OK	
Module	i	instance_method	Module.md	764	-	-	1.8.6	4.0	direct	1.8.7	4.1	none	none	none	none	OK	
Module	i	method_defined?	Module.md	796	-	-	1.8.6	4.0	direct	1.8.7	4.1	none	none	none	none	OK	
Module	i	module_eval	Module.md	833	-	-	1.8.6	4.0	direct	1.8.7	4.1	none	none	none	none	OK	overloads:2
Module	i	class_eval	Module.md	835	-	-	1.8.6	4.0	direct	1.8.7	4.1	none	none	none	none	OK	overloads:2
Module	i	module_exec	Module.md	891	-	-	1.8.7	4.0	direct	1.8.7	4.1	none	none	none	none	INFO_1_8_7	
Module	i	class_exec	Module.md	892	-	-	1.8.7	4.0	direct	1.8.7	4.1	none	none	none	none	INFO_1_8_7	
Module	i	name	Module.md	925	-	-	1.8.6	4.0	direct	1.8.7	4.1	none	none	none	none	OK	
Module	i	to_s	Module.md	926	-	-	1.8.6	4.0	direct	1.8.7	4.1	none	none	none	none	OK	
Module	i	inspect	Module.md	927	EMPTY	-	1.8.6	4.0	inherited:Kernel	2.0.0	4.1	none	none	none	none	OK	last-resolved-via:direct;inherited:Kernel
Module	i	set_temporary_name	Module.md	975	-	-	3.3	4.0	direct	3.3	4.1	3.3	none	3.3	none	OK	overloads:2
Module	i	instance_methods	Module.md	1026	-	-	1.8.6	4.0	direct	1.8.7	4.1	none	none	none	none	OK	
Module	i	undefined_instance_methods	Module.md	1082	-	-	3.2	4.0	direct	3.2	4.1	3.2	none	3.2	none	OK	
Module	i	refinements	Module.md	1106	-	-	3.2	4.0	direct	3.2	4.1	3.2	none	3.2	none	OK	
Module	i	public_instance_method	Module.md	1126	-	-	1.9.1	4.0	direct	1.9.3	4.1	1.9.3	none	1.9.1	none	MISMATCH_SINCE	ladder-gap-1.9.1-1.9.3
Module	i	public_instance_methods	Module.md	1146	-	-	1.8.6	4.0	direct	1.8.7	4.1	none	none	none	none	OK	
Module	i	private_instance_methods	Module.md	1156	-	-	1.8.6	4.0	direct	1.8.7	4.1	none	none	none	none	OK	
Module	i	protected_instance_methods	Module.md	1181	-	-	1.8.6	4.0	direct	1.8.7	4.1	none	none	none	none	OK	
Module	i	private_class_method	Module.md	1191	-	-	1.8.6	4.0	direct	1.8.7	4.1	none	none	none	none	OK	overloads:2
Module	i	private_constant	Module.md	1209	-	-	1.9.3	4.0	direct	1.9.3	4.1	1.9.3	none	1.9.3	none	OK	
Module	i	public_class_method	Module.md	1242	-	-	1.8.6	4.0	direct	1.8.7	4.1	none	none	none	none	OK	overloads:2
Module	i	public_constant	Module.md	1273	-	-	1.9.3	4.0	direct	1.9.3	4.1	1.9.3	none	1.9.3	none	OK	
Module	i	private_method_defined?	Module.md	1312	-	-	1.8.6	4.0	direct	1.8.7	4.1	none	none	none	none	OK	
Module	i	protected_method_defined?	Module.md	1343	-	-	1.8.6	4.0	direct	1.8.7	4.1	none	none	none	none	OK	
Module	i	public_method_defined?	Module.md	1374	-	-	1.8.6	4.0	direct	1.8.7	4.1	none	none	none	none	OK	
Module	i	class_variable_defined?	Module.md	1405	-	-	1.8.6	4.0	direct	1.8.7	4.1	none	none	none	none	OK	
Module	i	class_variable_get	Module.md	1422	-	-	1.8.6	4.0	direct	1.8.7	4.1	none	none	none	none	OK	
Module	i	class_variable_set	Module.md	1442	-	-	1.8.6	4.0	direct	1.8.7	4.1	none	none	none	none	OK	
Module	i	remove_class_variable	Module.md	1465	-	-	1.8.6	4.0	direct	1.8.7	4.1	none	none	none	none	OK	
Module	i	singleton_class?	Module.md	1485	-	-	2.1	4.0	direct	2.1.0	4.1	2.1.0	none	2.1.0	none	OK	
Module	i	prepend	Module.prepend.md	1	2.0.0	-	2.0.0	4.0	direct	1.9.3	4.1	2.0.0	none	2.0.0	none	OK	
Module	i	alias_method	Module.alias_method.md	1	-	-	1.8.6	4.0	direct	1.8.7	4.1	none	none	none	none	OK	
Module	i	define_method	Module.define_method.md	1	-	-	1.8.6	4.0	direct	1.8.7	4.1	none	none	none	none	OK	overloads:2
Module	i	remove_method	Module.remove_method.md	1	-	-	1.8.6	4.0	direct	1.8.7	4.1	none	none	none	none	OK	
Module	i	undef_method	Module.undef_method.md	1	-	-	1.8.6	4.0	direct	1.8.7	4.1	none	none	none	none	OK	
Module	i	append_features	Module.md	1504	-	-	1.8.6	4.0	direct	1.8.7	4.1	none	none	none	none	OK	
Module	i	extend_object	Module.md	1524	-	-	1.8.6	4.0	direct	1.8.7	4.1	none	none	none	none	OK	
Module	i	extended	Module.md	1549	-	-	1.8.6	4.0	direct	1.8.7	4.1	none	none	none	none	OK	
Module	i	included	Module.md	1569	-	-	1.8.6	4.0	direct	1.8.7	4.1	none	none	none	none	OK	
Module	i	const_added	Module.md	1590	-	-	3.2	4.0	direct	3.2	4.1	3.2	none	3.2	none	OK	
Module	i	method_added	Module.md	1606	-	-	1.8.6	4.0	direct	1.8.7	4.1	none	none	none	none	OK	
Module	i	method_removed	Module.md	1631	-	-	1.8.6	4.0	direct	1.8.7	4.1	none	none	none	none	OK	
Module	i	method_undefined	Module.md	1655	-	-	1.8.6	4.0	direct	1.8.7	4.1	none	none	none	none	OK	
Module	i	module_function	Module.md	1688	-	-	1.8.6	4.0	direct	1.8.7	4.1	none	none	none	none	OK	overloads:3
Module	i	private	Module.md	1751	-	-	1.8.6	4.0	direct	1.8.7	4.1	none	none	none	none	OK	overloads:4
Module	i	protected	Module.md	1789	-	-	1.8.6	4.0	direct	1.8.7	4.1	none	none	none	none	OK	overloads:4
Module	i	public	Module.md	1812	-	-	1.8.6	4.0	direct	1.8.7	4.1	none	none	none	none	OK	overloads:4
Module	i	remove_const	Module.md	1852	-	-	1.8.6	4.0	direct	1.8.7	4.1	none	none	none	none	OK	
Module	i	refine	Module.md	1876	-	-	2.0.0	4.0	direct	2.0.0	4.1	2.0.0	none	2.0.0	none	OK	
Module	i	prepend_features	Module.md	1918	-	-	2.0.0	4.0	direct	2.0.0	4.1	2.0.0	none	2.0.0	none	OK	
Module	i	prepended	Module.md	1956	-	-	2.0.0	4.0	direct	2.0.0	4.1	2.0.0	none	2.0.0	none	OK	
Module	i	ruby2_keywords	Module.md	1976	-	-	2.7	4.0	direct	2.7.0	4.1	2.7.0	none	2.7.0	none	OK	
Module	i	using	Module.md	2008	-	-	2.1	4.0	direct	2.1.0	4.1	2.1.0	none	2.1.0	none	OK	
NameError	s	new	NameError.md	23	-	-	1.8.6	4.0	new-via-initialize	1.8.7	4.1	none	none	none	none	OK	overloads:2;new-via-initialize
NameError	i	name	NameError.md	42	-	-	1.8.6	4.0	direct	1.8.7	4.1	none	none	none	none	OK	
NameError	i	to_s	NameError.md	65	-	-	1.8.6	4.0	direct	1.8.7	4.1	none	none	none	none	OK	last-resolved-via:inherited:Exception
NameError	i	receiver	NameError.md	88	-	-	2.3	4.0	direct	2.3.0	4.1	2.3.0	none	2.3.0	none	OK	
NameError	i	local_variables	NameError.md	108	-	-	1.8.6	4.0	inherited:Kernel	2.3.0	4.1	2.3.0	none	none	none	MISMATCH_SINCE	last-resolved-via:direct;inherited:Kernel;db-late
NilClass	i	&	NilClass.md	12	-	-	1.8.6	4.0	direct	1.8.7	4.1	none	none	none	none	OK	
NilClass	i	|	NilClass.md	25	-	-	1.8.6	4.0	direct	1.8.7	4.1	none	none	none	none	OK	
NilClass	i	^	NilClass.md	38	-	-	1.8.6	4.0	direct	1.8.7	4.1	none	none	none	none	OK	
NilClass	i	nil?	NilClass.md	51	-	-	1.8.6	4.0	direct	1.8.7	4.1	none	none	none	none	OK	
NilClass	i	to_a	NilClass.md	59	-	-	1.8.6	4.0	direct	1.8.7	4.1	none	none	none	none	OK	
NilClass	i	to_f	NilClass.md	67	-	-	1.8.6	4.0	direct	1.8.7	4.1	none	none	none	none	OK	
NilClass	i	to_i	NilClass.md	75	-	-	1.8.6	4.0	direct	1.8.7	4.1	none	none	none	none	OK	
NilClass	i	to_s	NilClass.md	83	-	-	1.8.6	4.0	direct	1.8.7	4.1	none	none	none	none	OK	
NilClass	i	to_c	NilClass.md	91	-	-	1.9.1	4.0	direct	1.9.3	4.1	1.9.3	none	1.9.1	none	MISMATCH_SINCE	ladder-gap-1.9.1-1.9.3
NilClass	i	to_r	NilClass.md	99	-	-	1.9.1	4.0	direct	1.9.3	4.1	1.9.3	none	1.9.1	none	MISMATCH_SINCE	ladder-gap-1.9.1-1.9.3
NilClass	i	rationalize	NilClass.md	107	-	-	1.9.2	4.0	direct	1.9.3	4.1	1.9.3	none	1.9.3	none	INFO_1_9_2	overloads:2
NilClass	i	to_h	NilClass.md	122	-	-	2.0.0	4.0	direct	2.0.0	4.1	2.0.0	none	2.0.0	none	OK	
NilClass	i	=~	NilClass.md	130	2.6.0	-	1.8.6	4.0	inherited:Kernel	2.6.0	4.1	2.6.0	none	none	none	MISMATCH_SINCE	last-resolved-via:direct;inherited:Kernel;explicit-wrong
NoMatchingPatternKeyError	s	new	NoMatchingPatternKeyError.md	25	-	-	3.1	4.0	new-via-initialize	3.1	4.1	3.1	none	3.1	none	OK	new-via-initialize
NoMatchingPatternKeyError	i	matchee	NoMatchingPatternKeyError.md	46	-	-	3.1	4.0	direct	3.1	4.1	3.1	none	3.1	none	OK	
NoMatchingPatternKeyError	i	key	NoMatchingPatternKeyError.md	52	-	-	3.1	4.0	direct	3.1	4.1	3.1	none	3.1	none	OK	
NoMethodError	s	new	NoMethodError.md	53	-	-	1.8.6	4.0	new-via-initialize	1.8.7	4.1	none	none	none	none	OK	overloads:2;new-via-initialize
NoMethodError	i	args	NoMethodError.md	78	-	-	1.8.6	4.0	direct	1.8.7	4.1	none	none	none	none	OK	
NoMethodError	i	private_call?	NoMethodError.md	104	-	-	2.4	4.0	direct	2.4.0	4.1	2.4.0	none	2.4.0	none	OK	
Numeric	i	+@	Numeric.md	361	-	-	1.8.6	4.0	direct	1.8.7	4.1	none	none	none	none	OK	
Numeric	i	-@	Numeric.md	374	-	-	1.8.6	4.0	direct	1.8.7	4.1	none	none	none	none	OK	
Numeric	i	/	Numeric.md	385	-	-	-	-	-	3.0	4.1	3.0	none	-	-	DOC_ONLY	
Numeric	i	abs	Numeric.md	396	-	-	1.8.6	4.0	direct	1.8.7	4.1	none	none	none	none	OK	
Numeric	i	magnitude	Numeric.md	397	-	-	1.9.1	4.0	direct	1.9.3	4.1	1.9.3	none	1.9.1	none	MISMATCH_SINCE	ladder-gap-1.9.1-1.9.3
Numeric	i	ceil	Numeric.md	407	-	-	1.8.6	4.0	direct	1.8.7	4.1	none	none	none	none	OK	
Numeric	i	floor	Numeric.md	420	-	-	1.8.6	4.0	direct	1.8.7	4.1	none	none	none	none	OK	
Numeric	i	round	Numeric.md	437	-	-	1.8.6	4.0	direct	1.8.7	4.1	none	none	none	none	OK	
Numeric	i	truncate	Numeric.md	452	-	-	1.8.6	4.0	direct	1.8.7	4.1	none	none	none	none	OK	
Numeric	i	coerce	Numeric.md	465	-	-	1.8.6	4.0	direct	1.8.7	4.1	none	none	none	none	OK	
Numeric	i	div	Numeric.md	512	-	-	1.8.6	4.0	direct	1.8.7	4.1	none	none	none	none	OK	
Numeric	i	divmod	Numeric.md	537	-	-	1.8.6	4.0	direct	1.8.7	4.1	none	none	none	none	OK	
Numeric	i	quo	Numeric.md	567	-	-	1.8.6	4.0	direct	1.8.7	4.1	none	none	none	none	OK	
Numeric	i	fdiv	Numeric.md	592	-	-	1.8.7	4.0	direct	1.8.7	4.1	none	none	none	none	INFO_1_8_7	
Numeric	i	integer?	Numeric.md	613	-	-	1.8.6	4.0	direct	1.8.7	4.1	none	none	none	none	OK	
Numeric	i	modulo	Numeric.md	626	-	-	1.8.6	4.0	direct	1.8.7	4.1	none	none	none	none	OK	
Numeric	i	%	Numeric.md	627	-	-	1.9.2	4.0	direct	1.9.3	4.1	1.9.3	none	1.9.3	none	INFO_1_9_2	
Numeric	i	positive?	Numeric.md	657	-	-	2.3	4.0	direct	2.3.0	4.1	2.3.0	none	2.3.0	none	OK	
Numeric	i	negative?	Numeric.md	669	-	-	2.3	4.0	direct	2.3.0	4.1	2.3.0	none	2.3.0	none	OK	
Numeric	i	remainder	Numeric.md	681	-	-	1.8.6	4.0	direct	1.8.7	4.1	none	none	none	none	OK	
Numeric	i	nonzero?	Numeric.md	710	-	-	1.8.6	4.0	direct	1.8.7	4.1	none	none	none	none	OK	
Numeric	i	finite?	Numeric.md	731	-	-	2.4	4.0	direct	2.4.0	4.1	2.4.0	none	2.4.0	none	OK	
Numeric	i	infinite?	Numeric.md	745	-	-	2.4	4.0	direct	2.4.0	4.1	2.4.0	none	2.4.0	none	OK	
Numeric	i	to_int	Numeric.md	757	-	-	1.8.6	4.0	direct	1.8.7	4.1	none	none	none	none	OK	
Numeric	i	zero?	Numeric.md	766	-	-	1.8.6	4.0	direct	1.8.7	4.1	none	none	none	none	OK	
Numeric	i	step	Numeric.md	778	-	-	1.8.6	4.0	direct	1.8.7	4.1	none	none	none	none	OK	overloads:9
Numeric	i	<=>	Numeric.md	854	-	-	1.8.6	4.0	direct	1.8.7	4.1	none	none	none	none	OK	
Numeric	i	eql?	Numeric.md	870	-	-	1.8.6	4.0	direct	1.8.7	4.1	none	none	none	none	OK	
Numeric	i	abs2	Numeric.md	888	-	-	1.9.1	4.0	direct	1.9.3	4.1	1.9.3	none	1.9.1	none	MISMATCH_SINCE	ladder-gap-1.9.1-1.9.3
Numeric	i	arg	Numeric.md	901	-	-	1.9.1	4.0	direct	1.9.3	4.1	1.9.3	none	1.9.1	none	MISMATCH_SINCE	ladder-gap-1.9.1-1.9.3
Numeric	i	angle	Numeric.md	902	-	-	1.9.1	4.0	direct	1.9.3	4.1	1.9.3	none	1.9.1	none	MISMATCH_SINCE	ladder-gap-1.9.1-1.9.3
Numeric	i	phase	Numeric.md	903	-	-	1.9.1	4.0	direct	1.9.3	4.1	1.9.3	none	1.9.1	none	MISMATCH_SINCE	ladder-gap-1.9.1-1.9.3
Numeric	i	conj	Numeric.md	916	-	-	1.9.1	4.0	direct	1.9.3	4.1	1.9.3	none	1.9.1	none	MISMATCH_SINCE	ladder-gap-1.9.1-1.9.3
Numeric	i	conjugate	Numeric.md	917	-	-	1.9.1	4.0	direct	1.9.3	4.1	1.9.3	none	1.9.1	none	MISMATCH_SINCE	ladder-gap-1.9.1-1.9.3
Numeric	i	denominator	Numeric.md	933	-	-	1.9.1	4.0	direct	1.9.3	4.1	1.9.3	none	1.9.1	none	MISMATCH_SINCE	ladder-gap-1.9.1-1.9.3
Numeric	i	imag	Numeric.md	943	-	-	1.9.1	4.0	direct	1.9.3	4.1	1.9.3	none	1.9.1	none	MISMATCH_SINCE	ladder-gap-1.9.1-1.9.3
Numeric	i	imaginary	Numeric.md	944	-	-	1.9.1	4.0	direct	1.9.3	4.1	1.9.3	none	1.9.1	none	MISMATCH_SINCE	ladder-gap-1.9.1-1.9.3
Numeric	i	numerator	Numeric.md	959	-	-	1.9.1	4.0	direct	1.9.3	4.1	1.9.3	none	1.9.1	none	MISMATCH_SINCE	ladder-gap-1.9.1-1.9.3
Numeric	i	polar	Numeric.md	969	-	-	1.9.1	4.0	direct	1.9.3	4.1	1.9.3	none	1.9.1	none	MISMATCH_SINCE	ladder-gap-1.9.1-1.9.3
Numeric	i	real	Numeric.md	984	-	-	1.9.1	4.0	direct	1.9.3	4.1	1.9.3	none	1.9.1	none	MISMATCH_SINCE	ladder-gap-1.9.1-1.9.3
Numeric	i	real?	Numeric.md	999	-	-	1.9.1	4.0	direct	1.9.3	4.1	1.9.3	none	1.9.1	none	MISMATCH_SINCE	ladder-gap-1.9.1-1.9.3
Numeric	i	rect	Numeric.md	1014	-	-	1.9.1	4.0	direct	1.9.3	4.1	1.9.3	none	1.9.1	none	MISMATCH_SINCE	ladder-gap-1.9.1-1.9.3
Numeric	i	rectangular	Numeric.md	1015	-	-	1.9.1	4.0	direct	1.9.3	4.1	1.9.3	none	1.9.1	none	MISMATCH_SINCE	ladder-gap-1.9.1-1.9.3
Numeric	i	to_c	Numeric.md	1030	-	-	1.9.1	4.0	direct	1.9.3	4.1	1.9.3	none	1.9.1	none	MISMATCH_SINCE	ladder-gap-1.9.1-1.9.3
Numeric	i	i	Numeric.md	1043	-	-	1.9.2	4.0	direct	1.9.3	4.1	1.9.3	none	1.9.3	none	INFO_1_9_2	
Object	s	new	Object.md	14	-	-	1.8.6	4.0	new-via-initialize	1.8.7	4.1	none	none	none	none	OK	last-resolved-via:inherited-new-via-initialize:BasicObject;new-via-initialize
Object	i	==	Object.md	25	-	-	1.8.6	4.0	inherited:Kernel	1.8.7	4.1	none	none	none	none	OK	last-resolved-via:inherited:BasicObject;inherited:Kernel
Object	i	<=>	Object.md	54	-	-	1.9.2	4.0	inherited:Kernel	1.9.3	4.1	1.9.3	none	1.9.3	none	INFO_1_9_2	inherited:Kernel
Object	i	eql?	Object.md	67	-	-	1.8.6	4.0	inherited:Kernel	1.8.7	4.1	none	none	none	none	OK	inherited:Kernel
Object	i	equal?	Object.md	90	-	-	1.8.6	4.0	inherited:Kernel	1.8.7	4.1	none	none	none	none	OK	last-resolved-via:inherited:BasicObject;inherited:Kernel
Object	i	methods	Object.md	113	-	-	1.8.6	4.0	inherited:Kernel	1.8.7	4.1	none	none	none	none	OK	inherited:Kernel
Object	i	public_method	Object.md	190	-	-	1.9.1	4.0	inherited:Kernel	1.9.3	4.1	1.9.3	none	1.9.1	none	MISMATCH_SINCE	inherited:Kernel;ladder-gap-1.9.1-1.9.3
Object	i	public_methods	Object.md	210	-	-	1.8.6	4.0	inherited:Kernel	1.8.7	4.1	none	none	none	none	OK	inherited:Kernel
Object	i	private_methods	Object.md	220	-	-	1.8.6	4.0	inherited:Kernel	1.8.7	4.1	none	none	none	none	OK	inherited:Kernel
Object	i	protected_methods	Object.md	230	-	-	1.8.6	4.0	inherited:Kernel	1.8.7	4.1	none	none	none	none	OK	inherited:Kernel
Object	i	singleton_methods	Object.md	240	-	-	1.8.6	4.0	inherited:Kernel	1.8.7	4.1	none	none	none	none	OK	inherited:Kernel
Object	i	to_a	Object.md	312	-	-	1.8.6	1.8.7	inherited:Kernel	1.8.7	4.1	none	none	none	1.9.1	MISMATCH_UNTIL	flag:nomethod;inherited:Kernel;until-mismatch
Object	i	to_s	Object.md	329	-	-	1.8.6	4.0	inherited:Kernel	1.8.7	4.1	none	none	none	none	OK	inherited:Kernel
Object	i	to_str	Object.md	356	-	-	-	-	-	1.8.7	4.1	none	none	-	-	DOC_ONLY	flag:nomethod
Object	i	to_ary	Object.md	383	-	-	-	-	-	1.8.7	4.1	none	none	-	-	DOC_ONLY	flag:nomethod
Object	i	to_hash	Object.md	410	-	-	-	-	-	1.8.7	4.1	none	none	-	-	DOC_ONLY	flag:nomethod
Object	i	to_int	Object.md	435	-	-	-	-	-	1.8.7	4.1	none	none	-	-	DOC_ONLY	flag:nomethod
Object	i	to_proc	Object.md	462	-	-	-	-	-	1.8.7	4.1	none	none	-	-	DOC_ONLY	flag:nomethod
Object	i	to_io	Object.md	486	-	-	-	-	-	1.8.7	4.1	none	none	-	-	DOC_ONLY	flag:nomethod
Object	i	to_regexp	Object.md	502	-	-	-	-	-	1.8.7	4.1	none	none	-	-	DOC_ONLY	flag:nomethod
Object	i	to_enum	Object.md	527	-	-	1.8.7	4.0	inherited:Kernel	1.8.7	4.1	none	none	none	none	INFO_1_8_7	overloads:2;inherited:Kernel
Object	i	enum_for	Object.md	528	-	-	1.8.7	4.0	inherited:Kernel	1.8.7	4.1	none	none	none	none	INFO_1_8_7	overloads:2;inherited:Kernel
Object	i	tap	Object.md	578	-	-	1.8.7	4.0	inherited:Kernel	1.8.7	4.1	none	none	none	none	INFO_1_8_7	inherited:Kernel
Object	i	yield_self	Object.md	593	-	-	2.5	4.0	inherited:Kernel	2.5.0	4.1	2.5.0	none	2.5.0	none	OK	overloads:2;inherited:Kernel
Object	i	then	Object.md	595	-	-	2.6	4.0	inherited:Kernel	2.6.0	4.1	2.6.0	none	2.6.0	none	OK	overloads:2;inherited:Kernel
Object	i	object_id	Object.md	628	-	-	1.8.6	4.0	inherited:Kernel	1.8.7	4.1	none	none	none	none	OK	inherited:Kernel
Object	i	hash	Object.md	657	-	-	1.8.6	4.0	inherited:Kernel	1.8.7	4.1	none	none	none	none	OK	inherited:Kernel
Object	i	===	Object.md	692	-	-	1.8.6	4.0	inherited:Kernel	1.8.7	4.1	none	none	none	none	OK	inherited:Kernel
Object	i	=~	Object.md	744	-	-	1.8.6	3.1	inherited:Kernel	1.8.7	3.1	none	3.2	none	3.2	OK	inherited:Kernel
Object	i	!~	Object.md	765	-	-	1.9.1	4.0	inherited:Kernel	1.9.3	4.1	1.9.3	none	1.9.1	none	MISMATCH_SINCE	inherited:Kernel;ladder-gap-1.9.1-1.9.3
Object	i	display	Object.md	781	-	-	1.8.6	4.0	inherited:Kernel	1.8.7	4.1	none	none	none	none	OK	inherited:Kernel
Object	i	extend	Object.md	805	-	-	1.8.6	4.0	inherited:Kernel	1.8.7	4.1	none	none	none	none	OK	inherited:Kernel
Object	i	inspect	Object.md	855	-	-	1.8.6	4.0	inherited:Kernel	1.8.7	4.1	none	none	none	none	OK	inherited:Kernel
Object	i	instance_variable_get	Object.md	902	-	-	1.8.6	4.0	inherited:Kernel	1.8.7	4.1	none	none	none	none	OK	inherited:Kernel
Object	i	instance_variable_set	Object.md	925	-	-	1.8.6	4.0	inherited:Kernel	1.8.7	4.1	none	none	none	none	OK	inherited:Kernel
Object	i	instance_variables	Object.md	944	-	-	1.8.6	4.0	inherited:Kernel	1.8.7	4.1	none	none	none	none	OK	inherited:Kernel
Object	i	instance_variable_defined?	Object.md	958	-	-	1.8.6	4.0	inherited:Kernel	1.8.7	4.1	none	none	none	none	OK	inherited:Kernel
Object	i	send	Object.md	978	-	-	1.8.6	4.0	inherited:Kernel	1.8.7	4.1	none	none	none	none	OK	overloads:2;inherited:Kernel
Object	i	public_send	Object.md	1023	-	-	1.9.1	4.0	inherited:Kernel	1.9.3	4.1	1.9.3	none	1.9.1	none	MISMATCH_SINCE	overloads:2;inherited:Kernel;ladder-gap-1.9.1-1.9.3
Object	i	_dump	Object.md	1048	-	-	-	-	-	1.8.7	4.1	none	none	-	-	DOC_ONLY	
Object	i	marshal_dump	Object.md	1088	-	-	-	-	-	1.8.7	4.1	none	none	-	-	DOC_ONLY	
Object	i	marshal_load	Object.md	1131	-	-	-	-	-	1.8.7	4.1	none	none	-	-	DOC_ONLY	
Object	i	clone	Object.md	1151	-	-	1.8.6	4.0	inherited:Kernel	1.8.7	4.1	none	none	none	none	OK	inherited:Kernel
Object	i	dup	Object.md	1229	-	-	1.8.6	4.0	inherited:Kernel	1.8.7	4.1	none	none	none	none	OK	inherited:Kernel
Object	i	freeze	Object.md	1272	-	-	1.8.6	4.0	inherited:Kernel	1.8.7	4.1	none	none	none	none	OK	inherited:Kernel
Object	i	frozen?	Object.md	1312	-	-	1.8.6	4.0	inherited:Kernel	1.8.7	4.1	none	none	none	none	OK	inherited:Kernel
Object	i	method	Object.md	1325	-	-	1.8.6	4.0	inherited:Kernel	1.8.7	4.1	none	none	none	none	OK	inherited:Kernel
Object	i	singleton_method	Object.md	1353	-	-	2.1	4.0	inherited:Kernel	2.1.0	4.1	2.1.0	none	2.1.0	none	OK	inherited:Kernel
Object	i	define_singleton_method	Object.md	1395	-	-	1.9.1	4.0	inherited:Kernel	1.9.3	4.1	1.9.3	none	1.9.1	none	MISMATCH_SINCE	overloads:2;inherited:Kernel;ladder-gap-1.9.1-1.9.3
Object	i	respond_to?	Object.md	1424	-	-	1.8.6	4.0	inherited:Kernel	1.8.7	4.1	none	none	none	none	OK	inherited:Kernel
Object	i	remove_instance_variable	Object.md	1506	-	-	1.8.6	4.0	inherited:Kernel	1.8.7	4.1	none	none	none	none	OK	inherited:Kernel
Object	i	instance_of?	Object.md	1526	-	-	1.8.6	4.0	inherited:Kernel	1.8.7	4.1	none	none	none	none	OK	inherited:Kernel
Object	i	is_a?	Object.md	1547	-	-	1.8.6	4.0	inherited:Kernel	1.8.7	4.1	none	none	none	none	OK	inherited:Kernel
Object	i	kind_of?	Object.md	1548	-	-	1.8.6	4.0	inherited:Kernel	1.8.7	4.1	none	none	none	none	OK	inherited:Kernel
Object	i	nil?	Object.md	1577	-	-	1.8.6	4.0	inherited:Kernel	1.8.7	4.1	none	none	none	none	OK	inherited:Kernel
Object	i	class	Object.md	1588	-	-	1.8.6	4.0	inherited:Kernel	1.8.7	4.1	none	none	none	none	OK	inherited:Kernel
Object	i	taint	Object.md	1604	-	-	1.8.6	3.1	inherited:Kernel	1.8.7	3.1	none	3.2	none	3.2	OK	inherited:Kernel
Object	i	tainted?	Object.md	1611	-	-	1.8.6	3.1	inherited:Kernel	1.8.7	3.1	none	3.2	none	3.2	OK	inherited:Kernel
Object	i	untaint	Object.md	1620	-	-	1.8.6	3.1	inherited:Kernel	1.8.7	3.1	none	3.2	none	3.2	OK	inherited:Kernel
Object	i	trust	Object.md	1628	-	-	1.9.1	3.1	inherited:Kernel	1.9.3	3.1	1.9.3	3.2	1.9.1	3.2	MISMATCH_SINCE	inherited:Kernel;ladder-gap-1.9.1-1.9.3
Object	i	untrusted?	Object.md	1637	-	-	1.9.1	3.1	inherited:Kernel	1.9.3	3.1	1.9.3	3.2	1.9.1	3.2	MISMATCH_SINCE	inherited:Kernel;ladder-gap-1.9.1-1.9.3
Object	i	untrust	Object.md	1646	-	-	1.9.1	3.1	inherited:Kernel	1.9.3	3.1	1.9.3	3.2	1.9.1	3.2	MISMATCH_SINCE	inherited:Kernel;ladder-gap-1.9.1-1.9.3
Object	i	singleton_class	Object.md	1655	-	-	1.9.2	4.0	inherited:Kernel	1.9.3	4.1	1.9.3	none	1.9.3	none	INFO_1_9_2	inherited:Kernel
Object	i	itself	Object.md	1674	-	-	2.2	4.0	inherited:Kernel	2.2.0	4.1	2.2.0	none	2.2.0	none	OK	inherited:Kernel
Object	i	initialize	Object.md	1685	-	-	1.8.6	4.0	direct	1.8.7	4.1	none	none	none	none	OK	last-resolved-via:inherited:BasicObject
Object	i	initialize_copy	Object.md	1727	-	-	1.8.6	4.0	inherited:Kernel	1.8.7	4.1	none	none	none	none	OK	inherited:Kernel
Object	i	initialize_clone	Object.md	1835	1.9.2	-	1.9.2	4.0	inherited:Kernel	3.0	4.1	1.9.2	none	1.9.3	none	MISMATCH_SINCE	inherited:Kernel;explicit-wrong;INFO_1_9_2
Object	i	initialize_dup	Object.md	1851	1.9.2	-	1.9.2	4.0	inherited:Kernel	3.0	4.1	1.9.2	none	1.9.3	none	MISMATCH_SINCE	inherited:Kernel;explicit-wrong;INFO_1_9_2
Object	i	respond_to_missing?	Object.md	1862	-	-	1.9.2	4.0	inherited:Kernel	1.9.3	4.1	1.9.3	none	1.9.3	none	INFO_1_9_2	inherited:Kernel
ObjectSpace	o	_id2ref	ObjectSpace.md	10	-	-	1.8.6	4.0	direct	1.8.7	4.1	none	none	none	none	OK	
ObjectSpace	o	define_finalizer	ObjectSpace.md	39	-	-	1.8.6	4.0	direct	1.8.7	4.1	none	none	none	none	OK	overloads:2
ObjectSpace	o	each_object	ObjectSpace.md	110	-	-	1.8.6	4.0	direct	1.8.7	4.1	none	none	none	none	OK	overloads:4
ObjectSpace	o	garbage_collect	ObjectSpace.md	165	-	-	1.8.6	4.0	direct	1.8.7	4.1	none	none	none	none	OK	
ObjectSpace	o	undefine_finalizer	ObjectSpace.md	181	-	-	1.8.6	4.0	direct	1.8.7	4.1	none	none	none	none	OK	
ObjectSpace	o	count_objects	ObjectSpace.md	217	-	-	1.9.1	4.0	direct	1.9.3	4.1	1.9.3	none	1.9.1	none	MISMATCH_SINCE	ladder-gap-1.9.1-1.9.3
ObjectSpace::WeakKeyMap	i	[]	ObjectSpace__WeakKeyMap.md	42	-	-	3.3	4.0	direct	3.3	4.1	3.3	none	3.3	none	OK	
ObjectSpace::WeakKeyMap	i	[]=	ObjectSpace__WeakKeyMap.md	61	-	-	3.3	4.0	direct	3.3	4.1	3.3	none	3.3	none	OK	
ObjectSpace::WeakKeyMap	i	getkey	ObjectSpace__WeakKeyMap.md	90	-	-	3.3	4.0	direct	3.3	4.1	3.3	none	3.3	none	OK	
ObjectSpace::WeakKeyMap	i	key?	ObjectSpace__WeakKeyMap.md	111	-	-	3.3	4.0	direct	3.3	4.1	3.3	none	3.3	none	OK	
ObjectSpace::WeakKeyMap	i	delete	ObjectSpace__WeakKeyMap.md	126	-	-	3.3	4.0	direct	3.3	4.1	3.3	none	3.3	none	OK	overloads:2
ObjectSpace::WeakKeyMap	i	clear	ObjectSpace__WeakKeyMap.md	149	-	-	3.3	4.0	direct	3.3	4.1	3.3	none	3.3	none	OK	
ObjectSpace::WeakKeyMap	i	inspect	ObjectSpace__WeakKeyMap.md	162	-	-	3.3	4.0	direct	3.3	4.1	3.3	none	3.3	none	OK	
ObjectSpace::WeakMap	i	[]	ObjectSpace__WeakMap.md	24	-	-	2.0.0	4.0	direct	2.0.0	4.1	2.0.0	none	2.0.0	none	OK	
ObjectSpace::WeakMap	i	[]=	ObjectSpace__WeakMap.md	45	-	-	2.0.0	4.0	direct	2.0.0	4.1	2.0.0	none	2.0.0	none	OK	
ObjectSpace::WeakMap	i	delete	ObjectSpace__WeakMap.md	61	-	-	3.3	4.0	direct	3.3	4.1	3.3	none	3.3	none	OK	overloads:2
ObjectSpace::WeakMap	i	key?	ObjectSpace__WeakMap.md	88	2.1.0	-	2.1	4.0	direct	3.0	4.1	2.1.0	none	2.1.0	none	OK	
ObjectSpace::WeakMap	i	include?	ObjectSpace__WeakMap.md	90	2.1.0	-	2.1	4.0	direct	3.0	4.1	2.1.0	none	2.1.0	none	OK	
ObjectSpace::WeakMap	i	member?	ObjectSpace__WeakMap.md	92	2.1.0	-	2.1	4.0	direct	3.0	4.1	2.1.0	none	2.1.0	none	OK	
ObjectSpace::WeakMap	i	each	ObjectSpace__WeakMap.md	117	2.1.0	-	2.1	4.0	direct	3.0	4.1	2.1.0	none	2.1.0	none	OK	
ObjectSpace::WeakMap	i	each_pair	ObjectSpace__WeakMap.md	119	2.1.0	-	2.1	4.0	direct	3.0	4.1	2.1.0	none	2.1.0	none	OK	
ObjectSpace::WeakMap	i	each_key	ObjectSpace__WeakMap.md	141	2.1.0	-	2.1	4.0	direct	3.0	4.1	2.1.0	none	2.1.0	none	OK	
ObjectSpace::WeakMap	i	each_value	ObjectSpace__WeakMap.md	161	2.1.0	-	2.1	4.0	direct	3.0	4.1	2.1.0	none	2.1.0	none	OK	
ObjectSpace::WeakMap	i	keys	ObjectSpace__WeakMap.md	181	2.1.0	-	2.1	4.0	direct	3.0	4.1	2.1.0	none	2.1.0	none	OK	
ObjectSpace::WeakMap	i	values	ObjectSpace__WeakMap.md	198	2.1.0	-	2.1	4.0	direct	3.0	4.1	2.1.0	none	2.1.0	none	OK	
ObjectSpace::WeakMap	i	size	ObjectSpace__WeakMap.md	215	2.1.0	-	2.1	4.0	direct	3.0	4.1	2.1.0	none	2.1.0	none	OK	
ObjectSpace::WeakMap	i	length	ObjectSpace__WeakMap.md	217	2.1.0	-	2.1	4.0	direct	3.0	4.1	2.1.0	none	2.1.0	none	OK	
ObjectSpace::WeakMap	i	inspect	ObjectSpace__WeakMap.md	231	2.0.0	-	2.0.0	4.0	inherited:Kernel	3.0	4.1	2.0.0	none	2.0.0	none	OK	last-resolved-via:direct;inherited:Kernel
Proc	s	new	Proc.md	29	-	-	1.8.6	4.0	direct	1.8.7	4.1	none	none	none	none	OK	
Proc	i	[]	Proc.md	52	-	-	1.8.6	4.0	direct	1.8.7	4.1	none	none	none	none	OK	
Proc	i	call	Proc.md	53	-	-	1.8.6	4.0	direct	1.8.7	4.1	none	none	none	none	OK	
Proc	i	===	Proc.md	54	EMPTY	-	1.8.6	4.0	inherited:Kernel	1.9.3	4.1	none	none	none	none	OK	last-resolved-via:direct;inherited:Kernel
Proc	i	yield	Proc.md	56	-	-	1.9.1	4.0	direct	1.9.3	4.1	1.9.3	none	1.9.1	none	MISMATCH_SINCE	ladder-gap-1.9.1-1.9.3
Proc	i	<<	Proc.md	110	-	-	2.6	4.0	direct	2.6.0	4.1	2.6.0	none	2.6.0	none	OK	
Proc	i	>>	Proc.md	147	-	-	2.6	4.0	direct	2.6.0	4.1	2.6.0	none	2.6.0	none	OK	
Proc	i	arity	Proc.md	184	-	-	1.8.6	4.0	direct	1.8.7	4.1	none	none	none	none	OK	
Proc	i	binding	Proc.md	209	-	-	1.8.6	4.0	direct	1.8.7	4.1	none	none	none	none	OK	
Proc	i	to_proc	Proc.md	223	-	-	1.8.6	4.0	direct	1.8.7	4.1	none	none	none	none	OK	
Proc	i	to_s	Proc.md	232	-	-	1.8.6	4.0	direct	1.8.7	4.1	none	none	none	none	OK	
Proc	i	inspect	Proc.md	233	EMPTY	-	1.8.6	4.0	inherited:Kernel	2.0.0	4.1	none	none	none	none	OK	last-resolved-via:direct;inherited:Kernel
Proc	i	curry	Proc.md	248	-	-	1.9.1	4.0	direct	1.9.3	4.1	1.9.3	none	1.9.1	none	MISMATCH_SINCE	overloads:2;ladder-gap-1.9.1-1.9.3
Proc	i	lambda?	Proc.md	290	-	-	1.9.1	4.0	direct	1.9.3	4.1	1.9.3	none	1.9.1	none	MISMATCH_SINCE	ladder-gap-1.9.1-1.9.3
Proc	i	source_location	Proc.md	350	-	-	1.9.1	4.0	direct	1.9.3	4.1	1.9.3	none	1.9.1	none	MISMATCH_SINCE	ladder-gap-1.9.1-1.9.3
Proc	i	hash	Proc.md	366	EMPTY	-	1.8.6	4.0	inherited:Kernel	1.9.3	4.1	none	none	none	none	OK	last-resolved-via:direct;inherited:Kernel
Proc	i	parameters	Proc.md	374	-	-	1.9.2	4.0	direct	1.9.3	4.1	1.9.3	none	1.9.3	none	INFO_1_9_2	overloads:2
Proc	i	ruby2_keywords	Proc.md	443	-	-	2.7	4.0	direct	2.7.0	4.1	2.7.0	none	2.7.0	none	OK	
Process	s	abort	Process.md	16	-	-	1.8.6	4.0	direct	1.8.7	4.1	none	none	none	none	OK	overloads:2
Process	s	exec	Process.md	23	-	-	1.8.7	4.0	direct	1.8.7	4.1	none	none	none	none	INFO_1_8_7	
Process	s	exit	Process.md	58	-	-	1.8.6	4.0	direct	1.8.7	4.1	none	none	none	none	OK	
Process	s	exit!	Process.md	66	-	-	1.8.6	4.0	direct	1.8.7	4.1	none	none	none	none	OK	
Process	s	fork	Process.md	74	-	-	1.8.6	4.0	direct	1.8.7	4.1	none	none	none	none	OK	overloads:2
Process	s	_fork	Process.md	84	-	-	3.1	4.0	direct	3.1	4.1	3.1	none	3.1	none	OK	
Process	s	spawn	Process.md	120	-	-	1.9.1	4.0	direct	1.9.3	4.1	1.9.3	none	1.9.1	none	MISMATCH_SINCE	ladder-gap-1.9.1-1.9.3
Process	s	last_status	Process.md	130	-	-	2.5	4.0	direct	2.5.0	4.1	2.5.0	none	2.5.0	none	OK	
Process	o	getrlimit	Process.md	152	-	-	1.8.6	4.0	direct	1.8.7	4.1	none	none	none	none	OK	
Process	o	setrlimit	Process.md	198	-	-	1.8.6	4.0	direct	1.8.7	4.1	none	none	none	none	OK	overloads:2
Process	o	egid	Process.md	256	-	-	1.8.6	4.0	direct	1.8.7	4.1	none	none	none	none	OK	
Process	o	egid=	Process.md	262	-	-	1.8.6	4.0	direct	1.8.7	4.1	none	none	none	none	OK	
Process	o	euid	Process.md	277	-	-	1.8.6	4.0	direct	1.8.7	4.1	none	none	none	none	OK	
Process	o	euid=	Process.md	283	-	-	1.8.6	4.0	direct	1.8.7	4.1	none	none	none	none	OK	
Process	o	gid	Process.md	298	-	-	1.8.6	4.0	direct	1.8.7	4.1	none	none	none	none	OK	
Process	o	gid=	Process.md	304	-	-	1.8.6	4.0	direct	1.8.7	4.1	none	none	none	none	OK	
Process	o	groups	Process.md	319	-	-	1.8.6	4.0	direct	1.8.7	4.1	none	none	none	none	OK	
Process	o	groups=	Process.md	348	-	-	1.8.6	4.0	direct	1.8.7	4.1	none	none	none	none	OK	
Process	o	maxgroups	Process.md	364	-	-	1.8.6	4.0	direct	1.8.7	4.1	none	none	none	none	OK	
Process	o	maxgroups=	Process.md	365	-	-	1.8.6	4.0	direct	1.8.7	4.1	none	none	none	none	OK	
Process	o	pid	Process.md	376	-	-	1.8.6	4.0	direct	1.8.7	4.1	none	none	none	none	OK	
Process	o	ppid	Process.md	383	-	-	1.8.6	4.0	direct	1.8.7	4.1	none	none	none	none	OK	
Process	o	uid	Process.md	389	-	-	1.8.6	4.0	direct	1.8.7	4.1	none	none	none	none	OK	
Process	o	uid=	Process.md	395	-	-	1.8.6	4.0	direct	1.8.7	4.1	none	none	none	none	OK	
Process	o	getpgid	Process.md	410	-	-	1.8.6	4.0	direct	1.8.7	4.1	none	none	none	none	OK	
Process	o	getpgrp	Process.md	422	-	-	1.8.6	4.0	direct	1.8.7	4.1	none	none	none	none	OK	
Process	o	getpriority	Process.md	432	-	-	1.8.6	4.0	direct	1.8.7	4.1	none	none	none	none	OK	
Process	o	initgroups	Process.md	447	-	-	1.8.6	4.0	direct	1.8.7	4.1	none	none	none	none	OK	
Process	o	kill	Process.md	459	-	-	1.8.6	4.0	direct	1.8.7	4.1	none	none	none	none	OK	
Process	o	setpgid	Process.md	486	-	-	1.8.6	4.0	direct	1.8.7	4.1	none	none	none	none	OK	
Process	o	setpgrp	Process.md	501	-	-	1.8.6	4.0	direct	1.8.7	4.1	none	none	none	none	OK	
Process	o	setpriority	Process.md	525	-	-	1.8.6	4.0	direct	1.8.7	4.1	none	none	none	none	OK	
Process	o	setsid	Process.md	556	-	-	1.8.6	4.0	direct	1.8.7	4.1	none	none	none	none	OK	
Process	o	getsid	Process.md	566	-	-	2.0.0	4.0	direct	2.0.0	4.1	2.0.0	none	2.0.0	none	OK	
Process	o	times	Process.md	582	-	-	1.8.6	4.0	direct	1.8.7	4.1	none	none	none	none	OK	
Process	o	wait	Process.md	592	-	-	1.8.6	4.0	direct	1.8.7	4.1	none	none	none	none	OK	
Process	o	wait2	Process.md	593	-	-	1.8.6	4.0	direct	1.8.7	4.1	none	none	none	none	OK	
Process	o	waitpid	Process.md	594	-	-	1.8.6	4.0	direct	1.8.7	4.1	none	none	none	none	OK	
Process	o	waitpid2	Process.md	595	-	-	1.8.6	4.0	direct	1.8.7	4.1	none	none	none	none	OK	
Process	o	waitall	Process.md	626	-	-	1.8.6	4.0	direct	1.8.7	4.1	none	none	none	none	OK	
Process	o	warmup	Process.md	644	-	-	3.3	4.0	direct	3.3	4.1	3.3	none	3.3	none	OK	
Process	o	daemon	Process.md	659	-	-	1.9.1	4.0	direct	1.9.3	4.1	1.9.3	none	1.9.1	none	MISMATCH_SINCE	ladder-gap-1.9.1-1.9.3
Process	o	detach	Process.md	676	-	-	1.8.6	4.0	direct	1.8.7	4.1	none	none	none	none	OK	
Process	o	argv0	Process.md	698	-	-	2.1	4.0	direct	2.1.0	4.1	2.1.0	none	2.1.0	none	OK	
Process	o	setproctitle	Process.md	706	-	-	2.1	4.0	direct	2.1.0	4.1	2.1.0	none	2.1.0	none	OK	
Process	o	clock_gettime	Process.md	722	-	-	2.1	4.0	direct	2.1.0	4.1	2.1.0	none	2.1.0	none	OK	
Process	o	clock_getres	Process.md	873	-	-	2.1	4.0	direct	3.0	4.1	3.0	none	2.1.0	none	MISMATCH_SINCE	db-late
Process::GID	o	change_privilege	Process__GID.md	24	-	-	1.8.6	4.0	direct	1.8.7	4.1	none	none	none	none	OK	
Process::GID	o	eid	Process__GID.md	43	-	-	1.8.6	4.0	direct	1.8.7	4.1	none	none	none	none	OK	
Process::GID	o	grant_privilege	Process__GID.md	55	-	-	1.8.6	4.0	direct	1.8.7	4.1	none	none	none	none	OK	
Process::GID	o	eid=	Process__GID.md	56	-	-	1.8.6	4.0	direct	1.8.7	4.1	none	none	none	none	OK	
Process::GID	o	re_exchange	Process__GID.md	81	-	-	1.8.6	4.0	direct	1.8.7	4.1	none	none	none	none	OK	
Process::GID	o	re_exchangeable?	Process__GID.md	97	-	-	1.8.6	4.0	direct	1.8.7	4.1	none	none	none	none	OK	
Process::GID	o	rid	Process__GID.md	101	-	-	1.8.6	4.0	direct	1.8.7	4.1	none	none	none	none	OK	
Process::GID	o	sid_available?	Process__GID.md	109	-	-	1.8.6	4.0	direct	1.8.7	4.1	none	none	none	none	OK	
Process::GID	o	switch	Process__GID.md	121	-	-	1.8.6	4.0	direct	1.8.7	4.1	none	none	none	none	OK	overloads:2
Process::GID	o	from_name	Process__GID.md	147	-	-	2.0.0	4.0	direct	2.0.0	4.1	2.0.0	none	2.0.0	none	OK	
Process::Status	s	wait	Process__Status.md	91	-	-	3.0	4.0	direct	3.0	4.1	3.0	none	3.0	none	OK	
Process::Status	i	==	Process__Status.md	132	-	-	1.8.6	4.0	direct	1.8.7	4.1	none	none	none	none	OK	
Process::Status	i	&	Process__Status.md	141	-	-	1.8.6	3.4	direct	1.8.7	3.4	none	4.0	none	4.0	OK	
Process::Status	i	pid	Process__Status.md	152	-	-	1.8.6	4.0	direct	1.8.7	4.1	none	none	none	none	OK	
Process::Status	i	to_i	Process__Status.md	156	-	-	1.8.6	4.0	direct	1.8.7	4.1	none	none	none	none	OK	
Process::Status	i	to_s	Process__Status.md	163	-	-	1.8.6	4.0	direct	1.8.7	4.1	none	none	none	none	OK	
Process::Status	i	exited?	Process__Status.md	167	-	-	1.8.6	4.0	direct	1.8.7	4.1	none	none	none	none	OK	
Process::Status	i	exitstatus	Process__Status.md	172	-	-	1.8.6	4.0	direct	1.8.7	4.1	none	none	none	none	OK	
Process::Status	i	inspect	Process__Status.md	176	-	-	1.8.6	4.0	direct	1.8.7	4.1	none	none	none	none	OK	
Process::Status	i	stopped?	Process__Status.md	191	-	-	1.8.6	4.0	direct	1.8.7	4.1	none	none	none	none	OK	
Process::Status	i	stopsig	Process__Status.md	196	-	-	1.8.6	4.0	direct	1.8.7	4.1	none	none	none	none	OK	
Process::Status	i	signaled?	Process__Status.md	201	-	-	1.8.6	4.0	direct	1.8.7	4.1	none	none	none	none	OK	
Process::Status	i	termsig	Process__Status.md	205	-	-	1.8.6	4.0	direct	1.8.7	4.1	none	none	none	none	OK	
Process::Status	i	coredump?	Process__Status.md	209	-	-	1.8.6	4.0	direct	1.8.7	4.1	none	none	none	none	OK	
Process::Status	i	>>	Process__Status.md	218	-	-	1.8.6	3.4	direct	1.8.7	3.4	none	4.0	none	4.0	OK	
Process::Status	i	success?	Process__Status.md	236	-	-	1.8.6	4.0	direct	1.8.7	4.1	none	none	none	none	OK	
Process::Sys	o	getuid	Process__Sys.md	13	-	-	1.8.6	4.0	direct	1.8.7	4.1	none	none	none	none	OK	
Process::Sys	o	geteuid	Process__Sys.md	19	-	-	1.8.6	4.0	direct	1.8.7	4.1	none	none	none	none	OK	
Process::Sys	o	getgid	Process__Sys.md	25	-	-	1.8.6	4.0	direct	1.8.7	4.1	none	none	none	none	OK	
Process::Sys	o	getegid	Process__Sys.md	31	-	-	1.8.6	4.0	direct	1.8.7	4.1	none	none	none	none	OK	
Process::Sys	o	setuid	Process__Sys.md	37	-	-	1.8.6	4.0	direct	1.8.7	4.1	none	none	none	none	OK	
Process::Sys	o	setgid	Process__Sys.md	45	-	-	1.8.6	4.0	direct	1.8.7	4.1	none	none	none	none	OK	
Process::Sys	o	setruid	Process__Sys.md	55	-	-	1.8.6	4.0	direct	1.8.7	4.1	none	none	none	none	OK	
Process::Sys	o	setrgid	Process__Sys.md	65	-	-	1.8.6	4.0	direct	1.8.7	4.1	none	none	none	none	OK	
Process::Sys	o	seteuid	Process__Sys.md	75	-	-	1.8.6	4.0	direct	1.8.7	4.1	none	none	none	none	OK	
Process::Sys	o	setegid	Process__Sys.md	85	-	-	1.8.6	4.0	direct	1.8.7	4.1	none	none	none	none	OK	
Process::Sys	o	setreuid	Process__Sys.md	95	-	-	1.8.6	4.0	direct	1.8.7	4.1	none	none	none	none	OK	
Process::Sys	o	setregid	Process__Sys.md	107	-	-	1.8.6	4.0	direct	1.8.7	4.1	none	none	none	none	OK	
Process::Sys	o	setresuid	Process__Sys.md	119	-	-	1.8.6	4.0	direct	1.8.7	4.1	none	none	none	none	OK	
Process::Sys	o	setresgid	Process__Sys.md	133	-	-	1.8.6	4.0	direct	1.8.7	4.1	none	none	none	none	OK	
Process::Sys	o	issetugid	Process__Sys.md	147	-	-	1.8.6	4.0	direct	1.8.7	4.1	none	none	none	none	OK	
Process::Tms	i	cstime	Process__Tms.md	14	-	-	1.8.6	4.0	alias-union:Struct::Tms	1.8.7	4.1	none	none	none	none	OK	alias-union:Struct::Tms
Process::Tms	i	cstime=	Process__Tms.md	20	-	-	1.8.6	4.0	alias-union:Struct::Tms	1.8.7	4.1	none	none	none	none	OK	alias-union:Struct::Tms
Process::Tms	i	cutime	Process__Tms.md	24	-	-	1.8.6	4.0	alias-union:Struct::Tms	1.8.7	4.1	none	none	none	none	OK	alias-union:Struct::Tms
Process::Tms	i	cutime=	Process__Tms.md	30	-	-	1.8.6	4.0	alias-union:Struct::Tms	1.8.7	4.1	none	none	none	none	OK	alias-union:Struct::Tms
Process::Tms	i	stime	Process__Tms.md	34	-	-	1.8.6	4.0	alias-union:Struct::Tms	1.8.7	4.1	none	none	none	none	OK	alias-union:Struct::Tms
Process::Tms	i	stime=	Process__Tms.md	38	-	-	1.8.6	4.0	alias-union:Struct::Tms	1.8.7	4.1	none	none	none	none	OK	alias-union:Struct::Tms
Process::Tms	i	utime	Process__Tms.md	42	-	-	1.8.6	4.0	alias-union:Struct::Tms	1.8.7	4.1	none	none	none	none	OK	alias-union:Struct::Tms
Process::Tms	i	utime=	Process__Tms.md	46	-	-	1.8.6	4.0	alias-union:Struct::Tms	1.8.7	4.1	none	none	none	none	OK	alias-union:Struct::Tms
Process::UID	o	rid	Process__UID.md	24	-	-	1.8.6	4.0	direct	1.8.7	4.1	none	none	none	none	OK	
Process::UID	o	eid	Process__UID.md	28	-	-	1.8.6	4.0	direct	1.8.7	4.1	none	none	none	none	OK	
Process::UID	o	change_privilege	Process__UID.md	32	-	-	1.8.6	4.0	direct	1.8.7	4.1	none	none	none	none	OK	
Process::UID	o	grant_privilege	Process__UID.md	51	-	-	1.8.6	4.0	direct	1.8.7	4.1	none	none	none	none	OK	
Process::UID	o	eid=	Process__UID.md	52	-	-	1.8.6	4.0	direct	1.8.7	4.1	none	none	none	none	OK	
Process::UID	o	re_exchange	Process__UID.md	78	-	-	1.8.6	4.0	direct	1.8.7	4.1	none	none	none	none	OK	
Process::UID	o	re_exchangeable?	Process__UID.md	88	-	-	1.8.6	4.0	direct	1.8.7	4.1	none	none	none	none	OK	
Process::UID	o	sid_available?	Process__UID.md	92	-	-	1.8.6	4.0	direct	1.8.7	4.1	none	none	none	none	OK	
Process::UID	o	switch	Process__UID.md	104	-	-	1.8.6	4.0	direct	1.8.7	4.1	none	none	none	none	OK	overloads:2
Process::UID	o	from_name	Process__UID.md	130	-	-	2.0.0	4.0	direct	2.0.0	4.1	2.0.0	none	2.0.0	none	OK	
Process::Waiter	i	pid	Process__Waiter.md	14	2.2.0	-	2.2	4.0	direct	3.0	4.1	2.2.0	none	2.2.0	none	OK	
Ractor	s	new	Ractor.md	11	-	-	3.0	4.0	direct	3.0	4.1	3.0	none	3.0	none	OK	
Ractor	s	[]	Ractor.md	22	-	-	3.4	4.0	direct	3.4	4.1	3.4	none	3.4	none	OK	
Ractor	s	[]=	Ractor.md	30	-	-	3.4	4.0	direct	3.4	4.1	3.4	none	3.4	none	OK	
Ractor	s	count	Ractor.md	36	-	-	3.0	4.0	direct	3.0	4.1	3.0	none	3.0	none	OK	
Ractor	s	current	Ractor.md	40	-	-	3.0	4.0	direct	3.0	4.1	3.0	none	3.0	none	OK	
Ractor	s	main	Ractor.md	44	-	-	3.0	4.0	direct	3.0	4.1	3.0	none	3.0	none	OK	
Ractor	s	main?	Ractor.md	49	-	-	3.4	4.0	direct	3.4	4.1	3.4	none	3.4	none	OK	
Ractor	s	make_shareable	Ractor.md	54	-	-	3.0	4.0	direct	3.0	4.1	3.0	none	3.0	none	OK	
Ractor	s	receive	Ractor.md	63	-	-	3.0	4.0	direct	3.0	4.1	3.0	none	3.0	none	OK	
Ractor	s	recv	Ractor.md	64	-	-	3.0	4.0	direct	3.0	4.1	3.0	none	3.0	none	OK	
Ractor	s	receive_if	Ractor.md	78	-	-	3.0	3.4	direct	3.0	3.4	3.0	4.0	3.0	4.0	OK	
Ractor	s	select	Ractor.md	84	-	-	3.0	4.0	direct	3.0	4.1	3.0	none	3.0	none	OK	overloads:2
Ractor	s	shareable?	Ractor.md	96	-	-	3.0	4.0	direct	3.0	4.1	3.0	none	3.0	none	OK	
Ractor	s	shareable_proc	Ractor.md	103	-	-	4.0	4.0	direct	4.0	4.1	4.0	none	4.0	none	OK	
Ractor	s	shareable_lambda	Ractor.md	123	-	-	4.0	4.0	direct	4.0	4.1	4.0	none	4.0	none	OK	
Ractor	s	store_if_absent	Ractor.md	137	-	-	3.4	4.0	direct	3.4	4.1	3.4	none	3.4	none	OK	
Ractor	s	yield	Ractor.md	146	-	-	3.0	3.4	direct	3.0	3.4	3.0	4.0	3.0	4.0	OK	
Ractor	i	close	Ractor.md	158	-	-	4.0	4.0	direct	4.0	4.1	4.0	none	4.0	none	OK	
Ractor	i	default_port	Ractor.md	167	-	-	4.0	4.0	direct	4.0	4.1	4.0	none	4.0	none	OK	
Ractor	i	join	Ractor.md	174	-	-	4.0	4.0	direct	4.0	4.1	4.0	none	4.0	none	OK	
Ractor	i	monitor	Ractor.md	182	-	-	4.0	4.0	direct	4.0	4.1	4.0	none	4.0	none	OK	
Ractor	i	name	Ractor.md	193	-	-	3.0	4.0	direct	3.0	4.1	3.0	none	3.0	none	OK	
Ractor	i	<<	Ractor.md	199	-	-	3.0	4.0	direct	3.0	4.1	3.0	none	3.0	none	OK	
Ractor	i	send	Ractor.md	200	-	-	3.0	4.0	direct	3.0	4.1	3.0	none	3.0	none	OK	
Ractor	i	take	Ractor.md	217	-	-	3.0	3.4	direct	3.0	3.4	3.0	4.0	3.0	4.0	OK	
Ractor	i	unmonitor	Ractor.md	225	-	-	4.0	4.0	direct	4.0	4.1	4.0	none	4.0	none	OK	
Ractor	i	value	Ractor.md	232	-	-	4.0	4.0	direct	4.0	4.1	4.0	none	4.0	none	OK	
Random	s	new	Random.md	15	-	-	1.9.2	4.0	new-via-initialize	1.9.3	4.1	1.9.3	none	1.9.3	none	INFO_1_9_2	last-resolved-via:inherited-new-via-initialize:Random::Base;new-via-initialize
Random	s	new_seed	Random.md	32	-	-	1.9.2	4.0	alias-union:Random::DEFAULT	1.9.3	4.1	1.9.3	none	1.9.3	none	INFO_1_9_2	alias-union:Random::DEFAULT
Random	s	urandom	Random.md	40	-	-	2.5	4.0	alias-union:Random::DEFAULT	2.5.0	4.1	2.5.0	none	2.5.0	none	OK	alias-union:Random::DEFAULT
Random	s	rand	Random.md	55	-	-	1.9.2	4.0	alias-union:Random::DEFAULT	1.9.3	4.1	1.9.3	none	1.9.3	none	INFO_1_9_2	overloads:3;alias-union:Random::DEFAULT
Random	s	srand	Random.md	84	-	-	1.9.2	4.0	alias-union:Random::DEFAULT	1.9.3	4.1	1.9.3	none	1.9.3	none	INFO_1_9_2	overloads:2;alias-union:Random::DEFAULT
Random	s	bytes	Random.md	99	-	-	2.6	4.0	alias-union:Random::DEFAULT	2.6.0	4.1	2.6.0	none	2.6.0	none	OK	alias-union:Random::DEFAULT
Random	i	==	Random.md	112	-	-	1.9.2	4.0	alias-union:Random::DEFAULT	1.9.3	4.1	1.9.3	none	1.9.3	none	INFO_1_9_2	alias-union:Random::DEFAULT
Random	i	bytes	Random.md	129	-	-	1.9.2	4.0	alias-union:Random::DEFAULT	1.9.3	4.1	1.9.3	none	1.9.3	none	INFO_1_9_2	last-resolved-via:inherited:Random::Base;alias-union:Random::DEFAULT
Random	i	rand	Random.md	142	-	-	1.9.2	4.0	alias-union:Random::DEFAULT	1.9.3	4.1	1.9.3	none	1.9.3	none	INFO_1_9_2	last-resolved-via:inherited:Random::Base;overloads:3;alias-union:Random::DEFAULT
Random	i	seed	Random.md	236	-	-	1.9.2	4.0	alias-union:Random::DEFAULT	1.9.3	4.1	1.9.3	none	1.9.3	none	INFO_1_9_2	last-resolved-via:inherited:Random::Base;alias-union:Random::DEFAULT
Random	i	state	Random.md	245	-	-	1.9.2	4.0	alias-union:Random::DEFAULT	1.9.3	4.1	1.9.3	none	1.9.3	none	INFO_1_9_2	alias-union:Random::DEFAULT
Random	i	left	Random.md	251	-	-	1.9.2	4.0	alias-union:Random::DEFAULT	1.9.3	4.1	1.9.3	none	1.9.3	none	INFO_1_9_2	alias-union:Random::DEFAULT
Random	i	marshal_dump	Random.md	257	-	-	1.9.2	4.0	alias-union:Random::DEFAULT	1.9.3	4.1	1.9.3	none	1.9.3	none	INFO_1_9_2	alias-union:Random::DEFAULT
Random	i	marshal_load	Random.md	272	-	-	1.9.2	4.0	alias-union:Random::DEFAULT	1.9.3	4.1	1.9.3	none	1.9.3	none	INFO_1_9_2	alias-union:Random::DEFAULT
Random	s	state	Random.md	295	-	-	1.9.2	4.0	alias-union:Random::DEFAULT	1.9.3	4.1	1.9.3	none	1.9.3	none	INFO_1_9_2	alias-union:Random::DEFAULT
Random	s	left	Random.md	301	-	-	1.9.2	4.0	alias-union:Random::DEFAULT	1.9.3	4.1	1.9.3	none	1.9.3	none	INFO_1_9_2	alias-union:Random::DEFAULT
Random::Formatter	i	alphanumeric	Random__Formatter.md	26	-	-	-	-	-	3.0	4.1	3.0	none	-	-	DOC_ONLY	overloads:2
Range	s	new	Range.md	111	-	-	1.8.6	4.0	new-via-initialize	1.8.7	4.1	none	none	none	none	OK	new-via-initialize
Range	i	include?	Range.md	167	-	-	1.8.6	4.0	direct	1.8.7	4.1	none	none	none	none	OK	
Range	i	member?	Range.md	168	-	-	1.8.6	4.0	direct	1.8.7	4.1	none	none	none	none	OK	
Range	i	===	Range.md	191	-	-	1.8.6	4.0	direct	1.8.7	4.1	none	none	none	none	OK	
Range	i	cover?	Range.md	235	-	-	1.9.1	4.0	direct	1.9.3	4.1	1.9.3	none	1.9.1	none	MISMATCH_SINCE	overloads:2;ladder-gap-1.9.1-1.9.3
Range	i	overlap?	Range.md	296	-	-	3.3	4.0	direct	3.3	4.1	3.3	none	3.3	none	OK	
Range	i	begin	Range.md	348	-	-	1.8.6	4.0	direct	1.8.7	4.1	none	none	none	none	OK	
Range	i	first	Range.md	349	-	-	1.8.6	4.0	direct	1.8.7	4.1	none	none	none	none	OK	overloads:2
Range	i	each	Range.md	384	-	-	1.8.6	4.0	direct	1.8.7	4.1	none	none	none	none	OK	overloads:2
Range	i	reverse_each	Range.md	402	-	-	1.8.7	4.0	inherited:Enumerable	3.3	4.1	3.3	none	none	none	MISMATCH_SINCE	last-resolved-via:direct;overloads:2;inherited:Enumerable;db-late;INFO_1_8_7
Range	i	end	Range.md	431	-	-	1.8.6	4.0	direct	1.8.7	4.1	none	none	none	none	OK	
Range	i	last	Range.md	432	-	-	1.8.6	4.0	direct	1.8.7	4.1	none	none	none	none	OK	overloads:2
Range	i	exclude_end?	Range.md	465	-	-	1.8.6	4.0	direct	1.8.7	4.1	none	none	none	none	OK	
Range	i	step	Range.md	474	-	-	1.8.6	4.0	direct	1.8.7	4.1	none	none	none	none	OK	overloads:3
Range	i	%	Range.md	477	-	-	2.6	4.0	direct	2.6.0	4.1	2.6.0	none	2.6.0	none	OK	overloads:2
Range	i	==	Range.md	532	-	-	1.8.6	4.0	direct	1.8.7	4.1	none	none	none	none	OK	
Range	i	eql?	Range.md	545	-	-	1.8.6	4.0	direct	1.8.7	4.1	none	none	none	none	OK	
Range	i	hash	Range.md	558	-	-	1.8.6	4.0	direct	1.8.7	4.1	none	none	none	none	OK	
Range	i	to_a	Range.md	567	EMPTY	-	1.8.6	4.0	inherited:Enumerable	2.6.0	4.1	none	none	none	none	OK	last-resolved-via:direct;inherited:Enumerable
Range	i	entries	Range.md	569	EMPTY	-	1.8.6	4.0	inherited:Enumerable	2.6.0	4.1	none	none	none	none	OK	last-resolved-via:direct;inherited:Enumerable
Range	i	to_s	Range.md	588	-	-	1.8.6	4.0	direct	1.8.7	4.1	none	none	none	none	OK	
Range	i	inspect	Range.md	599	-	-	1.8.6	4.0	direct	1.8.7	4.1	none	none	none	none	OK	
Range	i	min	Range.md	610	EMPTY	-	1.8.6	4.0	inherited:Enumerable	1.9.3	4.1	none	none	none	none	OK	last-resolved-via:direct;overloads:4;inherited:Enumerable
Range	i	minmax	Range.md	665	EMPTY	-	1.8.7	4.0	inherited:Enumerable	2.7.0	4.1	none	none	none	none	INFO_1_8_7	last-resolved-via:direct;overloads:2;inherited:Enumerable
Range	i	max	Range.md	684	EMPTY	-	1.8.6	4.0	inherited:Enumerable	1.9.3	4.1	none	none	none	none	OK	last-resolved-via:direct;overloads:4;inherited:Enumerable
Range	i	bsearch	Range.md	739	-	-	2.0.0	4.0	direct	2.0.0	4.1	2.0.0	none	2.0.0	none	OK	overloads:2
Range	i	size	Range.md	791	-	-	2.0.0	4.0	direct	2.0.0	4.1	2.0.0	none	2.0.0	none	OK	
Rational	i	*	Rational.md	61	-	-	1.9.1	4.0	direct	1.9.3	4.1	1.9.3	none	1.9.1	none	MISMATCH_SINCE	ladder-gap-1.9.1-1.9.3
Rational	i	**	Rational.md	79	-	-	1.9.1	4.0	direct	1.9.3	4.1	1.9.3	none	1.9.1	none	MISMATCH_SINCE	ladder-gap-1.9.1-1.9.3
Rational	i	+	Rational.md	125	-	-	1.9.1	4.0	direct	1.9.3	4.1	1.9.3	none	1.9.1	none	MISMATCH_SINCE	ladder-gap-1.9.1-1.9.3
Rational	i	-	Rational.md	142	-	-	1.9.1	4.0	direct	1.9.3	4.1	1.9.3	none	1.9.1	none	MISMATCH_SINCE	ladder-gap-1.9.1-1.9.3
Rational	i	/	Rational.md	158	-	-	1.9.1	4.0	direct	1.9.3	4.1	1.9.3	none	1.9.1	none	MISMATCH_SINCE	ladder-gap-1.9.1-1.9.3
Rational	i	quo	Rational.md	159	-	-	1.9.1	4.0	direct	1.9.3	4.1	1.9.3	none	1.9.1	none	MISMATCH_SINCE	ladder-gap-1.9.1-1.9.3
Rational	i	-@	Rational.md	180	1.9.1	-	1.9.1	4.0	inherited:Numeric	2.4.0	4.1	1.9.1	none	1.9.1	none	OK	last-resolved-via:direct;inherited:Numeric
Rational	i	<=>	Rational.md	192	-	-	1.9.1	4.0	direct	1.9.3	4.1	1.9.3	none	1.9.1	none	MISMATCH_SINCE	ladder-gap-1.9.1-1.9.3
Rational	i	==	Rational.md	208	-	-	1.9.1	4.0	direct	1.9.3	4.1	1.9.3	none	1.9.1	none	MISMATCH_SINCE	ladder-gap-1.9.1-1.9.3
Rational	i	positive?	Rational.md	226	2.3.0	-	2.3	4.0	inherited:Numeric	2.4.0	4.1	2.3.0	none	2.3.0	none	OK	last-resolved-via:direct;inherited:Numeric
Rational	i	negative?	Rational.md	238	2.3.0	-	2.3	4.0	inherited:Numeric	2.4.0	4.1	2.3.0	none	2.3.0	none	OK	last-resolved-via:direct;inherited:Numeric
Rational	i	abs	Rational.md	250	1.9.1	-	1.9.1	4.0	direct	2.4.0	4.1	1.9.1	none	1.9.1	none	OK	
Rational	i	magnitude	Rational.md	252	1.9.1	-	1.9.1	4.0	inherited:Numeric	2.4.0	4.1	1.9.1	none	1.9.1	none	OK	last-resolved-via:direct;inherited:Numeric
Rational	i	ceil	Rational.md	262	-	-	1.9.1	4.0	direct	1.9.3	4.1	1.9.3	none	1.9.1	none	MISMATCH_SINCE	ladder-gap-1.9.1-1.9.3
Rational	i	coerce	Rational.md	287	-	-	1.9.1	4.0	direct	1.9.3	4.1	1.9.3	none	1.9.1	none	MISMATCH_SINCE	ladder-gap-1.9.1-1.9.3
Rational	i	denominator	Rational.md	298	-	-	1.9.1	4.0	direct	1.9.3	4.1	1.9.3	none	1.9.1	none	MISMATCH_SINCE	ladder-gap-1.9.1-1.9.3
Rational	i	fdiv	Rational.md	311	-	-	1.9.1	4.0	direct	1.9.3	4.1	1.9.3	none	1.9.1	none	MISMATCH_SINCE	ladder-gap-1.9.1-1.9.3
Rational	i	floor	Rational.md	327	-	-	1.9.1	4.0	direct	1.9.3	4.1	1.9.3	none	1.9.1	none	MISMATCH_SINCE	ladder-gap-1.9.1-1.9.3
Rational	i	hash	Rational.md	361	-	-	1.9.1	4.0	direct	1.9.3	4.1	1.9.3	none	1.9.1	none	MISMATCH_SINCE	ladder-gap-1.9.1-1.9.3
Rational	i	inspect	Rational.md	369	-	-	1.9.1	4.0	direct	1.9.3	4.1	1.9.3	none	1.9.1	none	MISMATCH_SINCE	ladder-gap-1.9.1-1.9.3
Rational	i	numerator	Rational.md	386	-	-	1.9.1	4.0	direct	1.9.3	4.1	1.9.3	none	1.9.1	none	MISMATCH_SINCE	ladder-gap-1.9.1-1.9.3
Rational	i	rationalize	Rational.md	399	-	-	1.9.2	4.0	direct	1.9.3	4.1	1.9.3	none	1.9.3	none	INFO_1_9_2	
Rational	i	round	Rational.md	414	-	-	1.9.1	4.0	direct	1.9.3	4.1	1.9.3	none	1.9.1	none	MISMATCH_SINCE	ladder-gap-1.9.1-1.9.3
Rational	i	to_f	Rational.md	442	-	-	1.9.1	4.0	direct	1.9.3	4.1	1.9.3	none	1.9.1	none	MISMATCH_SINCE	ladder-gap-1.9.1-1.9.3
Rational	i	to_i	Rational.md	461	-	-	1.9.1	4.0	direct	1.9.3	4.1	1.9.3	none	1.9.1	none	MISMATCH_SINCE	ladder-gap-1.9.1-1.9.3
Rational	i	truncate	Rational.md	462	-	-	1.9.1	4.0	direct	1.9.3	4.1	1.9.3	none	1.9.1	none	MISMATCH_SINCE	ladder-gap-1.9.1-1.9.3
Rational	i	to_r	Rational.md	490	-	-	1.9.1	4.0	direct	1.9.3	4.1	1.9.3	none	1.9.1	none	MISMATCH_SINCE	ladder-gap-1.9.1-1.9.3
Rational	i	to_s	Rational.md	499	-	-	1.9.1	4.0	direct	1.9.3	4.1	1.9.3	none	1.9.1	none	MISMATCH_SINCE	ladder-gap-1.9.1-1.9.3
Rational	i	marshal_dump	Rational.md	518	-	-	1.9.1	4.0	direct	1.9.3	4.1	1.9.3	none	1.9.1	none	MISMATCH_SINCE	ladder-gap-1.9.1-1.9.3
Rational	s	convert	Rational.md	529	-	-	1.9.1	4.0	direct	3.0	4.1	3.0	none	1.9.1	none	MISMATCH_SINCE	db-late
Refinement	i	target	Refinement.md	15	-	-	3.3	4.0	direct	3.3	4.1	3.3	none	3.3	none	OK	
Refinement	i	refined_class	Refinement.md	32	-	-	3.2	3.3	direct	3.2	3.3	3.2	3.4	3.2	3.4	OK	
Refinement	i	import_methods	Refinement.md	58	-	-	3.1	4.0	direct	3.1	4.1	3.1	none	3.1	none	OK	
Regexp	s	compile	Regexp.md	37	-	-	1.8.6	4.0	direct	1.8.7	4.1	none	none	none	none	OK	overloads:2
Regexp	s	new	Regexp.md	38	-	-	1.8.6	4.0	new-via-initialize	1.8.7	4.1	none	none	none	none	OK	overloads:2;new-via-initialize
Regexp	s	escape	Regexp.md	93	-	-	1.8.6	4.0	direct	1.8.7	4.1	none	none	none	none	OK	
Regexp	s	quote	Regexp.md	94	-	-	1.8.6	4.0	direct	1.8.7	4.1	none	none	none	none	OK	
Regexp	s	last_match	Regexp.md	105	-	-	1.8.6	4.0	direct	1.8.7	4.1	none	none	none	none	OK	overloads:2
Regexp	s	union	Regexp.md	157	-	-	1.8.6	4.0	direct	1.8.7	4.1	none	none	none	none	OK	
Regexp	s	try_convert	Regexp.md	223	-	-	1.9.1	4.0	direct	1.9.3	4.1	1.9.3	none	1.9.1	none	MISMATCH_SINCE	ladder-gap-1.9.1-1.9.3
Regexp	s	timeout	Regexp.md	235	-	-	3.2	4.0	direct	3.2	4.1	3.2	none	3.2	none	OK	
Regexp	s	timeout=	Regexp.md	250	-	-	3.2	4.0	direct	3.2	4.1	3.2	none	3.2	none	OK	
Regexp	s	linear_time?	Regexp.md	273	-	-	3.2	4.0	direct	3.2	4.1	3.2	none	3.2	none	OK	overloads:2
Regexp	i	=~	Regexp.md	297	-	-	1.8.6	4.0	direct	1.8.7	4.1	none	none	none	none	OK	
Regexp	i	===	Regexp.md	334	-	-	1.8.6	4.0	direct	1.8.7	4.1	none	none	none	none	OK	
Regexp	i	~	Regexp.md	360	-	-	1.8.6	4.0	direct	1.8.7	4.1	none	none	none	none	OK	
Regexp	i	casefold?	Regexp.md	399	-	-	1.8.6	4.0	direct	1.8.7	4.1	none	none	none	none	OK	
Regexp	i	fixed_encoding?	Regexp.md	411	-	-	1.9.1	4.0	direct	1.9.3	4.1	1.9.3	none	1.9.1	none	MISMATCH_SINCE	ladder-gap-1.9.1-1.9.3
Regexp	i	match	Regexp.md	448	-	-	1.8.6	4.0	direct	1.8.7	4.1	none	none	none	none	OK	overloads:2
Regexp	i	match?	Regexp.md	541	-	-	2.4	4.0	direct	2.4.0	4.1	2.4.0	none	2.4.0	none	OK	
Regexp	i	options	Regexp.md	556	-	-	1.8.6	4.0	direct	1.8.7	4.1	none	none	none	none	OK	
Regexp	i	timeout	Regexp.md	581	-	-	3.2	4.0	direct	3.2	4.1	3.2	none	3.2	none	OK	
Regexp	i	source	Regexp.md	599	-	-	1.8.6	4.0	direct	1.8.7	4.1	none	none	none	none	OK	
Regexp	i	to_s	Regexp.md	608	-	-	1.8.6	4.0	direct	1.8.7	4.1	none	none	none	none	OK	
Regexp	i	==	Regexp.md	636	-	-	1.8.6	4.0	direct	1.8.7	4.1	none	none	none	none	OK	
Regexp	i	eql?	Regexp.md	637	-	-	1.8.6	4.0	direct	1.8.7	4.1	none	none	none	none	OK	
Regexp	i	hash	Regexp.md	651	-	-	1.8.6	4.0	direct	1.8.7	4.1	none	none	none	none	OK	
Regexp	i	inspect	Regexp.md	660	-	-	1.8.6	4.0	direct	1.8.7	4.1	none	none	none	none	OK	
Regexp	i	encoding	Regexp.md	671	-	-	1.9.1	4.0	direct	1.9.3	4.1	1.9.3	none	1.9.1	none	MISMATCH_SINCE	ladder-gap-1.9.1-1.9.3
Regexp	i	named_captures	Regexp.md	679	-	-	1.9.1	4.0	direct	1.9.3	4.1	1.9.3	none	1.9.1	none	MISMATCH_SINCE	ladder-gap-1.9.1-1.9.3
Regexp	i	names	Regexp.md	698	-	-	1.9.1	4.0	direct	1.9.3	4.1	1.9.3	none	1.9.1	none	MISMATCH_SINCE	ladder-gap-1.9.1-1.9.3
RubyVM	s	stat	RubyVM.md	37	-	-	2.1	4.0	direct	3.0	4.1	3.0	none	2.1.0	none	MISMATCH_SINCE	overloads:3;db-late
RubyVM::AbstractSyntaxTree	s	of	RubyVM__AbstractSyntaxTree.md	24	-	-	2.6	4.0	direct	2.6.0	4.1	2.6.0	none	2.6.0	none	OK	overloads:2
RubyVM::AbstractSyntaxTree	s	parse	RubyVM__AbstractSyntaxTree.md	73	-	-	2.6	4.0	direct	2.6.0	4.1	2.6.0	none	2.6.0	none	OK	overloads:2
RubyVM::AbstractSyntaxTree	s	parse_file	RubyVM__AbstractSyntaxTree.md	105	-	-	2.6	4.0	direct	2.6.0	4.1	2.6.0	none	2.6.0	none	OK	overloads:2
RubyVM::AbstractSyntaxTree::Node	i	children	RubyVM__AbstractSyntaxTree__Node.md	13	-	-	2.6	4.0	direct	2.6.0	4.1	2.6.0	none	2.6.0	none	OK	
RubyVM::AbstractSyntaxTree::Node	i	first_column	RubyVM__AbstractSyntaxTree__Node.md	27	-	-	2.6	4.0	direct	2.6.0	4.1	2.6.0	none	2.6.0	none	OK	
RubyVM::AbstractSyntaxTree::Node	i	first_lineno	RubyVM__AbstractSyntaxTree__Node.md	38	-	-	2.6	4.0	direct	2.6.0	4.1	2.6.0	none	2.6.0	none	OK	
RubyVM::AbstractSyntaxTree::Node	i	inspect	RubyVM__AbstractSyntaxTree__Node.md	49	-	-	2.6	4.0	direct	2.6.0	4.1	2.6.0	none	2.6.0	none	OK	
RubyVM::AbstractSyntaxTree::Node	i	last_column	RubyVM__AbstractSyntaxTree__Node.md	59	-	-	2.6	4.0	direct	2.6.0	4.1	2.6.0	none	2.6.0	none	OK	
RubyVM::AbstractSyntaxTree::Node	i	last_lineno	RubyVM__AbstractSyntaxTree__Node.md	70	-	-	2.6	4.0	direct	2.6.0	4.1	2.6.0	none	2.6.0	none	OK	
RubyVM::AbstractSyntaxTree::Node	i	type	RubyVM__AbstractSyntaxTree__Node.md	81	-	-	2.6	4.0	direct	2.6.0	4.1	2.6.0	none	2.6.0	none	OK	
RubyVM::InstructionSequence	s	compile	RubyVM__InstructionSequence.md	21	-	-	1.9.1	4.0	direct	1.9.3	4.1	1.9.3	none	1.9.1	none	MISMATCH_SINCE	ladder-gap-1.9.1-1.9.3
RubyVM::InstructionSequence	s	new	RubyVM__InstructionSequence.md	22	-	-	1.9.1	4.0	direct	1.9.3	4.1	1.9.3	none	1.9.1	none	MISMATCH_SINCE	ladder-gap-1.9.1-1.9.3
RubyVM::InstructionSequence	s	compile_file	RubyVM__InstructionSequence.md	45	-	-	1.9.1	4.0	direct	1.9.3	4.1	1.9.3	none	1.9.1	none	MISMATCH_SINCE	ladder-gap-1.9.1-1.9.3
RubyVM::InstructionSequence	s	compile_option	RubyVM__InstructionSequence.md	68	-	-	1.9.1	4.0	direct	1.9.3	4.1	1.9.3	none	1.9.1	none	MISMATCH_SINCE	ladder-gap-1.9.1-1.9.3
RubyVM::InstructionSequence	s	compile_option=	RubyVM__InstructionSequence.md	133	-	-	1.9.1	4.0	direct	1.9.3	4.1	1.9.3	none	1.9.1	none	MISMATCH_SINCE	ladder-gap-1.9.1-1.9.3
RubyVM::InstructionSequence	s	disasm	RubyVM__InstructionSequence.md	159	-	-	1.9.1	4.0	direct	1.9.3	4.1	1.9.3	none	1.9.1	none	MISMATCH_SINCE	ladder-gap-1.9.1-1.9.3
RubyVM::InstructionSequence	s	disassemble	RubyVM__InstructionSequence.md	160	-	-	1.9.1	4.0	direct	1.9.3	4.1	1.9.3	none	1.9.1	none	MISMATCH_SINCE	ladder-gap-1.9.1-1.9.3
RubyVM::InstructionSequence	s	of	RubyVM__InstructionSequence.md	216	-	-	2.0.0	4.0	direct	2.0.0	4.1	2.0.0	none	2.0.0	none	OK	
RubyVM::InstructionSequence	s	load_from_binary	RubyVM__InstructionSequence.md	259	-	-	2.3	4.0	direct	2.3.0	4.1	2.3.0	none	2.3.0	none	OK	
RubyVM::InstructionSequence	s	load_from_binary_extra_data	RubyVM__InstructionSequence.md	275	-	-	2.3	4.0	direct	2.3.0	4.1	2.3.0	none	2.3.0	none	OK	
RubyVM::InstructionSequence	i	inspect	RubyVM__InstructionSequence.md	289	-	-	1.9.1	4.0	direct	1.9.3	4.1	1.9.3	none	1.9.1	none	MISMATCH_SINCE	ladder-gap-1.9.1-1.9.3
RubyVM::InstructionSequence	i	disasm	RubyVM__InstructionSequence.md	301	-	-	1.9.1	4.0	direct	1.9.3	4.1	1.9.3	none	1.9.1	none	MISMATCH_SINCE	ladder-gap-1.9.1-1.9.3
RubyVM::InstructionSequence	i	disassemble	RubyVM__InstructionSequence.md	302	-	-	1.9.1	4.0	direct	1.9.3	4.1	1.9.3	none	1.9.1	none	MISMATCH_SINCE	ladder-gap-1.9.1-1.9.3
RubyVM::InstructionSequence	i	to_a	RubyVM__InstructionSequence.md	321	-	-	1.9.1	4.0	direct	1.9.3	4.1	1.9.3	none	1.9.1	none	MISMATCH_SINCE	ladder-gap-1.9.1-1.9.3
RubyVM::InstructionSequence	i	eval	RubyVM__InstructionSequence.md	430	-	-	1.9.1	4.0	direct	1.9.3	4.1	1.9.3	none	1.9.1	none	MISMATCH_SINCE	ladder-gap-1.9.1-1.9.3
RubyVM::InstructionSequence	i	path	RubyVM__InstructionSequence.md	438	-	-	2.0.0	4.0	direct	2.0.0	4.1	2.0.0	none	2.0.0	none	OK	
RubyVM::InstructionSequence	i	absolute_path	RubyVM__InstructionSequence.md	469	-	-	2.0.0	4.0	direct	2.0.0	4.1	2.0.0	none	2.0.0	none	OK	
RubyVM::InstructionSequence	i	label	RubyVM__InstructionSequence.md	500	-	-	2.0.0	4.0	direct	2.0.0	4.1	2.0.0	none	2.0.0	none	OK	
RubyVM::InstructionSequence	i	base_label	RubyVM__InstructionSequence.md	541	-	-	2.0.0	4.0	direct	2.0.0	4.1	2.0.0	none	2.0.0	none	OK	
RubyVM::InstructionSequence	i	first_lineno	RubyVM__InstructionSequence.md	580	-	-	2.0.0	4.0	direct	2.0.0	4.1	2.0.0	none	2.0.0	none	OK	
RubyVM::InstructionSequence	i	to_binary	RubyVM__InstructionSequence.md	602	-	-	2.3	4.0	direct	2.3.0	4.1	2.3.0	none	2.3.0	none	OK	
RubyVM::MJIT	s	enabled?	RubyVM__MJIT.md	21	-	-	2.6	3.2	direct	2.6.0	3.2	2.6.0	3.3	2.6.0	3.3	OK	
RubyVM::MJIT	s	pause	RubyVM__MJIT.md	27	-	-	2.6	3.2	direct	2.6.0	3.2	2.6.0	3.3	2.6.0	3.3	OK	
RubyVM::MJIT	s	resume	RubyVM__MJIT.md	37	-	-	2.6	3.2	direct	2.6.0	3.2	2.6.0	3.3	2.6.0	3.3	OK	
RubyVM::YJIT	s	enabled?	RubyVM__YJIT.md	41	-	-	3.1	3.1	direct	3.1	4.1	3.1	none	3.1	3.2	MISMATCH_UNTIL	real-build-gap:YJIT-disabled-in-prebuilt-3.2+
RubyVM::YJIT	s	stats_enabled?	RubyVM__YJIT.md	55	-	-	3.1	3.1	direct	3.1	4.1	3.1	none	3.1	3.2	MISMATCH_UNTIL	real-build-gap:YJIT-disabled-in-prebuilt-3.2+
RubyVM::YJIT	s	log_enabled?	RubyVM__YJIT.md	66	-	-	-	-	-	3.4	4.1	3.4	none	-	-	DOC_ONLY	
RubyVM::YJIT	s	reset_stats!	RubyVM__YJIT.md	73	-	-	3.1	3.1	direct	3.1	4.1	3.1	none	3.1	3.2	MISMATCH_UNTIL	real-build-gap:YJIT-disabled-in-prebuilt-3.2+
RubyVM::YJIT	s	enable	RubyVM__YJIT.md	81	-	-	-	-	-	3.3	4.1	3.3	none	-	-	DOC_ONLY	overloads:3
RubyVM::YJIT	s	dump_exit_locations	RubyVM__YJIT.md	122	-	-	-	-	-	3.2	4.1	3.2	none	-	-	DOC_ONLY	
RubyVM::YJIT	s	runtime_stats	RubyVM__YJIT.md	135	-	-	3.1	3.1	direct	3.1	4.1	3.1	none	3.1	3.2	MISMATCH_UNTIL	overloads:3;real-build-gap:YJIT-disabled-in-prebuilt-3.2+
RubyVM::YJIT	s	stats_string	RubyVM__YJIT.md	165	-	-	-	-	-	3.3	4.1	3.3	none	-	-	DOC_ONLY	
RubyVM::YJIT	s	log	RubyVM__YJIT.md	176	-	-	-	-	-	3.4	4.1	3.4	none	-	-	DOC_ONLY	
RubyVM::YJIT	s	code_gc	RubyVM__YJIT.md	187	-	-	-	-	-	3.2	4.1	3.2	none	-	-	DOC_ONLY	
Ruby::Box	s	new	Ruby__Box.md	55	-	-	4.0	4.0	new-via-initialize	4.0	4.1	4.0	none	4.0	none	OK	new-via-initialize
Ruby::Box	s	enabled?	Ruby__Box.md	62	-	-	4.0	4.0	direct	4.0	4.1	4.0	none	4.0	none	OK	
Ruby::Box	s	current	Ruby__Box.md	68	-	-	4.0	4.0	direct	4.0	4.1	4.0	none	4.0	none	OK	
Ruby::Box	i	eval	Ruby__Box.md	76	-	-	4.0	4.0	direct	4.0	4.1	4.0	none	4.0	none	OK	
Ruby::Box	i	load	Ruby__Box.md	82	-	-	4.0	4.0	direct	4.0	4.1	4.0	none	4.0	none	OK	
Ruby::Box	i	require	Ruby__Box.md	88	-	-	4.0	4.0	direct	4.0	4.1	4.0	none	4.0	none	OK	
Ruby::Box	i	require_relative	Ruby__Box.md	95	-	-	4.0	4.0	direct	4.0	4.1	4.0	none	4.0	none	OK	
Ruby::Box	i	load_path	Ruby__Box.md	101	-	-	4.0	4.0	direct	4.0	4.1	4.0	none	4.0	none	OK	
Ruby::Box	i	inspect	Ruby__Box.md	107	-	-	4.0	4.0	direct	4.0	4.1	4.0	none	4.0	none	OK	
Set	s	new	Set.md	67	-	-	4.0	4.0	new-via-initialize	3.2	4.1	3.2	none	4.0	none	MISMATCH_SINCE	overloads:2;new-via-initialize;real-autoload-gap:Set
Set	s	[]	Set.md	94	-	-	4.0	4.0	direct	3.2	4.1	3.2	none	4.0	none	MISMATCH_SINCE	real-autoload-gap:Set
Set	i	clone	Set.md	109	-	-	4.0	4.0	inherited:Kernel	3.2	4.1	3.2	none	4.0	none	MISMATCH_SINCE	inherited:Kernel;real-autoload-gap:Set
Set	i	dup	Set.md	110	-	-	4.0	4.0	inherited:Kernel	3.2	4.1	3.2	none	4.0	none	MISMATCH_SINCE	inherited:Kernel;real-autoload-gap:Set
Set	i	compare_by_identity	Set.md	133	-	-	4.0	4.0	direct	3.2	4.1	3.2	none	4.0	none	MISMATCH_SINCE	real-autoload-gap:Set
Set	i	compare_by_identity?	Set.md	160	-	-	4.0	4.0	direct	3.2	4.1	3.2	none	4.0	none	MISMATCH_SINCE	real-autoload-gap:Set
Set	i	size	Set.md	175	-	-	4.0	4.0	direct	3.2	4.1	3.2	none	4.0	none	MISMATCH_SINCE	real-autoload-gap:Set
Set	i	length	Set.md	176	-	-	4.0	4.0	direct	3.2	4.1	3.2	none	4.0	none	MISMATCH_SINCE	real-autoload-gap:Set
Set	i	empty?	Set.md	184	-	-	4.0	4.0	direct	3.2	4.1	3.2	none	4.0	none	MISMATCH_SINCE	real-autoload-gap:Set
Set	i	clear	Set.md	193	-	-	4.0	4.0	direct	3.2	4.1	3.2	none	4.0	none	MISMATCH_SINCE	real-autoload-gap:Set
Set	i	replace	Set.md	211	-	-	4.0	4.0	direct	3.2	4.1	3.2	none	4.0	none	MISMATCH_SINCE	real-autoload-gap:Set
Set	i	flatten	Set.md	234	-	-	4.0	4.0	direct	3.2	4.1	3.2	none	4.0	none	MISMATCH_SINCE	real-autoload-gap:Set
Set	i	flatten!	Set.md	235	-	-	4.0	4.0	direct	3.2	4.1	3.2	none	4.0	none	MISMATCH_SINCE	real-autoload-gap:Set
Set	i	to_a	Set.md	264	-	-	4.0	4.0	direct	3.2	4.1	3.2	none	4.0	none	MISMATCH_SINCE	real-autoload-gap:Set
Set	i	join	Set.md	273	-	-	4.0	4.0	direct	3.2	4.1	3.2	none	4.0	none	MISMATCH_SINCE	real-autoload-gap:Set
Set	i	include?	Set.md	290	-	-	4.0	4.0	direct	3.2	4.1	3.2	none	4.0	none	MISMATCH_SINCE	real-autoload-gap:Set
Set	i	member?	Set.md	291	-	-	4.0	4.0	direct	3.2	4.1	3.2	none	4.0	none	MISMATCH_SINCE	real-autoload-gap:Set
Set	i	===	Set.md	292	-	-	4.0	4.0	direct	3.2	4.1	3.2	none	4.0	none	MISMATCH_SINCE	real-autoload-gap:Set
Set	i	superset?	Set.md	304	-	-	4.0	4.0	direct	3.2	4.1	3.2	none	4.0	none	MISMATCH_SINCE	real-autoload-gap:Set
Set	i	>=	Set.md	305	-	-	4.0	4.0	direct	3.2	4.1	3.2	none	4.0	none	MISMATCH_SINCE	real-autoload-gap:Set
Set	i	proper_superset?	Set.md	306	-	-	4.0	4.0	direct	3.2	4.1	3.2	none	4.0	none	MISMATCH_SINCE	real-autoload-gap:Set
Set	i	>	Set.md	307	-	-	4.0	4.0	direct	3.2	4.1	3.2	none	4.0	none	MISMATCH_SINCE	real-autoload-gap:Set
Set	i	subset?	Set.md	330	-	-	4.0	4.0	direct	3.2	4.1	3.2	none	4.0	none	MISMATCH_SINCE	real-autoload-gap:Set
Set	i	<=	Set.md	331	-	-	4.0	4.0	direct	3.2	4.1	3.2	none	4.0	none	MISMATCH_SINCE	real-autoload-gap:Set
Set	i	proper_subset?	Set.md	332	-	-	4.0	4.0	direct	3.2	4.1	3.2	none	4.0	none	MISMATCH_SINCE	real-autoload-gap:Set
Set	i	<	Set.md	333	-	-	4.0	4.0	direct	3.2	4.1	3.2	none	4.0	none	MISMATCH_SINCE	real-autoload-gap:Set
Set	i	each	Set.md	356	-	-	4.0	4.0	direct	3.2	4.1	3.2	none	4.0	none	MISMATCH_SINCE	real-autoload-gap:Set
Set	i	collect!	Set.md	367	-	-	4.0	4.0	direct	3.2	4.1	3.2	none	4.0	none	MISMATCH_SINCE	real-autoload-gap:Set
Set	i	map!	Set.md	368	-	-	4.0	4.0	direct	3.2	4.1	3.2	none	4.0	none	MISMATCH_SINCE	real-autoload-gap:Set
Set	i	add	Set.md	384	-	-	4.0	4.0	direct	3.2	4.1	3.2	none	4.0	none	MISMATCH_SINCE	real-autoload-gap:Set
Set	i	<<	Set.md	385	-	-	4.0	4.0	direct	3.2	4.1	3.2	none	4.0	none	MISMATCH_SINCE	real-autoload-gap:Set
Set	i	add?	Set.md	386	-	-	4.0	4.0	direct	3.2	4.1	3.2	none	4.0	none	MISMATCH_SINCE	real-autoload-gap:Set
Set	i	delete	Set.md	410	-	-	4.0	4.0	direct	3.2	4.1	3.2	none	4.0	none	MISMATCH_SINCE	real-autoload-gap:Set
Set	i	delete?	Set.md	411	-	-	4.0	4.0	direct	3.2	4.1	3.2	none	4.0	none	MISMATCH_SINCE	real-autoload-gap:Set
Set	i	delete_if	Set.md	434	-	-	4.0	4.0	direct	3.2	4.1	3.2	none	4.0	none	MISMATCH_SINCE	real-autoload-gap:Set
Set	i	reject!	Set.md	435	-	-	4.0	4.0	direct	3.2	4.1	3.2	none	4.0	none	MISMATCH_SINCE	real-autoload-gap:Set
Set	i	merge	Set.md	464	-	-	4.0	4.0	direct	3.2	4.1	3.2	none	4.0	none	MISMATCH_SINCE	real-autoload-gap:Set
Set	i	subtract	Set.md	483	-	-	4.0	4.0	direct	3.2	4.1	3.2	none	4.0	none	MISMATCH_SINCE	real-autoload-gap:Set
Set	i	union	Set.md	502	-	-	4.0	4.0	direct	3.2	4.1	3.2	none	4.0	none	MISMATCH_SINCE	real-autoload-gap:Set
Set	i	+	Set.md	503	-	-	4.0	4.0	direct	3.2	4.1	3.2	none	4.0	none	MISMATCH_SINCE	real-autoload-gap:Set
Set	i	|	Set.md	504	-	-	4.0	4.0	direct	3.2	4.1	3.2	none	4.0	none	MISMATCH_SINCE	real-autoload-gap:Set
Set	i	difference	Set.md	520	-	-	4.0	4.0	direct	3.2	4.1	3.2	none	4.0	none	MISMATCH_SINCE	real-autoload-gap:Set
Set	i	-	Set.md	521	-	-	4.0	4.0	direct	3.2	4.1	3.2	none	4.0	none	MISMATCH_SINCE	real-autoload-gap:Set
Set	i	intersection	Set.md	537	-	-	4.0	4.0	direct	3.2	4.1	3.2	none	4.0	none	MISMATCH_SINCE	real-autoload-gap:Set
Set	i	&	Set.md	538	-	-	4.0	4.0	direct	3.2	4.1	3.2	none	4.0	none	MISMATCH_SINCE	real-autoload-gap:Set
Set	i	^	Set.md	557	-	-	4.0	4.0	direct	3.2	4.1	3.2	none	4.0	none	MISMATCH_SINCE	real-autoload-gap:Set
Set	i	==	Set.md	574	-	-	4.0	4.0	direct	3.2	4.1	3.2	none	4.0	none	MISMATCH_SINCE	real-autoload-gap:Set
Set	i	classify	Set.md	592	-	-	4.0	4.0	direct	3.2	4.1	3.2	none	4.0	none	MISMATCH_SINCE	real-autoload-gap:Set
Set	i	divide	Set.md	610	-	-	4.0	4.0	direct	3.2	4.1	3.2	none	4.0	none	MISMATCH_SINCE	overloads:2;real-autoload-gap:Set
Set	i	inspect	Set.md	671	-	-	4.0	4.0	direct	3.2	4.1	3.2	none	4.0	none	MISMATCH_SINCE	real-autoload-gap:Set
Set	i	to_s	Set.md	672	-	-	4.0	4.0	direct	3.2	4.1	3.2	none	4.0	none	MISMATCH_SINCE	real-autoload-gap:Set
Set	i	intersect?	Set.md	685	-	-	4.0	4.0	direct	3.2	4.1	3.2	none	4.0	none	MISMATCH_SINCE	real-autoload-gap:Set
Set	i	disjoint?	Set.md	699	-	-	4.0	4.0	direct	3.2	4.1	3.2	none	4.0	none	MISMATCH_SINCE	real-autoload-gap:Set
Set	i	keep_if	Set.md	715	-	-	4.0	4.0	direct	3.2	4.1	3.2	none	4.0	none	MISMATCH_SINCE	real-autoload-gap:Set
Set	i	select!	Set.md	721	-	-	4.0	4.0	direct	3.2	4.1	3.2	none	4.0	none	MISMATCH_SINCE	real-autoload-gap:Set
Set	i	filter!	Set.md	722	-	-	4.0	4.0	direct	3.2	4.1	3.2	none	4.0	none	MISMATCH_SINCE	real-autoload-gap:Set
Set	i	reset	Set.md	728	-	-	4.0	4.0	direct	3.2	4.1	3.2	none	4.0	none	MISMATCH_SINCE	real-autoload-gap:Set
Signal	o	list	Signal.md	10	-	-	1.8.6	4.0	direct	1.8.7	4.1	none	none	none	none	OK	
Signal	o	trap	Signal.md	20	-	-	1.8.6	4.0	direct	1.8.7	4.1	none	none	none	none	OK	overloads:2
Signal	o	signame	Signal.md	83	-	-	2.0.0	4.0	direct	2.0.0	4.1	2.0.0	none	2.0.0	none	OK	
SignalException	s	new	SignalException.md	26	-	-	1.8.6	4.0	new-via-initialize	1.8.7	4.1	none	none	none	none	OK	overloads:3;new-via-initialize
SignalException	i	signo	SignalException.md	53	-	-	1.8.6	4.0	direct	1.8.7	4.1	none	none	none	none	OK	
SignalException	i	signm	SignalException.md	67	-	-	1.8.6	4.0	direct	1.8.7	4.1	none	none	none	none	OK	
StopIteration	i	result	StopIteration.md	10	-	-	1.9.2	4.0	direct	1.9.3	4.1	1.9.3	none	1.9.3	none	INFO_1_9_2	
String	s	try_convert	String.md	173	-	-	1.9.1	4.0	direct	1.9.3	4.1	1.9.3	none	1.9.1	none	MISMATCH_SINCE	ladder-gap-1.9.1-1.9.3
String	s	new	String.md	185	-	-	1.8.6	4.0	new-via-initialize	1.8.7	4.1	none	none	none	none	OK	last-resolved-via:direct;overloads:2;new-via-initialize
String	i	+@	String.md	215	-	-	2.3	4.0	direct	2.3.0	4.1	2.3.0	none	2.3.0	none	OK	
String	i	-@	String.md	238	-	-	2.3	4.0	direct	2.3.0	4.1	2.3.0	none	2.3.0	none	OK	
String	i	dedup	String.md	240	-	-	3.2	4.0	direct	3.2	4.1	3.2	none	3.2	none	OK	
String	i	+	String.md	264	-	-	1.8.6	4.0	direct	1.8.7	4.1	none	none	none	none	OK	
String	i	*	String.md	281	-	-	1.8.6	4.0	direct	1.8.7	4.1	none	none	none	none	OK	
String	i	%	String.md	299	-	-	1.8.6	4.0	direct	1.8.7	4.1	none	none	none	none	OK	
String	i	<=>	String.md	324	-	-	1.8.6	4.0	direct	1.8.7	4.1	none	none	none	none	OK	
String	i	==	String.md	348	-	-	1.8.6	4.0	direct	1.8.7	4.1	none	none	none	none	OK	
String	i	===	String.md	349	EMPTY	-	1.8.6	4.0	inherited:Kernel	1.9.3	4.1	none	none	none	none	OK	last-resolved-via:direct;inherited:Kernel
String	i	<<	String.md	382	-	-	1.8.6	4.0	direct	1.8.7	4.1	none	none	none	none	OK	
String	i	concat	String.md	383	-	-	1.8.6	4.0	direct	1.8.7	4.1	none	none	none	none	OK	overloads:2
String	i	append_as_bytes	String.md	433	-	-	3.4	4.0	direct	3.4	4.1	3.4	none	3.4	none	OK	
String	i	=~	String.md	461	-	-	1.8.6	4.0	direct	1.8.7	4.1	none	none	none	none	OK	
String	i	[]	String.md	481	-	-	1.8.6	4.0	direct	1.8.7	4.1	none	none	none	none	OK	overloads:6
String	i	slice	String.md	482	-	-	1.8.6	4.0	direct	1.8.7	4.1	none	none	none	none	OK	overloads:6
String	i	[]=	String.md	662	-	-	1.8.6	4.0	direct	1.8.7	4.1	none	none	none	none	OK	overloads:7
String	i	capitalize	String.md	783	-	-	1.8.6	4.0	direct	1.8.7	4.1	none	none	none	none	OK	
String	i	capitalize!	String.md	798	-	-	1.8.6	4.0	direct	1.8.7	4.1	none	none	none	none	OK	
String	i	casecmp	String.md	819	-	-	1.8.6	4.0	direct	1.8.7	4.1	none	none	none	none	OK	
String	i	casecmp?	String.md	845	-	-	2.4	4.0	direct	2.4.0	4.1	2.4.0	none	2.4.0	none	OK	
String	i	center	String.md	868	-	-	1.8.6	4.0	direct	1.8.7	4.1	none	none	none	none	OK	
String	i	ljust	String.md	890	-	-	1.8.6	4.0	direct	1.8.7	4.1	none	none	none	none	OK	
String	i	rjust	String.md	910	-	-	1.8.6	4.0	direct	1.8.7	4.1	none	none	none	none	OK	
String	i	chomp	String.md	930	-	-	1.8.6	4.0	direct	1.8.7	4.1	none	none	none	none	OK	
String	i	chomp!	String.md	961	-	-	1.8.6	4.0	direct	1.8.7	4.1	none	none	none	none	OK	
String	i	chop	String.md	996	-	-	1.8.6	4.0	direct	1.8.7	4.1	none	none	none	none	OK	
String	i	chop!	String.md	1013	-	-	1.8.6	4.0	direct	1.8.7	4.1	none	none	none	none	OK	
String	i	clear	String.md	1033	-	-	1.9.1	4.0	direct	1.9.3	4.1	1.9.3	none	1.9.1	none	MISMATCH_SINCE	ladder-gap-1.9.1-1.9.3
String	i	count	String.md	1059	-	-	1.8.6	4.0	direct	1.8.7	4.1	none	none	none	none	OK	
String	i	crypt	String.md	1089	-	-	1.8.6	4.0	direct	1.8.7	4.1	none	none	none	none	OK	
String	i	delete	String.md	1133	-	-	1.8.6	4.0	direct	1.8.7	4.1	none	none	none	none	OK	
String	i	delete!	String.md	1156	-	-	1.8.6	4.0	direct	1.8.7	4.1	none	none	none	none	OK	
String	i	downcase	String.md	1190	-	-	1.8.6	4.0	direct	1.8.7	4.1	none	none	none	none	OK	
String	i	downcase!	String.md	1234	-	-	1.8.6	4.0	direct	1.8.7	4.1	none	none	none	none	OK	
String	i	dump	String.md	1250	-	-	1.8.6	4.0	direct	1.8.7	4.1	none	none	none	none	OK	
String	i	undump	String.md	1262	-	-	2.5	4.0	direct	2.5.0	4.1	2.5.0	none	2.5.0	none	OK	
String	i	each_line	String.md	1274	-	-	1.8.6	4.0	direct	1.8.7	4.1	none	none	none	none	OK	overloads:2
String	i	lines	String.md	1307	-	-	1.8.7	4.0	direct	1.8.7	4.1	none	none	none	none	INFO_1_8_7	overloads:2
String	i	each_byte	String.md	1339	-	-	1.8.6	4.0	direct	1.8.7	4.1	none	none	none	none	OK	overloads:2
String	i	bytes	String.md	1362	-	-	1.8.7	4.0	direct	1.8.7	4.1	none	none	none	none	INFO_1_8_7	overloads:2
String	i	empty?	String.md	1377	-	-	1.8.6	4.0	direct	1.8.7	4.1	none	none	none	none	OK	
String	i	getbyte	String.md	1387	-	-	1.9.1	4.0	direct	1.9.3	4.1	1.9.3	none	1.9.1	none	MISMATCH_SINCE	ladder-gap-1.9.1-1.9.3
String	i	setbyte	String.md	1405	-	-	1.9.1	4.0	direct	1.9.3	4.1	1.9.3	none	1.9.1	none	MISMATCH_SINCE	ladder-gap-1.9.1-1.9.3
String	i	gsub	String.md	1424	-	-	1.8.6	4.0	direct	1.8.7	4.1	none	none	none	none	OK	overloads:4
String	i	gsub!	String.md	1512	-	-	1.8.6	4.0	direct	1.8.7	4.1	none	none	none	none	OK	overloads:4
String	i	hex	String.md	1605	-	-	1.8.6	4.0	direct	1.8.7	4.1	none	none	none	none	OK	
String	i	include?	String.md	1634	-	-	1.8.6	4.0	direct	1.8.7	4.1	none	none	none	none	OK	
String	i	index	String.md	1646	-	-	1.8.6	4.0	direct	1.8.7	4.1	none	none	none	none	OK	
String	i	byteindex	String.md	1671	-	-	3.2	4.0	direct	3.2	4.1	3.2	none	3.2	none	OK	
String	i	insert	String.md	1713	-	-	1.8.6	4.0	direct	1.8.7	4.1	none	none	none	none	OK	
String	i	intern	String.md	1737	-	-	1.8.6	4.0	direct	1.8.7	4.1	none	none	none	none	OK	
String	i	to_sym	String.md	1738	-	-	1.8.6	4.0	direct	1.8.7	4.1	none	none	none	none	OK	
String	i	length	String.md	1752	-	-	1.8.6	4.0	direct	1.8.7	4.1	none	none	none	none	OK	
String	i	size	String.md	1753	-	-	1.8.6	4.0	direct	1.8.7	4.1	none	none	none	none	OK	
String	i	match	String.md	1787	-	-	1.8.6	4.0	direct	1.8.7	4.1	none	none	none	none	OK	overloads:2
String	i	match?	String.md	1813	-	-	2.4	4.0	direct	2.4.0	4.1	2.4.0	none	2.4.0	none	OK	
String	i	succ	String.md	1828	-	-	1.8.6	4.0	direct	1.8.7	4.1	none	none	none	none	OK	
String	i	next	String.md	1829	-	-	1.8.6	4.0	direct	1.8.7	4.1	none	none	none	none	OK	
String	i	succ!	String.md	1893	-	-	1.8.6	4.0	direct	1.8.7	4.1	none	none	none	none	OK	
String	i	next!	String.md	1894	-	-	1.8.6	4.0	direct	1.8.7	4.1	none	none	none	none	OK	
String	i	oct	String.md	1932	-	-	1.8.6	4.0	direct	1.8.7	4.1	none	none	none	none	OK	
String	i	replace	String.md	1971	-	-	1.8.6	4.0	direct	1.8.7	4.1	none	none	none	none	OK	
String	i	reverse	String.md	1981	-	-	1.8.6	4.0	direct	1.8.7	4.1	none	none	none	none	OK	
String	i	reverse!	String.md	1990	-	-	1.8.6	4.0	direct	1.8.7	4.1	none	none	none	none	OK	
String	i	rindex	String.md	2000	-	-	1.8.6	4.0	direct	1.8.7	4.1	none	none	none	none	OK	
String	i	byterindex	String.md	2043	-	-	3.2	4.0	direct	3.2	4.1	3.2	none	3.2	none	OK	
String	i	scan	String.md	2111	-	-	1.8.6	4.0	direct	1.8.7	4.1	none	none	none	none	OK	overloads:2
String	i	slice!	String.md	2156	-	-	1.8.6	4.0	direct	1.8.7	4.1	none	none	none	none	OK	overloads:6
String	i	split	String.md	2176	-	-	1.8.6	4.0	direct	1.8.7	4.1	none	none	none	none	OK	overloads:2
String	i	squeeze	String.md	2272	-	-	1.8.6	4.0	direct	1.8.7	4.1	none	none	none	none	OK	
String	i	squeeze!	String.md	2298	-	-	1.8.6	4.0	direct	1.8.7	4.1	none	none	none	none	OK	
String	i	strip	String.md	2332	-	-	1.8.6	4.0	direct	1.8.7	4.1	none	none	none	none	OK	overloads:2
String	i	strip!	String.md	2384	-	-	1.8.6	4.0	direct	1.8.7	4.1	none	none	none	none	OK	overloads:2
String	i	lstrip	String.md	2441	-	-	1.8.6	4.0	direct	1.8.7	4.1	none	none	none	none	OK	overloads:2
String	i	lstrip!	String.md	2486	-	-	1.8.6	4.0	direct	1.8.7	4.1	none	none	none	none	OK	overloads:2
String	i	rstrip	String.md	2536	-	-	1.8.6	4.0	direct	1.8.7	4.1	none	none	none	none	OK	overloads:2
String	i	rstrip!	String.md	2586	-	-	1.8.6	4.0	direct	1.8.7	4.1	none	none	none	none	OK	overloads:2
String	i	sub	String.md	2634	-	-	1.8.6	4.0	direct	1.8.7	4.1	none	none	none	none	OK	overloads:3
String	i	sub!	String.md	2719	-	-	1.8.6	4.0	direct	1.8.7	4.1	none	none	none	none	OK	overloads:3
String	i	sum	String.md	2801	-	-	1.8.6	4.0	direct	1.8.7	4.1	none	none	none	none	OK	
String	i	swapcase	String.md	2829	-	-	1.8.6	4.0	direct	1.8.7	4.1	none	none	none	none	OK	
String	i	swapcase!	String.md	2842	-	-	1.8.6	4.0	direct	1.8.7	4.1	none	none	none	none	OK	
String	i	to_f	String.md	2860	-	-	1.8.6	4.0	direct	1.8.7	4.1	none	none	none	none	OK	
String	i	to_i	String.md	2917	-	-	1.8.6	4.0	direct	1.8.7	4.1	none	none	none	none	OK	
String	i	to_s	String.md	2974	-	-	1.8.6	4.0	direct	1.8.7	4.1	none	none	none	none	OK	
String	i	to_str	String.md	2975	-	-	1.8.6	4.0	direct	1.8.7	4.1	none	none	none	none	OK	
String	i	tr	String.md	2994	-	-	1.8.6	4.0	direct	1.8.7	4.1	none	none	none	none	OK	
String	i	tr!	String.md	3029	-	-	1.8.6	4.0	direct	1.8.7	4.1	none	none	none	none	OK	
String	i	tr_s	String.md	3053	-	-	1.8.6	4.0	direct	1.8.7	4.1	none	none	none	none	OK	
String	i	tr_s!	String.md	3092	-	-	1.8.6	4.0	direct	1.8.7	4.1	none	none	none	none	OK	
String	i	unpack	String.md	3139	-	-	1.8.6	4.0	direct	1.8.7	4.1	none	none	none	none	OK	
String	i	upcase	String.md	3150	-	-	1.8.6	4.0	direct	1.8.7	4.1	none	none	none	none	OK	
String	i	upcase!	String.md	3164	-	-	1.8.6	4.0	direct	1.8.7	4.1	none	none	none	none	OK	
String	i	upto	String.md	3180	-	-	1.8.6	4.0	direct	1.8.7	4.1	none	none	none	none	OK	
String	i	eql?	String.md	3200	-	-	1.8.6	4.0	direct	1.8.7	4.1	none	none	none	none	OK	
String	i	hash	String.md	3232	-	-	1.8.6	4.0	direct	1.8.7	4.1	none	none	none	none	OK	
String	i	inspect	String.md	3244	-	-	1.8.6	4.0	direct	1.8.7	4.1	none	none	none	none	OK	
String	i	chr	String.md	3263	-	-	1.9.1	4.0	direct	1.9.3	4.1	1.9.3	none	1.9.1	none	MISMATCH_SINCE	ladder-gap-1.9.1-1.9.3
String	i	start_with?	String.md	3284	-	-	1.8.7	4.0	direct	1.8.7	4.1	none	none	none	none	INFO_1_8_7	
String	i	end_with?	String.md	3301	-	-	1.8.7	4.0	direct	1.8.7	4.1	none	none	none	none	INFO_1_8_7	
String	i	partition	String.md	3316	-	-	1.8.6	4.0	inherited:Enumerable	1.8.7	4.1	none	none	none	none	OK	last-resolved-via:direct;inherited:Enumerable
String	i	rpartition	String.md	3334	-	-	1.8.7	4.0	direct	1.8.7	4.1	none	none	none	none	INFO_1_8_7	
String	i	each_char	String.md	3351	-	-	1.8.7	4.0	direct	1.8.7	4.1	none	none	none	none	INFO_1_8_7	overloads:2
String	i	chars	String.md	3370	-	-	1.8.7	4.0	direct	1.8.7	4.1	none	none	none	none	INFO_1_8_7	overloads:2
String	i	each_codepoint	String.md	3385	-	-	1.9.1	4.0	direct	1.9.3	4.1	1.9.3	none	1.9.1	none	MISMATCH_SINCE	overloads:2;ladder-gap-1.9.1-1.9.3
String	i	codepoints	String.md	3402	-	-	1.9.1	4.0	direct	1.9.3	4.1	1.9.3	none	1.9.1	none	MISMATCH_SINCE	overloads:2;ladder-gap-1.9.1-1.9.3
String	i	bytesize	String.md	3419	-	-	1.8.7	4.0	direct	1.8.7	4.1	none	none	none	none	INFO_1_8_7	
String	i	ord	String.md	3432	-	-	1.9.1	4.0	direct	1.9.3	4.1	1.9.3	none	1.9.1	none	MISMATCH_SINCE	ladder-gap-1.9.1-1.9.3
String	i	encoding	String.md	3447	-	-	1.9.1	4.0	direct	1.9.3	4.1	1.9.3	none	1.9.1	none	MISMATCH_SINCE	ladder-gap-1.9.1-1.9.3
String	i	force_encoding	String.md	3461	-	-	1.9.1	4.0	direct	1.9.3	4.1	1.9.3	none	1.9.1	none	MISMATCH_SINCE	ladder-gap-1.9.1-1.9.3
String	i	ascii_only?	String.md	3481	-	-	1.9.1	4.0	direct	1.9.3	4.1	1.9.3	none	1.9.1	none	MISMATCH_SINCE	ladder-gap-1.9.1-1.9.3
String	i	valid_encoding?	String.md	3493	-	-	1.9.1	4.0	direct	1.9.3	4.1	1.9.3	none	1.9.1	none	MISMATCH_SINCE	ladder-gap-1.9.1-1.9.3
String	i	encode	String.md	3504	-	-	1.9.1	4.0	direct	1.9.3	4.1	1.9.3	none	1.9.1	none	MISMATCH_SINCE	overloads:3;ladder-gap-1.9.1-1.9.3
String	i	encode!	String.md	3559	-	-	1.9.1	4.0	direct	1.9.3	4.1	1.9.3	none	1.9.1	none	MISMATCH_SINCE	overloads:2;ladder-gap-1.9.1-1.9.3
String	i	to_c	String.md	3580	-	-	1.9.1	4.0	direct	1.9.3	4.1	1.9.3	none	1.9.1	none	MISMATCH_SINCE	ladder-gap-1.9.1-1.9.3
String	i	to_r	String.md	3616	-	-	1.9.1	4.0	direct	1.9.3	4.1	1.9.3	none	1.9.1	none	MISMATCH_SINCE	ladder-gap-1.9.1-1.9.3
String	i	byteslice	String.md	3655	-	-	1.9.3	4.0	direct	1.9.3	4.1	1.9.3	none	1.9.3	none	OK	overloads:3
String	i	bytesplice	String.md	3711	-	-	3.2	4.0	direct	3.2	4.1	3.2	none	3.2	none	OK	overloads:4
String	i	prepend	String.md	3747	-	-	1.9.3	4.0	direct	1.9.3	4.1	1.9.3	none	1.9.3	none	OK	overloads:2
String	i	b	String.md	3775	2.0.0	-	2.0.0	4.0	direct	1.9.3	4.1	2.0.0	none	2.0.0	none	OK	
String	i	scrub	String.md	3785	-	-	2.1	4.0	direct	2.1.0	4.1	2.1.0	none	2.1.0	none	OK	overloads:3
String	i	scrub!	String.md	3803	-	-	2.1	4.0	direct	2.1.0	4.1	2.1.0	none	2.1.0	none	OK	overloads:3
String	i	unicode_normalize	String.md	3821	-	-	2.2	4.0	direct	2.2.0	4.1	2.2.0	none	2.2.0	none	OK	
String	i	unicode_normalize!	String.md	3844	-	-	2.2	4.0	direct	2.2.0	4.1	2.2.0	none	2.2.0	none	OK	
String	i	unicode_normalized?	String.md	3864	-	-	2.2	4.0	direct	2.2.0	4.1	2.2.0	none	2.2.0	none	OK	
String	i	unpack1	String.md	3883	-	-	2.4	4.0	direct	2.4.0	4.1	2.4.0	none	2.4.0	none	OK	
String	i	each_grapheme_cluster	String.md	3899	-	-	2.5	4.0	direct	2.5.0	4.1	2.5.0	none	2.5.0	none	OK	overloads:2
String	i	grapheme_clusters	String.md	3915	-	-	2.5	4.0	direct	2.5.0	4.1	2.5.0	none	2.5.0	none	OK	overloads:2
String	i	delete_prefix	String.md	3930	-	-	2.5	4.0	direct	2.5.0	4.1	2.5.0	none	2.5.0	none	OK	
String	i	delete_prefix!	String.md	3947	-	-	2.5	4.0	direct	2.5.0	4.1	2.5.0	none	2.5.0	none	OK	
String	i	delete_suffix	String.md	3964	-	-	2.5	4.0	direct	2.5.0	4.1	2.5.0	none	2.5.0	none	OK	
String	i	delete_suffix!	String.md	3983	-	-	2.5	4.0	direct	2.5.0	4.1	2.5.0	none	2.5.0	none	OK	
Struct	s	new	Struct.md	15	-	-	1.8.6	4.0	direct	1.8.7	4.1	none	none	none	none	OK	overloads:5
Struct	s	[]	Struct.md	158	-	-	-	-	-	1.8.7	4.1	none	none	-	-	DOC_ONLY	
Struct	s	members	Struct.md	175	-	-	-	-	-	1.8.7	4.1	none	none	-	-	DOC_ONLY	
Struct	s	keyword_init?	Struct.md	186	-	-	-	-	-	3.1	4.1	3.1	none	-	-	DOC_ONLY	
Struct	i	[]	Struct.md	205	-	-	1.8.6	4.0	direct	1.8.7	4.1	none	none	none	none	OK	
Struct	i	[]=	Struct.md	238	-	-	1.8.6	4.0	direct	1.8.7	4.1	none	none	none	none	OK	
Struct	i	each	Struct.md	264	-	-	1.8.6	4.0	direct	1.8.7	4.1	none	none	none	none	OK	overloads:2
Struct	i	each_pair	Struct.md	281	-	-	1.8.6	4.0	direct	1.8.7	4.1	none	none	none	none	OK	overloads:2
Struct	i	length	Struct.md	295	-	-	1.8.6	4.0	direct	1.8.7	4.1	none	none	none	none	OK	
Struct	i	size	Struct.md	296	-	-	1.8.6	4.0	direct	1.8.7	4.1	none	none	none	none	OK	
Struct	i	members	Struct.md	308	-	-	1.8.6	4.0	direct	1.8.7	4.1	none	none	none	none	OK	
Struct	i	values	Struct.md	319	-	-	1.8.6	4.0	direct	1.8.7	4.1	none	none	none	none	OK	
Struct	i	to_a	Struct.md	320	-	-	1.8.6	4.0	direct	1.8.7	4.1	none	none	none	none	OK	
Struct	i	deconstruct	Struct.md	321	2.7.0	-	2.7	4.0	direct	3.0	4.1	2.7.0	none	2.7.0	none	OK	
Struct	i	deconstruct_keys	Struct.md	336	2.7.0	-	2.7	4.0	direct	3.0	4.1	2.7.0	none	2.7.0	none	OK	
Struct	i	inspect	Struct.md	358	-	-	1.8.6	4.0	direct	1.8.7	4.1	none	none	none	none	OK	
Struct	i	to_s	Struct.md	359	-	-	1.8.6	4.0	direct	1.8.7	4.1	none	none	none	none	OK	
Struct	i	select	Struct.md	371	-	-	1.8.6	4.0	direct	1.8.7	4.1	none	none	none	none	OK	overloads:2
Struct	i	filter	Struct.md	373	-	-	2.6	4.0	direct	2.6.0	4.1	2.6.0	none	2.6.0	none	OK	overloads:2
Struct	i	values_at	Struct.md	390	-	-	1.8.6	4.0	direct	1.8.7	4.1	none	none	none	none	OK	
Struct	i	dig	Struct.md	406	-	-	2.3	4.0	direct	2.3.0	4.1	2.3.0	none	2.3.0	none	OK	
Struct	i	==	Struct.md	422	-	-	1.8.6	4.0	direct	1.8.7	4.1	none	none	none	none	OK	
Struct	i	eql?	Struct.md	443	-	-	1.8.6	4.0	direct	1.8.7	4.1	none	none	none	none	OK	
Struct	i	equal?	Struct.md	464	-	-	1.8.6	4.0	inherited:Kernel	1.8.7	4.1	none	none	none	none	OK	last-resolved-via:inherited:BasicObject;inherited:Kernel
Struct	i	hash	Struct.md	475	-	-	1.8.6	4.0	direct	1.8.7	4.1	none	none	none	none	OK	
Struct	i	to_h	Struct.md	489	-	-	2.0.0	4.0	direct	2.0.0	4.1	2.0.0	none	2.0.0	none	OK	overloads:2
Symbol	s	all_symbols	Symbol.md	85	-	-	1.8.6	4.0	direct	1.8.7	4.1	none	none	none	none	OK	
Symbol	i	intern	Symbol.md	117	-	-	1.9.1	4.0	direct	1.9.3	4.1	1.9.3	none	1.9.1	none	MISMATCH_SINCE	ladder-gap-1.9.1-1.9.3
Symbol	i	to_sym	Symbol.md	118	-	-	1.8.6	4.0	direct	1.8.7	4.1	none	none	none	none	OK	
Symbol	i	id2name	Symbol.md	128	-	-	1.8.6	4.0	direct	1.8.7	4.1	none	none	none	none	OK	
Symbol	i	to_s	Symbol.md	129	-	-	1.8.6	4.0	direct	1.8.7	4.1	none	none	none	none	OK	
Symbol	i	name	Symbol.md	156	-	-	3.0	4.0	direct	3.0	4.1	3.0	none	3.0	none	OK	
Symbol	i	to_proc	Symbol.md	171	-	-	1.8.7	4.0	direct	1.8.7	4.1	none	none	none	none	INFO_1_8_7	
Symbol	i	==	Symbol.md	198	EMPTY	-	1.8.6	4.0	inherited:Kernel	1.9.3	4.1	none	none	none	none	OK	last-resolved-via:direct;inherited:Kernel
Symbol	i	start_with?	Symbol.md	211	-	-	2.7	4.0	direct	2.7.0	4.1	2.7.0	none	2.7.0	none	OK	
Symbol	i	succ	Symbol.md	232	-	-	1.9.1	4.0	direct	1.9.3	4.1	1.9.3	none	1.9.1	none	MISMATCH_SINCE	ladder-gap-1.9.1-1.9.3
Symbol	i	next	Symbol.md	233	-	-	1.9.1	4.0	direct	1.9.3	4.1	1.9.3	none	1.9.1	none	MISMATCH_SINCE	ladder-gap-1.9.1-1.9.3
Symbol	i	<=>	Symbol.md	246	-	-	1.9.1	4.0	direct	1.9.3	4.1	1.9.3	none	1.9.1	none	MISMATCH_SINCE	ladder-gap-1.9.1-1.9.3
Symbol	i	casecmp	Symbol.md	264	-	-	1.9.1	4.0	direct	1.9.3	4.1	1.9.3	none	1.9.1	none	MISMATCH_SINCE	ladder-gap-1.9.1-1.9.3
Symbol	i	casecmp?	Symbol.md	290	-	-	2.4	4.0	direct	2.4.0	4.1	2.4.0	none	2.4.0	none	OK	
Symbol	i	=~	Symbol.md	314	EMPTY	-	1.8.6	4.0	inherited:Kernel	1.9.3	4.1	none	none	none	none	OK	last-resolved-via:direct;inherited:Kernel
Symbol	i	match	Symbol.md	333	1.9.1	-	1.9.1	4.0	direct	1.9.3	4.1	1.9.1	none	1.9.1	none	OK	
Symbol	i	match?	Symbol.md	353	-	-	2.4	4.0	direct	2.4.0	4.1	2.4.0	none	2.4.0	none	OK	
Symbol	i	[]	Symbol.md	370	-	-	1.9.1	4.0	direct	1.9.3	4.1	1.9.3	none	1.9.1	none	MISMATCH_SINCE	overloads:5;ladder-gap-1.9.1-1.9.3
Symbol	i	slice	Symbol.md	371	-	-	1.9.1	4.0	direct	1.9.3	4.1	1.9.3	none	1.9.1	none	MISMATCH_SINCE	overloads:5;ladder-gap-1.9.1-1.9.3
Symbol	i	length	Symbol.md	444	-	-	1.9.1	4.0	direct	1.9.3	4.1	1.9.3	none	1.9.1	none	MISMATCH_SINCE	ladder-gap-1.9.1-1.9.3
Symbol	i	size	Symbol.md	445	-	-	1.9.1	4.0	direct	1.9.3	4.1	1.9.3	none	1.9.1	none	MISMATCH_SINCE	ladder-gap-1.9.1-1.9.3
Symbol	i	empty?	Symbol.md	457	-	-	1.9.1	4.0	direct	1.9.3	4.1	1.9.3	none	1.9.1	none	MISMATCH_SINCE	ladder-gap-1.9.1-1.9.3
Symbol	i	end_with?	Symbol.md	468	-	-	2.7	4.0	direct	2.7.0	4.1	2.7.0	none	2.7.0	none	OK	
Symbol	i	upcase	Symbol.md	488	-	-	1.9.1	4.0	direct	1.9.3	4.1	1.9.3	none	1.9.1	none	MISMATCH_SINCE	ladder-gap-1.9.1-1.9.3
Symbol	i	downcase	Symbol.md	500	-	-	1.9.1	4.0	direct	1.9.3	4.1	1.9.3	none	1.9.1	none	MISMATCH_SINCE	ladder-gap-1.9.1-1.9.3
Symbol	i	capitalize	Symbol.md	512	-	-	1.9.1	4.0	direct	1.9.3	4.1	1.9.3	none	1.9.1	none	MISMATCH_SINCE	ladder-gap-1.9.1-1.9.3
Symbol	i	swapcase	Symbol.md	527	-	-	1.9.1	4.0	direct	1.9.3	4.1	1.9.3	none	1.9.1	none	MISMATCH_SINCE	ladder-gap-1.9.1-1.9.3
Symbol	i	encoding	Symbol.md	540	-	-	1.9.1	4.0	direct	1.9.3	4.1	1.9.3	none	1.9.1	none	MISMATCH_SINCE	ladder-gap-1.9.1-1.9.3
Symbol	i	inspect	Symbol.md	553	-	-	1.8.6	4.0	direct	1.8.7	4.1	none	none	none	none	OK	
SyntaxError	i	path	SyntaxError.md	11	-	-	3.2	4.0	direct	3.2	4.1	3.2	none	3.2	none	OK	
SystemCallError	s	new	SystemCallError.md	15	-	-	1.8.6	4.0	new-via-initialize	1.8.7	4.1	none	none	none	none	OK	overloads:3;new-via-initialize
SystemCallError	s	===	SystemCallError.md	57	-	-	1.8.6	4.0	direct	1.8.7	4.1	none	none	none	none	OK	
SystemCallError	i	errno	SystemCallError.md	85	-	-	1.8.6	4.0	direct	1.8.7	4.1	none	none	none	none	OK	
Errno::EXXX	s	new	SystemCallError.md	293	-	-	1.8.6	4.0	special:errno-template(SystemCallError)	1.8.7	4.1	none	none	none	none	OK	overloads:2;special:errno-template(SystemCallError)
SystemExit	s	new	SystemExit.md	11	-	-	1.8.6	4.0	new-via-initialize	1.8.7	4.1	none	none	none	none	OK	new-via-initialize
SystemExit	i	status	SystemExit.md	26	-	-	1.8.6	4.0	direct	1.8.7	4.1	none	none	none	none	OK	
SystemExit	i	success?	SystemExit.md	46	-	-	1.8.6	4.0	direct	1.8.7	4.1	none	none	none	none	OK	
Thread	s	abort_on_exception	Thread.md	12	-	-	1.8.6	4.0	direct	1.8.7	4.1	none	none	none	none	OK	
Thread	s	abort_on_exception=	Thread.md	13	-	-	1.8.6	4.0	direct	1.8.7	4.1	none	none	none	none	OK	
Thread	s	report_on_exception	Thread.md	30	-	-	2.4	4.0	direct	2.4.0	4.1	2.4.0	none	2.4.0	none	OK	
Thread	s	report_on_exception=	Thread.md	31	-	-	2.4	4.0	direct	2.4.0	4.1	2.4.0	none	2.4.0	none	OK	
Thread	s	ignore_deadlock	Thread.md	71	-	-	3.0	4.0	direct	3.0	4.1	3.0	none	3.0	none	OK	
Thread	s	ignore_deadlock=	Thread.md	81	-	-	3.0	4.0	direct	3.0	4.1	3.0	none	3.0	none	OK	
Thread	s	current	Thread.md	99	-	-	1.8.6	4.0	direct	1.8.7	4.1	none	none	none	none	OK	
Thread	s	exit	Thread.md	107	-	-	1.8.6	4.0	direct	1.8.7	4.1	none	none	none	none	OK	
Thread	s	kill	Thread.md	113	-	-	1.8.6	4.0	direct	1.8.7	4.1	none	none	none	none	OK	
Thread	s	list	Thread.md	126	-	-	1.8.6	4.0	direct	1.8.7	4.1	none	none	none	none	OK	
Thread	s	main	Thread.md	139	-	-	1.8.6	4.0	direct	1.8.7	4.1	none	none	none	none	OK	
Thread	s	start	Thread.md	147	-	-	1.8.6	4.0	direct	1.8.7	4.1	none	none	none	none	OK	
Thread	s	fork	Thread.md	148	-	-	1.8.6	4.0	direct	1.8.7	4.1	none	none	none	none	OK	
Thread	s	new	Thread.md	178	-	-	1.8.6	4.0	direct	1.8.7	4.1	none	none	none	none	OK	
Thread	s	pass	Thread.md	205	-	-	1.8.6	4.0	direct	1.8.7	4.1	none	none	none	none	OK	
Thread	s	stop	Thread.md	235	-	-	1.8.6	4.0	direct	1.8.7	4.1	none	none	none	none	OK	
Thread	s	each_caller_location	Thread.md	252	-	-	3.2	4.0	direct	3.2	4.1	3.2	none	3.2	none	OK	overloads:3
Thread	s	DEBUG	Thread.md	287	-	-	-	-	-	1.9.3	4.1	1.9.3	none	-	-	DOC_ONLY	
Thread	s	DEBUG=	Thread.md	302	-	-	-	-	-	1.9.3	4.1	1.9.3	none	-	-	DOC_ONLY	
Thread	s	pending_interrupt?	Thread.md	319	-	-	2.0.0	4.0	direct	2.0.0	4.1	2.0.0	none	2.0.0	none	OK	
Thread	s	handle_interrupt	Thread.md	378	-	-	2.0.0	4.0	direct	2.0.0	4.1	2.0.0	none	2.0.0	none	OK	
Thread	i	[]	Thread.md	486	-	-	1.8.6	4.0	direct	1.8.7	4.1	none	none	none	none	OK	
Thread	i	[]=	Thread.md	546	-	-	1.8.6	4.0	direct	1.8.7	4.1	none	none	none	none	OK	
Thread	i	fetch	Thread.md	558	-	-	2.5	4.0	direct	2.5.0	4.1	2.5.0	none	2.5.0	none	OK	
Thread	i	abort_on_exception	Thread.md	579	-	-	1.8.6	4.0	direct	1.8.7	4.1	none	none	none	none	OK	
Thread	i	abort_on_exception=	Thread.md	580	-	-	1.8.6	4.0	direct	1.8.7	4.1	none	none	none	none	OK	
Thread	i	report_on_exception	Thread.md	596	-	-	2.4	4.0	direct	2.4.0	4.1	2.4.0	none	2.4.0	none	OK	
Thread	i	report_on_exception=	Thread.md	597	-	-	2.4	4.0	direct	2.4.0	4.1	2.4.0	none	2.4.0	none	OK	
Thread	i	alive?	Thread.md	625	-	-	1.8.6	4.0	direct	1.8.7	4.1	none	none	none	none	OK	
Thread	i	exit	Thread.md	640	-	-	1.8.6	4.0	direct	1.8.7	4.1	none	none	none	none	OK	
Thread	i	kill	Thread.md	641	-	-	1.8.6	4.0	direct	1.8.7	4.1	none	none	none	none	OK	
Thread	i	terminate	Thread.md	642	-	-	1.8.6	4.0	direct	1.8.7	4.1	none	none	none	none	OK	
Thread	i	group	Thread.md	669	-	-	1.8.6	4.0	direct	1.8.7	4.1	none	none	none	none	OK	
Thread	i	join	Thread.md	678	-	-	1.8.6	4.0	direct	1.8.7	4.1	none	none	none	none	OK	overloads:2
Thread	i	key?	Thread.md	700	-	-	1.8.6	4.0	direct	1.8.7	4.1	none	none	none	none	OK	
Thread	i	keys	Thread.md	714	-	-	1.8.6	4.0	direct	1.8.7	4.1	none	none	none	none	OK	
Thread	i	priority	Thread.md	728	-	-	1.8.6	4.0	direct	1.8.7	4.1	none	none	none	none	OK	
Thread	i	priority=	Thread.md	729	-	-	1.8.6	4.0	direct	1.8.7	4.1	none	none	none	none	OK	
Thread	i	raise	Thread.md	756	-	-	1.8.6	4.0	direct	1.8.7	4.1	none	none	none	none	OK	
Thread	i	run	Thread.md	782	-	-	1.8.6	4.0	direct	1.8.7	4.1	none	none	none	none	OK	
Thread	i	status	Thread.md	802	-	-	1.8.6	4.0	direct	1.8.7	4.1	none	none	none	none	OK	
Thread	i	stop?	Thread.md	835	-	-	1.8.6	4.0	direct	1.8.7	4.1	none	none	none	none	OK	
Thread	i	value	Thread.md	848	-	-	1.8.6	4.0	direct	1.8.7	4.1	none	none	none	none	OK	
Thread	i	wakeup	Thread.md	871	-	-	1.8.6	4.0	direct	1.8.7	4.1	none	none	none	none	OK	
Thread	i	inspect	Thread.md	887	-	-	1.8.6	4.0	direct	1.8.7	4.1	none	none	none	none	OK	
Thread	i	to_s	Thread.md	888	EMPTY	-	1.8.6	4.0	inherited:Kernel	2.5.0	4.1	none	none	none	none	OK	last-resolved-via:direct;inherited:Kernel
Thread	i	add_trace_func	Thread.md	900	-	-	1.9.2	4.0	direct	1.9.3	4.1	1.9.3	none	1.9.3	none	INFO_1_9_2	
Thread	i	set_trace_func	Thread.md	929	1.9.2	-	1.8.6	4.0	inherited:Kernel	1.9.3	4.1	1.9.2	none	none	none	MISMATCH_SINCE	last-resolved-via:direct;inherited:Kernel;explicit-wrong
Thread	i	backtrace	Thread.md	966	-	-	1.9.2	4.0	direct	1.9.3	4.1	1.9.3	none	1.9.3	none	INFO_1_9_2	
Thread	i	backtrace_locations	Thread.md	1002	-	-	2.0.0	4.0	direct	2.0.0	4.1	2.0.0	none	2.0.0	none	OK	overloads:2
Thread	i	thread_variable_get	Thread.md	1030	-	-	2.0.0	4.0	direct	2.0.0	4.1	2.0.0	none	2.0.0	none	OK	
Thread	i	thread_variable_set	Thread.md	1056	-	-	2.0.0	4.0	direct	2.0.0	4.1	2.0.0	none	2.0.0	none	OK	
Thread	i	thread_variable?	Thread.md	1073	-	-	2.0.0	4.0	direct	2.0.0	4.1	2.0.0	none	2.0.0	none	OK	
Thread	i	thread_variables	Thread.md	1090	-	-	2.0.0	4.0	direct	3.0	4.1	3.0	none	2.0.0	none	MISMATCH_SINCE	db-late
Thread	i	native_thread_id	Thread.md	1108	-	-	3.1	4.0	direct	3.1	4.1	3.1	none	3.1	none	OK	
Thread	i	pending_interrupt?	Thread.md	1132	-	-	2.0.0	4.0	direct	2.0.0	4.1	2.0.0	none	2.0.0	none	OK	
Thread	i	name	Thread.md	1142	-	-	2.3	4.0	direct	2.3.0	4.1	2.3.0	none	2.3.0	none	OK	
Thread	i	name=	Thread.md	1150	-	-	2.3	4.0	direct	2.3.0	4.1	2.3.0	none	2.3.0	none	OK	
ThreadGroup	s	new	ThreadGroup.md	41	-	-	1.8.6	4.0	inherited-new-via-initialize:Object	1.8.7	4.1	none	none	none	none	OK	last-resolved-via:inherited-new-via-initialize:BasicObject;inherited-new-via-initialize:Object
ThreadGroup	i	add	ThreadGroup.md	55	-	-	1.8.6	4.0	direct	1.8.7	4.1	none	none	none	none	OK	
ThreadGroup	i	enclose	ThreadGroup.md	79	-	-	1.8.6	4.0	direct	1.8.7	4.1	none	none	none	none	OK	
ThreadGroup	i	enclosed?	ThreadGroup.md	114	-	-	1.8.6	4.0	direct	1.8.7	4.1	none	none	none	none	OK	
ThreadGroup	i	list	ThreadGroup.md	134	-	-	1.8.6	4.0	direct	1.8.7	4.1	none	none	none	none	OK	
Thread::Backtrace	s	limit	Thread__Backtrace.md	16	-	-	3.1	4.0	direct	3.1	4.1	3.1	none	3.1	none	OK	
Thread::Backtrace::Location	i	lineno	Thread__Backtrace__Location.md	72	-	-	2.0.0	4.0	direct	2.0.0	4.1	2.0.0	none	2.0.0	none	OK	
Thread::Backtrace::Location	i	label	Thread__Backtrace__Location.md	83	-	-	2.0.0	4.0	direct	2.0.0	4.1	2.0.0	none	2.0.0	none	OK	
Thread::Backtrace::Location	i	base_label	Thread__Backtrace__Location.md	96	-	-	2.0.0	4.0	direct	2.0.0	4.1	2.0.0	none	2.0.0	none	OK	
Thread::Backtrace::Location	i	path	Thread__Backtrace__Location.md	121	-	-	2.0.0	4.0	direct	2.0.0	4.1	2.0.0	none	2.0.0	none	OK	
Thread::Backtrace::Location	i	absolute_path	Thread__Backtrace__Location.md	134	-	-	2.0.0	4.0	direct	2.0.0	4.1	2.0.0	none	2.0.0	none	OK	
Thread::Backtrace::Location	i	to_s	Thread__Backtrace__Location.md	158	-	-	2.0.0	4.0	direct	2.0.0	4.1	2.0.0	none	2.0.0	none	OK	
Thread::Backtrace::Location	i	inspect	Thread__Backtrace__Location.md	186	-	-	2.0.0	4.0	direct	2.0.0	4.1	2.0.0	none	2.0.0	none	OK	
Time	s	at	Time.md	44	-	-	1.8.6	4.0	direct	1.8.7	4.1	none	none	none	none	OK	overloads:6
Time	s	gm	Time.md	105	-	-	1.8.6	4.0	direct	1.8.7	4.1	none	none	none	none	OK	overloads:2
Time	s	utc	Time.md	106	-	-	1.8.6	4.0	direct	1.8.7	4.1	none	none	none	none	OK	overloads:2
Time	s	local	Time.md	166	-	-	1.8.6	4.0	direct	1.8.7	4.1	none	none	none	none	OK	overloads:2
Time	s	mktime	Time.md	167	-	-	1.8.6	4.0	direct	1.8.7	4.1	none	none	none	none	OK	overloads:2
Time	s	new	Time.md	227	-	-	1.8.6	4.0	new-via-initialize	1.8.7	4.1	none	none	none	none	OK	overloads:4;new-via-initialize
Time	s	now	Time.md	228	-	-	1.8.6	4.0	direct	1.8.7	4.1	none	none	none	none	OK	
Time	i	+	Time.md	306	-	-	1.8.6	4.0	direct	1.8.7	4.1	none	none	none	none	OK	
Time	i	-	Time.md	317	-	-	1.8.6	4.0	direct	1.8.7	4.1	none	none	none	none	OK	overloads:2
Time	i	<=>	Time.md	341	-	-	1.8.6	4.0	direct	1.8.7	4.1	none	none	none	none	OK	
Time	i	eql?	Time.md	364	-	-	1.8.6	4.0	direct	1.8.7	4.1	none	none	none	none	OK	
Time	i	asctime	Time.md	376	-	-	1.8.6	4.0	direct	1.8.7	4.1	none	none	none	none	OK	
Time	i	ctime	Time.md	377	-	-	1.8.6	4.0	direct	1.8.7	4.1	none	none	none	none	OK	
Time	i	ceil	Time.md	389	-	-	2.7	4.0	direct	2.7.0	4.1	2.7.0	none	2.7.0	none	OK	
Time	i	gmt?	Time.md	422	-	-	1.8.6	4.0	direct	1.8.7	4.1	none	none	none	none	OK	
Time	i	utc?	Time.md	423	-	-	1.8.6	4.0	direct	1.8.7	4.1	none	none	none	none	OK	
Time	i	getgm	Time.md	434	-	-	1.8.6	4.0	direct	1.8.7	4.1	none	none	none	none	OK	
Time	i	getutc	Time.md	435	-	-	1.8.6	4.0	direct	1.8.7	4.1	none	none	none	none	OK	
Time	i	getlocal	Time.md	447	-	-	1.8.6	4.0	direct	1.8.7	4.1	none	none	none	none	OK	overloads:2
Time	i	gmtime	Time.md	465	-	-	1.8.6	4.0	direct	1.8.7	4.1	none	none	none	none	OK	
Time	i	utc	Time.md	466	-	-	1.8.6	4.0	direct	1.8.7	4.1	none	none	none	none	OK	
Time	i	localtime	Time.md	482	-	-	1.8.6	4.0	direct	1.8.7	4.1	none	none	none	none	OK	overloads:2
Time	i	strftime	Time.md	504	-	-	1.8.6	4.0	direct	1.8.7	4.1	none	none	none	none	OK	
Time	i	sec	Time.md	615	-	-	1.8.6	4.0	direct	1.8.7	4.1	none	none	none	none	OK	
Time	i	min	Time.md	630	-	-	1.8.6	4.0	direct	1.8.7	4.1	none	none	none	none	OK	
Time	i	hour	Time.md	639	-	-	1.8.6	4.0	direct	1.8.7	4.1	none	none	none	none	OK	
Time	i	mday	Time.md	648	-	-	1.8.6	4.0	direct	1.8.7	4.1	none	none	none	none	OK	
Time	i	day	Time.md	649	-	-	1.8.6	4.0	direct	1.8.7	4.1	none	none	none	none	OK	
Time	i	mon	Time.md	659	-	-	1.8.6	4.0	direct	1.8.7	4.1	none	none	none	none	OK	
Time	i	month	Time.md	660	-	-	1.8.6	4.0	direct	1.8.7	4.1	none	none	none	none	OK	
Time	i	year	Time.md	670	-	-	1.8.6	4.0	direct	1.8.7	4.1	none	none	none	none	OK	
Time	i	wday	Time.md	679	-	-	1.8.6	4.0	direct	1.8.7	4.1	none	none	none	none	OK	
Time	i	yday	Time.md	700	-	-	1.8.6	4.0	direct	1.8.7	4.1	none	none	none	none	OK	
Time	i	isdst	Time.md	722	-	-	1.8.6	4.0	direct	1.8.7	4.1	none	none	none	none	OK	
Time	i	dst?	Time.md	723	-	-	1.8.6	4.0	direct	1.8.7	4.1	none	none	none	none	OK	
Time	i	zone	Time.md	733	-	-	1.8.6	4.0	direct	1.8.7	4.1	none	none	none	none	OK	
Time	i	utc_offset	Time.md	741	-	-	1.8.6	4.0	direct	1.8.7	4.1	none	none	none	none	OK	
Time	i	gmt_offset	Time.md	742	-	-	1.8.6	4.0	direct	1.8.7	4.1	none	none	none	none	OK	
Time	i	gmtoff	Time.md	743	-	-	1.8.6	4.0	direct	1.8.7	4.1	none	none	none	none	OK	
Time	i	to_a	Time.md	762	-	-	1.8.6	4.0	direct	1.8.7	4.1	none	none	none	none	OK	
Time	i	to_f	Time.md	791	-	-	1.8.6	4.0	direct	1.8.7	4.1	none	none	none	none	OK	
Time	i	to_r	Time.md	802	-	-	1.9.2	4.0	direct	1.9.3	4.1	1.9.3	none	1.9.3	none	INFO_1_9_2	
Time	i	to_i	Time.md	812	-	-	1.8.6	4.0	direct	1.8.7	4.1	none	none	none	none	OK	
Time	i	tv_sec	Time.md	813	-	-	1.8.6	4.0	direct	1.8.7	4.1	none	none	none	none	OK	
Time	i	to_s	Time.md	825	-	-	1.8.6	4.0	direct	1.8.7	4.1	none	none	none	none	OK	
Time	i	inspect	Time.md	841	EMPTY	-	1.8.6	4.0	direct	2.7.0	4.1	none	none	none	none	OK	
Time	i	hash	Time.md	864	EMPTY	-	1.8.6	4.0	direct	2.1.0	4.1	none	none	none	none	OK	
Time	i	usec	Time.md	875	-	-	1.8.6	4.0	direct	1.8.7	4.1	none	none	none	none	OK	
Time	i	tv_usec	Time.md	876	-	-	1.8.6	4.0	direct	1.8.7	4.1	none	none	none	none	OK	
Time	i	floor	Time.md	886	-	-	2.7	4.0	direct	2.7.0	4.1	2.7.0	none	2.7.0	none	OK	
Time	i	friday?	Time.md	919	-	-	1.9.1	4.0	direct	1.9.3	4.1	1.9.3	none	1.9.1	none	MISMATCH_SINCE	ladder-gap-1.9.1-1.9.3
Time	i	monday?	Time.md	929	-	-	1.9.1	4.0	direct	1.9.3	4.1	1.9.3	none	1.9.1	none	MISMATCH_SINCE	ladder-gap-1.9.1-1.9.3
Time	i	saturday?	Time.md	939	-	-	1.9.1	4.0	direct	1.9.3	4.1	1.9.3	none	1.9.1	none	MISMATCH_SINCE	ladder-gap-1.9.1-1.9.3
Time	i	sunday?	Time.md	949	-	-	1.9.1	4.0	direct	1.9.3	4.1	1.9.3	none	1.9.1	none	MISMATCH_SINCE	ladder-gap-1.9.1-1.9.3
Time	i	thursday?	Time.md	959	-	-	1.9.1	4.0	direct	1.9.3	4.1	1.9.3	none	1.9.1	none	MISMATCH_SINCE	ladder-gap-1.9.1-1.9.3
Time	i	tuesday?	Time.md	969	-	-	1.9.1	4.0	direct	1.9.3	4.1	1.9.3	none	1.9.1	none	MISMATCH_SINCE	ladder-gap-1.9.1-1.9.3
Time	i	wednesday?	Time.md	979	-	-	1.9.1	4.0	direct	1.9.3	4.1	1.9.3	none	1.9.1	none	MISMATCH_SINCE	ladder-gap-1.9.1-1.9.3
Time	i	nsec	Time.md	989	-	-	1.9.1	4.0	direct	1.9.3	4.1	1.9.3	none	1.9.1	none	MISMATCH_SINCE	ladder-gap-1.9.1-1.9.3
Time	i	tv_nsec	Time.md	990	-	-	1.9.1	4.0	direct	1.9.3	4.1	1.9.3	none	1.9.1	none	MISMATCH_SINCE	ladder-gap-1.9.1-1.9.3
Time	i	round	Time.md	1002	-	-	1.9.2	4.0	direct	1.9.3	4.1	1.9.3	none	1.9.3	none	INFO_1_9_2	
Time	i	subsec	Time.md	1028	-	-	1.9.2	4.0	direct	1.9.3	4.1	1.9.3	none	1.9.3	none	INFO_1_9_2	
Time	i	deconstruct_keys	Time.md	1044	-	-	3.2	4.0	direct	3.2	4.1	3.2	none	3.2	none	OK	
TracePoint	s	new	TracePoint.md	34	-	-	2.0.0	4.0	direct	2.0.0	4.1	2.0.0	none	2.0.0	none	OK	
TracePoint	s	trace	TracePoint.md	139	-	-	2.0.0	4.0	direct	2.0.0	4.1	2.0.0	none	2.0.0	none	OK	
TracePoint	s	stat	TracePoint.md	155	-	-	2.2	4.0	direct	2.2.0	4.1	2.2.0	none	2.2.0	none	OK	
TracePoint	s	allow_reentry	TracePoint.md	165	-	-	3.1	4.0	direct	3.1	4.1	3.1	none	3.1	none	OK	
TracePoint	i	enable	TracePoint.md	212	-	-	2.0.0	4.0	direct	2.0.0	4.1	2.0.0	none	2.0.0	none	OK	overloads:2
TracePoint	i	disable	TracePoint.md	253	-	-	2.0.0	4.0	direct	2.0.0	4.1	2.0.0	none	2.0.0	none	OK	overloads:2
TracePoint	i	enabled?	TracePoint.md	289	-	-	2.0.0	4.0	direct	2.0.0	4.1	2.0.0	none	2.0.0	none	OK	
TracePoint	i	inspect	TracePoint.md	297	-	-	2.0.0	4.0	direct	2.0.0	4.1	2.0.0	none	2.0.0	none	OK	
TracePoint	i	event	TracePoint.md	316	-	-	2.0.0	4.0	direct	2.0.0	4.1	2.0.0	none	2.0.0	none	OK	
TracePoint	i	lineno	TracePoint.md	337	-	-	2.0.0	4.0	direct	2.0.0	4.1	2.0.0	none	2.0.0	none	OK	
TracePoint	i	path	TracePoint.md	356	-	-	2.0.0	4.0	direct	2.0.0	4.1	2.0.0	none	2.0.0	none	OK	
TracePoint	i	method_id	TracePoint.md	373	-	-	2.0.0	4.0	direct	2.0.0	4.1	2.0.0	none	2.0.0	none	OK	
TracePoint	i	callee_id	TracePoint.md	397	-	-	2.4	4.0	direct	2.4.0	4.1	2.4.0	none	2.4.0	none	OK	
TracePoint	i	defined_class	TracePoint.md	421	-	-	2.0.0	4.0	direct	2.0.0	4.1	2.0.0	none	2.0.0	none	OK	
TracePoint	i	binding	TracePoint.md	462	-	-	2.0.0	4.0	direct	2.0.0	4.1	2.0.0	none	2.0.0	none	OK	overloads:2
TracePoint	i	self	TracePoint.md	485	-	-	2.0.0	4.0	direct	2.0.0	4.1	2.0.0	none	2.0.0	none	OK	
TracePoint	i	return_value	TracePoint.md	501	-	-	2.0.0	4.0	direct	2.0.0	4.1	2.0.0	none	2.0.0	none	OK	
TracePoint	i	raised_exception	TracePoint.md	518	-	-	2.0.0	4.0	direct	2.0.0	4.1	2.0.0	none	2.0.0	none	OK	
TracePoint	i	parameters	TracePoint.md	535	-	-	2.6	4.0	direct	2.6.0	4.1	2.6.0	none	2.6.0	none	OK	
TracePoint	i	eval_script	TracePoint.md	555	-	-	2.6	4.0	direct	2.6.0	4.1	2.6.0	none	2.6.0	none	OK	
TracePoint	i	instruction_sequence	TracePoint.md	570	-	-	2.6	4.0	direct	2.6.0	4.1	2.6.0	none	2.6.0	none	OK	
TrueClass	i	&	TrueClass.md	12	-	-	1.8.6	4.0	direct	1.8.7	4.1	none	none	none	none	OK	
TrueClass	i	|	TrueClass.md	34	-	-	1.8.6	4.0	direct	1.8.7	4.1	none	none	none	none	OK	
TrueClass	i	^	TrueClass.md	56	-	-	1.8.6	4.0	direct	1.8.7	4.1	none	none	none	none	OK	
TrueClass	i	to_s	TrueClass.md	78	-	-	1.8.6	4.0	direct	1.8.7	4.1	none	none	none	none	OK	
TrueClass	i	inspect	TrueClass.md	86	EMPTY	-	1.8.6	4.0	inherited:Kernel	2.0.0	4.1	none	none	none	none	OK	last-resolved-via:direct;inherited:Kernel
UnboundMethod	i	bind	UnboundMethod.md	53	-	-	1.8.6	4.0	direct	1.8.7	4.1	none	none	none	none	OK	
UnboundMethod	i	bind_call	UnboundMethod.md	101	-	-	2.7	4.0	direct	2.7.0	4.1	2.7.0	none	2.7.0	none	OK	overloads:2
UnboundMethod	i	arity	UnboundMethod.md	114	-	-	1.8.6	4.0	direct	1.8.7	4.1	none	none	none	none	OK	
UnboundMethod	i	==	UnboundMethod.md	150	-	-	1.8.6	4.0	direct	1.8.7	4.1	none	none	none	none	OK	
UnboundMethod	i	eql?	UnboundMethod.md	151	EMPTY	-	1.8.6	4.0	inherited:Kernel	1.9.3	4.1	none	none	none	none	OK	last-resolved-via:direct;inherited:Kernel
UnboundMethod	i	clone	UnboundMethod.md	168	-	-	1.8.6	4.0	direct	1.8.7	4.1	none	none	none	none	OK	
UnboundMethod	i	inspect	UnboundMethod.md	179	-	-	1.8.6	4.0	direct	1.8.7	4.1	none	none	none	none	OK	
UnboundMethod	i	to_s	UnboundMethod.md	180	-	-	1.8.6	4.0	direct	1.8.7	4.1	none	none	none	none	OK	
UnboundMethod	i	hash	UnboundMethod.md	192	EMPTY	-	1.8.6	4.0	inherited:Kernel	1.9.3	4.1	none	none	none	none	OK	last-resolved-via:direct;inherited:Kernel
UnboundMethod	i	name	UnboundMethod.md	205	-	-	1.8.7	4.0	direct	1.8.7	4.1	none	none	none	none	INFO_1_8_7	
UnboundMethod	i	owner	UnboundMethod.md	214	-	-	1.8.7	4.0	direct	1.8.7	4.1	none	none	none	none	INFO_1_8_7	
UnboundMethod	i	source_location	UnboundMethod.md	224	-	-	1.9.1	4.0	direct	1.9.3	4.1	1.9.3	none	1.9.1	none	MISMATCH_SINCE	ladder-gap-1.9.1-1.9.3
UnboundMethod	i	parameters	UnboundMethod.md	239	-	-	1.9.2	4.0	direct	1.9.3	4.1	1.9.3	none	1.9.3	none	INFO_1_9_2	
UnboundMethod	i	super_method	UnboundMethod.md	249	-	-	2.2	4.0	direct	2.2.0	4.1	2.2.0	none	2.2.0	none	OK	
UnboundMethod	i	original_name	UnboundMethod.md	257	-	-	2.1	4.0	direct	2.1.0	4.1	2.1.0	none	2.1.0	none	OK	
UnboundMethod	i	public?	UnboundMethod.md	272	-	-	3.1	3.1	direct	3.1	3.1	3.1	3.2	3.1	3.2	OK	
UnboundMethod	i	protected?	UnboundMethod.md	276	-	-	3.1	3.1	direct	3.1	3.1	3.1	3.2	3.1	3.2	OK	
UnboundMethod	i	private?	UnboundMethod.md	280	-	-	3.1	3.1	direct	3.1	3.1	3.1	3.2	3.1	3.2	OK	
UncaughtThrowError	i	tag	UncaughtThrowError.md	17	-	-	2.2	4.0	direct	2.2.0	4.1	2.2.0	none	2.2.0	none	OK	
UncaughtThrowError	i	value	UncaughtThrowError.md	33	-	-	2.2	4.0	direct	2.2.0	4.1	2.2.0	none	2.2.0	none	OK	
UncaughtThrowError	i	to_s	UncaughtThrowError.md	49	-	-	2.2	4.0	direct	2.2.0	4.1	2.2.0	none	2.2.0	none	OK	
Warning	s	[]	Warning.md	15	-	-	2.7	4.0	direct	2.7.0	4.1	2.7.0	none	2.7.0	none	OK	
Warning	s	[]=	Warning.md	43	-	-	2.7	4.0	direct	2.7.0	4.1	2.7.0	none	2.7.0	none	OK	
Warning	s	warn	Warning.md	53	-	-	-	-	-	2.4.0	4.1	2.4.0	none	-	-	DOC_ONLY	
Warning	s	categories	Warning.md	80	-	-	3.4	4.0	direct	3.4	4.1	3.4	none	3.4	none	OK	
Warning	i	warn	Warning.md	92	-	-	2.4	4.0	direct	2.4.0	4.1	2.4.0	none	2.4.0	none	OK	
main	s	public	main.md	34	-	-	1.8.6	4.0	direct	1.8.7	4.1	none	none	none	none	OK	overloads:4
main	s	private	main.md	54	-	-	1.8.6	4.0	direct	1.8.7	4.1	none	none	none	none	OK	overloads:4
main	s	to_s	main.md	74	-	-	1.8.6	4.0	direct	1.8.7	4.1	none	none	none	none	OK	
main	s	inspect	main.md	75	EMPTY	-	1.8.6	4.0	special:main.class(Kernel)	2.0.0	4.1	none	none	none	none	OK	last-resolved-via:direct;special:main.class(Kernel)
main	s	include	main.md	82	-	-	1.8.6	4.0	direct	1.8.7	4.1	none	none	none	none	OK	
main	s	define_method	main.md	98	2.0.0	-	2.0.0	4.0	direct	1.9.3	4.1	2.0.0	none	2.0.0	none	OK	overloads:2
main	s	using	main.md	119	2.0.0	-	2.0.0	4.0	direct	1.9.3	4.1	2.0.0	none	2.0.0	none	OK	
