English	Kernel	$	ARGV	ok
English	Kernel	$	CHILD_STATUS	ok
English	Kernel	$	DEFAULT_INPUT	ok
English	Kernel	$	DEFAULT_OUTPUT	ok
English	Kernel	$	ERROR_INFO	ok
English	Kernel	$	ERROR_POSITION	ok
English	Kernel	$	FIELD_SEPARATOR	ok
English	Kernel	$	FS	ok
English	Kernel	$	IGNORECASE	ok
English	Kernel	$	INPUT_LINE_NUMBER	ok
English	Kernel	$	NR	ok
English	Kernel	$	INPUT_RECORD_SEPARATOR	ok
English	Kernel	$	RS	ok
English	Kernel	$	LAST_MATCH_INFO	ok
English	Kernel	$	LAST_PAREN_MATCH	ok
English	Kernel	$	LAST_READ_LINE	ok
English	Kernel	$	MATCH	ok
English	Kernel	$	OFS	ok
English	Kernel	$	OUTPUT_FIELD_SEPARATOR	ok
English	Kernel	$	ORS	ok
English	Kernel	$	OUTPUT_RECORD_SEPARATOR	ok
English	Kernel	$	PID	ok
English	Kernel	$	PROCESS_ID	ok
English	Kernel	$	POSTMATCH	ok
English	Kernel	$	PREMATCH	ok
Resolving dependencies...				lib-require-failed
Resolving dependencies...				lib-require-failed
abbrev	Abbrev	.#	abbrev	ok
abbrev	Array	#	abbrev	ok
base64	Base64	.#	decode64	ok
base64	Base64	.#	encode64	ok
base64	Base64	.#	strict_decode64	ok
base64	Base64	.#	strict_encode64	ok
base64	Base64	.#	urlsafe_decode64	ok
base64	Base64	.#	urlsafe_encode64	ok
benchmark	Benchmark	::	BENCHMARK_VERSION	ok
benchmark	Benchmark	::	CAPTION	ok
benchmark	Benchmark	::	FORMAT	ok
benchmark	Benchmark	.#	benchmark	ok
benchmark	Benchmark	.#	bm	ok
benchmark	Benchmark	.#	bmbm	ok
benchmark	Benchmark	.#	measure	ok
benchmark	Benchmark	.#	realtime	ok
benchmark	Benchmark::Job	#	item	ok
benchmark	Benchmark::Job	#	report	ok
benchmark	Benchmark::Job	#	list	ok
benchmark	Benchmark::Job	#	width	ok
benchmark	Benchmark::Job	.	new	ok
benchmark	Benchmark::Report	#	item	ok
benchmark	Benchmark::Report	#	report	ok
benchmark	Benchmark::Report	#	list	ok
benchmark	Benchmark::Report	.	new	ok
benchmark	Benchmark::Tms	::	CAPTION	ok
benchmark	Benchmark::Tms	::	FORMAT	ok
benchmark	Benchmark::Tms	#	*	ok
benchmark	Benchmark::Tms	#	+	ok
benchmark	Benchmark::Tms	#	-	ok
benchmark	Benchmark::Tms	#	/	ok
benchmark	Benchmark::Tms	#	add	ok
benchmark	Benchmark::Tms	#	add!	ok
benchmark	Benchmark::Tms	#	cstime	ok
benchmark	Benchmark::Tms	#	cutime	ok
benchmark	Benchmark::Tms	#	format	ok
benchmark	Benchmark::Tms	#	label	ok
benchmark	Benchmark::Tms	#	memberwise	ok
benchmark	Benchmark::Tms	#	real	ok
benchmark	Benchmark::Tms	#	stime	ok
benchmark	Benchmark::Tms	#	to_a	ok
benchmark	Benchmark::Tms	#	to_s	ok
benchmark	Benchmark::Tms	#	total	ok
benchmark	Benchmark::Tms	#	utime	ok
benchmark	Benchmark::Tms	.	new	ok
bigdecimal	BigDecimal	::	BASE	ok
bigdecimal	BigDecimal	::	EXCEPTION_ALL	ok
bigdecimal	BigDecimal	::	EXCEPTION_INFINITY	ok
bigdecimal	BigDecimal	::	EXCEPTION_NaN	ok
bigdecimal	BigDecimal	::	EXCEPTION_OVERFLOW	ok
bigdecimal	BigDecimal	::	EXCEPTION_UNDERFLOW	ok
bigdecimal	BigDecimal	::	EXCEPTION_ZERODIVIDE	ok
bigdecimal	BigDecimal	::	INFINITY	ok
bigdecimal	BigDecimal	::	NAN	ok
bigdecimal	BigDecimal	::	ROUND_CEILING	ok
bigdecimal	BigDecimal	::	ROUND_DOWN	ok
bigdecimal	BigDecimal	::	ROUND_FLOOR	ok
bigdecimal	BigDecimal	::	ROUND_HALF_DOWN	ok
bigdecimal	BigDecimal	::	ROUND_HALF_EVEN	ok
bigdecimal	BigDecimal	::	ROUND_HALF_UP	ok
bigdecimal	BigDecimal	::	ROUND_MODE	ok
bigdecimal	BigDecimal	::	ROUND_UP	ok
bigdecimal	BigDecimal	::	SIGN_NEGATIVE_FINITE	ok
bigdecimal	BigDecimal	::	SIGN_NEGATIVE_INFINITE	ok
bigdecimal	BigDecimal	::	SIGN_NEGATIVE_ZERO	ok
bigdecimal	BigDecimal	::	SIGN_NaN	ok
bigdecimal	BigDecimal	::	SIGN_POSITIVE_FINITE	ok
bigdecimal	BigDecimal	::	SIGN_POSITIVE_INFINITE	ok
bigdecimal	BigDecimal	::	SIGN_POSITIVE_ZERO	ok
bigdecimal	BigDecimal	::	VERSION	ok
bigdecimal	BigDecimal	#	%	ok
bigdecimal	BigDecimal	#	modulo	ok
bigdecimal	BigDecimal	#	*	ok
bigdecimal	BigDecimal	#	**	ok
bigdecimal	BigDecimal	#	power	ok
bigdecimal	BigDecimal	#	+	ok
bigdecimal	BigDecimal	#	+@	ok
bigdecimal	BigDecimal	#	-	ok
bigdecimal	BigDecimal	#	-@	ok
bigdecimal	BigDecimal	#	/	ok
bigdecimal	BigDecimal	#	div	ok
bigdecimal	BigDecimal	#	quo	ok
bigdecimal	BigDecimal	#	<	ok
bigdecimal	BigDecimal	#	<=	ok
bigdecimal	BigDecimal	#	<=>	ok
bigdecimal	BigDecimal	#	==	ok
bigdecimal	BigDecimal	#	===	ok
bigdecimal	BigDecimal	#	eql?	ok
bigdecimal	BigDecimal	#	>	ok
bigdecimal	BigDecimal	#	>=	ok
bigdecimal	BigDecimal	#	_dump	ok
bigdecimal	BigDecimal	#	abs	ok
bigdecimal	BigDecimal	#	add	ok
bigdecimal	BigDecimal	#	ceil	ok
bigdecimal	BigDecimal	#	clone	ok
bigdecimal	BigDecimal	#	coerce	ok
bigdecimal	BigDecimal	#	div	ok
bigdecimal	BigDecimal	#	divmod	ok
bigdecimal	BigDecimal	#	dup	ok
bigdecimal	BigDecimal	#	exponent	ok
bigdecimal	BigDecimal	#	finite?	ok
bigdecimal	BigDecimal	#	fix	ok
bigdecimal	BigDecimal	#	floor	ok
bigdecimal	BigDecimal	#	frac	ok
bigdecimal	BigDecimal	#	hash	ok
bigdecimal	BigDecimal	#	infinite?	ok
bigdecimal	BigDecimal	#	inspect	ok
bigdecimal	BigDecimal	#	mult	ok
bigdecimal	BigDecimal	#	nan?	ok
bigdecimal	BigDecimal	#	nonzero?	ok
bigdecimal	BigDecimal	#	precs	ok
bigdecimal	BigDecimal	#	remainder	ok
bigdecimal	BigDecimal	#	round	ok
bigdecimal	BigDecimal	#	save_exception_mode	no-method
bigdecimal	BigDecimal	#	save_limit	no-method
bigdecimal	BigDecimal	#	save_rounding_mode	no-method
bigdecimal	BigDecimal	#	sign	ok
bigdecimal	BigDecimal	#	split	ok
bigdecimal	BigDecimal	#	sqrt	ok
bigdecimal	BigDecimal	#	sub	ok
bigdecimal	BigDecimal	#	to_f	ok
bigdecimal	BigDecimal	#	to_i	ok
bigdecimal	BigDecimal	#	to_int	ok
bigdecimal	BigDecimal	#	to_r	ok
bigdecimal	BigDecimal	#	to_s	ok
bigdecimal	BigDecimal	#	truncate	ok
bigdecimal	BigDecimal	#	zero?	ok
bigdecimal	BigDecimal	.	_load	ok
bigdecimal	BigDecimal	.	double_fig	ok
bigdecimal	BigDecimal	.	limit	ok
bigdecimal	BigDecimal	.	mode	ok
bigdecimal	BigMath	.#	exp	ok
bigdecimal	BigMath	.#	log	ok
bigdecimal	Kernel	.#	BigDecimal	ok
bigdecimal/jacobian	Jacobian	.#	dfdxi	ok
bigdecimal/jacobian	Jacobian	.#	isEqual	ok
bigdecimal/jacobian	Jacobian	.#	jacobian	ok
bigdecimal/ludcmp	LUSolve	.#	ludecomp	ok
bigdecimal/ludcmp	LUSolve	.#	lusolve	ok
bigdecimal/math	BigMath	.#	E	ok
bigdecimal/math	BigMath	.#	PI	ok
bigdecimal/math	BigMath	.#	atan	ok
bigdecimal/math	BigMath	.#	cos	ok
bigdecimal/math	BigMath	.#	sin	ok
bigdecimal/math	BigMath	.#	sqrt	ok
bigdecimal/newton	Newton	.#	nlsolve	ok
bigdecimal/newton	Newton	.#	norm	ok
bigdecimal/util	BigDecimal	#	to_d	ok
bigdecimal/util	BigDecimal	#	to_digits	ok
bigdecimal/util	Float	#	to_d	ok
bigdecimal/util	Integer	#	to_d	ok
bigdecimal/util	NilClass	#	to_d	ok
bigdecimal/util	Rational	#	to_d	ok
bigdecimal/util	String	#	to_d	ok
cgi/cookie	CGI::Cookie	#	domain	ok
cgi/cookie	CGI::Cookie	#	domain=	ok
cgi/cookie	CGI::Cookie	#	expires	ok
cgi/cookie	CGI::Cookie	#	expires=	ok
cgi/cookie	CGI::Cookie	#	httopnly	no-method
cgi/cookie	CGI::Cookie	#	httopnly=	no-method
cgi/cookie	CGI::Cookie	#	name	ok
cgi/cookie	CGI::Cookie	#	name=	ok
cgi/cookie	CGI::Cookie	#	path	ok
cgi/cookie	CGI::Cookie	#	path=	ok
cgi/cookie	CGI::Cookie	#	secure	ok
cgi/cookie	CGI::Cookie	#	secure=	ok
cgi/cookie	CGI::Cookie	#	to_s	ok
cgi/cookie	CGI::Cookie	#	value	ok
cgi/cookie	CGI::Cookie	#	value=	ok
cgi/cookie	CGI::Cookie	.	new	ok
cgi/cookie	CGI::Cookie	.	parse	ok
cgi/core	CGI	::	CR	ok
cgi/core	CGI	::	EOL	ok
cgi/core	CGI	::	HTTP_STATUS	ok
cgi/core	CGI	::	LF	ok
cgi/core	CGI	::	MAX_MULTIPART_COUNT	ok
cgi/core	CGI	::	MAX_MULTIPART_LENGTH	no-method
cgi/core	CGI	::	NEEDS_BINMODE	ok
cgi/core	CGI	::	PATH_SEPARATOR	ok
cgi/core	CGI	#	accept_charset	ok
cgi/core	CGI	#	header	ok
cgi/core	CGI	#	nph?	ok
cgi/core	CGI	#	out	ok
cgi/core	CGI	#	print	ok
cgi/core	CGI	.	accept_charset	ok
cgi/core	CGI	.	accept_charset=	ok
cgi/core	CGI	.	parse	ok
cgi/core	CGI::QueryExtension	#	[]	ok
cgi/core	CGI::QueryExtension	#	accept	ok
cgi/core	CGI::QueryExtension	#	accept_charset	ok
cgi/core	CGI::QueryExtension	#	accept_encoding	ok
cgi/core	CGI::QueryExtension	#	accept_language	ok
cgi/core	CGI::QueryExtension	#	auth_type	ok
cgi/core	CGI::QueryExtension	#	cache_control	ok
cgi/core	CGI::QueryExtension	#	content_length	ok
cgi/core	CGI::QueryExtension	#	content_type	ok
cgi/core	CGI::QueryExtension	#	cookies	ok
cgi/core	CGI::QueryExtension	#	cookies=	ok
cgi/core	CGI::QueryExtension	#	create_body	ok
cgi/core	CGI::QueryExtension	#	files	ok
cgi/core	CGI::QueryExtension	#	from	ok
cgi/core	CGI::QueryExtension	#	gateway_interface	ok
cgi/core	CGI::QueryExtension	#	has_key?	ok
cgi/core	CGI::QueryExtension	#	include?	ok
cgi/core	CGI::QueryExtension	#	key?	ok
cgi/core	CGI::QueryExtension	#	host	ok
cgi/core	CGI::QueryExtension	#	keys	ok
cgi/core	CGI::QueryExtension	#	multipart?	ok
cgi/core	CGI::QueryExtension	#	negotiate	ok
cgi/core	CGI::QueryExtension	#	params	ok
cgi/core	CGI::QueryExtension	#	params=	ok
cgi/core	CGI::QueryExtension	#	path_info	ok
cgi/core	CGI::QueryExtension	#	path_translated	ok
cgi/core	CGI::QueryExtension	#	pragma	ok
cgi/core	CGI::QueryExtension	#	query_string	ok
cgi/core	CGI::QueryExtension	#	raw_cookie	ok
cgi/core	CGI::QueryExtension	#	raw_cookie2	ok
cgi/core	CGI::QueryExtension	#	referer	ok
cgi/core	CGI::QueryExtension	#	remote_addr	ok
cgi/core	CGI::QueryExtension	#	remote_host	ok
cgi/core	CGI::QueryExtension	#	remote_ident	ok
cgi/core	CGI::QueryExtension	#	remote_user	ok
cgi/core	CGI::QueryExtension	#	request_method	ok
cgi/core	CGI::QueryExtension	#	script_name	ok
cgi/core	CGI::QueryExtension	#	server_name	ok
cgi/core	CGI::QueryExtension	#	server_port	ok
cgi/core	CGI::QueryExtension	#	server_protocol	ok
cgi/core	CGI::QueryExtension	#	server_software	ok
cgi/core	CGI::QueryExtension	#	unescape_filename?	ok
cgi/core	CGI::QueryExtension	#	user_agent	ok
cgi/core	CGI::QueryExtension::Value	#	[]	no-class
cgi/core	CGI::QueryExtension::Value	#	first	no-class
cgi/core	CGI::QueryExtension::Value	#	last	no-class
cgi/core	CGI::QueryExtension::Value	#	set_params	no-class
cgi/core	CGI::QueryExtension::Value	#	to_a	no-class
cgi/core	CGI::QueryExtension::Value	#	to_ary	no-class
cgi/html	CGI::Html3	#	doctype	ok
cgi/html	CGI::Html3	#	element_init	no-method
cgi/html	CGI::Html4	#	doctype	ok
cgi/html	CGI::Html4	#	element_init	no-method
cgi/html	CGI::Html4Fr	#	doctype	ok
cgi/html	CGI::Html4Fr	#	element_init	no-method
cgi/html	CGI::Html4Tr	#	doctype	ok
cgi/html	CGI::Html4Tr	#	element_init	no-method
cgi/html	CGI::HtmlExtension	#	a	ok
cgi/html	CGI::HtmlExtension	#	base	ok
cgi/html	CGI::HtmlExtension	#	blockquote	ok
cgi/html	CGI::HtmlExtension	#	caption	ok
cgi/html	CGI::HtmlExtension	#	checkbox	ok
cgi/html	CGI::HtmlExtension	#	checkbox_group	ok
cgi/html	CGI::HtmlExtension	#	file_field	ok
cgi/html	CGI::HtmlExtension	#	form	ok
cgi/html	CGI::HtmlExtension	#	hidden	ok
cgi/html	CGI::HtmlExtension	#	html	ok
cgi/html	CGI::HtmlExtension	#	image_button	ok
cgi/html	CGI::HtmlExtension	#	img	ok
cgi/html	CGI::HtmlExtension	#	multipart_form	ok
cgi/html	CGI::HtmlExtension	#	password_field	ok
cgi/html	CGI::HtmlExtension	#	popup_menu	ok
cgi/html	CGI::HtmlExtension	#	scrolling_list	ok
cgi/html	CGI::HtmlExtension	#	radio_button	ok
cgi/html	CGI::HtmlExtension	#	radio_group	ok
cgi/html	CGI::HtmlExtension	#	reset	ok
cgi/html	CGI::HtmlExtension	#	submit	ok
cgi/html	CGI::HtmlExtension	#	text_field	ok
cgi/html	CGI::HtmlExtension	#	textarea	ok
cgi/html	CGI::TagMaker	#	nOE_element_def	ok
cgi/html	CGI::TagMaker	#	nO_element_def	ok
cgi/html	CGI::TagMaker	#	nn_element_def	ok
cgi/session	CGI::Session	#	[]	ok
cgi/session	CGI::Session	#	[]=	ok
cgi/session	CGI::Session	#	close	ok
cgi/session	CGI::Session	#	delete	ok
cgi/session	CGI::Session	#	new_session	ok
cgi/session	CGI::Session	#	session_id	ok
cgi/session	CGI::Session	#	update	ok
cgi/session	CGI::Session	.	callback	ok
cgi/session	CGI::Session	.	new	ok
cgi/session	CGI::Session::FileStore	#	close	ok
cgi/session	CGI::Session::FileStore	#	delete	ok
cgi/session	CGI::Session::FileStore	#	restore	ok
cgi/session	CGI::Session::FileStore	#	update	ok
cgi/session	CGI::Session::FileStore	.	new	ok
cgi/session	CGI::Session::MemoryStore	#	close	ok
cgi/session	CGI::Session::MemoryStore	#	delete	ok
cgi/session	CGI::Session::MemoryStore	#	restore	ok
cgi/session	CGI::Session::MemoryStore	#	update	ok
cgi/session	CGI::Session::MemoryStore	.	new	ok
cgi/session	CGI::Session::NullStore	#	close	ok
cgi/session	CGI::Session::NullStore	#	delete	ok
cgi/session	CGI::Session::NullStore	#	restore	ok
cgi/session	CGI::Session::NullStore	#	update	ok
cgi/session	CGI::Session::NullStore	.	new	ok
cgi/session/pstore	CGI::Session::PStore	#	close	ok
cgi/session/pstore	CGI::Session::PStore	#	delete	ok
cgi/session/pstore	CGI::Session::PStore	#	restore	ok
cgi/session/pstore	CGI::Session::PStore	#	update	ok
cgi/session/pstore	CGI::Session::PStore	.	new	ok
cgi/util	CGI	::	RFC822_DAYS	ok
cgi/util	CGI	::	RFC822_MONTHS	ok
cgi/util	CGI	::	TABLE_FOR_ESCAPE_HTML__	ok
cgi/util	CGI	.	escape	ok
cgi/util	CGI	.	escapeElement	ok
cgi/util	CGI	.	escape_element	ok
cgi/util	CGI	.	escapeHTML	ok
cgi/util	CGI	.	escape_html	ok
cgi/util	CGI	.	pretty	ok
cgi/util	CGI	.	rfc1123_date	ok
cgi/util	CGI	.	unescape	ok
cgi/util	CGI	.	unescapeElement	ok
cgi/util	CGI	.	unescape_element	ok
cgi/util	CGI	.	unescapeHTML	ok
cgi/util	CGI	.	unescape_html	ok
continuation	Continuation	#	[]	ok
continuation	Continuation	#	call	ok
continuation	Kernel	.#	callcc	ok
coverage	Coverage	.	line_stub	ok
coverage	Coverage	.	peek_result	ok
coverage	Coverage	.	result	ok
coverage	Coverage	.	running?	ok
coverage	Coverage	.	start	ok
csv	Array	#	to_csv	ok
csv	CSV	::	ConverterEncoding	ok
csv	CSV	::	Converters	ok
csv	CSV	::	DEFAULT_OPTIONS	ok
csv	CSV	::	DateMatcher	ok
csv	CSV	::	DateTimeMatcher	ok
csv	CSV	::	HeaderConverters	ok
csv	CSV	::	VERSION	ok
csv	CSV	#	<<	ok
csv	CSV	#	add_row	ok
csv	CSV	#	puts	ok
csv	CSV	#	binmode	ok
csv	CSV	#	binmode?	ok
csv	CSV	#	close	ok
csv	CSV	#	close_read	ok
csv	CSV	#	close_write	ok
csv	CSV	#	closed?	ok
csv	CSV	#	col_sep	ok
csv	CSV	#	convert	ok
csv	CSV	#	converters	ok
csv	CSV	#	each	ok
csv	CSV	#	encoding	ok
csv	CSV	#	eof	ok
csv	CSV	#	eof?	ok
csv	CSV	#	external_encoding	ok
csv	CSV	#	fcntl	ok
csv	CSV	#	field_size_limit	ok
csv	CSV	#	fileno	ok
csv	CSV	#	to_i	ok
csv	CSV	#	flock	ok
csv	CSV	#	flush	ok
csv	CSV	#	force_quotes?	ok
csv	CSV	#	fsync	ok
csv	CSV	#	gets	ok
csv	CSV	#	readline	ok
csv	CSV	#	shift	ok
csv	CSV	#	header_convert	ok
csv	CSV	#	header_converters	ok
csv	CSV	#	header_row?	ok
csv	CSV	#	headers	ok
csv	CSV	#	inspect	ok
csv	CSV	#	internal_encoding	ok
csv	CSV	#	ioctl	ok
csv	CSV	#	isatty	ok
csv	CSV	#	tty?	ok
csv	CSV	#	lineno	ok
csv	CSV	#	path	ok
csv	CSV	#	pid	ok
csv	CSV	#	pos	ok
csv	CSV	#	tell	ok
csv	CSV	#	pos=	ok
csv	CSV	#	quote_char	ok
csv	CSV	#	read	ok
csv	CSV	#	readlines	ok
csv	CSV	#	reopen	ok
csv	CSV	#	return_headers?	ok
csv	CSV	#	rewind	ok
csv	CSV	#	row_sep	ok
csv	CSV	#	seek	ok
csv	CSV	#	skip_blanks?	ok
csv	CSV	#	stat	ok
csv	CSV	#	string	ok
csv	CSV	#	sync	ok
csv	CSV	#	sync=	ok
csv	CSV	#	to_io	ok
csv	CSV	#	truncate	ok
csv	CSV	#	unconverted_fields?	ok
csv	CSV	#	write_headers?	ok
csv	CSV	.	filter	ok
csv	CSV	.	foreach	ok
csv	CSV	.	generate	ok
csv	CSV	.	generate_line	ok
csv	CSV	.	instance	ok
csv	CSV	.	new	ok
csv	CSV	.	open	ok
csv	CSV	.	parse	ok
csv	CSV	.	parse_line	ok
csv	CSV	.	read	ok
csv	CSV	.	readlines	ok
csv	CSV	.	table	ok
csv	CSV::FieldInfo	#	header	ok
csv	CSV::FieldInfo	#	header=	ok
csv	CSV::FieldInfo	#	index	ok
csv	CSV::FieldInfo	#	index=	ok
csv	CSV::FieldInfo	#	line	ok
csv	CSV::FieldInfo	#	line=	ok
csv	CSV::Row	#	<<	ok
csv	CSV::Row	#	==	ok
csv	CSV::Row	#	[]	ok
csv	CSV::Row	#	field	ok
csv	CSV::Row	#	[]=	ok
csv	CSV::Row	#	delete	ok
csv	CSV::Row	#	delete_if	ok
csv	CSV::Row	#	each	ok
csv	CSV::Row	#	empty?	ok
csv	CSV::Row	#	field?	ok
csv	CSV::Row	#	field_row?	ok
csv	CSV::Row	#	fields	ok
csv	CSV::Row	#	values_at	ok
csv	CSV::Row	#	header?	ok
csv	CSV::Row	#	include?	ok
csv	CSV::Row	#	header_row?	ok
csv	CSV::Row	#	headers	ok
csv	CSV::Row	#	index	ok
csv	CSV::Row	#	inspect	ok
csv	CSV::Row	#	length	ok
csv	CSV::Row	#	size	ok
csv	CSV::Row	#	push	ok
csv	CSV::Row	#	row	ok
csv	CSV::Row	#	to_csv	ok
csv	CSV::Row	#	to_s	ok
csv	CSV::Row	#	to_hash	ok
csv	CSV::Row	.	new	ok
csv	CSV::Table	#	<<	ok
csv	CSV::Table	#	==	ok
csv	CSV::Table	#	[]	ok
csv	CSV::Table	#	[]=	ok
csv	CSV::Table	#	by_col	ok
csv	CSV::Table	#	by_col!	ok
csv	CSV::Table	#	by_col_or_row	ok
csv	CSV::Table	#	by_col_or_row!	ok
csv	CSV::Table	#	by_row	ok
csv	CSV::Table	#	by_row!	ok
csv	CSV::Table	#	delete	ok
csv	CSV::Table	#	delete_if	ok
csv	CSV::Table	#	each	ok
csv	CSV::Table	#	empty?	ok
csv	CSV::Table	#	headers	ok
csv	CSV::Table	#	inspect	ok
csv	CSV::Table	#	length	ok
csv	CSV::Table	#	size	ok
csv	CSV::Table	#	mode	ok
csv	CSV::Table	#	push	ok
csv	CSV::Table	#	table	ok
csv	CSV::Table	#	to_a	ok
csv	CSV::Table	#	to_csv	ok
csv	CSV::Table	#	to_s	ok
csv	CSV::Table	#	values_at	ok
csv	CSV::Table	.	new	ok
csv	String	#	parse_csv	ok
date	Date	::	ENGLAND	ok
date	Date	::	GREGORIAN	ok
date	Date	::	ITALY	ok
date	Date	::	JULIAN	ok
date	Date	#	+	ok
date	Date	#	-	ok
date	Date	#	<<	ok
date	Date	#	<=>	ok
date	Date	#	===	ok
date	Date	#	>>	ok
date	Date	#	ajd	ok
date	Date	#	amjd	ok
date	Date	#	asctime	ok
date	Date	#	ctime	ok
date	Date	#	cwday	ok
date	Date	#	cweek	ok
date	Date	#	cwyear	ok
date	Date	#	day	ok
date	Date	#	mday	ok
date	Date	#	downto	ok
date	Date	#	england	ok
date	Date	#	friday?	ok
date	Date	#	gregorian	ok
date	Date	#	gregorian?	ok
date	Date	#	httpdate	ok
date	Date	#	iso8601	ok
date	Date	#	italy	ok
date	Date	#	jd	ok
date	Date	#	jisx0301	ok
date	Date	#	julian	ok
date	Date	#	julian?	ok
date	Date	#	ld	ok
date	Date	#	leap?	ok
date	Date	#	mjd	ok
date	Date	#	mon	ok
date	Date	#	month	ok
date	Date	#	monday?	ok
date	Date	#	new_start	ok
date	Date	#	next	ok
date	Date	#	succ	ok
date	Date	#	next_day	ok
date	Date	#	next_month	ok
date	Date	#	next_year	ok
date	Date	#	prev_day	ok
date	Date	#	prev_month	ok
date	Date	#	prev_year	ok
date	Date	#	rfc2822	ok
date	Date	#	rfc822	ok
date	Date	#	rfc3339	ok
date	Date	#	saturday?	ok
date	Date	#	start	ok
date	Date	#	step	ok
date	Date	#	strftime	ok
date	Date	#	sunday?	ok
date	Date	#	thursday?	ok
date	Date	#	to_date	ok
date	Date	#	to_datetime	ok
date	Date	#	to_s	ok
date	Date	#	to_time	ok
date	Date	#	tuesday?	ok
date	Date	#	upto	ok
date	Date	#	wday	ok
date	Date	#	wednesday?	ok
date	Date	#	xmlschema	ok
date	Date	#	yday	ok
date	Date	#	year	ok
date	Date	.	_httpdate	ok
date	Date	.	_iso8601	ok
date	Date	.	_jisx0301	ok
date	Date	.	_parse	ok
date	Date	.	_rfc2822	ok
date	Date	.	_rfc822	ok
date	Date	.	_rfc3339	ok
date	Date	.	_strptime	ok
date	Date	.	_xmlschema	ok
date	Date	.	civil	ok
date	Date	.	new	ok
date	Date	.	commercial	ok
date	Date	.	gregorian_leap?	ok
date	Date	.	leap?	ok
date	Date	.	httpdate	ok
date	Date	.	iso8601	ok
date	Date	.	jd	ok
date	Date	.	jisx0301	ok
date	Date	.	julian_leap?	ok
date	Date	.	ordinal	ok
date	Date	.	parse	ok
date	Date	.	rfc2822	ok
date	Date	.	rfc822	ok
date	Date	.	rfc3339	ok
date	Date	.	strptime	ok
date	Date	.	today	ok
date	Date	.	valid_civil?	ok
date	Date	.	valid_date?	ok
date	Date	.	valid_commercial?	ok
date	Date	.	valid_jd?	ok
date	Date	.	valid_ordinal?	ok
date	Date	.	xmlschema	ok
date	DateTime	#	hour	ok
date	DateTime	#	iso8601	ok
date	DateTime	#	rfc3339	ok
date	DateTime	#	xmlschema	ok
date	DateTime	#	jisx0301	ok
date	DateTime	#	min	ok
date	DateTime	#	minute	ok
date	DateTime	#	new_offset	ok
date	DateTime	#	offset	ok
date	DateTime	#	sec	ok
date	DateTime	#	second	ok
date	DateTime	#	sec_fraction	ok
date	DateTime	#	second_fraction	ok
date	DateTime	#	to_date	ok
date	DateTime	#	to_datetime	ok
date	DateTime	#	to_time	ok
date	DateTime	#	zone	ok
date	DateTime	.	_strptime	ok
date	DateTime	.	civil	ok
date	DateTime	.	new	ok
date	DateTime	.	commercial	ok
date	DateTime	.	httpdate	ok
date	DateTime	.	iso8601	ok
date	DateTime	.	jd	ok
date	DateTime	.	jisx0301	ok
date	DateTime	.	now	ok
date	DateTime	.	ordinal	ok
date	DateTime	.	parse	ok
date	DateTime	.	rfc2822	ok
date	DateTime	.	rfc822	ok
date	DateTime	.	rfc3339	ok
date	DateTime	.	strptime	ok
date	DateTime	.	today	no-method
date	DateTime	.	xmlschema	ok
date	Time	#	to_date	ok
date	Time	#	to_datetime	ok
date	Time	#	to_time	ok
dbm	DBM	::	NEWDB	lib-require-failed
dbm	DBM	::	READER	lib-require-failed
dbm	DBM	::	VERSION	lib-require-failed
dbm	DBM	::	WRCREAT	lib-require-failed
dbm	DBM	::	WRITER	lib-require-failed
dbm	DBM	#	[]	lib-require-failed
dbm	DBM	#	[]=	lib-require-failed
dbm	DBM	#	clear	lib-require-failed
dbm	DBM	#	close	lib-require-failed
dbm	DBM	#	closed?	lib-require-failed
dbm	DBM	#	delete	lib-require-failed
dbm	DBM	#	delete_if	lib-require-failed
dbm	DBM	#	reject!	lib-require-failed
dbm	DBM	#	each	lib-require-failed
dbm	DBM	#	each_pair	lib-require-failed
dbm	DBM	#	each_key	lib-require-failed
dbm	DBM	#	each_value	lib-require-failed
dbm	DBM	#	empty?	lib-require-failed
dbm	DBM	#	fetch	lib-require-failed
dbm	DBM	#	has_key?	lib-require-failed
dbm	DBM	#	include?	lib-require-failed
dbm	DBM	#	key?	lib-require-failed
dbm	DBM	#	member?	lib-require-failed
dbm	DBM	#	has_value?	lib-require-failed
dbm	DBM	#	value?	lib-require-failed
dbm	DBM	#	index	lib-require-failed
dbm	DBM	#	invert	lib-require-failed
dbm	DBM	#	key	lib-require-failed
dbm	DBM	#	keys	lib-require-failed
dbm	DBM	#	length	lib-require-failed
dbm	DBM	#	size	lib-require-failed
dbm	DBM	#	reject	lib-require-failed
dbm	DBM	#	replace	lib-require-failed
dbm	DBM	#	select	lib-require-failed
dbm	DBM	#	shift	lib-require-failed
dbm	DBM	#	store	lib-require-failed
dbm	DBM	#	to_a	lib-require-failed
dbm	DBM	#	to_hash	lib-require-failed
dbm	DBM	#	update	lib-require-failed
dbm	DBM	#	values	lib-require-failed
dbm	DBM	#	values_at	lib-require-failed
dbm	DBM	.	new	lib-require-failed
dbm	DBM	.	open	lib-require-failed
delegate	Delegator	#	!	ok
delegate	Delegator	#	!=	ok
delegate	Delegator	#	==	ok
delegate	Delegator	#	__getobj__	ok
delegate	Delegator	#	__setobj__	ok
delegate	Delegator	#	freeze	ok
delegate	Delegator	#	marshal_dump	ok
delegate	Delegator	#	marshal_load	ok
delegate	Delegator	#	method_missing	ok
delegate	Delegator	#	methods	ok
delegate	Delegator	#	protected_methods	ok
delegate	Delegator	#	public_methods	ok
delegate	Delegator	#	respond_to?	ok
delegate	Delegator	#	respond_to_missing?	ok
delegate	Kernel	#	DelegateClass	ok
delegate	SimpleDelegator	#	__getobj__	ok
delegate	SimpleDelegator	#	__setobj__	ok
delegate	SimpleDelegator	.	new	ok
digest	Digest	.#	hexencode	ok
digest	Digest::Base	#	<<	ok
digest	Digest::Base	#	update	ok
digest	Digest::Base	#	==	ok
digest	Digest::Base	#	base64digest	ok
digest	Digest::Base	#	base64digest!	ok
digest	Digest::Base	#	block_length	ok
digest	Digest::Base	#	clone	ok
digest	Digest::Base	#	dup	ok
digest	Digest::Base	#	digest	ok
digest	Digest::Base	#	digest!	ok
digest	Digest::Base	#	digest_length	ok
digest	Digest::Base	#	length	ok
digest	Digest::Base	#	size	ok
digest	Digest::Base	#	file	ok
digest	Digest::Base	#	hexdigest	ok
digest	Digest::Base	#	to_s	ok
digest	Digest::Base	#	hexdigest!	ok
digest	Digest::Base	#	reset	ok
digest	Digest::Base	.	base64digest	ok
digest	Digest::Base	.	digest	ok
digest	Digest::Base	.	file	ok
digest	Digest::Base	.	hexdigest	ok
digest	Digest::Base	.	new	ok
digest	Kernel	#	Digest	ok
digest/bubblebabble	Digest	.#	bubblebabble	ok
digest/sha2	Digest::SHA2	#	block_length	ok
digest/sha2	Digest::SHA2	#	digest_length	ok
digest/sha2	Digest::SHA2	.	new	ok
drb	DRb	.#	config	ok
drb	DRb	.#	current_server	ok
drb	DRb	.#	front	ok
drb	DRb	.#	here?	ok
drb	DRb	.#	install_acl	ok
drb	DRb	.#	install_id_conv	ok
drb	DRb	.#	primary_server	ok
drb	DRb	.#	primary_server=	ok
drb	DRb	.#	start_service	ok
drb	DRb	.#	stop_service	ok
drb	DRb	.#	thread	ok
drb	DRb	.#	uri	ok
drb	DRb::DRbIdConv	#	to_id	ok
drb	DRb::DRbIdConv	#	to_obj	ok
drb	DRb::DRbObject	#	==	ok
drb	DRb::DRbObject	#	eql?	ok
drb	DRb::DRbObject	#	__drbref	ok
drb	DRb::DRbObject	#	__drburi	ok
drb	DRb::DRbObject	.	new_with_uri	ok
drb	DRb::DRbProtocol	.#	add_protocol	ok
drb	DRb::DRbRemoteError	#	reason	ok
drb	DRb::DRbServer	::	INSECURE_METHOD	ok
drb	DRb::DRbServer	#	alive?	ok
drb	DRb::DRbServer	#	config	ok
drb	DRb::DRbServer	#	front	ok
drb	DRb::DRbServer	#	here?	ok
drb	DRb::DRbServer	#	stop_service	ok
drb	DRb::DRbServer	#	thread	ok
drb	DRb::DRbServer	#	uri	ok
drb	DRb::DRbServer	#	verbose	ok
drb	DRb::DRbServer	#	verbose=	ok
drb	DRb::DRbServer	.	default_acl	ok
drb	DRb::DRbServer	.	default_argc_limit	ok
drb	DRb::DRbServer	.	default_id_conv	ok
drb	DRb::DRbServer	.	default_load_limit	ok
drb	DRb::DRbServer	.	new	ok
drb	DRb::DRbServer	.	verbose	ok
drb	DRb::DRbServer	.	verbose=	ok
drb	DRb::DRbUnknown	#	buf	ok
drb	DRb::DRbUnknown	#	exception	ok
drb	DRb::DRbUnknown	#	name	ok
drb	DRb::DRbUnknown	#	reload	ok
drb	DRb::DRbUnknownError	#	unknown	ok
drb/acl	ACL	::	ALLOW_DENY	ok
drb/acl	ACL	::	DENY_ALLOW	ok
drb/acl	ACL	::	VERSION	ok
drb/acl	ACL	#	allow_addr?	ok
drb/acl	ACL	#	allow_socket?	ok
drb/acl	ACL	#	install_list	ok
drb/acl	ACL	.	new	ok
drb/extserv	DRb::ExtServ	#	alive?	ok
drb/extserv	DRb::ExtServ	#	front	ok
drb/extserv	DRb::ExtServ	#	server	ok
drb/extserv	DRb::ExtServ	#	stop_service	ok
drb/extserv	DRb::ExtServ	.	new	ok
drb/extservm	DRb::ExtServManager	#	service	ok
drb/extservm	DRb::ExtServManager	#	uri	ok
drb/extservm	DRb::ExtServManager	#	uri=	ok
drb/extservm	DRb::ExtServManager	.	command	ok
drb/extservm	DRb::ExtServManager	.	command=	ok
drb/extservm	DRb::ExtServManager	.	new	ok
drb/gw	DRb::GW	#	[]	ok
drb/gw	DRb::GW	#	[]=	ok
drb/gw	DRb::GW	.	new	ok
drb/timeridconv	DRb::TimerIdConv	#	to_id	ok
drb/timeridconv	DRb::TimerIdConv	#	to_obj	ok
drb/timeridconv	DRb::TimerIdConv	.	new	ok
drb/unix	DRb::DRbUNIXSocket	#	accept	ok
drb/unix	DRb::DRbUNIXSocket	#	close	ok
drb/unix	DRb::DRbUNIXSocket	#	uri	ok
drb/unix	DRb::DRbUNIXSocket	.	open	ok
drb/unix	DRb::DRbUNIXSocket	.	open_server	ok
drb/unix	DRb::DRbUNIXSocket	.	uri_option	ok
erb	ERB	#	def_class	ok
erb	ERB	#	def_method	ok
erb	ERB	#	def_module	ok
erb	ERB	#	filename	ok
erb	ERB	#	filename=	ok
erb	ERB	#	result	ok
erb	ERB	#	result_with_hash	ok
erb	ERB	#	run	ok
erb	ERB	#	set_eoutvar	ok
erb	ERB	#	src	ok
erb	ERB	.	new	ok
erb	ERB	.	version	ok
erb	ERB::DefMethod	.#	def_erb_method	ok
erb	ERB::Util	.#	h	ok
erb	ERB::Util	.#	html_escape	ok
erb	ERB::Util	.#	u	ok
erb	ERB::Util	.#	url_encode	ok
etc	Etc	::	CS_GNU_LIBC_VERSION	ok
etc	Etc	::	CS_GNU_LIBPTHREAD_VERSION	ok
etc	Etc	::	CS_PATH	ok
etc	Etc	::	CS_POSIX_V6_ILP32_OFF32_CFLAGS	ok
etc	Etc	::	CS_POSIX_V6_ILP32_OFF32_LDFLAGS	ok
etc	Etc	::	CS_POSIX_V6_ILP32_OFF32_LIBS	ok
etc	Etc	::	CS_POSIX_V6_ILP32_OFFBIG_CFLAGS	ok
etc	Etc	::	CS_POSIX_V6_ILP32_OFFBIG_LDFLAGS	ok
etc	Etc	::	CS_POSIX_V6_ILP32_OFFBIG_LIBS	ok
etc	Etc	::	CS_POSIX_V6_LP64_OFF64_CFLAGS	ok
etc	Etc	::	CS_POSIX_V6_LP64_OFF64_LDFLAGS	ok
etc	Etc	::	CS_POSIX_V6_LP64_OFF64_LIBS	ok
etc	Etc	::	CS_POSIX_V6_LPBIG_OFFBIG_CFLAGS	ok
etc	Etc	::	CS_POSIX_V6_LPBIG_OFFBIG_LDFLAGS	ok
etc	Etc	::	CS_POSIX_V6_LPBIG_OFFBIG_LIBS	ok
etc	Etc	::	CS_POSIX_V6_WIDTH_RESTRICTED_ENVS	ok
etc	Etc	::	CS_POSIX_V7_ILP32_OFF32_CFLAGS	ok
etc	Etc	::	CS_POSIX_V7_ILP32_OFF32_LDFLAGS	ok
etc	Etc	::	CS_POSIX_V7_ILP32_OFF32_LIBS	ok
etc	Etc	::	CS_POSIX_V7_ILP32_OFFBIG_CFLAGS	ok
etc	Etc	::	CS_POSIX_V7_ILP32_OFFBIG_LDFLAGS	ok
etc	Etc	::	CS_POSIX_V7_ILP32_OFFBIG_LIBS	ok
etc	Etc	::	CS_POSIX_V7_LP64_OFF64_CFLAGS	ok
etc	Etc	::	CS_POSIX_V7_LP64_OFF64_LDFLAGS	ok
etc	Etc	::	CS_POSIX_V7_LP64_OFF64_LIBS	ok
etc	Etc	::	CS_POSIX_V7_LPBIG_OFFBIG_CFLAGS	ok
etc	Etc	::	CS_POSIX_V7_LPBIG_OFFBIG_LDFLAGS	ok
etc	Etc	::	CS_POSIX_V7_LPBIG_OFFBIG_LIBS	ok
etc	Etc	::	CS_POSIX_V7_THREADS_CFLAGS	no-method
etc	Etc	::	CS_POSIX_V7_THREADS_LDFLAGS	no-method
etc	Etc	::	CS_POSIX_V7_WIDTH_RESTRICTED_ENVS	ok
etc	Etc	::	CS_V6_ENV	ok
etc	Etc	::	CS_V7_ENV	ok
etc	Etc	::	PC_2_SYMLINKS	ok
etc	Etc	::	PC_ALLOC_SIZE_MIN	ok
etc	Etc	::	PC_ASYNC_IO	ok
etc	Etc	::	PC_CHOWN_RESTRICTED	ok
etc	Etc	::	PC_FILESIZEBITS	ok
etc	Etc	::	PC_LINK_MAX	ok
etc	Etc	::	PC_MAX_CANON	ok
etc	Etc	::	PC_MAX_INPUT	ok
etc	Etc	::	PC_NAME_MAX	ok
etc	Etc	::	PC_NO_TRUNC	ok
etc	Etc	::	PC_PATH_MAX	ok
etc	Etc	::	PC_PIPE_BUF	ok
etc	Etc	::	PC_PRIO_IO	ok
etc	Etc	::	PC_REC_INCR_XFER_SIZE	ok
etc	Etc	::	PC_REC_MAX_XFER_SIZE	ok
etc	Etc	::	PC_REC_MIN_XFER_SIZE	ok
etc	Etc	::	PC_REC_XFER_ALIGN	ok
etc	Etc	::	PC_SYMLINK_MAX	ok
etc	Etc	::	PC_SYNC_IO	ok
etc	Etc	::	PC_TIMESTAMP_RESOLUTION	no-method
etc	Etc	::	PC_VDISABLE	ok
etc	Etc	::	SC_2_CHAR_TERM	ok
etc	Etc	::	SC_2_C_BIND	ok
etc	Etc	::	SC_2_C_DEV	ok
etc	Etc	::	SC_2_FORT_DEV	ok
etc	Etc	::	SC_2_FORT_RUN	ok
etc	Etc	::	SC_2_LOCALEDEF	ok
etc	Etc	::	SC_2_PBS	ok
etc	Etc	::	SC_2_PBS_ACCOUNTING	ok
etc	Etc	::	SC_2_PBS_CHECKPOINT	ok
etc	Etc	::	SC_2_PBS_LOCATE	ok
etc	Etc	::	SC_2_PBS_MESSAGE	ok
etc	Etc	::	SC_2_PBS_TRACK	ok
etc	Etc	::	SC_2_SW_DEV	ok
etc	Etc	::	SC_2_UPE	ok
etc	Etc	::	SC_2_VERSION	ok
etc	Etc	::	SC_ADVISORY_INFO	ok
etc	Etc	::	SC_AIO_LISTIO_MAX	ok
etc	Etc	::	SC_AIO_MAX	ok
etc	Etc	::	SC_AIO_PRIO_DELTA_MAX	ok
etc	Etc	::	SC_ARG_MAX	ok
etc	Etc	::	SC_ASYNCHRONOUS_IO	ok
etc	Etc	::	SC_ATEXIT_MAX	ok
etc	Etc	::	SC_AVPHYS_PAGES	ok
etc	Etc	::	SC_BARRIERS	ok
etc	Etc	::	SC_BC_BASE_MAX	ok
etc	Etc	::	SC_BC_DIM_MAX	ok
etc	Etc	::	SC_BC_SCALE_MAX	ok
etc	Etc	::	SC_BC_STRING_MAX	ok
etc	Etc	::	SC_CHILD_MAX	ok
etc	Etc	::	SC_CLK_TCK	ok
etc	Etc	::	SC_CLOCK_SELECTION	ok
etc	Etc	::	SC_COLL_WEIGHTS_MAX	ok
etc	Etc	::	SC_CPUSET_SIZE	no-method
etc	Etc	::	SC_CPUTIME	ok
etc	Etc	::	SC_DELAYTIMER_MAX	ok
etc	Etc	::	SC_EXPR_NEST_MAX	ok
etc	Etc	::	SC_FSYNC	ok
etc	Etc	::	SC_GETGR_R_SIZE_MAX	ok
etc	Etc	::	SC_GETPW_R_SIZE_MAX	ok
etc	Etc	::	SC_HOST_NAME_MAX	ok
etc	Etc	::	SC_IOV_MAX	ok
etc	Etc	::	SC_IPV6	ok
etc	Etc	::	SC_JOB_CONTROL	ok
etc	Etc	::	SC_LINE_MAX	ok
etc	Etc	::	SC_LOGIN_NAME_MAX	ok
etc	Etc	::	SC_MAPPED_FILES	ok
etc	Etc	::	SC_MEMLOCK	ok
etc	Etc	::	SC_MEMLOCK_RANGE	ok
etc	Etc	::	SC_MEMORY_PROTECTION	ok
etc	Etc	::	SC_MESSAGE_PASSING	ok
etc	Etc	::	SC_MONOTONIC_CLOCK	ok
etc	Etc	::	SC_MQ_OPEN_MAX	ok
etc	Etc	::	SC_MQ_PRIO_MAX	ok
etc	Etc	::	SC_NGROUPS_MAX	ok
etc	Etc	::	SC_NPROCESSORS_CONF	ok
etc	Etc	::	SC_NPROCESSORS_ONLN	ok
etc	Etc	::	SC_OPEN_MAX	ok
etc	Etc	::	SC_PAGESIZE	ok
etc	Etc	::	SC_PAGE_SIZE	ok
etc	Etc	::	SC_PHYS_PAGES	ok
etc	Etc	::	SC_PRIORITIZED_IO	ok
etc	Etc	::	SC_PRIORITY_SCHEDULING	ok
etc	Etc	::	SC_RAW_SOCKETS	ok
etc	Etc	::	SC_READER_WRITER_LOCKS	ok
etc	Etc	::	SC_REALTIME_SIGNALS	ok
etc	Etc	::	SC_REGEXP	ok
etc	Etc	::	SC_RE_DUP_MAX	ok
etc	Etc	::	SC_RTSIG_MAX	ok
etc	Etc	::	SC_SAVED_IDS	ok
etc	Etc	::	SC_SEMAPHORES	ok
etc	Etc	::	SC_SEM_NSEMS_MAX	ok
etc	Etc	::	SC_SEM_VALUE_MAX	ok
etc	Etc	::	SC_SHARED_MEMORY_OBJECTS	ok
etc	Etc	::	SC_SHELL	ok
etc	Etc	::	SC_SIGQUEUE_MAX	ok
etc	Etc	::	SC_SPAWN	ok
etc	Etc	::	SC_SPIN_LOCKS	ok
etc	Etc	::	SC_SPORADIC_SERVER	ok
etc	Etc	::	SC_SS_REPL_MAX	ok
etc	Etc	::	SC_STREAM_MAX	ok
etc	Etc	::	SC_SYMLOOP_MAX	ok
etc	Etc	::	SC_SYNCHRONIZED_IO	ok
etc	Etc	::	SC_THREADS	ok
etc	Etc	::	SC_THREAD_ATTR_STACKADDR	ok
etc	Etc	::	SC_THREAD_ATTR_STACKSIZE	ok
etc	Etc	::	SC_THREAD_CPUTIME	ok
etc	Etc	::	SC_THREAD_DESTRUCTOR_ITERATIONS	ok
etc	Etc	::	SC_THREAD_KEYS_MAX	ok
etc	Etc	::	SC_THREAD_PRIORITY_SCHEDULING	ok
etc	Etc	::	SC_THREAD_PRIO_INHERIT	ok
etc	Etc	::	SC_THREAD_PRIO_PROTECT	ok
etc	Etc	::	SC_THREAD_PROCESS_SHARED	ok
etc	Etc	::	SC_THREAD_ROBUST_PRIO_INHERIT	ok
etc	Etc	::	SC_THREAD_ROBUST_PRIO_PROTECT	ok
etc	Etc	::	SC_THREAD_SAFE_FUNCTIONS	ok
etc	Etc	::	SC_THREAD_SPORADIC_SERVER	ok
etc	Etc	::	SC_THREAD_STACK_MIN	ok
etc	Etc	::	SC_THREAD_THREADS_MAX	ok
etc	Etc	::	SC_TIMEOUTS	ok
etc	Etc	::	SC_TIMERS	ok
etc	Etc	::	SC_TIMER_MAX	ok
etc	Etc	::	SC_TRACE	ok
etc	Etc	::	SC_TRACE_EVENT_FILTER	ok
etc	Etc	::	SC_TRACE_EVENT_NAME_MAX	ok
etc	Etc	::	SC_TRACE_INHERIT	ok
etc	Etc	::	SC_TRACE_LOG	ok
etc	Etc	::	SC_TRACE_NAME_MAX	ok
etc	Etc	::	SC_TRACE_SYS_MAX	ok
etc	Etc	::	SC_TRACE_USER_EVENT_MAX	ok
etc	Etc	::	SC_TTY_NAME_MAX	ok
etc	Etc	::	SC_TYPED_MEMORY_OBJECTS	ok
etc	Etc	::	SC_TZNAME_MAX	ok
etc	Etc	::	SC_V6_ILP32_OFF32	ok
etc	Etc	::	SC_V6_ILP32_OFFBIG	ok
etc	Etc	::	SC_V6_LP64_OFF64	ok
etc	Etc	::	SC_V6_LPBIG_OFFBIG	ok
etc	Etc	::	SC_V7_ILP32_OFF32	ok
etc	Etc	::	SC_V7_ILP32_OFFBIG	ok
etc	Etc	::	SC_V7_LP64_OFF64	ok
etc	Etc	::	SC_V7_LPBIG_OFFBIG	ok
etc	Etc	::	SC_VERSION	ok
etc	Etc	::	SC_XOPEN_CRYPT	ok
etc	Etc	::	SC_XOPEN_ENH_I18N	ok
etc	Etc	::	SC_XOPEN_REALTIME	ok
etc	Etc	::	SC_XOPEN_REALTIME_THREADS	ok
etc	Etc	::	SC_XOPEN_SHM	ok
etc	Etc	::	SC_XOPEN_STREAMS	ok
etc	Etc	::	SC_XOPEN_UNIX	ok
etc	Etc	::	SC_XOPEN_UUCP	no-method
etc	Etc	::	SC_XOPEN_VERSION	ok
etc	Etc	.#	confstr	ok
etc	Etc	.#	endgrent	ok
etc	Etc	.#	endpwent	ok
etc	Etc	.#	getgrent	ok
etc	Etc	.#	getgrgid	ok
etc	Etc	.#	getgrnam	ok
etc	Etc	.#	getlogin	ok
etc	Etc	.#	getpwent	ok
etc	Etc	.#	getpwnam	ok
etc	Etc	.#	getpwuid	ok
etc	Etc	.#	group	ok
etc	Etc	.#	nprocessors	ok
etc	Etc	.#	passwd	ok
etc	Etc	.#	setgrent	ok
etc	Etc	.#	setpwent	ok
etc	Etc	.#	sysconf	ok
etc	Etc	.#	sysconfdir	ok
etc	Etc	.#	systmpdir	ok
etc	Etc	.#	uname	ok
etc	Etc::Group	#	gid	ok
etc	Etc::Group	#	gid=	ok
etc	Etc::Group	#	mem	ok
etc	Etc::Group	#	mem=	ok
etc	Etc::Group	#	name	ok
etc	Etc::Group	#	name=	ok
etc	Etc::Group	#	passwd	ok
etc	Etc::Group	#	passwd=	ok
etc	Etc::Group	.	each	ok
etc	Etc::Passwd	#	age	no-method
etc	Etc::Passwd	#	age=	no-method
etc	Etc::Passwd	#	change	no-method
etc	Etc::Passwd	#	change=	no-method
etc	Etc::Passwd	#	comment	no-method
etc	Etc::Passwd	#	comment=	no-method
etc	Etc::Passwd	#	dir	ok
etc	Etc::Passwd	#	dir=	ok
etc	Etc::Passwd	#	expire	no-method
etc	Etc::Passwd	#	expire=	no-method
etc	Etc::Passwd	#	gecos	ok
etc	Etc::Passwd	#	gecos=	ok
etc	Etc::Passwd	#	gid	ok
etc	Etc::Passwd	#	gid=	ok
etc	Etc::Passwd	#	name	ok
etc	Etc::Passwd	#	name=	ok
etc	Etc::Passwd	#	passwd	ok
etc	Etc::Passwd	#	passwd=	ok
etc	Etc::Passwd	#	quota	no-method
etc	Etc::Passwd	#	quota=	no-method
etc	Etc::Passwd	#	shell	ok
etc	Etc::Passwd	#	shell=	ok
etc	Etc::Passwd	#	uclass	no-method
etc	Etc::Passwd	#	uclass=	no-method
etc	Etc::Passwd	#	uid	ok
etc	Etc::Passwd	#	uid=	ok
etc	Etc::Passwd	.	each	ok
etc	IO	#	pathconf	ok
expect	IO	#	expect	ok
fcntl	Fcntl	::	FD_CLOEXEC	ok
fcntl	Fcntl	::	F_DUPFD	ok
fcntl	Fcntl	::	F_GETFD	ok
fcntl	Fcntl	::	F_GETFL	ok
fcntl	Fcntl	::	F_GETLK	ok
fcntl	Fcntl	::	F_RDLCK	ok
fcntl	Fcntl	::	F_SETFD	ok
fcntl	Fcntl	::	F_SETFL	ok
fcntl	Fcntl	::	F_SETLK	ok
fcntl	Fcntl	::	F_SETLKW	ok
fcntl	Fcntl	::	F_UNLCK	ok
fcntl	Fcntl	::	F_WRLCK	ok
fcntl	Fcntl	::	O_ACCMODE	ok
fcntl	Fcntl	::	O_APPEND	ok
fcntl	Fcntl	::	O_CREAT	ok
fcntl	Fcntl	::	O_EXCL	ok
fcntl	Fcntl	::	O_NDELAY	ok
fcntl	Fcntl	::	O_NONBLOCK	ok
fcntl	Fcntl	::	O_NOCTTY	ok
fcntl	Fcntl	::	O_RDONLY	ok
fcntl	Fcntl	::	O_RDWR	ok
fcntl	Fcntl	::	O_TRUNC	ok
fcntl	Fcntl	::	O_WRONLY	ok
fiber	Fiber	#	alive?	ok
fiber	Fiber	#	transfer	ok
fiber	Fiber	.	current	ok
fiddle	Fiddle	::	ALIGN_CHAR	lib-require-failed
fiddle	Fiddle	::	ALIGN_DOUBLE	lib-require-failed
fiddle	Fiddle	::	ALIGN_FLOAT	lib-require-failed
fiddle	Fiddle	::	ALIGN_INT	lib-require-failed
fiddle	Fiddle	::	ALIGN_INTPTR_T	lib-require-failed
fiddle	Fiddle	::	ALIGN_LONG	lib-require-failed
fiddle	Fiddle	::	ALIGN_LONG_LONG	lib-require-failed
fiddle	Fiddle	::	ALIGN_PTRDIFF_T	lib-require-failed
fiddle	Fiddle	::	ALIGN_SHORT	lib-require-failed
fiddle	Fiddle	::	ALIGN_SIZE_T	lib-require-failed
fiddle	Fiddle	::	ALIGN_SSIZE_T	lib-require-failed
fiddle	Fiddle	::	ALIGN_UINTPTR_T	lib-require-failed
fiddle	Fiddle	::	ALIGN_VOIDP	lib-require-failed
fiddle	Fiddle	::	BUILD_RUBY_PLATFORM	lib-require-failed
fiddle	Fiddle	::	NULL	lib-require-failed
fiddle	Fiddle	::	RUBY_FREE	lib-require-failed
fiddle	Fiddle	::	SIZEOF_CHAR	lib-require-failed
fiddle	Fiddle	::	SIZEOF_DOUBLE	lib-require-failed
fiddle	Fiddle	::	SIZEOF_FLOAT	lib-require-failed
fiddle	Fiddle	::	SIZEOF_INT	lib-require-failed
fiddle	Fiddle	::	SIZEOF_INTPTR_T	lib-require-failed
fiddle	Fiddle	::	SIZEOF_LONG	lib-require-failed
fiddle	Fiddle	::	SIZEOF_LONG_LONG	lib-require-failed
fiddle	Fiddle	::	SIZEOF_PTRDIFF_T	lib-require-failed
fiddle	Fiddle	::	SIZEOF_SHORT	lib-require-failed
fiddle	Fiddle	::	SIZEOF_SIZE_T	lib-require-failed
fiddle	Fiddle	::	SIZEOF_SSIZE_T	lib-require-failed
fiddle	Fiddle	::	SIZEOF_UINTPTR_T	lib-require-failed
fiddle	Fiddle	::	SIZEOF_VOIDP	lib-require-failed
fiddle	Fiddle	::	TYPE_CHAR	lib-require-failed
fiddle	Fiddle	::	TYPE_DOUBLE	lib-require-failed
fiddle	Fiddle	::	TYPE_FLOAT	lib-require-failed
fiddle	Fiddle	::	TYPE_INT	lib-require-failed
fiddle	Fiddle	::	TYPE_INTPTR_T	lib-require-failed
fiddle	Fiddle	::	TYPE_LONG	lib-require-failed
fiddle	Fiddle	::	TYPE_LONG_LONG	lib-require-failed
fiddle	Fiddle	::	TYPE_PTRDIFF_T	lib-require-failed
fiddle	Fiddle	::	TYPE_SHORT	lib-require-failed
fiddle	Fiddle	::	TYPE_SIZE_T	lib-require-failed
fiddle	Fiddle	::	TYPE_SSIZE_T	lib-require-failed
fiddle	Fiddle	::	TYPE_UINTPTR_T	lib-require-failed
fiddle	Fiddle	::	TYPE_VOID	lib-require-failed
fiddle	Fiddle	::	TYPE_VOIDP	lib-require-failed
fiddle	Fiddle	::	WINDOWS	lib-require-failed
fiddle	Fiddle	.#	dlopen	lib-require-failed
fiddle	Fiddle	.#	dlunwrap	lib-require-failed
fiddle	Fiddle	.#	dlwrap	lib-require-failed
fiddle	Fiddle	.#	free	lib-require-failed
fiddle	Fiddle	.#	malloc	lib-require-failed
fiddle	Fiddle	.#	realloc	lib-require-failed
fiddle	Fiddle	.	last_error	lib-require-failed
fiddle	Fiddle	.	last_error=	lib-require-failed
fiddle	Fiddle	.	win32_last_error	lib-require-failed
fiddle	Fiddle	.	win32_last_error=	lib-require-failed
fiddle	Fiddle::Closure	#	args	lib-require-failed
fiddle	Fiddle::Closure	#	ctype	lib-require-failed
fiddle	Fiddle::Closure	#	to_i	lib-require-failed
fiddle	Fiddle::Closure	.	new	lib-require-failed
fiddle	Fiddle::Closure::BlockCaller	#	call	lib-require-failed
fiddle	Fiddle::Closure::BlockCaller	.	new	lib-require-failed
fiddle	Fiddle::Function	::	DEFAULT	lib-require-failed
fiddle	Fiddle::Function	::	STDCALL	lib-require-failed
fiddle	Fiddle::Function	#	abi	lib-require-failed
fiddle	Fiddle::Function	#	call	lib-require-failed
fiddle	Fiddle::Function	#	name	lib-require-failed
fiddle	Fiddle::Function	#	ptr	lib-require-failed
fiddle	Fiddle::Function	#	to_i	lib-require-failed
fiddle	Fiddle::Function	.	new	lib-require-failed
fiddle	Fiddle::Handle	::	DEFAULT	lib-require-failed
fiddle	Fiddle::Handle	::	NEXT	lib-require-failed
fiddle	Fiddle::Handle	::	RTLD_GLOBAL	lib-require-failed
fiddle	Fiddle::Handle	::	RTLD_LAZY	lib-require-failed
fiddle	Fiddle::Handle	::	RTLD_NOW	lib-require-failed
fiddle	Fiddle::Handle	#	[]	lib-require-failed
fiddle	Fiddle::Handle	#	sym	lib-require-failed
fiddle	Fiddle::Handle	#	close	lib-require-failed
fiddle	Fiddle::Handle	#	close_enabled?	lib-require-failed
fiddle	Fiddle::Handle	#	disable_close	lib-require-failed
fiddle	Fiddle::Handle	#	enable_close	lib-require-failed
fiddle	Fiddle::Handle	#	to_i	lib-require-failed
fiddle	Fiddle::Handle	.	[]	lib-require-failed
fiddle	Fiddle::Handle	.	sym	lib-require-failed
fiddle	Fiddle::Handle	.	new	lib-require-failed
fiddle	Fiddle::MemoryView	#	[]	lib-require-failed
fiddle	Fiddle::MemoryView	#	byte_size	lib-require-failed
fiddle	Fiddle::MemoryView	#	format	lib-require-failed
fiddle	Fiddle::MemoryView	#	item_size	lib-require-failed
fiddle	Fiddle::MemoryView	#	ndim	lib-require-failed
fiddle	Fiddle::MemoryView	#	obj	lib-require-failed
fiddle	Fiddle::MemoryView	#	readonly?	lib-require-failed
fiddle	Fiddle::MemoryView	#	release	lib-require-failed
fiddle	Fiddle::MemoryView	#	shape	lib-require-failed
fiddle	Fiddle::MemoryView	#	strides	lib-require-failed
fiddle	Fiddle::MemoryView	#	sub_offsets	lib-require-failed
fiddle	Fiddle::MemoryView	#	to_s	lib-require-failed
fiddle	Fiddle::MemoryView	.	export	lib-require-failed
fiddle	Fiddle::MemoryView	.	new	lib-require-failed
fiddle	Fiddle::Pointer	#	+	lib-require-failed
fiddle	Fiddle::Pointer	#	+@	lib-require-failed
fiddle	Fiddle::Pointer	#	ptr	lib-require-failed
fiddle	Fiddle::Pointer	#	-	lib-require-failed
fiddle	Fiddle::Pointer	#	-@	lib-require-failed
fiddle	Fiddle::Pointer	#	ref	lib-require-failed
fiddle	Fiddle::Pointer	#	<=>	lib-require-failed
fiddle	Fiddle::Pointer	#	==	lib-require-failed
fiddle	Fiddle::Pointer	#	eql?	lib-require-failed
fiddle	Fiddle::Pointer	#	[]	lib-require-failed
fiddle	Fiddle::Pointer	#	[]=	lib-require-failed
fiddle	Fiddle::Pointer	#	free	lib-require-failed
fiddle	Fiddle::Pointer	#	free=	lib-require-failed
fiddle	Fiddle::Pointer	#	null?	lib-require-failed
fiddle	Fiddle::Pointer	#	size	lib-require-failed
fiddle	Fiddle::Pointer	#	size=	lib-require-failed
fiddle	Fiddle::Pointer	#	to_i	lib-require-failed
fiddle	Fiddle::Pointer	#	to_int	lib-require-failed
fiddle	Fiddle::Pointer	#	to_s	lib-require-failed
fiddle	Fiddle::Pointer	#	to_str	lib-require-failed
fiddle	Fiddle::Pointer	#	to_value	lib-require-failed
fiddle	Fiddle::Pointer	.	[]	lib-require-failed
fiddle	Fiddle::Pointer	.	to_ptr	lib-require-failed
fiddle	Fiddle::Pointer	.	malloc	lib-require-failed
fiddle	Fiddle::Pointer	.	new	lib-require-failed
fiddle/import	Fiddle::CStruct	#	to_i	lib-require-failed
fiddle/import	Fiddle::CStruct	#	to_ptr	lib-require-failed
fiddle/import	Fiddle::CStruct	.	malloc	lib-require-failed
fiddle/import	Fiddle::CStruct	.	new	lib-require-failed
fiddle/import	Fiddle::CStruct	.	size	lib-require-failed
fiddle/import	Fiddle::Importer	#	[]	lib-require-failed
fiddle/import	Fiddle::Importer	#	bind	lib-require-failed
fiddle/import	Fiddle::Importer	#	create_value	lib-require-failed
fiddle/import	Fiddle::Importer	#	value	lib-require-failed
fiddle/import	Fiddle::Importer	#	dlload	lib-require-failed
fiddle/import	Fiddle::Importer	#	extern	lib-require-failed
fiddle/import	Fiddle::Importer	#	import_symbol	lib-require-failed
fiddle/import	Fiddle::Importer	#	sizeof	lib-require-failed
fiddle/import	Fiddle::Importer	#	struct	lib-require-failed
fiddle/import	Fiddle::Importer	#	typealias	lib-require-failed
fiddle/import	Fiddle::Importer	#	union	lib-require-failed
fileutils	FileUtils	::	METHODS	ok
fileutils	FileUtils	::	OPT_TABLE	ok
fileutils	FileUtils	.#	cd	ok
fileutils	FileUtils	.#	chdir	ok
fileutils	FileUtils	.#	chmod	ok
fileutils	FileUtils	.#	chmod_R	ok
fileutils	FileUtils	.#	chown	ok
fileutils	FileUtils	.#	chown_R	ok
fileutils	FileUtils	.#	cmp	ok
fileutils	FileUtils	.#	compare_file	ok
fileutils	FileUtils	.#	identical?	ok
fileutils	FileUtils	.#	compare_stream	ok
fileutils	FileUtils	.#	copy	ok
fileutils	FileUtils	.#	cp	ok
fileutils	FileUtils	.#	copy_entry	ok
fileutils	FileUtils	.#	copy_file	ok
fileutils	FileUtils	.#	copy_stream	ok
fileutils	FileUtils	.#	cp_lr	ok
fileutils	FileUtils	.#	cp_r	ok
fileutils	FileUtils	.#	getwd	ok
fileutils	FileUtils	.#	pwd	ok
fileutils	FileUtils	.#	install	ok
fileutils	FileUtils	.#	link	ok
fileutils	FileUtils	.#	ln	ok
fileutils	FileUtils	.#	ln_s	ok
fileutils	FileUtils	.#	symlink	ok
fileutils	FileUtils	.#	ln_sf	ok
fileutils	FileUtils	.#	makedirs	ok
fileutils	FileUtils	.#	mkdir_p	ok
fileutils	FileUtils	.#	mkpath	ok
fileutils	FileUtils	.#	mkdir	ok
fileutils	FileUtils	.#	move	ok
fileutils	FileUtils	.#	mv	ok
fileutils	FileUtils	.#	remove	ok
fileutils	FileUtils	.#	rm	ok
fileutils	FileUtils	.#	remove_dir	ok
fileutils	FileUtils	.#	remove_entry	ok
fileutils	FileUtils	.#	remove_entry_secure	ok
fileutils	FileUtils	.#	remove_file	ok
fileutils	FileUtils	.#	rm_f	ok
fileutils	FileUtils	.#	safe_unlink	ok
fileutils	FileUtils	.#	rm_r	ok
fileutils	FileUtils	.#	rm_rf	ok
fileutils	FileUtils	.#	rmtree	ok
fileutils	FileUtils	.#	rmdir	ok
fileutils	FileUtils	.#	touch	ok
fileutils	FileUtils	.#	uptodate?	ok
fileutils	FileUtils	.	collect_method	ok
fileutils	FileUtils	.	commands	ok
fileutils	FileUtils	.	have_option?	ok
fileutils	FileUtils	.	options	ok
fileutils	FileUtils	.	options_of	ok
find	Find	.#	find	ok
find	Find	.#	prune	ok
forwardable	Forwardable	::	FORWARDABLE_VERSION	ok
forwardable	Forwardable	#	def_delegator	ok
forwardable	Forwardable	#	def_instance_delegator	ok
forwardable	Forwardable	#	def_delegators	ok
forwardable	Forwardable	#	def_instance_delegators	ok
forwardable	Forwardable	#	delegate	ok
forwardable	Forwardable	#	instance_delegate	ok
forwardable	Forwardable	.	debug	ok
forwardable	Forwardable	.	debug=	ok
forwardable	SingleForwardable	#	def_delegator	ok
forwardable	SingleForwardable	#	def_single_delegator	ok
forwardable	SingleForwardable	#	def_delegators	ok
forwardable	SingleForwardable	#	def_single_delegators	ok
forwardable	SingleForwardable	#	delegate	ok
forwardable	SingleForwardable	#	single_delegate	ok
gdbm	GDBM	::	FAST	ok
gdbm	GDBM	::	NEWDB	ok
gdbm	GDBM	::	NOLOCK	ok
gdbm	GDBM	::	READER	ok
gdbm	GDBM	::	SYNC	ok
gdbm	GDBM	::	VERSION	ok
gdbm	GDBM	::	WRCREAT	ok
gdbm	GDBM	::	WRITER	ok
gdbm	GDBM	#	[]	ok
gdbm	GDBM	#	[]=	ok
gdbm	GDBM	#	cachesize=	ok
gdbm	GDBM	#	clear	ok
gdbm	GDBM	#	close	ok
gdbm	GDBM	#	closed?	ok
gdbm	GDBM	#	delete	ok
gdbm	GDBM	#	delete_if	ok
gdbm	GDBM	#	reject!	ok
gdbm	GDBM	#	each	ok
gdbm	GDBM	#	each_pair	ok
gdbm	GDBM	#	each_key	ok
gdbm	GDBM	#	each_value	ok
gdbm	GDBM	#	empty?	ok
gdbm	GDBM	#	fastmode=	ok
gdbm	GDBM	#	fetch	ok
gdbm	GDBM	#	has_key?	ok
gdbm	GDBM	#	include?	ok
gdbm	GDBM	#	key?	ok
gdbm	GDBM	#	member?	ok
gdbm	GDBM	#	has_value?	ok
gdbm	GDBM	#	value?	ok
gdbm	GDBM	#	index	ok
gdbm	GDBM	#	invert	ok
gdbm	GDBM	#	key	ok
gdbm	GDBM	#	keys	ok
gdbm	GDBM	#	length	ok
gdbm	GDBM	#	size	ok
gdbm	GDBM	#	reject	ok
gdbm	GDBM	#	reorganize	ok
gdbm	GDBM	#	replace	ok
gdbm	GDBM	#	select	ok
gdbm	GDBM	#	shift	ok
gdbm	GDBM	#	store	ok
gdbm	GDBM	#	sync	ok
gdbm	GDBM	#	syncmode=	ok
gdbm	GDBM	#	to_a	ok
gdbm	GDBM	#	to_hash	ok
gdbm	GDBM	#	update	ok
gdbm	GDBM	#	values	ok
gdbm	GDBM	#	values_at	ok
gdbm	GDBM	.	new	ok
gdbm	GDBM	.	open	ok
getoptlong	GetoptLong	::	ARGUMENT_FLAGS	ok
getoptlong	GetoptLong	::	NO_ARGUMENT	ok
getoptlong	GetoptLong	::	OPTIONAL_ARGUMENT	ok
getoptlong	GetoptLong	::	ORDERINGS	ok
getoptlong	GetoptLong	::	PERMUTE	ok
getoptlong	GetoptLong	::	REQUIRED_ARGUMENT	ok
getoptlong	GetoptLong	::	REQUIRE_ORDER	ok
getoptlong	GetoptLong	::	RETURN_IN_ORDER	ok
getoptlong	GetoptLong	::	STATUS_STARTED	ok
getoptlong	GetoptLong	::	STATUS_TERMINATED	ok
getoptlong	GetoptLong	::	STATUS_YET	ok
getoptlong	GetoptLong	#	each	ok
getoptlong	GetoptLong	#	each_option	ok
getoptlong	GetoptLong	#	error	ok
getoptlong	GetoptLong	#	error?	ok
getoptlong	GetoptLong	#	error_message	ok
getoptlong	GetoptLong	#	get	ok
getoptlong	GetoptLong	#	get_option	ok
getoptlong	GetoptLong	#	ordering	ok
getoptlong	GetoptLong	#	ordering=	ok
getoptlong	GetoptLong	#	quiet	ok
getoptlong	GetoptLong	#	quiet?	ok
getoptlong	GetoptLong	#	quiet=	ok
getoptlong	GetoptLong	#	set_error	ok
getoptlong	GetoptLong	#	set_options	ok
getoptlong	GetoptLong	#	terminate	ok
getoptlong	GetoptLong	#	terminated?	ok
getoptlong	GetoptLong	.	new	ok
io/console	IO	#	cooked	ok
io/console	IO	#	cooked!	ok
io/console	IO	#	echo=	ok
io/console	IO	#	echo?	ok
io/console	IO	#	getch	ok
io/console	IO	#	iflush	ok
io/console	IO	#	ioflush	ok
io/console	IO	#	noecho	ok
io/console	IO	#	oflush	ok
io/console	IO	#	raw	ok
io/console	IO	#	raw!	ok
io/console	IO	#	winsize	ok
io/console	IO	#	winsize=	ok
io/console	IO	.	console	ok
io/console/size	IO	.	console_size	ok
io/console/size	IO	.	default_console_size	ok
io/nonblock	IO	#	nonblock	ok
io/nonblock	IO	#	nonblock=	ok
io/nonblock	IO	#	nonblock?	ok
io/wait	IO	#	nread	ok
io/wait	IO	#	ready?	ok
io/wait	IO	#	wait	ok
io/wait	IO	#	wait_readable	ok
io/wait	IO	#	wait_priority	ok
io/wait	IO	#	wait_writable	ok
ipaddr	IPAddr	::	IN4MASK	ok
ipaddr	IPAddr	::	IN6FORMAT	ok
ipaddr	IPAddr	::	IN6MASK	ok
ipaddr	IPAddr	#	&	ok
ipaddr	IPAddr	#	<<	ok
ipaddr	IPAddr	#	<=>	ok
ipaddr	IPAddr	#	==	ok
ipaddr	IPAddr	#	===	ok
ipaddr	IPAddr	#	include?	ok
ipaddr	IPAddr	#	>>	ok
ipaddr	IPAddr	#	|	ok
ipaddr	IPAddr	#	~	ok
ipaddr	IPAddr	#	eql?	ok
ipaddr	IPAddr	#	family	ok
ipaddr	IPAddr	#	hash	ok
ipaddr	IPAddr	#	hton	ok
ipaddr	IPAddr	#	inspect	ok
ipaddr	IPAddr	#	ip6_arpa	ok
ipaddr	IPAddr	#	ip6_int	ok
ipaddr	IPAddr	#	ipv4?	ok
ipaddr	IPAddr	#	ipv4_compat	ok
ipaddr	IPAddr	#	ipv4_compat?	ok
ipaddr	IPAddr	#	ipv4_mapped	ok
ipaddr	IPAddr	#	ipv4_mapped?	ok
ipaddr	IPAddr	#	ipv6?	ok
ipaddr	IPAddr	#	mask	ok
ipaddr	IPAddr	#	mask!	ok
ipaddr	IPAddr	#	native	ok
ipaddr	IPAddr	#	prefix	ok
ipaddr	IPAddr	#	prefix=	ok
ipaddr	IPAddr	#	reverse	ok
ipaddr	IPAddr	#	set	ok
ipaddr	IPAddr	#	succ	ok
ipaddr	IPAddr	#	to_i	ok
ipaddr	IPAddr	#	to_range	ok
ipaddr	IPAddr	#	to_s	ok
ipaddr	IPAddr	#	to_string	ok
ipaddr	IPAddr	.	new	ok
ipaddr	IPAddr	.	new_ntoh	ok
ipaddr	IPAddr	.	ntop	ok
irb	IRB	.	CurrentContext	ok
irb	IRB	.	conf	ok
irb	IRB	.	irb_abort	ok
irb	IRB	.	irb_at_exit	ok
irb	IRB	.	irb_exit	ok
irb	IRB	.	start	ok
irb	IRB	.	version	ok
irb/cmd/chws	IRB::ExtendCommand::ChangeWorkspace	#	execute	ok
irb/cmd/chws	IRB::ExtendCommand::CurrentWorkingWorkspace	#	execute	ok
irb/cmd/help	IRB::ExtendCommand::Help	#	execute	ok
irb/cmd/load	IRB::ExtendCommand::Load	#	execute	ok
irb/cmd/load	IRB::ExtendCommand::Require	#	execute	ok
irb/cmd/load	IRB::ExtendCommand::Source	#	execute	ok
irb/cmd/nop	IRB::ExtendCommand::Nop	#	execute	ok
irb/cmd/nop	IRB::ExtendCommand::Nop	#	irb_context	ok
irb/cmd/nop	IRB::ExtendCommand::Nop	.	execute	ok
irb/cmd/nop	IRB::ExtendCommand::Nop	.	new	ok
irb/cmd/pushws	IRB::ExtendCommand::PopWorkspace	#	execute	ok
irb/cmd/pushws	IRB::ExtendCommand::PushWorkspace	#	execute	ok
irb/cmd/pushws	IRB::ExtendCommand::Workspaces	#	execute	ok
irb/cmd/subirb	IRB::ExtendCommand::Foreground	#	execute	lib-require-failed
irb/cmd/subirb	IRB::ExtendCommand::IrbCommand	#	execute	lib-require-failed
irb/cmd/subirb	IRB::ExtendCommand::Jobs	#	execute	lib-require-failed
irb/cmd/subirb	IRB::ExtendCommand::Kill	#	execute	lib-require-failed
irb/context	IRB::Context	::	IDNAME_IVARS	ok
irb/context	IRB::Context	::	NOPRINTING_IVARS	ok
irb/context	IRB::Context	::	NO_INSPECTING_IVARS	ok
irb/context	IRB::Context	#	__inspect__	ok
irb/context	IRB::Context	#	__to_s__	ok
irb/context	IRB::Context	#	ap_name	ok
irb/context	IRB::Context	#	ap_name=	ok
irb/context	IRB::Context	#	auto_indent_mode	ok
irb/context	IRB::Context	#	auto_indent_mode=	ok
irb/context	IRB::Context	#	back_trace_limit	ok
irb/context	IRB::Context	#	back_trace_limit=	ok
irb/context	IRB::Context	#	debug?	no-method
irb/context	IRB::Context	#	debug_level	no-method
irb/context	IRB::Context	#	debug_level=	no-method
irb/context	IRB::Context	#	echo	ok
irb/context	IRB::Context	#	echo?	ok
irb/context	IRB::Context	#	echo=	ok
irb/context	IRB::Context	#	evaluate	ok
irb/context	IRB::Context	#	exit	ok
irb/context	IRB::Context	#	file_input?	ok
irb/context	IRB::Context	#	ignore_eof	ok
irb/context	IRB::Context	#	ignore_eof?	ok
irb/context	IRB::Context	#	ignore_eof=	ok
irb/context	IRB::Context	#	ignore_sigint	ok
irb/context	IRB::Context	#	ignore_sigint?	ok
irb/context	IRB::Context	#	ignore_sigint=	ok
irb/context	IRB::Context	#	inspect	ok
irb/context	IRB::Context	#	to_s	ok
irb/context	IRB::Context	#	inspect?	ok
irb/context	IRB::Context	#	inspect_mode	ok
irb/context	IRB::Context	#	inspect_mode=	ok
irb/context	IRB::Context	#	io	ok
irb/context	IRB::Context	#	io=	ok
irb/context	IRB::Context	#	irb	ok
irb/context	IRB::Context	#	irb=	ok
irb/context	IRB::Context	#	irb_name	ok
irb/context	IRB::Context	#	irb_name=	ok
irb/context	IRB::Context	#	irb_path	ok
irb/context	IRB::Context	#	irb_path=	ok
irb/context	IRB::Context	#	last_value	ok
irb/context	IRB::Context	#	load_modules	ok
irb/context	IRB::Context	#	main	ok
irb/context	IRB::Context	#	prompt_c	ok
irb/context	IRB::Context	#	prompt_c=	ok
irb/context	IRB::Context	#	prompt_i	ok
irb/context	IRB::Context	#	prompt_i=	ok
irb/context	IRB::Context	#	prompt_mode	ok
irb/context	IRB::Context	#	prompt_mode=	ok
irb/context	IRB::Context	#	prompt_n	ok
irb/context	IRB::Context	#	prompt_n=	ok
irb/context	IRB::Context	#	prompt_s	ok
irb/context	IRB::Context	#	prompt_s=	ok
irb/context	IRB::Context	#	prompting?	ok
irb/context	IRB::Context	#	rc	ok
irb/context	IRB::Context	#	rc?	ok
irb/context	IRB::Context	#	return_format	ok
irb/context	IRB::Context	#	return_format=	ok
irb/context	IRB::Context	#	set_last_value	ok
irb/context	IRB::Context	#	thread	ok
irb/context	IRB::Context	#	use_readline	ok
irb/context	IRB::Context	#	use_readline?	ok
irb/context	IRB::Context	#	verbose	ok
irb/context	IRB::Context	#	verbose=	ok
irb/context	IRB::Context	#	verbose?	ok
irb/context	IRB::Context	#	workspace	ok
irb/context	IRB::Context	#	workspace=	ok
irb/context	IRB::Context	.	new	ok
irb/ext/history	IRB::Context	#	eval_history	lib-require-failed
irb/ext/history	IRB::Context	#	eval_history=	lib-require-failed
irb/ext/save-history	IRB::Context	#	history_file	ok
irb/ext/save-history	IRB::Context	#	history_file=	ok
irb/ext/save-history	IRB::Context	#	init_save_history	ok
irb/ext/save-history	IRB::Context	#	save_history	ok
irb/ext/save-history	IRB::Context	#	save_history=	ok
irb/ext/save-history	IRB::HistorySavingAbility	#	load_history	ok
irb/ext/save-history	IRB::HistorySavingAbility	#	save_history	ok
irb/ext/save-history	IRB::HistorySavingAbility	.	extended	ok
irb/ext/tracer	IRB::Context	#	use_tracer	lib-require-failed
irb/ext/tracer	IRB::Context	#	use_tracer?	lib-require-failed
irb/ext/tracer	IRB::Context	#	use_tracer=	lib-require-failed
irb/ext/use-loader	IRB::Context	#	use_loader	lib-require-failed
irb/ext/use-loader	IRB::Context	#	use_loader?	lib-require-failed
irb/ext/use-loader	IRB::Context	#	use_loader=	lib-require-failed
irb/ext/use-loader	IRB::ExtendCommandBundle	#	irb_load	lib-require-failed
irb/ext/use-loader	IRB::ExtendCommandBundle	#	irb_require	lib-require-failed
irb/extend-command	IRB::ContextExtender	.	def_extend_command	lib-require-failed
irb/extend-command	IRB::ContextExtender	.	install_extend_commands	lib-require-failed
irb/extend-command	IRB::ExtendCommandBundle	::	NO_OVERRIDE	lib-require-failed
irb/extend-command	IRB::ExtendCommandBundle	::	OVERRIDE_ALL	lib-require-failed
irb/extend-command	IRB::ExtendCommandBundle	::	OVERRIDE_PRIVATE_ONLY	lib-require-failed
irb/extend-command	IRB::ExtendCommandBundle	#	install_alias_method	lib-require-failed
irb/extend-command	IRB::ExtendCommandBundle	#	irb_context	lib-require-failed
irb/extend-command	IRB::ExtendCommandBundle	#	irb_exit	lib-require-failed
irb/extend-command	IRB::ExtendCommandBundle	.	def_extend_command	lib-require-failed
irb/extend-command	IRB::ExtendCommandBundle	.	extend_object	lib-require-failed
irb/extend-command	IRB::ExtendCommandBundle	.	install_extend_commands	lib-require-failed
irb/extend-command	IRB::ExtendCommandBundle	.	irb_original_method_name	lib-require-failed
irb/frame	IRB::Frame	#	bottom	ok
irb/frame	IRB::Frame	#	top	ok
irb/frame	IRB::Frame	#	trace_func	ok
irb/frame	IRB::Frame	.	bottom	ok
irb/frame	IRB::Frame	.	sender	ok
irb/frame	IRB::Frame	.	top	ok
irb/help	IRB	.	print_usage	ok
irb/input-method	IRB	::	STDIN_FILE_NAME	ok
irb/input-method	IRB::FileInputMethod	#	encoding	ok
irb/input-method	IRB::FileInputMethod	#	gets	ok
irb/input-method	IRB::FileInputMethod	.	new	ok
irb/input-method	IRB::InputMethod	#	file_name	ok
irb/input-method	IRB::InputMethod	#	gets	ok
irb/input-method	IRB::InputMethod	#	readable_atfer_eof?	no-method
irb/input-method	IRB::InputMethod	.	new	ok
irb/input-method	IRB::ReadlineInputMethod	#	encoding	ok
irb/input-method	IRB::ReadlineInputMethod	#	eof?	ok
irb/input-method	IRB::ReadlineInputMethod	#	gets	ok
irb/input-method	IRB::ReadlineInputMethod	#	line	ok
irb/input-method	IRB::ReadlineInputMethod	#	readable_atfer_eof?	no-method
irb/input-method	IRB::ReadlineInputMethod	.	new	ok
irb/input-method	IRB::StdioInputMethod	#	encoding	ok
irb/input-method	IRB::StdioInputMethod	#	eof?	ok
irb/input-method	IRB::StdioInputMethod	#	gets	ok
irb/input-method	IRB::StdioInputMethod	#	line	ok
irb/input-method	IRB::StdioInputMethod	#	readable_atfer_eof?	no-method
irb/input-method	IRB::StdioInputMethod	.	new	ok
irb/inspector	IRB	.	Inspector	ok
irb/inspector	IRB::Inspector	#	init	ok
irb/inspector	IRB::Inspector	#	inspect_value	ok
irb/inspector	IRB::Inspector	.	def_inspector	ok
irb/inspector	IRB::Inspector	.	keys_with_inspector	ok
irb/magic-file	IRB::MagicFile	.	ENCODING_SPEC_RE	no-method
irb/magic-file	IRB::MagicFile	.	open	ok
irb/output-method	IRB::OutputMethod	#	pp	ok
irb/output-method	IRB::OutputMethod	#	ppx	ok
irb/output-method	IRB::OutputMethod	#	print	ok
irb/output-method	IRB::OutputMethod	#	printn	ok
irb/output-method	IRB::OutputMethod	#	puts	ok
irb/output-method	IRB::StdioOutputMethod	#	print	ok
irb/xmp	Kernel	#	xmp	ok
irb/xmp	XMP	#	puts	ok
irb/xmp	XMP	.	new	ok
json	Class	#	json_creatable?	ok
json	JSON	::	Infinity	ok
json	JSON	::	JSON_LOADED	ok
json	JSON	::	MinusInfinity	ok
json	JSON	::	NaN	ok
json	JSON	::	VARIANT_BINARY	no-method
json	JSON	::	VERSION	ok
json	JSON	.#	dump	ok
json	JSON	.#	fast_generate	ok
json	JSON	.#	fast_unparse	ok
json	JSON	.#	generate	ok
json	JSON	.#	unparse	ok
json	JSON	.#	load	ok
json	JSON	.#	restore	ok
json	JSON	.#	load_file	ok
json	JSON	.#	load_file!	ok
json	JSON	.#	parse	ok
json	JSON	.#	parse!	ok
json	JSON	.#	pretty_generate	ok
json	JSON	.#	pretty_unparse	ok
json	JSON	.	[]	ok
json	JSON	.	create_id	ok
json	JSON	.	create_id=	ok
json	JSON	.	generator	ok
json	JSON	.	parser	ok
json	JSON	.	state	ok
json	JSON::Generator::GeneratorMethods::Array	#	to_json	no-class
json	JSON::Generator::GeneratorMethods::FalseClass	#	to_json	no-class
json	JSON::Generator::GeneratorMethods::Float	#	to_json	no-class
json	JSON::Generator::GeneratorMethods::Hash	#	to_json	no-class
json	JSON::Generator::GeneratorMethods::Integer	#	to_json	no-class
json	JSON::Generator::GeneratorMethods::NilClass	#	to_json	no-class
json	JSON::Generator::GeneratorMethods::Object	#	to_json	no-class
json	JSON::Generator::GeneratorMethods::String	#	to_json	no-class
json	JSON::Generator::GeneratorMethods::String	#	to_json_raw	no-class
json	JSON::Generator::GeneratorMethods::String	#	to_json_raw_object	no-class
json	JSON::Generator::GeneratorMethods::String::Extend	.	json_create	no-class
json	JSON::Generator::GeneratorMethods::TrueClass	#	to_json	no-class
json	JSON::Parser	#	parse	ok
json	JSON::Parser	#	source	ok
json	JSON::Parser	.	new	ok
json	JSON::State	#	[]	ok
json	JSON::State	#	[]=	ok
json	JSON::State	#	allow_nan?	ok
json	JSON::State	#	array_nl	ok
json	JSON::State	#	array_nl=	ok
json	JSON::State	#	ascii_only?	ok
json	JSON::State	#	buffer_initial_length	ok
json	JSON::State	#	buffer_initial_length=	ok
json	JSON::State	#	check_circular?	ok
json	JSON::State	#	configure	ok
json	JSON::State	#	merge	ok
json	JSON::State	#	depth	ok
json	JSON::State	#	depth=	ok
json	JSON::State	#	generate	ok
json	JSON::State	#	indent	ok
json	JSON::State	#	indent=	ok
json	JSON::State	#	max_nesting	ok
json	JSON::State	#	max_nesting=	ok
json	JSON::State	#	object_nl	ok
json	JSON::State	#	object_nl=	ok
json	JSON::State	#	space	ok
json	JSON::State	#	space=	ok
json	JSON::State	#	space_before	ok
json	JSON::State	#	space_before=	ok
json	JSON::State	#	to_h	ok
json	JSON::State	#	to_hash	ok
json	JSON::State	.	from_state	ok
json	JSON::State	.	new	ok
json	Kernel	#	JSON	ok
json	Kernel	#	j	ok
json	Kernel	#	jj	ok
json/add/bigdecimal	BigDecimal	#	to_json	ok
json/add/bigdecimal	BigDecimal	.	json_create	ok
json/add/complex	Complex	#	to_json	ok
json/add/complex	Complex	.	json_create	ok
json/add/date	Date	#	to_json	ok
json/add/date	Date	.	json_create	ok
json/add/date_time	DateTime	#	to_json	ok
json/add/date_time	DateTime	.	json_create	ok
json/add/exception	Exception	#	to_json	ok
json/add/exception	Exception	.	json_create	ok
json/add/ostruct	OpenStruct	#	to_json	ok
json/add/ostruct	OpenStruct	.	json_create	ok
json/add/range	Range	#	to_json	ok
json/add/range	Range	.	json_create	ok
json/add/rational	Rational	#	to_json	ok
json/add/rational	Rational	.	json_create	ok
json/add/regexp	Regexp	#	to_json	ok
json/add/regexp	Regexp	.	json_create	ok
json/add/struct	Struct	#	to_json	ok
json/add/struct	Struct	.	json_create	ok
json/add/symbol	Symbol	#	to_json	ok
json/add/symbol	Symbol	.	json_create	ok
json/add/time	Time	#	to_json	ok
json/add/time	Time	.	json_create	ok
kconv	Kconv	::	ASCII	ok
kconv	Kconv	::	AUTO	ok
kconv	Kconv	::	BINARY	ok
kconv	Kconv	::	EUC	ok
kconv	Kconv	::	JIS	ok
kconv	Kconv	::	NOCONV	ok
kconv	Kconv	::	SJIS	ok
kconv	Kconv	::	UNKNOWN	ok
kconv	Kconv	::	UTF16	ok
kconv	Kconv	::	UTF32	ok
kconv	Kconv	::	UTF8	ok
kconv	Kconv	.#	guess	ok
kconv	Kconv	.#	iseuc	ok
kconv	Kconv	.#	isjis	ok
kconv	Kconv	.#	issjis	ok
kconv	Kconv	.#	isutf8	ok
kconv	Kconv	.#	kconv	ok
kconv	Kconv	.#	toeuc	ok
kconv	Kconv	.#	tojis	ok
kconv	Kconv	.#	tolocale	ok
kconv	Kconv	.#	tosjis	ok
kconv	Kconv	.#	toutf16	ok
kconv	Kconv	.#	toutf32	ok
kconv	Kconv	.#	toutf8	ok
kconv	String	#	iseuc	ok
kconv	String	#	isjis	ok
kconv	String	#	issjis	ok
kconv	String	#	isutf8	ok
kconv	String	#	kconv	ok
kconv	String	#	toeuc	ok
kconv	String	#	tojis	ok
kconv	String	#	tolocale	ok
kconv	String	#	tosjis	ok
kconv	String	#	toutf16	ok
kconv	String	#	toutf32	ok
kconv	String	#	toutf8	ok
logger	Logger	::	ProgName	ok
logger	Logger	::	SEV_LABEL	ok
logger	Logger	::	VERSION	ok
logger	Logger	#	<<	ok
logger	Logger	#	add	ok
logger	Logger	#	log	ok
logger	Logger	#	close	ok
logger	Logger	#	datetime_format	ok
logger	Logger	#	datetime_format=	ok
logger	Logger	#	debug	ok
logger	Logger	#	debug?	ok
logger	Logger	#	error	ok
logger	Logger	#	error?	ok
logger	Logger	#	fatal	ok
logger	Logger	#	fatal?	ok
logger	Logger	#	formatter	ok
logger	Logger	#	formatter=	ok
logger	Logger	#	info	ok
logger	Logger	#	info?	ok
logger	Logger	#	level	ok
logger	Logger	#	sev_threshold	ok
logger	Logger	#	level=	ok
logger	Logger	#	sev_threshold=	ok
logger	Logger	#	progname	ok
logger	Logger	#	progname=	ok
logger	Logger	#	unknown	ok
logger	Logger	#	warn	ok
logger	Logger	#	warn?	ok
logger	Logger	.	new	ok
logger	Logger::Formatter	::	Format	ok
logger	Logger::Formatter	#	call	ok
logger	Logger::Formatter	#	datetime_format	ok
logger	Logger::Formatter	#	datetime_format=	ok
logger	Logger::LogDevice	#	close	ok
logger	Logger::LogDevice	#	dev	ok
logger	Logger::LogDevice	#	filename	ok
logger	Logger::LogDevice	#	write	ok
logger	Logger::LogDevice	.	new	ok
logger	Logger::Severity	::	DEBUG	ok
logger	Logger::Severity	::	ERROR	ok
logger	Logger::Severity	::	FATAL	ok
logger	Logger::Severity	::	INFO	ok
logger	Logger::Severity	::	UNKNOWN	ok
logger	Logger::Severity	::	WARN	ok
matrix	Matrix	#	*	ok
matrix	Matrix	#	**	ok
matrix	Matrix	#	+	ok
matrix	Matrix	#	+@	ok
matrix	Matrix	#	-	ok
matrix	Matrix	#	-@	ok
matrix	Matrix	#	/	ok
matrix	Matrix	#	==	ok
matrix	Matrix	#	eql?	ok
matrix	Matrix	#	[]	ok
matrix	Matrix	#	component	ok
matrix	Matrix	#	element	ok
matrix	Matrix	#	[]=	ok
matrix	Matrix	#	adjugate	ok
matrix	Matrix	#	antisymmetric?	ok
matrix	Matrix	#	skew_symmetric?	ok
matrix	Matrix	#	coerce	ok
matrix	Matrix	#	cofactor	ok
matrix	Matrix	#	cofactor_expansion	ok
matrix	Matrix	#	laplace_expansion	ok
matrix	Matrix	#	collect	ok
matrix	Matrix	#	map	ok
matrix	Matrix	#	collect!	ok
matrix	Matrix	#	map!	ok
matrix	Matrix	#	column	ok
matrix	Matrix	#	column_count	ok
matrix	Matrix	#	column_size	ok
matrix	Matrix	#	column_vectors	ok
matrix	Matrix	#	combine	ok
matrix	Matrix	#	conj	ok
matrix	Matrix	#	conjugate	ok
matrix	Matrix	#	det	ok
matrix	Matrix	#	determinant	ok
matrix	Matrix	#	det_e	ok
matrix	Matrix	#	determinant_e	ok
matrix	Matrix	#	diagonal?	ok
matrix	Matrix	#	each	ok
matrix	Matrix	#	each_with_index	ok
matrix	Matrix	#	eigen	ok
matrix	Matrix	#	eigensystem	ok
matrix	Matrix	#	elements_to_f	ok
matrix	Matrix	#	elements_to_i	ok
matrix	Matrix	#	elements_to_r	ok
matrix	Matrix	#	empty?	ok
matrix	Matrix	#	entrywise_product	ok
matrix	Matrix	#	hadamard_product	ok
matrix	Matrix	#	find_index	ok
matrix	Matrix	#	index	ok
matrix	Matrix	#	first_minor	ok
matrix	Matrix	#	hash	ok
matrix	Matrix	#	hermitian?	ok
matrix	Matrix	#	hstack	ok
matrix	Matrix	#	imag	ok
matrix	Matrix	#	imaginary	ok
matrix	Matrix	#	inspect	ok
matrix	Matrix	#	inv	ok
matrix	Matrix	#	inverse	ok
matrix	Matrix	#	lower_triangular?	ok
matrix	Matrix	#	lup	ok
matrix	Matrix	#	lup_decomposition	ok
matrix	Matrix	#	minor	ok
matrix	Matrix	#	normal?	ok
matrix	Matrix	#	orthogonal?	ok
matrix	Matrix	#	permutation?	ok
matrix	Matrix	#	rank	ok
matrix	Matrix	#	rank_e	ok
matrix	Matrix	#	real	ok
matrix	Matrix	#	real?	ok
matrix	Matrix	#	rect	ok
matrix	Matrix	#	rectangular	ok
matrix	Matrix	#	regular?	ok
matrix	Matrix	#	round	ok
matrix	Matrix	#	row	ok
matrix	Matrix	#	row_count	ok
matrix	Matrix	#	row_size	ok
matrix	Matrix	#	row_vectors	ok
matrix	Matrix	#	singular?	ok
matrix	Matrix	#	square?	ok
matrix	Matrix	#	symmetric?	ok
matrix	Matrix	#	t	ok
matrix	Matrix	#	transpose	ok
matrix	Matrix	#	to_a	ok
matrix	Matrix	#	to_s	ok
matrix	Matrix	#	tr	ok
matrix	Matrix	#	trace	ok
matrix	Matrix	#	unitary?	ok
matrix	Matrix	#	upper_triangular?	ok
matrix	Matrix	#	vstack	ok
matrix	Matrix	#	zero?	ok
matrix	Matrix	.	[]	ok
matrix	Matrix	.	I	ok
matrix	Matrix	.	identity	ok
matrix	Matrix	.	unit	ok
matrix	Matrix	.	build	ok
matrix	Matrix	.	column_vector	ok
matrix	Matrix	.	columns	ok
matrix	Matrix	.	combine	ok
matrix	Matrix	.	diagonal	ok
matrix	Matrix	.	empty	ok
matrix	Matrix	.	hstack	ok
matrix	Matrix	.	row_vector	ok
matrix	Matrix	.	rows	ok
matrix	Matrix	.	scalar	ok
matrix	Matrix	.	vstack	ok
matrix	Matrix	.	zero	ok
matrix	Matrix::EigenvalueDecomposition	#	d	ok
matrix	Matrix::EigenvalueDecomposition	#	eigenvalue_matrix	ok
matrix	Matrix::EigenvalueDecomposition	#	eigenvalues	ok
matrix	Matrix::EigenvalueDecomposition	#	eigenvector_matrix	ok
matrix	Matrix::EigenvalueDecomposition	#	v	ok
matrix	Matrix::EigenvalueDecomposition	#	eigenvector_matrix_inv	ok
matrix	Matrix::EigenvalueDecomposition	#	v_inv	ok
matrix	Matrix::EigenvalueDecomposition	#	eigenvectors	ok
matrix	Matrix::EigenvalueDecomposition	#	to_a	ok
matrix	Matrix::EigenvalueDecomposition	#	to_ary	ok
matrix	Matrix::LUPDecomposition	#	det	ok
matrix	Matrix::LUPDecomposition	#	determinant	ok
matrix	Matrix::LUPDecomposition	#	l	ok
matrix	Matrix::LUPDecomposition	#	p	ok
matrix	Matrix::LUPDecomposition	#	pivots	ok
matrix	Matrix::LUPDecomposition	#	singular?	ok
matrix	Matrix::LUPDecomposition	#	solve	ok
matrix	Matrix::LUPDecomposition	#	to_a	ok
matrix	Matrix::LUPDecomposition	#	to_ary	ok
matrix	Matrix::LUPDecomposition	#	u	ok
matrix	Vector	#	*	ok
matrix	Vector	#	+	ok
matrix	Vector	#	+@	ok
matrix	Vector	#	-	ok
matrix	Vector	#	-@	ok
matrix	Vector	#	/	ok
matrix	Vector	#	==	ok
matrix	Vector	#	eql?	ok
matrix	Vector	#	[]	ok
matrix	Vector	#	component	ok
matrix	Vector	#	element	ok
matrix	Vector	#	[]=	ok
matrix	Vector	#	angle_with	ok
matrix	Vector	#	collect	ok
matrix	Vector	#	map	ok
matrix	Vector	#	collect2	ok
matrix	Vector	#	collect!	ok
matrix	Vector	#	map!	ok
matrix	Vector	#	covector	ok
matrix	Vector	#	cross	ok
matrix	Vector	#	cross_product	ok
matrix	Vector	#	dot	ok
matrix	Vector	#	inner_product	ok
matrix	Vector	#	each	ok
matrix	Vector	#	each2	ok
matrix	Vector	#	elements_to_f	ok
matrix	Vector	#	elements_to_i	ok
matrix	Vector	#	elements_to_r	ok
matrix	Vector	#	hash	ok
matrix	Vector	#	independent?	ok
matrix	Vector	#	inspect	ok
matrix	Vector	#	magnitude	ok
matrix	Vector	#	norm	ok
matrix	Vector	#	r	ok
matrix	Vector	#	map2	ok
matrix	Vector	#	normalize	ok
matrix	Vector	#	size	ok
matrix	Vector	#	to_a	ok
matrix	Vector	#	to_s	ok
matrix	Vector	#	zero?	ok
matrix	Vector	.	[]	ok
matrix	Vector	.	basis	ok
matrix	Vector	.	elements	ok
matrix	Vector	.	independent?	ok
matrix	Vector	.	zero	ok
mkmf	Kernel	::	CONFIG	ok
mkmf	Kernel	#	arg_config	ok
mkmf	Kernel	#	cc_command	ok
mkmf	Kernel	#	check_signedness	ok
mkmf	Kernel	#	check_sizeof	ok
mkmf	Kernel	#	convertible_int	ok
mkmf	Kernel	#	cpp_command	ok
mkmf	Kernel	#	create_header	ok
mkmf	Kernel	#	create_makefile	ok
mkmf	Kernel	#	create_tmpsrc	ok
mkmf	Kernel	#	depend_rules	ok
mkmf	Kernel	#	dir_config	ok
mkmf	Kernel	#	dummy_makefile	ok
mkmf	Kernel	#	egrep_cpp	ok
mkmf	Kernel	#	enable_config	ok
mkmf	Kernel	#	find_executable	ok
mkmf	Kernel	#	find_header	ok
mkmf	Kernel	#	find_library	ok
mkmf	Kernel	#	find_type	ok
mkmf	Kernel	#	have_const	ok
mkmf	Kernel	#	have_devel?	ok
mkmf	Kernel	#	have_framework	ok
mkmf	Kernel	#	have_func	ok
mkmf	Kernel	#	have_header	ok
mkmf	Kernel	#	have_library	ok
mkmf	Kernel	#	have_macro	ok
mkmf	Kernel	#	have_struct_member	ok
mkmf	Kernel	#	have_type	ok
mkmf	Kernel	#	have_var	ok
mkmf	Kernel	#	install_files	ok
mkmf	Kernel	#	install_rb	ok
mkmf	Kernel	#	libpathflag	ok
mkmf	Kernel	#	link_command	ok
mkmf	Kernel	#	log_src	ok
mkmf	Kernel	#	merge_libs	ok
mkmf	Kernel	#	message	ok
mkmf	Kernel	#	modified?	ok
mkmf	Kernel	#	rm_f	ok
mkmf	Kernel	#	rm_rf	ok
mkmf	Kernel	#	try_compile	ok
mkmf	Kernel	#	try_constant	ok
mkmf	Kernel	#	try_cpp	ok
mkmf	Kernel	#	try_do	ok
mkmf	Kernel	#	try_func	ok
mkmf	Kernel	#	try_link	ok
mkmf	Kernel	#	try_run	ok
mkmf	Kernel	#	try_static_assert	ok
mkmf	Kernel	#	try_type	ok
mkmf	Kernel	#	try_var	ok
mkmf	Kernel	#	with_config	ok
mkmf	Kernel	#	with_werror	ok
mkmf	Kernel	#	xpopen	ok
mkmf	Kernel	#	xsystem	ok
mkmf	Kernel	$	CFLAGS	ok
mkmf	Kernel	$	CPPFLAGS	ok
mkmf	Kernel	$	LDFLAGS	ok
mkmf	Kernel	$	archdir	ok
mkmf	Kernel	$	defs	ok
mkmf	Kernel	$	hdrdir	ok
mkmf	Kernel	$	libdir	ok
mkmf	Kernel	$	libs	ok
mkmf	Kernel	$	sitearchdir	ok
mkmf	Kernel	$	sitelibdir	ok
mkmf	Kernel	$	srcdir	ok
mkmf	Kernel	$	topdir	ok
monitor	Monitor	#	enter	ok
monitor	Monitor	#	mon_enter	ok
monitor	Monitor	#	exit	ok
monitor	Monitor	#	mon_exit	ok
monitor	Monitor	#	mon_check_owner	ok
monitor	Monitor	#	mon_locked?	ok
monitor	Monitor	#	mon_owned?	ok
monitor	Monitor	#	mon_synchronize	ok
monitor	Monitor	#	synchronize	ok
monitor	Monitor	#	mon_try_enter	ok
monitor	Monitor	#	try_enter	ok
monitor	Monitor	#	try_mon_enter	ok
monitor	Monitor	#	new_cond	ok
monitor	Monitor	#	wait_for_cond	ok
monitor	Monitor	.	new	ok
monitor	MonitorMixin	#	mon_enter	ok
monitor	MonitorMixin	#	mon_exit	ok
monitor	MonitorMixin	#	mon_locked?	ok
monitor	MonitorMixin	#	mon_owned?	ok
monitor	MonitorMixin	#	mon_synchronize	ok
monitor	MonitorMixin	#	synchronize	ok
monitor	MonitorMixin	#	mon_try_enter	ok
monitor	MonitorMixin	#	try_mon_enter	ok
monitor	MonitorMixin	#	new_cond	ok
monitor	MonitorMixin::ConditionVariable	#	broadcast	ok
monitor	MonitorMixin::ConditionVariable	#	signal	ok
monitor	MonitorMixin::ConditionVariable	#	wait	ok
monitor	MonitorMixin::ConditionVariable	#	wait_until	ok
monitor	MonitorMixin::ConditionVariable	#	wait_while	ok
mutex_m	Mutex_m	#	lock	no-method
mutex_m	Mutex_m	#	mu_lock	ok
mutex_m	Mutex_m	#	locked?	no-method
mutex_m	Mutex_m	#	mu_locked?	ok
mutex_m	Mutex_m	#	mu_extended	ok
mutex_m	Mutex_m	#	mu_synchronize	ok
mutex_m	Mutex_m	#	synchronize	no-method
mutex_m	Mutex_m	#	mu_try_lock	ok
mutex_m	Mutex_m	#	try_lock	no-method
mutex_m	Mutex_m	#	mu_unlock	ok
mutex_m	Mutex_m	#	unlock	no-method
mutex_m	Mutex_m	.	append_features	ok
mutex_m	Mutex_m	.	define_aliases	ok
mutex_m	Mutex_m	.	extend_object	ok
net/ftp	Net::FTP	::	DEFAULT_BLOCKSIZE	ok
net/ftp	Net::FTP	::	FTP_PORT	ok
net/ftp	Net::FTP	#	abort	ok
net/ftp	Net::FTP	#	acct	ok
net/ftp	Net::FTP	#	binary	ok
net/ftp	Net::FTP	#	binary=	ok
net/ftp	Net::FTP	#	chdir	ok
net/ftp	Net::FTP	#	close	ok
net/ftp	Net::FTP	#	closed?	ok
net/ftp	Net::FTP	#	connect	ok
net/ftp	Net::FTP	#	debug_mode	ok
net/ftp	Net::FTP	#	debug_mode=	ok
net/ftp	Net::FTP	#	delete	ok
net/ftp	Net::FTP	#	dir	ok
net/ftp	Net::FTP	#	list	ok
net/ftp	Net::FTP	#	ls	ok
net/ftp	Net::FTP	#	get	ok
net/ftp	Net::FTP	#	getbinaryfile	ok
net/ftp	Net::FTP	#	getdir	ok
net/ftp	Net::FTP	#	pwd	ok
net/ftp	Net::FTP	#	gettextfile	ok
net/ftp	Net::FTP	#	help	ok
net/ftp	Net::FTP	#	last_response	ok
net/ftp	Net::FTP	#	last_response_code	ok
net/ftp	Net::FTP	#	lastresp	ok
net/ftp	Net::FTP	#	login	ok
net/ftp	Net::FTP	#	mdtm	ok
net/ftp	Net::FTP	#	mkdir	ok
net/ftp	Net::FTP	#	mlsd	ok
net/ftp	Net::FTP	#	mlst	ok
net/ftp	Net::FTP	#	mtime	ok
net/ftp	Net::FTP	#	nlst	ok
net/ftp	Net::FTP	#	noop	ok
net/ftp	Net::FTP	#	open_timeout	ok
net/ftp	Net::FTP	#	open_timeout=	ok
net/ftp	Net::FTP	#	passive	ok
net/ftp	Net::FTP	#	passive=	ok
net/ftp	Net::FTP	#	put	ok
net/ftp	Net::FTP	#	putbinaryfile	ok
net/ftp	Net::FTP	#	puttextfile	ok
net/ftp	Net::FTP	#	quit	ok
net/ftp	Net::FTP	#	read_timeout	ok
net/ftp	Net::FTP	#	read_timeout=	ok
net/ftp	Net::FTP	#	rename	ok
net/ftp	Net::FTP	#	resume	ok
net/ftp	Net::FTP	#	resume=	ok
net/ftp	Net::FTP	#	retrbinary	ok
net/ftp	Net::FTP	#	retrlines	ok
net/ftp	Net::FTP	#	return_code	ok
net/ftp	Net::FTP	#	return_code=	ok
net/ftp	Net::FTP	#	rmdir	ok
net/ftp	Net::FTP	#	sendcmd	ok
net/ftp	Net::FTP	#	set_socket	ok
net/ftp	Net::FTP	#	site	ok
net/ftp	Net::FTP	#	size	ok
net/ftp	Net::FTP	#	status	ok
net/ftp	Net::FTP	#	storbinary	ok
net/ftp	Net::FTP	#	storlines	ok
net/ftp	Net::FTP	#	system	ok
net/ftp	Net::FTP	#	voidcmd	ok
net/ftp	Net::FTP	#	welcome	ok
net/ftp	Net::FTP	.	default_passive	ok
net/ftp	Net::FTP	.	default_passive=	ok
net/ftp	Net::FTP	.	new	ok
net/ftp	Net::FTP	.	open	ok
net/ftp	Net::FTP::MLSxEntry	#	appendable?	ok
net/ftp	Net::FTP::MLSxEntry	#	charset	ok
net/ftp	Net::FTP::MLSxEntry	#	creatable?	ok
net/ftp	Net::FTP::MLSxEntry	#	create	ok
net/ftp	Net::FTP::MLSxEntry	#	deletable?	ok
net/ftp	Net::FTP::MLSxEntry	#	directory?	ok
net/ftp	Net::FTP::MLSxEntry	#	directory_makable?	ok
net/ftp	Net::FTP::MLSxEntry	#	enterable?	ok
net/ftp	Net::FTP::MLSxEntry	#	facts	ok
net/ftp	Net::FTP::MLSxEntry	#	file?	ok
net/ftp	Net::FTP::MLSxEntry	#	lang	ok
net/ftp	Net::FTP::MLSxEntry	#	listable?	ok
net/ftp	Net::FTP::MLSxEntry	#	media_type	ok
net/ftp	Net::FTP::MLSxEntry	#	modify	ok
net/ftp	Net::FTP::MLSxEntry	#	pathname	ok
net/ftp	Net::FTP::MLSxEntry	#	perm	ok
net/ftp	Net::FTP::MLSxEntry	#	purgeable?	ok
net/ftp	Net::FTP::MLSxEntry	#	readable?	ok
net/ftp	Net::FTP::MLSxEntry	#	renamable?	ok
net/ftp	Net::FTP::MLSxEntry	#	size	ok
net/ftp	Net::FTP::MLSxEntry	#	type	ok
net/ftp	Net::FTP::MLSxEntry	#	unique	ok
net/ftp	Net::FTP::MLSxEntry	#	writable?	ok
net/http	Net::HTTP	#	active?	ok
net/http	Net::HTTP	#	started?	ok
net/http	Net::HTTP	#	address	ok
net/http	Net::HTTP	#	ca_file	ok
net/http	Net::HTTP	#	ca_file=	ok
net/http	Net::HTTP	#	ca_path	ok
net/http	Net::HTTP	#	ca_path=	ok
net/http	Net::HTTP	#	cert	ok
net/http	Net::HTTP	#	cert=	ok
net/http	Net::HTTP	#	cert_store	ok
net/http	Net::HTTP	#	cert_store=	ok
net/http	Net::HTTP	#	ciphers	ok
net/http	Net::HTTP	#	ciphers=	ok
net/http	Net::HTTP	#	close_on_empty_response	ok
net/http	Net::HTTP	#	close_on_empty_response=	ok
net/http	Net::HTTP	#	continue_timeout	ok
net/http	Net::HTTP	#	continue_timeout=	ok
net/http	Net::HTTP	#	copy	ok
net/http	Net::HTTP	#	delete	ok
net/http	Net::HTTP	#	finish	ok
net/http	Net::HTTP	#	get	ok
net/http	Net::HTTP	#	get2	ok
net/http	Net::HTTP	#	request_get	ok
net/http	Net::HTTP	#	head	ok
net/http	Net::HTTP	#	head2	ok
net/http	Net::HTTP	#	request_head	ok
net/http	Net::HTTP	#	keep_alive_timeout	ok
net/http	Net::HTTP	#	keep_alive_timeout=	ok
net/http	Net::HTTP	#	key	ok
net/http	Net::HTTP	#	key=	ok
net/http	Net::HTTP	#	local_host	ok
net/http	Net::HTTP	#	local_host=	ok
net/http	Net::HTTP	#	local_port	ok
net/http	Net::HTTP	#	local_port=	ok
net/http	Net::HTTP	#	lock	ok
net/http	Net::HTTP	#	max_retries	ok
net/http	Net::HTTP	#	max_retries=	ok
net/http	Net::HTTP	#	mkcol	ok
net/http	Net::HTTP	#	move	ok
net/http	Net::HTTP	#	open_timeout	ok
net/http	Net::HTTP	#	open_timeout=	ok
net/http	Net::HTTP	#	options	ok
net/http	Net::HTTP	#	patch	ok
net/http	Net::HTTP	#	peer_cert	ok
net/http	Net::HTTP	#	port	ok
net/http	Net::HTTP	#	post	ok
net/http	Net::HTTP	#	post2	ok
net/http	Net::HTTP	#	request_post	ok
net/http	Net::HTTP	#	propfind	ok
net/http	Net::HTTP	#	proppatch	ok
net/http	Net::HTTP	#	proxy?	ok
net/http	Net::HTTP	#	proxy_address	ok
net/http	Net::HTTP	#	proxyaddr	ok
net/http	Net::HTTP	#	proxy_address=	ok
net/http	Net::HTTP	#	proxy_from_env=	ok
net/http	Net::HTTP	#	proxy_from_env?	ok
net/http	Net::HTTP	#	proxy_pass	ok
net/http	Net::HTTP	#	proxy_pass=	ok
net/http	Net::HTTP	#	proxy_port	ok
net/http	Net::HTTP	#	proxyport	ok
net/http	Net::HTTP	#	proxy_port=	ok
net/http	Net::HTTP	#	proxy_uri	ok
net/http	Net::HTTP	#	proxy_user	ok
net/http	Net::HTTP	#	proxy_user=	ok
net/http	Net::HTTP	#	put	ok
net/http	Net::HTTP	#	put2	ok
net/http	Net::HTTP	#	request_put	ok
net/http	Net::HTTP	#	read_timeout	ok
net/http	Net::HTTP	#	read_timeout=	ok
net/http	Net::HTTP	#	request	ok
net/http	Net::HTTP	#	send_request	ok
net/http	Net::HTTP	#	set_debug_output	ok
net/http	Net::HTTP	#	ssl_timeout	ok
net/http	Net::HTTP	#	ssl_timeout=	ok
net/http	Net::HTTP	#	ssl_version	ok
net/http	Net::HTTP	#	ssl_version=	ok
net/http	Net::HTTP	#	start	ok
net/http	Net::HTTP	#	trace	ok
net/http	Net::HTTP	#	unlock	ok
net/http	Net::HTTP	#	use_ssl=	ok
net/http	Net::HTTP	#	use_ssl?	ok
net/http	Net::HTTP	#	verify_callback	ok
net/http	Net::HTTP	#	verify_callback=	ok
net/http	Net::HTTP	#	verify_depth	ok
net/http	Net::HTTP	#	verify_depth=	ok
net/http	Net::HTTP	#	verify_mode	ok
net/http	Net::HTTP	#	verify_mode=	ok
net/http	Net::HTTP	#	write_timeout	ok
net/http	Net::HTTP	#	write_timeout=	ok
net/http	Net::HTTP	.	Proxy	ok
net/http	Net::HTTP	.	default_port	ok
net/http	Net::HTTP	.	http_default_port	ok
net/http	Net::HTTP	.	get	ok
net/http	Net::HTTP	.	get_print	ok
net/http	Net::HTTP	.	get_response	ok
net/http	Net::HTTP	.	https_default_port	ok
net/http	Net::HTTP	.	is_version_1_1?	ok
net/http	Net::HTTP	.	version_1_1?	ok
net/http	Net::HTTP	.	is_version_1_2?	ok
net/http	Net::HTTP	.	version_1_2?	ok
net/http	Net::HTTP	.	new	ok
net/http	Net::HTTP	.	post_form	ok
net/http	Net::HTTP	.	proxy_address	ok
net/http	Net::HTTP	.	proxy_class?	ok
net/http	Net::HTTP	.	proxy_pass	ok
net/http	Net::HTTP	.	proxy_port	ok
net/http	Net::HTTP	.	proxy_user	ok
net/http	Net::HTTP	.	start	ok
net/http	Net::HTTP	.	version_1_2	ok
net/http	Net::HTTPExceptions	#	response	ok
net/http	Net::HTTPGenericRequest	#	body	ok
net/http	Net::HTTPGenericRequest	#	body=	ok
net/http	Net::HTTPGenericRequest	#	body_exist?	ok
net/http	Net::HTTPGenericRequest	#	body_stream	ok
net/http	Net::HTTPGenericRequest	#	body_stream=	ok
net/http	Net::HTTPGenericRequest	#	method	ok
net/http	Net::HTTPGenericRequest	#	path	ok
net/http	Net::HTTPGenericRequest	#	request_body_permitted?	ok
net/http	Net::HTTPGenericRequest	#	response_body_permitted?	ok
net/http	Net::HTTPHeader	#	[]	ok
net/http	Net::HTTPHeader	#	[]=	ok
net/http	Net::HTTPHeader	#	add_field	ok
net/http	Net::HTTPHeader	#	basic_auth	ok
net/http	Net::HTTPHeader	#	canonical_each	ok
net/http	Net::HTTPHeader	#	each_capitalized	ok
net/http	Net::HTTPHeader	#	chunked?	ok
net/http	Net::HTTPHeader	#	content_length	ok
net/http	Net::HTTPHeader	#	content_length=	ok
net/http	Net::HTTPHeader	#	content_range	ok
net/http	Net::HTTPHeader	#	content_type	ok
net/http	Net::HTTPHeader	#	content_type=	ok
net/http	Net::HTTPHeader	#	set_content_type	ok
net/http	Net::HTTPHeader	#	delete	ok
net/http	Net::HTTPHeader	#	each	ok
net/http	Net::HTTPHeader	#	each_header	ok
net/http	Net::HTTPHeader	#	each_capitalized_name	ok
net/http	Net::HTTPHeader	#	each_key	ok
net/http	Net::HTTPHeader	#	each_name	ok
net/http	Net::HTTPHeader	#	each_value	ok
net/http	Net::HTTPHeader	#	fetch	ok
net/http	Net::HTTPHeader	#	form_data=	ok
net/http	Net::HTTPHeader	#	set_form_data	ok
net/http	Net::HTTPHeader	#	get_fields	ok
net/http	Net::HTTPHeader	#	key?	ok
net/http	Net::HTTPHeader	#	length	ok
net/http	Net::HTTPHeader	#	size	ok
net/http	Net::HTTPHeader	#	main_type	ok
net/http	Net::HTTPHeader	#	method	no-method
net/http	Net::HTTPHeader	#	proxy_basic_auth	ok
net/http	Net::HTTPHeader	#	range	ok
net/http	Net::HTTPHeader	#	range=	ok
net/http	Net::HTTPHeader	#	set_range	ok
net/http	Net::HTTPHeader	#	range_length	ok
net/http	Net::HTTPHeader	#	sub_type	ok
net/http	Net::HTTPHeader	#	type_params	ok
net/http	Net::HTTPRequest	.	new	ok
net/http	Net::HTTPResponse	::	CODE_CLASS_TO_OBJ	ok
net/http	Net::HTTPResponse	::	CODE_TO_OBJ	ok
net/http	Net::HTTPResponse	#	body	ok
net/http	Net::HTTPResponse	#	entity	ok
net/http	Net::HTTPResponse	#	code	ok
net/http	Net::HTTPResponse	#	header	ok
net/http	Net::HTTPResponse	#	reader_header	no-method
net/http	Net::HTTPResponse	#	response	ok
net/http	Net::HTTPResponse	#	http_version	ok
net/http	Net::HTTPResponse	#	message	ok
net/http	Net::HTTPResponse	#	msg	ok
net/http	Net::HTTPResponse	#	read_body	ok
net/http	Net::HTTPResponse	#	value	ok
net/http	Net::HTTPResponse	.	body_permitted?	ok
net/imap	Net::IMAP	::	ANSWERED	ok
net/imap	Net::IMAP	::	DELETED	ok
net/imap	Net::IMAP	::	DRAFT	ok
net/imap	Net::IMAP	::	FLAGGED	ok
net/imap	Net::IMAP	::	MARKED	ok
net/imap	Net::IMAP	::	NOINFERIORS	ok
net/imap	Net::IMAP	::	NOSELECT	ok
net/imap	Net::IMAP	::	RECENT	ok
net/imap	Net::IMAP	::	SEEN	ok
net/imap	Net::IMAP	::	UNMARKED	ok
net/imap	Net::IMAP	#	add_response_handler	ok
net/imap	Net::IMAP	#	append	ok
net/imap	Net::IMAP	#	authenticate	ok
net/imap	Net::IMAP	#	capability	ok
net/imap	Net::IMAP	#	check	ok
net/imap	Net::IMAP	#	client_thread	ok
net/imap	Net::IMAP	#	client_thread=	ok
net/imap	Net::IMAP	#	close	ok
net/imap	Net::IMAP	#	copy	ok
net/imap	Net::IMAP	#	create	ok
net/imap	Net::IMAP	#	delete	ok
net/imap	Net::IMAP	#	disconnect	ok
net/imap	Net::IMAP	#	disconnected?	ok
net/imap	Net::IMAP	#	examine	ok
net/imap	Net::IMAP	#	expunge	ok
net/imap	Net::IMAP	#	fetch	ok
net/imap	Net::IMAP	#	getacl	ok
net/imap	Net::IMAP	#	getquota	ok
net/imap	Net::IMAP	#	getquotaroot	ok
net/imap	Net::IMAP	#	greeting	ok
net/imap	Net::IMAP	#	idle	ok
net/imap	Net::IMAP	#	idle_done	ok
net/imap	Net::IMAP	#	list	ok
net/imap	Net::IMAP	#	login	ok
net/imap	Net::IMAP	#	logout	ok
net/imap	Net::IMAP	#	lsub	ok
net/imap	Net::IMAP	#	move	ok
net/imap	Net::IMAP	#	noop	ok
net/imap	Net::IMAP	#	remove_response_handler	ok
net/imap	Net::IMAP	#	rename	ok
net/imap	Net::IMAP	#	response_handlers	ok
net/imap	Net::IMAP	#	responses	ok
net/imap	Net::IMAP	#	search	ok
net/imap	Net::IMAP	#	select	ok
net/imap	Net::IMAP	#	setacl	ok
net/imap	Net::IMAP	#	setquota	ok
net/imap	Net::IMAP	#	sort	ok
net/imap	Net::IMAP	#	uid_sort	ok
net/imap	Net::IMAP	#	starttls	ok
net/imap	Net::IMAP	#	status	ok
net/imap	Net::IMAP	#	store	ok
net/imap	Net::IMAP	#	subscribe	ok
net/imap	Net::IMAP	#	thread	ok
net/imap	Net::IMAP	#	uid_copy	ok
net/imap	Net::IMAP	#	uid_fetch	ok
net/imap	Net::IMAP	#	uid_move	ok
net/imap	Net::IMAP	#	uid_search	ok
net/imap	Net::IMAP	#	uid_store	ok
net/imap	Net::IMAP	#	uid_thread	ok
net/imap	Net::IMAP	#	unsubscribe	ok
net/imap	Net::IMAP	#	xlist	ok
net/imap	Net::IMAP	.	add_authenticator	ok
net/imap	Net::IMAP	.	debug	ok
net/imap	Net::IMAP	.	debug=	ok
net/imap	Net::IMAP	.	decode_utf7	ok
net/imap	Net::IMAP	.	default_imap_port	ok
net/imap	Net::IMAP	.	default_port	ok
net/imap	Net::IMAP	.	default_imaps_port	ok
net/imap	Net::IMAP	.	default_ssl_port	ok
net/imap	Net::IMAP	.	default_tls_port	ok
net/imap	Net::IMAP	.	encode_utf7	ok
net/imap	Net::IMAP	.	format_date	ok
net/imap	Net::IMAP	.	format_datetime	ok
net/imap	Net::IMAP	.	max_flag_count	ok
net/imap	Net::IMAP	.	max_flag_count=	ok
net/imap	Net::IMAP	.	new	ok
net/imap	Net::IMAP::Address	#	host	ok
net/imap	Net::IMAP::Address	#	mailbox	ok
net/imap	Net::IMAP::Address	#	name	ok
net/imap	Net::IMAP::Address	#	route	ok
net/imap	Net::IMAP::BodyTypeBasic	#	content_id	ok
net/imap	Net::IMAP::BodyTypeBasic	#	description	ok
net/imap	Net::IMAP::BodyTypeBasic	#	disposition	ok
net/imap	Net::IMAP::BodyTypeBasic	#	encoding	ok
net/imap	Net::IMAP::BodyTypeBasic	#	extension	ok
net/imap	Net::IMAP::BodyTypeBasic	#	language	ok
net/imap	Net::IMAP::BodyTypeBasic	#	md5	ok
net/imap	Net::IMAP::BodyTypeBasic	#	media_subtype	ok
net/imap	Net::IMAP::BodyTypeBasic	#	subtype	ok
net/imap	Net::IMAP::BodyTypeBasic	#	media_type	ok
net/imap	Net::IMAP::BodyTypeBasic	#	multipart?	ok
net/imap	Net::IMAP::BodyTypeBasic	#	param	ok
net/imap	Net::IMAP::BodyTypeBasic	#	size	ok
net/imap	Net::IMAP::BodyTypeMessage	#	body	ok
net/imap	Net::IMAP::BodyTypeMessage	#	content_id	ok
net/imap	Net::IMAP::BodyTypeMessage	#	description	ok
net/imap	Net::IMAP::BodyTypeMessage	#	disposition	ok
net/imap	Net::IMAP::BodyTypeMessage	#	encoding	ok
net/imap	Net::IMAP::BodyTypeMessage	#	envelope	ok
net/imap	Net::IMAP::BodyTypeMessage	#	extension	ok
net/imap	Net::IMAP::BodyTypeMessage	#	language	ok
net/imap	Net::IMAP::BodyTypeMessage	#	lines	ok
net/imap	Net::IMAP::BodyTypeMessage	#	md5	ok
net/imap	Net::IMAP::BodyTypeMessage	#	media_subtype	ok
net/imap	Net::IMAP::BodyTypeMessage	#	subtype	ok
net/imap	Net::IMAP::BodyTypeMessage	#	media_type	ok
net/imap	Net::IMAP::BodyTypeMessage	#	multipart?	ok
net/imap	Net::IMAP::BodyTypeMessage	#	param	ok
net/imap	Net::IMAP::BodyTypeMessage	#	size	ok
net/imap	Net::IMAP::BodyTypeMultipart	#	disposition	ok
net/imap	Net::IMAP::BodyTypeMultipart	#	extension	ok
net/imap	Net::IMAP::BodyTypeMultipart	#	language	ok
net/imap	Net::IMAP::BodyTypeMultipart	#	media_subtype	ok
net/imap	Net::IMAP::BodyTypeMultipart	#	subtype	ok
net/imap	Net::IMAP::BodyTypeMultipart	#	media_type	ok
net/imap	Net::IMAP::BodyTypeMultipart	#	multipart?	ok
net/imap	Net::IMAP::BodyTypeMultipart	#	param	ok
net/imap	Net::IMAP::BodyTypeMultipart	#	parts	ok
net/imap	Net::IMAP::BodyTypeText	#	content_id	ok
net/imap	Net::IMAP::BodyTypeText	#	description	ok
net/imap	Net::IMAP::BodyTypeText	#	disposition	ok
net/imap	Net::IMAP::BodyTypeText	#	encoding	ok
net/imap	Net::IMAP::BodyTypeText	#	extension	ok
net/imap	Net::IMAP::BodyTypeText	#	language	ok
net/imap	Net::IMAP::BodyTypeText	#	lines	ok
net/imap	Net::IMAP::BodyTypeText	#	md5	ok
net/imap	Net::IMAP::BodyTypeText	#	media_subtype	ok
net/imap	Net::IMAP::BodyTypeText	#	subtype	ok
net/imap	Net::IMAP::BodyTypeText	#	media_type	ok
net/imap	Net::IMAP::BodyTypeText	#	multipart?	ok
net/imap	Net::IMAP::BodyTypeText	#	param	ok
net/imap	Net::IMAP::BodyTypeText	#	size	ok
net/imap	Net::IMAP::ContentDisposition	#	dsp_type	ok
net/imap	Net::IMAP::ContentDisposition	#	param	ok
net/imap	Net::IMAP::ContinuationRequest	#	data	ok
net/imap	Net::IMAP::ContinuationRequest	#	raw_data	ok
net/imap	Net::IMAP::Envelope	#	bcc	ok
net/imap	Net::IMAP::Envelope	#	cc	ok
net/imap	Net::IMAP::Envelope	#	date	ok
net/imap	Net::IMAP::Envelope	#	from	ok
net/imap	Net::IMAP::Envelope	#	in_reply_to	ok
net/imap	Net::IMAP::Envelope	#	message_id	ok
net/imap	Net::IMAP::Envelope	#	reply_to	ok
net/imap	Net::IMAP::Envelope	#	sender	ok
net/imap	Net::IMAP::Envelope	#	subject	ok
net/imap	Net::IMAP::Envelope	#	to	ok
net/imap	Net::IMAP::FetchData	#	attr	ok
net/imap	Net::IMAP::FetchData	#	seqno	ok
net/imap	Net::IMAP::MailboxACLItem	#	rights	ok
net/imap	Net::IMAP::MailboxACLItem	#	user	ok
net/imap	Net::IMAP::MailboxList	#	attr	ok
net/imap	Net::IMAP::MailboxList	#	delim	ok
net/imap	Net::IMAP::MailboxList	#	name	ok
net/imap	Net::IMAP::MailboxQuota	#	mailbox	ok
net/imap	Net::IMAP::MailboxQuota	#	quota	ok
net/imap	Net::IMAP::MailboxQuota	#	usage	ok
net/imap	Net::IMAP::MailboxQuotaRoot	#	mailbox	ok
net/imap	Net::IMAP::MailboxQuotaRoot	#	quotaroots	ok
net/imap	Net::IMAP::ResponseCode	#	data	ok
net/imap	Net::IMAP::ResponseCode	#	name	ok
net/imap	Net::IMAP::ResponseError	#	response	ok
net/imap	Net::IMAP::ResponseError	#	response=	ok
net/imap	Net::IMAP::ResponseText	#	code	ok
net/imap	Net::IMAP::ResponseText	#	text	ok
net/imap	Net::IMAP::StatusData	#	attr	ok
net/imap	Net::IMAP::StatusData	#	mailbox	ok
net/imap	Net::IMAP::TaggedResponse	#	data	ok
net/imap	Net::IMAP::TaggedResponse	#	name	ok
net/imap	Net::IMAP::TaggedResponse	#	raw_data	ok
net/imap	Net::IMAP::TaggedResponse	#	tag	ok
net/imap	Net::IMAP::ThreadMember	#	children	ok
net/imap	Net::IMAP::ThreadMember	#	seqno	ok
net/imap	Net::IMAP::UntaggedResponse	#	data	ok
net/imap	Net::IMAP::UntaggedResponse	#	name	ok
net/imap	Net::IMAP::UntaggedResponse	#	raw_data	ok
net/pop	Net::POP3	::	Revision	no-method
net/pop	Net::POP3	#	active?	ok
net/pop	Net::POP3	#	started?	ok
net/pop	Net::POP3	#	address	ok
net/pop	Net::POP3	#	apop?	ok
net/pop	Net::POP3	#	auth_only	ok
net/pop	Net::POP3	#	delete_all	ok
net/pop	Net::POP3	#	disable_ssl	ok
net/pop	Net::POP3	#	each	ok
net/pop	Net::POP3	#	each_mail	ok
net/pop	Net::POP3	#	enable_ssl	ok
net/pop	Net::POP3	#	finish	ok
net/pop	Net::POP3	#	mails	ok
net/pop	Net::POP3	#	n_bytes	ok
net/pop	Net::POP3	#	n_mails	ok
net/pop	Net::POP3	#	open_timeout	ok
net/pop	Net::POP3	#	open_timeout=	ok
net/pop	Net::POP3	#	port	ok
net/pop	Net::POP3	#	read_timeout	ok
net/pop	Net::POP3	#	read_timeout=	ok
net/pop	Net::POP3	#	reset	ok
net/pop	Net::POP3	#	set_debug_output	ok
net/pop	Net::POP3	#	start	ok
net/pop	Net::POP3	#	use_ssl?	ok
net/pop	Net::POP3	.	APOP	ok
net/pop	Net::POP3	.	auth_only	ok
net/pop	Net::POP3	.	certs	ok
net/pop	Net::POP3	.	default_pop3_port	ok
net/pop	Net::POP3	.	default_port	ok
net/pop	Net::POP3	.	default_pop3s_port	ok
net/pop	Net::POP3	.	delete_all	ok
net/pop	Net::POP3	.	disable_ssl	ok
net/pop	Net::POP3	.	enable_ssl	ok
net/pop	Net::POP3	.	foreach	ok
net/pop	Net::POP3	.	new	ok
net/pop	Net::POP3	.	socket_type	ok
net/pop	Net::POP3	.	ssl_params	ok
net/pop	Net::POP3	.	start	ok
net/pop	Net::POP3	.	use_ssl?	ok
net/pop	Net::POP3	.	verify	ok
net/pop	Net::POPMail	#	all	ok
net/pop	Net::POPMail	#	mail	ok
net/pop	Net::POPMail	#	pop	ok
net/pop	Net::POPMail	#	delete	ok
net/pop	Net::POPMail	#	delete!	ok
net/pop	Net::POPMail	#	deleted?	ok
net/pop	Net::POPMail	#	header	ok
net/pop	Net::POPMail	#	length	ok
net/pop	Net::POPMail	#	size	ok
net/pop	Net::POPMail	#	number	ok
net/pop	Net::POPMail	#	top	ok
net/pop	Net::POPMail	#	uidl	ok
net/pop	Net::POPMail	#	unique_id	ok
net/smtp	Net::SMTP	::	DEFAULT_AUTH_TYPE	ok
net/smtp	Net::SMTP	::	Revision	ok
net/smtp	Net::SMTP	#	address	ok
net/smtp	Net::SMTP	#	auth_cram_md5	ok
net/smtp	Net::SMTP	#	auth_login	ok
net/smtp	Net::SMTP	#	auth_plain	ok
net/smtp	Net::SMTP	#	authenticate	ok
net/smtp	Net::SMTP	#	capable_auth_types	ok
net/smtp	Net::SMTP	#	capable_cram_md5_auth?	ok
net/smtp	Net::SMTP	#	capable_login_auth?	ok
net/smtp	Net::SMTP	#	capable_plain_auth?	ok
net/smtp	Net::SMTP	#	capable_starttls?	ok
net/smtp	Net::SMTP	#	data	ok
net/smtp	Net::SMTP	#	debug_output=	ok
net/smtp	Net::SMTP	#	set_debug_output	ok
net/smtp	Net::SMTP	#	disable_ssl	ok
net/smtp	Net::SMTP	#	disable_tls	ok
net/smtp	Net::SMTP	#	disable_starttls	ok
net/smtp	Net::SMTP	#	ehlo	ok
net/smtp	Net::SMTP	#	enable_ssl	ok
net/smtp	Net::SMTP	#	enable_tls	ok
net/smtp	Net::SMTP	#	enable_starttls	ok
net/smtp	Net::SMTP	#	enable_starttls_auto	ok
net/smtp	Net::SMTP	#	esmtp	ok
net/smtp	Net::SMTP	#	esmtp?	ok
net/smtp	Net::SMTP	#	esmtp=	ok
net/smtp	Net::SMTP	#	finish	ok
net/smtp	Net::SMTP	#	helo	ok
net/smtp	Net::SMTP	#	inspect	ok
net/smtp	Net::SMTP	#	mailfrom	ok
net/smtp	Net::SMTP	#	open_message_stream	ok
net/smtp	Net::SMTP	#	ready	ok
net/smtp	Net::SMTP	#	open_timeout	ok
net/smtp	Net::SMTP	#	open_timeout=	ok
net/smtp	Net::SMTP	#	port	ok
net/smtp	Net::SMTP	#	quit	ok
net/smtp	Net::SMTP	#	rcptto	ok
net/smtp	Net::SMTP	#	rcptto_list	ok
net/smtp	Net::SMTP	#	read_timeout	ok
net/smtp	Net::SMTP	#	read_timeout=	ok
net/smtp	Net::SMTP	#	rset	ok
net/smtp	Net::SMTP	#	send_mail	ok
net/smtp	Net::SMTP	#	send_message	ok
net/smtp	Net::SMTP	#	sendmail	ok
net/smtp	Net::SMTP	#	ssl?	ok
net/smtp	Net::SMTP	#	tls?	ok
net/smtp	Net::SMTP	#	start	ok
net/smtp	Net::SMTP	#	started?	ok
net/smtp	Net::SMTP	#	starttls	ok
net/smtp	Net::SMTP	#	starttls?	ok
net/smtp	Net::SMTP	#	starttls_always?	ok
net/smtp	Net::SMTP	#	starttls_auto?	ok
net/smtp	Net::SMTP	.	default_port	ok
net/smtp	Net::SMTP	.	default_ssl_context	ok
net/smtp	Net::SMTP	.	default_ssl_port	ok
net/smtp	Net::SMTP	.	default_tls_port	ok
net/smtp	Net::SMTP	.	default_submission_port	ok
net/smtp	Net::SMTP	.	new	ok
net/smtp	Net::SMTP	.	start	ok
nkf	NKF	::	ASCII	ok
nkf	NKF	::	AUTO	ok
nkf	NKF	::	BINARY	ok
nkf	NKF	::	EUC	ok
nkf	NKF	::	JIS	ok
nkf	NKF	::	NKF_RELEASE_DATE	ok
nkf	NKF	::	NKF_VERSION	ok
nkf	NKF	::	NOCONV	ok
nkf	NKF	::	SJIS	ok
nkf	NKF	::	UNKNOWN	ok
nkf	NKF	::	UTF16	ok
nkf	NKF	::	UTF32	ok
nkf	NKF	::	UTF8	ok
nkf	NKF	::	VERSION	ok
nkf	NKF	.#	guess	ok
nkf	NKF	.#	nkf	ok
objspace	ObjectSpace	.#	allocation_class_path	ok
objspace	ObjectSpace	.#	allocation_generation	ok
objspace	ObjectSpace	.#	allocation_method_id	ok
objspace	ObjectSpace	.#	allocation_sourcefile	ok
objspace	ObjectSpace	.#	allocation_sourceline	ok
objspace	ObjectSpace	.#	count_nodes	ok
objspace	ObjectSpace	.#	count_objects_size	ok
objspace	ObjectSpace	.#	count_tdata_objects	ok
objspace	ObjectSpace	.#	dump	ok
objspace	ObjectSpace	.#	dump_all	ok
objspace	ObjectSpace	.#	memsize_of	ok
objspace	ObjectSpace	.#	memsize_of_all	ok
objspace	ObjectSpace	.#	reachable_objects_from	ok
objspace	ObjectSpace	.#	reachable_objects_from_root	ok
objspace	ObjectSpace	.#	trace_object_allocations	ok
objspace	ObjectSpace	.#	trace_object_allocations_clear	ok
objspace	ObjectSpace	.#	trace_object_allocations_start	ok
objspace	ObjectSpace	.#	trace_object_allocations_stop	ok
observer	Observable	#	add_observer	ok
observer	Observable	#	changed	ok
observer	Observable	#	changed?	ok
observer	Observable	#	count_observers	ok
observer	Observable	#	delete_observer	ok
observer	Observable	#	delete_observers	ok
observer	Observable	#	notify_observers	ok
open-uri	OpenURI	.	open_uri	ok
open-uri	OpenURI::Meta	#	base_uri	ok
open-uri	OpenURI::Meta	#	charset	ok
open-uri	OpenURI::Meta	#	content_encoding	ok
open-uri	OpenURI::Meta	#	content_type	ok
open-uri	OpenURI::Meta	#	last_modified	ok
open-uri	OpenURI::Meta	#	meta	ok
open-uri	OpenURI::Meta	#	status	ok
open-uri	OpenURI::OpenRead	#	open	ok
open-uri	OpenURI::OpenRead	#	read	ok
open-uri	URI	.	open	ok
open3	Open3	.#	capture2	ok
open3	Open3	.#	capture2e	ok
open3	Open3	.#	capture3	ok
open3	Open3	.#	pipeline	ok
open3	Open3	.#	pipeline_r	ok
open3	Open3	.#	pipeline_rw	ok
open3	Open3	.#	pipeline_start	ok
open3	Open3	.#	pipeline_w	ok
open3	Open3	.#	popen2	ok
open3	Open3	.#	popen2e	ok
open3	Open3	.#	popen3	ok
openssl	Integer	#	to_bn	ok
openssl	OpenSSL	::	OPENSSL_FIPS	ok
openssl	OpenSSL	::	OPENSSL_LIBRARY_VERSION	ok
openssl	OpenSSL	::	OPENSSL_VERSION	ok
openssl	OpenSSL	::	OPENSSL_VERSION_NUMBER	ok
openssl	OpenSSL	::	VERSION	ok
openssl	OpenSSL	.#	debug	ok
openssl	OpenSSL	.#	debug=	ok
openssl	OpenSSL	.#	errors	ok
openssl	OpenSSL	.#	fips_mode=	ok
openssl	OpenSSL::ASN1	::	BIT_STRING	ok
openssl	OpenSSL::ASN1	::	BMPSTRING	ok
openssl	OpenSSL::ASN1	::	BOOLEAN	ok
openssl	OpenSSL::ASN1	::	CHARACTER_STRING	ok
openssl	OpenSSL::ASN1	::	EMBEDDED_PDV	ok
openssl	OpenSSL::ASN1	::	ENUMERATED	ok
openssl	OpenSSL::ASN1	::	EOC	ok
openssl	OpenSSL::ASN1	::	EXTERNAL	ok
openssl	OpenSSL::ASN1	::	GENERALIZEDTIME	ok
openssl	OpenSSL::ASN1	::	GENERALSTRING	ok
openssl	OpenSSL::ASN1	::	GRAPHICSTRING	ok
openssl	OpenSSL::ASN1	::	IA5STRING	ok
openssl	OpenSSL::ASN1	::	INTEGER	ok
openssl	OpenSSL::ASN1	::	ISO64STRING	ok
openssl	OpenSSL::ASN1	::	NULL	ok
openssl	OpenSSL::ASN1	::	NUMERICSTRING	ok
openssl	OpenSSL::ASN1	::	OBJECT	ok
openssl	OpenSSL::ASN1	::	OBJECT_DESCRIPTOR	ok
openssl	OpenSSL::ASN1	::	OCTET_STRING	ok
openssl	OpenSSL::ASN1	::	PRINTABLESTRING	ok
openssl	OpenSSL::ASN1	::	REAL	ok
openssl	OpenSSL::ASN1	::	RELATIVE_OID	ok
openssl	OpenSSL::ASN1	::	SEQUENCE	ok
openssl	OpenSSL::ASN1	::	SET	ok
openssl	OpenSSL::ASN1	::	T61STRING	ok
openssl	OpenSSL::ASN1	::	UNIVERSALSTRING	ok
openssl	OpenSSL::ASN1	::	UNIVERSAL_TAG_NAME	ok
openssl	OpenSSL::ASN1	::	UTCTIME	ok
openssl	OpenSSL::ASN1	::	UTF8STRING	ok
openssl	OpenSSL::ASN1	::	VIDEOTEXSTRING	ok
openssl	OpenSSL::ASN1	.#	BMPString	ok
openssl	OpenSSL::ASN1	.#	BitString	ok
openssl	OpenSSL::ASN1	.#	Boolean	ok
openssl	OpenSSL::ASN1	.#	Enumerated	ok
openssl	OpenSSL::ASN1	.#	GeneralString	ok
openssl	OpenSSL::ASN1	.#	GeneralizedTime	ok
openssl	OpenSSL::ASN1	.#	GraphicString	ok
openssl	OpenSSL::ASN1	.#	IA5String	ok
openssl	OpenSSL::ASN1	.#	ISO64String	ok
openssl	OpenSSL::ASN1	.#	Integer	ok
openssl	OpenSSL::ASN1	.#	Null	ok
openssl	OpenSSL::ASN1	.#	NumericString	ok
openssl	OpenSSL::ASN1	.#	ObjectId	ok
openssl	OpenSSL::ASN1	.#	OctetString	ok
openssl	OpenSSL::ASN1	.#	PrintableString	ok
openssl	OpenSSL::ASN1	.#	Sequence	ok
openssl	OpenSSL::ASN1	.#	Set	ok
openssl	OpenSSL::ASN1	.#	T61String	ok
openssl	OpenSSL::ASN1	.#	UTCTime	ok
openssl	OpenSSL::ASN1	.#	UTF8String	ok
openssl	OpenSSL::ASN1	.#	UniversalString	ok
openssl	OpenSSL::ASN1	.#	VideotexString	ok
openssl	OpenSSL::ASN1	.#	decode	ok
openssl	OpenSSL::ASN1	.#	decode_all	ok
openssl	OpenSSL::ASN1	.#	traverse	ok
openssl	OpenSSL::ASN1::ASN1Data	#	tag	ok
openssl	OpenSSL::ASN1::ASN1Data	#	tag=	ok
openssl	OpenSSL::ASN1::ASN1Data	#	tag_class	ok
openssl	OpenSSL::ASN1::ASN1Data	#	tag_class=	ok
openssl	OpenSSL::ASN1::ASN1Data	#	to_der	ok
openssl	OpenSSL::ASN1::ASN1Data	#	value	ok
openssl	OpenSSL::ASN1::ASN1Data	#	value=	ok
openssl	OpenSSL::ASN1::ASN1Data	.	new	ok
openssl	OpenSSL::ASN1::BMPString	.	new	ok
openssl	OpenSSL::ASN1::BitString	#	unused_bits	ok
openssl	OpenSSL::ASN1::BitString	#	unused_bits=	ok
openssl	OpenSSL::ASN1::BitString	.	new	ok
openssl	OpenSSL::ASN1::Boolean	.	new	ok
openssl	OpenSSL::ASN1::Constructive	#	each	ok
openssl	OpenSSL::ASN1::Constructive	#	tagging	ok
openssl	OpenSSL::ASN1::Constructive	#	tagging=	ok
openssl	OpenSSL::ASN1::Enumerated	.	new	ok
openssl	OpenSSL::ASN1::GeneralString	.	new	ok
openssl	OpenSSL::ASN1::GeneralizedTime	.	new	ok
openssl	OpenSSL::ASN1::GraphicString	.	new	ok
openssl	OpenSSL::ASN1::IA5String	.	new	ok
openssl	OpenSSL::ASN1::ISO64String	.	new	ok
openssl	OpenSSL::ASN1::Integer	.	new	ok
openssl	OpenSSL::ASN1::Null	.	new	ok
openssl	OpenSSL::ASN1::NumericString	.	new	ok
openssl	OpenSSL::ASN1::ObjectId	#	ln	ok
openssl	OpenSSL::ASN1::ObjectId	#	long_name	ok
openssl	OpenSSL::ASN1::ObjectId	#	oid	ok
openssl	OpenSSL::ASN1::ObjectId	#	short_name	ok
openssl	OpenSSL::ASN1::ObjectId	#	sn	ok
openssl	OpenSSL::ASN1::ObjectId	.	new	ok
openssl	OpenSSL::ASN1::ObjectId	.	register	ok
openssl	OpenSSL::ASN1::OctetString	.	new	ok
openssl	OpenSSL::ASN1::Primitive	#	tagging	ok
openssl	OpenSSL::ASN1::Primitive	#	tagging=	ok
openssl	OpenSSL::ASN1::PrintableString	.	new	ok
openssl	OpenSSL::ASN1::Sequence	.	new	ok
openssl	OpenSSL::ASN1::Set	.	new	ok
openssl	OpenSSL::ASN1::T61String	.	new	ok
openssl	OpenSSL::ASN1::UTCTime	.	new	ok
openssl	OpenSSL::ASN1::UTF8String	.	new	ok
openssl	OpenSSL::ASN1::UniversalString	.	new	ok
openssl	OpenSSL::ASN1::VideotexString	.	new	ok
openssl	OpenSSL::BN	#	%	ok
openssl	OpenSSL::BN	#	*	ok
openssl	OpenSSL::BN	#	**	ok
openssl	OpenSSL::BN	#	+	ok
openssl	OpenSSL::BN	#	-	ok
openssl	OpenSSL::BN	#	/	ok
openssl	OpenSSL::BN	#	<<	ok
openssl	OpenSSL::BN	#	<=>	ok
openssl	OpenSSL::BN	#	cmp	ok
openssl	OpenSSL::BN	#	==	ok
openssl	OpenSSL::BN	#	===	ok
openssl	OpenSSL::BN	#	eql?	ok
openssl	OpenSSL::BN	#	>>	ok
openssl	OpenSSL::BN	#	bit_set?	ok
openssl	OpenSSL::BN	#	clear_bit!	ok
openssl	OpenSSL::BN	#	coerce	ok
openssl	OpenSSL::BN	#	copy	ok
openssl	OpenSSL::BN	#	gcd	ok
openssl	OpenSSL::BN	#	lshift!	ok
openssl	OpenSSL::BN	#	mask_bits!	ok
openssl	OpenSSL::BN	#	mod_add	ok
openssl	OpenSSL::BN	#	mod_exp	ok
openssl	OpenSSL::BN	#	mod_inverse	ok
openssl	OpenSSL::BN	#	mod_mul	ok
openssl	OpenSSL::BN	#	mod_sqr	ok
openssl	OpenSSL::BN	#	mod_sub	ok
openssl	OpenSSL::BN	#	negative?	ok
openssl	OpenSSL::BN	#	num_bits	ok
openssl	OpenSSL::BN	#	num_bytes	ok
openssl	OpenSSL::BN	#	odd?	ok
openssl	OpenSSL::BN	#	one?	ok
openssl	OpenSSL::BN	#	pretty_print	ok
openssl	OpenSSL::BN	#	prime?	ok
openssl	OpenSSL::BN	#	prime_fasttest?	ok
openssl	OpenSSL::BN	#	rshift!	ok
openssl	OpenSSL::BN	#	set_bit!	ok
openssl	OpenSSL::BN	#	sqr	ok
openssl	OpenSSL::BN	#	to_bn	ok
openssl	OpenSSL::BN	#	to_i	ok
openssl	OpenSSL::BN	#	to_int	ok
openssl	OpenSSL::BN	#	to_s	ok
openssl	OpenSSL::BN	#	ucmp	ok
openssl	OpenSSL::BN	#	zero?	ok
openssl	OpenSSL::BN	.	generate_prime	ok
openssl	OpenSSL::BN	.	new	ok
openssl	OpenSSL::BN	.	pseudo_rand	ok
openssl	OpenSSL::BN	.	pseudo_rand_range	ok
openssl	OpenSSL::BN	.	rand	ok
openssl	OpenSSL::BN	.	rand_range	ok
openssl	OpenSSL::Buffering	::	BLOCK_SIZE	ok
openssl	OpenSSL::Buffering	#	<<	ok
openssl	OpenSSL::Buffering	#	close	ok
openssl	OpenSSL::Buffering	#	each	ok
openssl	OpenSSL::Buffering	#	each_line	ok
openssl	OpenSSL::Buffering	#	each_byte	ok
openssl	OpenSSL::Buffering	#	eof	ok
openssl	OpenSSL::Buffering	#	eof?	ok
openssl	OpenSSL::Buffering	#	flush	ok
openssl	OpenSSL::Buffering	#	getc	ok
openssl	OpenSSL::Buffering	#	gets	ok
openssl	OpenSSL::Buffering	#	print	ok
openssl	OpenSSL::Buffering	#	printf	ok
openssl	OpenSSL::Buffering	#	puts	ok
openssl	OpenSSL::Buffering	#	read	ok
openssl	OpenSSL::Buffering	#	read_nonblock	ok
openssl	OpenSSL::Buffering	#	readchar	ok
openssl	OpenSSL::Buffering	#	readline	ok
openssl	OpenSSL::Buffering	#	readlines	ok
openssl	OpenSSL::Buffering	#	readpartial	ok
openssl	OpenSSL::Buffering	#	sync	ok
openssl	OpenSSL::Buffering	#	sync=	ok
openssl	OpenSSL::Buffering	#	ungetc	ok
openssl	OpenSSL::Buffering	#	write	ok
openssl	OpenSSL::Buffering	#	write_nonblock	ok
openssl	OpenSSL::Cipher	#	block_size	ok
openssl	OpenSSL::Cipher	#	decrypt	ok
openssl	OpenSSL::Cipher	#	encrypt	ok
openssl	OpenSSL::Cipher	#	final	ok
openssl	OpenSSL::Cipher	#	iv=	ok
openssl	OpenSSL::Cipher	#	iv_len	ok
openssl	OpenSSL::Cipher	#	key=	ok
openssl	OpenSSL::Cipher	#	key_len	ok
openssl	OpenSSL::Cipher	#	key_len=	ok
openssl	OpenSSL::Cipher	#	name	ok
openssl	OpenSSL::Cipher	#	padding=	ok
openssl	OpenSSL::Cipher	#	pkcs5_keyivgen	ok
openssl	OpenSSL::Cipher	#	random_iv	ok
openssl	OpenSSL::Cipher	#	random_key	ok
openssl	OpenSSL::Cipher	#	reset	ok
openssl	OpenSSL::Cipher	#	update	ok
openssl	OpenSSL::Cipher	.	ciphers	ok
openssl	OpenSSL::Cipher	.	new	ok
openssl	OpenSSL::Cipher::AES	.	new	ok
openssl	OpenSSL::Cipher::AES128	.	new	ok
openssl	OpenSSL::Cipher::AES192	.	new	ok
openssl	OpenSSL::Cipher::AES256	.	new	ok
openssl	OpenSSL::Cipher::BF	.	new	ok
openssl	OpenSSL::Cipher::CAST5	.	new	ok
openssl	OpenSSL::Cipher::DES	.	new	ok
openssl	OpenSSL::Cipher::IDEA	.	new	ok
openssl	OpenSSL::Cipher::RC2	.	new	ok
openssl	OpenSSL::Cipher::RC4	.	new	ok
openssl	OpenSSL::Cipher::RC5	.	new	ok
openssl	OpenSSL::Config	::	DEFAULT_CONFIG_FILE	ok
openssl	OpenSSL::Config	#	[]	ok
openssl	OpenSSL::Config	#	section	ok
openssl	OpenSSL::Config	#	[]=	ok
openssl	OpenSSL::Config	#	add_value	ok
openssl	OpenSSL::Config	#	each	ok
openssl	OpenSSL::Config	#	get_value	ok
openssl	OpenSSL::Config	#	sections	ok
openssl	OpenSSL::Config	#	to_s	ok
openssl	OpenSSL::Config	#	value	ok
openssl	OpenSSL::Config	.	load	ok
openssl	OpenSSL::Config	.	new	ok
openssl	OpenSSL::Config	.	parse	ok
openssl	OpenSSL::Digest	#	<<	ok
openssl	OpenSSL::Digest	#	update	ok
openssl	OpenSSL::Digest	#	block_length	ok
openssl	OpenSSL::Digest	#	digest_length	ok
openssl	OpenSSL::Digest	#	name	ok
openssl	OpenSSL::Digest	#	reset	ok
openssl	OpenSSL::Digest	.	digest	ok
openssl	OpenSSL::Digest	.	new	ok
openssl	OpenSSL::Digest::DSS	.	digest	no-class
openssl	OpenSSL::Digest::DSS	.	hexdigest	no-class
openssl	OpenSSL::Digest::DSS	.	new	no-class
openssl	OpenSSL::Digest::DSS1	.	digest	no-class
openssl	OpenSSL::Digest::DSS1	.	hexdigest	no-class
openssl	OpenSSL::Digest::DSS1	.	new	no-class
openssl	OpenSSL::Digest::Digest	.	new	ok
openssl	OpenSSL::Digest::MD2	.	digest	no-class
openssl	OpenSSL::Digest::MD2	.	hexdigest	no-class
openssl	OpenSSL::Digest::MD2	.	new	no-class
openssl	OpenSSL::Digest::MD4	.	digest	ok
openssl	OpenSSL::Digest::MD4	.	hexdigest	ok
openssl	OpenSSL::Digest::MD4	.	new	ok
openssl	OpenSSL::Digest::MD5	.	digest	ok
openssl	OpenSSL::Digest::MD5	.	hexdigest	ok
openssl	OpenSSL::Digest::MD5	.	new	ok
openssl	OpenSSL::Digest::MDC2	.	digest	no-class
openssl	OpenSSL::Digest::MDC2	.	hexdigest	no-class
openssl	OpenSSL::Digest::MDC2	.	new	no-class
openssl	OpenSSL::Digest::RIPEMD160	.	digest	ok
openssl	OpenSSL::Digest::RIPEMD160	.	hexdigest	ok
openssl	OpenSSL::Digest::RIPEMD160	.	new	ok
openssl	OpenSSL::Digest::SHA	.	digest	no-class
openssl	OpenSSL::Digest::SHA	.	hexdigest	no-class
openssl	OpenSSL::Digest::SHA	.	new	no-class
openssl	OpenSSL::Digest::SHA1	.	digest	ok
openssl	OpenSSL::Digest::SHA1	.	hexdigest	ok
openssl	OpenSSL::Digest::SHA1	.	new	ok
openssl	OpenSSL::Digest::SHA224	.	digest	ok
openssl	OpenSSL::Digest::SHA224	.	hexdigest	ok
openssl	OpenSSL::Digest::SHA224	.	new	ok
openssl	OpenSSL::Digest::SHA256	.	digest	ok
openssl	OpenSSL::Digest::SHA256	.	hexdigest	ok
openssl	OpenSSL::Digest::SHA256	.	new	ok
openssl	OpenSSL::Digest::SHA384	.	digest	ok
openssl	OpenSSL::Digest::SHA384	.	hexdigest	ok
openssl	OpenSSL::Digest::SHA384	.	new	ok
openssl	OpenSSL::Digest::SHA512	.	digest	ok
openssl	OpenSSL::Digest::SHA512	.	hexdigest	ok
openssl	OpenSSL::Digest::SHA512	.	new	ok
openssl	OpenSSL::Engine	::	METHOD_ALL	ok
openssl	OpenSSL::Engine	::	METHOD_CIPHERS	ok
openssl	OpenSSL::Engine	::	METHOD_DH	ok
openssl	OpenSSL::Engine	::	METHOD_DIGESTS	ok
openssl	OpenSSL::Engine	::	METHOD_DSA	ok
openssl	OpenSSL::Engine	::	METHOD_NONE	ok
openssl	OpenSSL::Engine	::	METHOD_RAND	ok
openssl	OpenSSL::Engine	::	METHOD_RSA	ok
openssl	OpenSSL::Engine	#	cipher	ok
openssl	OpenSSL::Engine	#	cmds	ok
openssl	OpenSSL::Engine	#	ctrl_cmd	ok
openssl	OpenSSL::Engine	#	digest	ok
openssl	OpenSSL::Engine	#	finish	ok
openssl	OpenSSL::Engine	#	id	ok
openssl	OpenSSL::Engine	#	load_private_key	ok
openssl	OpenSSL::Engine	#	load_public_key	ok
openssl	OpenSSL::Engine	#	name	ok
openssl	OpenSSL::Engine	#	set_default	ok
openssl	OpenSSL::Engine	.	by_id	ok
openssl	OpenSSL::Engine	.	cleanup	ok
openssl	OpenSSL::Engine	.	engines	ok
openssl	OpenSSL::Engine	.	load	ok
openssl	OpenSSL::HMAC	#	<<	ok
openssl	OpenSSL::HMAC	#	update	ok
openssl	OpenSSL::HMAC	#	digest	ok
openssl	OpenSSL::HMAC	#	hexdigest	ok
openssl	OpenSSL::HMAC	#	inspect	ok
openssl	OpenSSL::HMAC	#	to_s	ok
openssl	OpenSSL::HMAC	#	reset	ok
openssl	OpenSSL::HMAC	.	digest	ok
openssl	OpenSSL::HMAC	.	hexdigest	ok
openssl	OpenSSL::HMAC	.	new	ok
openssl	OpenSSL::Netscape::SPKI	#	challenge	ok
openssl	OpenSSL::Netscape::SPKI	#	challenge=	ok
openssl	OpenSSL::Netscape::SPKI	#	public_key	ok
openssl	OpenSSL::Netscape::SPKI	#	public_key=	ok
openssl	OpenSSL::Netscape::SPKI	#	sign	ok
openssl	OpenSSL::Netscape::SPKI	#	to_der	ok
openssl	OpenSSL::Netscape::SPKI	#	to_pem	ok
openssl	OpenSSL::Netscape::SPKI	#	to_s	ok
openssl	OpenSSL::Netscape::SPKI	#	to_text	ok
openssl	OpenSSL::Netscape::SPKI	#	verify	ok
openssl	OpenSSL::Netscape::SPKI	.	new	ok
openssl	OpenSSL::OCSP	::	NOCASIGN	ok
openssl	OpenSSL::OCSP	::	NOCERTS	ok
openssl	OpenSSL::OCSP	::	NOCHAIN	ok
openssl	OpenSSL::OCSP	::	NOCHECKS	ok
openssl	OpenSSL::OCSP	::	NODELEGATED	ok
openssl	OpenSSL::OCSP	::	NOEXPLICIT	ok
openssl	OpenSSL::OCSP	::	NOINTERN	ok
openssl	OpenSSL::OCSP	::	NOSIGS	ok
openssl	OpenSSL::OCSP	::	NOTIME	ok
openssl	OpenSSL::OCSP	::	NOVERIFY	ok
openssl	OpenSSL::OCSP	::	RESPID_KEY	ok
openssl	OpenSSL::OCSP	::	RESPONSE_STATUS_INTERNALERROR	ok
openssl	OpenSSL::OCSP	::	RESPONSE_STATUS_MALFORMEDREQUEST	ok
openssl	OpenSSL::OCSP	::	RESPONSE_STATUS_SIGREQUIRED	ok
openssl	OpenSSL::OCSP	::	RESPONSE_STATUS_SUCCESSFUL	ok
openssl	OpenSSL::OCSP	::	RESPONSE_STATUS_TRYLATER	ok
openssl	OpenSSL::OCSP	::	RESPONSE_STATUS_UNAUTHORIZED	ok
openssl	OpenSSL::OCSP	::	REVOKED_STATUS_AFFILIATIONCHANGED	ok
openssl	OpenSSL::OCSP	::	REVOKED_STATUS_CACOMPROMISE	ok
openssl	OpenSSL::OCSP	::	REVOKED_STATUS_CERTIFICATEHOLD	ok
openssl	OpenSSL::OCSP	::	REVOKED_STATUS_CESSATIONOFOPERATION	ok
openssl	OpenSSL::OCSP	::	REVOKED_STATUS_KEYCOMPROMISE	ok
openssl	OpenSSL::OCSP	::	REVOKED_STATUS_NOSTATUS	ok
openssl	OpenSSL::OCSP	::	REVOKED_STATUS_REMOVEFROMCRL	ok
openssl	OpenSSL::OCSP	::	REVOKED_STATUS_SUPERSEDED	ok
openssl	OpenSSL::OCSP	::	REVOKED_STATUS_UNSPECIFIED	ok
openssl	OpenSSL::OCSP	::	TRUSTOTHER	ok
openssl	OpenSSL::OCSP	::	V_CERTSTATUS_GOOD	ok
openssl	OpenSSL::OCSP	::	V_CERTSTATUS_REVOKED	ok
openssl	OpenSSL::OCSP	::	V_CERTSTATUS_UNKNOWN	ok
openssl	OpenSSL::OCSP::BasicResponse	#	add_nonce	ok
openssl	OpenSSL::OCSP::BasicResponse	#	add_status	ok
openssl	OpenSSL::OCSP::BasicResponse	#	copy_nonce	ok
openssl	OpenSSL::OCSP::BasicResponse	#	sign	ok
openssl	OpenSSL::OCSP::BasicResponse	#	status	ok
openssl	OpenSSL::OCSP::BasicResponse	#	verify	ok
openssl	OpenSSL::OCSP::BasicResponse	.	new	ok
openssl	OpenSSL::OCSP::CertificateId	#	cmp	ok
openssl	OpenSSL::OCSP::CertificateId	#	cmp_issuer	ok
openssl	OpenSSL::OCSP::CertificateId	#	serial	ok
openssl	OpenSSL::OCSP::CertificateId	.	new	ok
openssl	OpenSSL::OCSP::Request	#	add_certid	ok
openssl	OpenSSL::OCSP::Request	#	add_nonce	ok
openssl	OpenSSL::OCSP::Request	#	certid	ok
openssl	OpenSSL::OCSP::Request	#	check_nonce	ok
openssl	OpenSSL::OCSP::Request	#	sign	ok
openssl	OpenSSL::OCSP::Request	#	to_der	ok
openssl	OpenSSL::OCSP::Request	#	verify	ok
openssl	OpenSSL::OCSP::Request	.	new	ok
openssl	OpenSSL::OCSP::Response	#	basic	ok
openssl	OpenSSL::OCSP::Response	#	status	ok
openssl	OpenSSL::OCSP::Response	#	status_string	ok
openssl	OpenSSL::OCSP::Response	#	to_der	ok
openssl	OpenSSL::OCSP::Response	.	create	ok
openssl	OpenSSL::OCSP::Response	.	new	ok
openssl	OpenSSL::PKCS12	#	ca_certs	ok
openssl	OpenSSL::PKCS12	#	certificate	ok
openssl	OpenSSL::PKCS12	#	key	ok
openssl	OpenSSL::PKCS12	#	to_der	ok
openssl	OpenSSL::PKCS12	.	create	ok
openssl	OpenSSL::PKCS12	.	new	ok
openssl	OpenSSL::PKCS5	.#	pbkdf2_hmac	ok
openssl	OpenSSL::PKCS5	.#	pbkdf2_hmac_sha1	ok
openssl	OpenSSL::PKCS7	::	BINARY	ok
openssl	OpenSSL::PKCS7	::	DETACHED	ok
openssl	OpenSSL::PKCS7	::	NOATTR	ok
openssl	OpenSSL::PKCS7	::	NOCERTS	ok
openssl	OpenSSL::PKCS7	::	NOCHAIN	ok
openssl	OpenSSL::PKCS7	::	NOINTERN	ok
openssl	OpenSSL::PKCS7	::	NOSIGS	ok
openssl	OpenSSL::PKCS7	::	NOSMIMECAP	ok
openssl	OpenSSL::PKCS7	::	NOVERIFY	ok
openssl	OpenSSL::PKCS7	::	TEXT	ok
openssl	OpenSSL::PKCS7	#	add_certificate	ok
openssl	OpenSSL::PKCS7	#	add_crl	ok
openssl	OpenSSL::PKCS7	#	add_data	ok
openssl	OpenSSL::PKCS7	#	data=	ok
openssl	OpenSSL::PKCS7	#	add_recipient	ok
openssl	OpenSSL::PKCS7	#	add_signer	ok
openssl	OpenSSL::PKCS7	#	certificates	ok
openssl	OpenSSL::PKCS7	#	certificates=	ok
openssl	OpenSSL::PKCS7	#	cipher=	ok
openssl	OpenSSL::PKCS7	#	crls	ok
openssl	OpenSSL::PKCS7	#	crls=	ok
openssl	OpenSSL::PKCS7	#	data	ok
openssl	OpenSSL::PKCS7	#	decrypt	ok
openssl	OpenSSL::PKCS7	#	detached	ok
openssl	OpenSSL::PKCS7	#	detached?	ok
openssl	OpenSSL::PKCS7	#	detached=	ok
openssl	OpenSSL::PKCS7	#	error_string	ok
openssl	OpenSSL::PKCS7	#	error_string=	ok
openssl	OpenSSL::PKCS7	#	recipients	ok
openssl	OpenSSL::PKCS7	#	signers	ok
openssl	OpenSSL::PKCS7	#	to_der	ok
openssl	OpenSSL::PKCS7	#	to_pem	ok
openssl	OpenSSL::PKCS7	#	to_s	ok
openssl	OpenSSL::PKCS7	#	type	ok
openssl	OpenSSL::PKCS7	#	type=	ok
openssl	OpenSSL::PKCS7	#	verify	ok
openssl	OpenSSL::PKCS7	.	encrypt	ok
openssl	OpenSSL::PKCS7	.	new	ok
openssl	OpenSSL::PKCS7	.	read_smime	ok
openssl	OpenSSL::PKCS7	.	sign	ok
openssl	OpenSSL::PKCS7	.	write_smime	ok
openssl	OpenSSL::PKCS7::RecipientInfo	#	enc_key	ok
openssl	OpenSSL::PKCS7::RecipientInfo	#	issuer	ok
openssl	OpenSSL::PKCS7::RecipientInfo	#	serial	ok
openssl	OpenSSL::PKCS7::RecipientInfo	.	new	ok
openssl	OpenSSL::PKCS7::SignerInfo	#	issuer	ok
openssl	OpenSSL::PKCS7::SignerInfo	#	name	no-method
openssl	OpenSSL::PKCS7::SignerInfo	#	serial	ok
openssl	OpenSSL::PKCS7::SignerInfo	#	signed_time	ok
openssl	OpenSSL::PKCS7::SignerInfo	.	new	ok
openssl	OpenSSL::PKey::DH	#	compute_key	ok
openssl	OpenSSL::PKey::DH	#	export	ok
openssl	OpenSSL::PKey::DH	#	to_pem	ok
openssl	OpenSSL::PKey::DH	#	to_s	ok
openssl	OpenSSL::PKey::DH	#	g	ok
openssl	OpenSSL::PKey::DH	#	g=	no-method
openssl	OpenSSL::PKey::DH	#	generate_key!	ok
openssl	OpenSSL::PKey::DH	#	p	ok
openssl	OpenSSL::PKey::DH	#	p=	no-method
openssl	OpenSSL::PKey::DH	#	params	ok
openssl	OpenSSL::PKey::DH	#	params_ok?	ok
openssl	OpenSSL::PKey::DH	#	priv_key	ok
openssl	OpenSSL::PKey::DH	#	priv_key=	no-method
openssl	OpenSSL::PKey::DH	#	pub_key	ok
openssl	OpenSSL::PKey::DH	#	pub_key=	no-method
openssl	OpenSSL::PKey::DH	#	to_der	ok
openssl	OpenSSL::PKey::DH	#	to_text	ok
openssl	OpenSSL::PKey::DH	.	generate	ok
openssl	OpenSSL::PKey::DH	.	new	ok
openssl	OpenSSL::PKey::DSA	#	export	ok
openssl	OpenSSL::PKey::DSA	#	to_pem	ok
openssl	OpenSSL::PKey::DSA	#	to_s	ok
openssl	OpenSSL::PKey::DSA	#	g	ok
openssl	OpenSSL::PKey::DSA	#	g=	no-method
openssl	OpenSSL::PKey::DSA	#	p	ok
openssl	OpenSSL::PKey::DSA	#	p=	no-method
openssl	OpenSSL::PKey::DSA	#	params	ok
openssl	OpenSSL::PKey::DSA	#	priv_key	ok
openssl	OpenSSL::PKey::DSA	#	priv_key=	no-method
openssl	OpenSSL::PKey::DSA	#	private?	ok
openssl	OpenSSL::PKey::DSA	#	pub_key	ok
openssl	OpenSSL::PKey::DSA	#	pub_key=	no-method
openssl	OpenSSL::PKey::DSA	#	public?	ok
openssl	OpenSSL::PKey::DSA	#	public_key	ok
openssl	OpenSSL::PKey::DSA	#	q	ok
openssl	OpenSSL::PKey::DSA	#	q=	no-method
openssl	OpenSSL::PKey::DSA	#	syssign	ok
openssl	OpenSSL::PKey::DSA	#	sysverify	ok
openssl	OpenSSL::PKey::DSA	#	to_der	ok
openssl	OpenSSL::PKey::DSA	#	to_text	ok
openssl	OpenSSL::PKey::DSA	.	generate	ok
openssl	OpenSSL::PKey::DSA	.	new	ok
openssl	OpenSSL::PKey::EC	::	NAMED_CURVE	ok
openssl	OpenSSL::PKey::EC	#	check_key	ok
openssl	OpenSSL::PKey::EC	#	dh_compute_key	ok
openssl	OpenSSL::PKey::EC	#	dsa_sign_asn1	ok
openssl	OpenSSL::PKey::EC	#	dsa_verify_asn1	ok
openssl	OpenSSL::PKey::EC	#	generate_key	ok
openssl	OpenSSL::PKey::EC	#	group	ok
openssl	OpenSSL::PKey::EC	#	group=	ok
openssl	OpenSSL::PKey::EC	#	private_key	ok
openssl	OpenSSL::PKey::EC	#	private_key=	ok
openssl	OpenSSL::PKey::EC	#	private_key?	ok
openssl	OpenSSL::PKey::EC	#	public_key	ok
openssl	OpenSSL::PKey::EC	#	public_key=	ok
openssl	OpenSSL::PKey::EC	#	public_key?	ok
openssl	OpenSSL::PKey::EC	#	to_der	ok
openssl	OpenSSL::PKey::EC	#	to_pem	ok
openssl	OpenSSL::PKey::EC	#	to_text	ok
openssl	OpenSSL::PKey::EC	.	builtin_curves	ok
openssl	OpenSSL::PKey::EC	.	new	ok
openssl	OpenSSL::PKey::EC::Group	#	==	ok
openssl	OpenSSL::PKey::EC::Group	#	eql?	ok
openssl	OpenSSL::PKey::EC::Group	#	asn1_flag	ok
openssl	OpenSSL::PKey::EC::Group	#	asn1_flag=	ok
openssl	OpenSSL::PKey::EC::Group	#	cofactor	ok
openssl	OpenSSL::PKey::EC::Group	#	curve_name	ok
openssl	OpenSSL::PKey::EC::Group	#	degree	ok
openssl	OpenSSL::PKey::EC::Group	#	generator	ok
openssl	OpenSSL::PKey::EC::Group	#	order	ok
openssl	OpenSSL::PKey::EC::Group	#	point_conversion_form	ok
openssl	OpenSSL::PKey::EC::Group	#	point_conversion_form=	ok
openssl	OpenSSL::PKey::EC::Group	#	seed	ok
openssl	OpenSSL::PKey::EC::Group	#	seed=	ok
openssl	OpenSSL::PKey::EC::Group	#	set_generator	ok
openssl	OpenSSL::PKey::EC::Group	#	to_der	ok
openssl	OpenSSL::PKey::EC::Group	#	to_pem	ok
openssl	OpenSSL::PKey::EC::Group	#	to_text	ok
openssl	OpenSSL::PKey::EC::Group	.	new	ok
openssl	OpenSSL::PKey::EC::Point	#	==	ok
openssl	OpenSSL::PKey::EC::Point	#	eql?	ok
openssl	OpenSSL::PKey::EC::Point	#	group	ok
openssl	OpenSSL::PKey::EC::Point	#	infinity?	ok
openssl	OpenSSL::PKey::EC::Point	#	invert!	ok
openssl	OpenSSL::PKey::EC::Point	#	make_affine!	ok
openssl	OpenSSL::PKey::EC::Point	#	on_curve?	ok
openssl	OpenSSL::PKey::EC::Point	#	set_to_infinity!	ok
openssl	OpenSSL::PKey::EC::Point	#	to_bn	ok
openssl	OpenSSL::PKey::EC::Point	.	new	ok
openssl	OpenSSL::PKey::PKey	#	sign	ok
openssl	OpenSSL::PKey::PKey	#	verify	ok
openssl	OpenSSL::PKey::RSA	::	NO_PADDING	ok
openssl	OpenSSL::PKey::RSA	::	PKCS1_OAEP_PADDING	ok
openssl	OpenSSL::PKey::RSA	::	PKCS1_PADDING	ok
openssl	OpenSSL::PKey::RSA	::	SSLV23_PADDING	ok
openssl	OpenSSL::PKey::RSA	#	d	ok
openssl	OpenSSL::PKey::RSA	#	d=	no-method
openssl	OpenSSL::PKey::RSA	#	dmp1	ok
openssl	OpenSSL::PKey::RSA	#	dmp1=	no-method
openssl	OpenSSL::PKey::RSA	#	dmq1	ok
openssl	OpenSSL::PKey::RSA	#	dmq1=	no-method
openssl	OpenSSL::PKey::RSA	#	e	ok
openssl	OpenSSL::PKey::RSA	#	e=	no-method
openssl	OpenSSL::PKey::RSA	#	export	ok
openssl	OpenSSL::PKey::RSA	#	to_pem	ok
openssl	OpenSSL::PKey::RSA	#	to_s	ok
openssl	OpenSSL::PKey::RSA	#	iqmp	ok
openssl	OpenSSL::PKey::RSA	#	iqmp=	no-method
openssl	OpenSSL::PKey::RSA	#	n	ok
openssl	OpenSSL::PKey::RSA	#	n=	no-method
openssl	OpenSSL::PKey::RSA	#	p	ok
openssl	OpenSSL::PKey::RSA	#	p=	no-method
openssl	OpenSSL::PKey::RSA	#	params	ok
openssl	OpenSSL::PKey::RSA	#	private?	ok
openssl	OpenSSL::PKey::RSA	#	private_decrypt	ok
openssl	OpenSSL::PKey::RSA	#	private_encrypt	ok
openssl	OpenSSL::PKey::RSA	#	public?	ok
openssl	OpenSSL::PKey::RSA	#	public_decrypt	ok
openssl	OpenSSL::PKey::RSA	#	public_encrypt	ok
openssl	OpenSSL::PKey::RSA	#	public_key	ok
openssl	OpenSSL::PKey::RSA	#	q	ok
openssl	OpenSSL::PKey::RSA	#	q=	no-method
openssl	OpenSSL::PKey::RSA	#	to_der	ok
openssl	OpenSSL::PKey::RSA	#	to_text	ok
openssl	OpenSSL::PKey::RSA	.	generate	ok
openssl	OpenSSL::PKey::RSA	.	new	ok
openssl	OpenSSL::Random	.#	egd	no-method
openssl	OpenSSL::Random	.#	egd_bytes	no-method
openssl	OpenSSL::Random	.#	load_random_file	ok
openssl	OpenSSL::Random	.#	pseudo_bytes	no-method
openssl	OpenSSL::Random	.#	random_add	ok
openssl	OpenSSL::Random	.#	random_bytes	ok
openssl	OpenSSL::Random	.#	seed	ok
openssl	OpenSSL::Random	.#	status?	ok
openssl	OpenSSL::Random	.#	write_random_file	ok
openssl	OpenSSL::SSL	::	OP_ALL	ok
openssl	OpenSSL::SSL	::	OP_CIPHER_SERVER_PREFERENCE	ok
openssl	OpenSSL::SSL	::	OP_DONT_INSERT_EMPTY_FRAGMENTS	ok
openssl	OpenSSL::SSL	::	OP_MICROSOFT_BIG_SSLV3_BUFFER	ok
openssl	OpenSSL::SSL	::	OP_MICROSOFT_SESS_ID_BUG	ok
openssl	OpenSSL::SSL	::	OP_MSIE_SSLV2_RSA_PADDING	ok
openssl	OpenSSL::SSL	::	OP_NETSCAPE_CHALLENGE_BUG	ok
openssl	OpenSSL::SSL	::	OP_NETSCAPE_REUSE_CIPHER_CHANGE_BUG	ok
openssl	OpenSSL::SSL	::	OP_SSLEAY_080_CLIENT_DH_BUG	ok
openssl	OpenSSL::SSL	::	OP_SSLREF2_REUSE_CERT_TYPE_BUG	ok
openssl	OpenSSL::SSL	::	OP_TLS_BLOCK_PADDING_BUG	ok
openssl	OpenSSL::SSL	::	OP_TLS_D5_BUG	ok
openssl	OpenSSL::SSL	::	OP_EPHEMERAL_RSA	ok
openssl	OpenSSL::SSL	::	OP_NETSCAPE_CA_DN_BUG	ok
openssl	OpenSSL::SSL	::	OP_NETSCAPE_DEMO_CIPHER_CHANGE_BUG	ok
openssl	OpenSSL::SSL	::	OP_NO_COMPRESSION	ok
openssl	OpenSSL::SSL	::	OP_NO_SESSION_RESUMPTION_ON_RENEGOTIATION	ok
openssl	OpenSSL::SSL	::	OP_NO_SSLv2	ok
openssl	OpenSSL::SSL	::	OP_NO_SSLv3	ok
openssl	OpenSSL::SSL	::	OP_NO_TICKET	ok
openssl	OpenSSL::SSL	::	OP_NO_TLSv1	ok
openssl	OpenSSL::SSL	::	OP_NO_TLSv1_1	ok
openssl	OpenSSL::SSL	::	OP_NO_TLSv1_2	ok
openssl	OpenSSL::SSL	::	OP_PKCS1_CHECK_1	ok
openssl	OpenSSL::SSL	::	OP_PKCS1_CHECK_2	ok
openssl	OpenSSL::SSL	::	OP_SINGLE_DH_USE	ok
openssl	OpenSSL::SSL	::	OP_SINGLE_ECDH_USE	ok
openssl	OpenSSL::SSL	::	OP_TLS_ROLLBACK_BUG	ok
openssl	OpenSSL::SSL	::	VERIFY_CLIENT_ONCE	ok
openssl	OpenSSL::SSL	::	VERIFY_FAIL_IF_NO_PEER_CERT	ok
openssl	OpenSSL::SSL	::	VERIFY_NONE	ok
openssl	OpenSSL::SSL	::	VERIFY_PEER	ok
openssl	OpenSSL::SSL::SSLContext	::	DEFAULT_CERT_STORE	ok
openssl	OpenSSL::SSL::SSLContext	::	DEFAULT_PARAMS	ok
openssl	OpenSSL::SSL::SSLContext	::	METHODS	ok
openssl	OpenSSL::SSL::SSLContext	::	SESSION_CACHE_BOTH	ok
openssl	OpenSSL::SSL::SSLContext	::	SESSION_CACHE_CLIENT	ok
openssl	OpenSSL::SSL::SSLContext	::	SESSION_CACHE_NO_AUTO_CLEAR	ok
openssl	OpenSSL::SSL::SSLContext	::	SESSION_CACHE_NO_INTERNAL	ok
openssl	OpenSSL::SSL::SSLContext	::	SESSION_CACHE_NO_INTERNAL_LOOKUP	ok
openssl	OpenSSL::SSL::SSLContext	::	SESSION_CACHE_NO_INTERNAL_STORE	ok
openssl	OpenSSL::SSL::SSLContext	::	SESSION_CACHE_OFF	ok
openssl	OpenSSL::SSL::SSLContext	::	SESSION_CACHE_SERVER	ok
openssl	OpenSSL::SSL::SSLContext	#	ca_file	ok
openssl	OpenSSL::SSL::SSLContext	#	ca_file=	ok
openssl	OpenSSL::SSL::SSLContext	#	ca_path	ok
openssl	OpenSSL::SSL::SSLContext	#	ca_path=	ok
openssl	OpenSSL::SSL::SSLContext	#	cert	ok
openssl	OpenSSL::SSL::SSLContext	#	cert=	ok
openssl	OpenSSL::SSL::SSLContext	#	cert_store	ok
openssl	OpenSSL::SSL::SSLContext	#	cert_store=	ok
openssl	OpenSSL::SSL::SSLContext	#	ciphers	ok
openssl	OpenSSL::SSL::SSLContext	#	ciphers=	ok
openssl	OpenSSL::SSL::SSLContext	#	client_ca	ok
openssl	OpenSSL::SSL::SSLContext	#	client_ca=	ok
openssl	OpenSSL::SSL::SSLContext	#	client_cert_cb	ok
openssl	OpenSSL::SSL::SSLContext	#	client_cert_cb=	ok
openssl	OpenSSL::SSL::SSLContext	#	extra_chain_cert	ok
openssl	OpenSSL::SSL::SSLContext	#	extra_chain_cert=	ok
openssl	OpenSSL::SSL::SSLContext	#	flush_sessions	ok
openssl	OpenSSL::SSL::SSLContext	#	key	ok
openssl	OpenSSL::SSL::SSLContext	#	key=	ok
openssl	OpenSSL::SSL::SSLContext	#	options	ok
openssl	OpenSSL::SSL::SSLContext	#	options=	ok
openssl	OpenSSL::SSL::SSLContext	#	renegotiation_cb	ok
openssl	OpenSSL::SSL::SSLContext	#	renegotiation_cb=	ok
openssl	OpenSSL::SSL::SSLContext	#	servername_cb	ok
openssl	OpenSSL::SSL::SSLContext	#	servername_cb=	ok
openssl	OpenSSL::SSL::SSLContext	#	session_add	ok
openssl	OpenSSL::SSL::SSLContext	#	session_cache_mode	ok
openssl	OpenSSL::SSL::SSLContext	#	session_cache_mode=	ok
openssl	OpenSSL::SSL::SSLContext	#	session_cache_size	ok
openssl	OpenSSL::SSL::SSLContext	#	session_cache_size=	ok
openssl	OpenSSL::SSL::SSLContext	#	session_cache_stats	ok
openssl	OpenSSL::SSL::SSLContext	#	session_get_cb	ok
openssl	OpenSSL::SSL::SSLContext	#	session_get_cb=	ok
openssl	OpenSSL::SSL::SSLContext	#	session_id_context	ok
openssl	OpenSSL::SSL::SSLContext	#	session_id_context=	ok
openssl	OpenSSL::SSL::SSLContext	#	session_new_cb	ok
openssl	OpenSSL::SSL::SSLContext	#	session_new_cb=	ok
openssl	OpenSSL::SSL::SSLContext	#	session_remove	ok
openssl	OpenSSL::SSL::SSLContext	#	session_remove_cb	ok
openssl	OpenSSL::SSL::SSLContext	#	session_remove_cb=	ok
openssl	OpenSSL::SSL::SSLContext	#	set_params	ok
openssl	OpenSSL::SSL::SSLContext	#	ssl_timeout	ok
openssl	OpenSSL::SSL::SSLContext	#	timeout	ok
openssl	OpenSSL::SSL::SSLContext	#	ssl_timeout=	ok
openssl	OpenSSL::SSL::SSLContext	#	timeout=	ok
openssl	OpenSSL::SSL::SSLContext	#	ssl_version=	ok
openssl	OpenSSL::SSL::SSLContext	#	tmp_dh_callback	ok
openssl	OpenSSL::SSL::SSLContext	#	tmp_dh_callback=	ok
openssl	OpenSSL::SSL::SSLContext	#	verify_callback	ok
openssl	OpenSSL::SSL::SSLContext	#	verify_callback=	ok
openssl	OpenSSL::SSL::SSLContext	#	verify_depth	ok
openssl	OpenSSL::SSL::SSLContext	#	verify_depth=	ok
openssl	OpenSSL::SSL::SSLContext	#	verify_mode	ok
openssl	OpenSSL::SSL::SSLContext	#	verify_mode=	ok
openssl	OpenSSL::SSL::SSLContext	.	new	ok
openssl	OpenSSL::SSL::SSLServer	#	accept	ok
openssl	OpenSSL::SSL::SSLServer	#	close	ok
openssl	OpenSSL::SSL::SSLServer	#	listen	ok
openssl	OpenSSL::SSL::SSLServer	#	shutdown	ok
openssl	OpenSSL::SSL::SSLServer	#	start_immediately	ok
openssl	OpenSSL::SSL::SSLServer	#	start_immediately=	ok
openssl	OpenSSL::SSL::SSLServer	#	to_io	ok
openssl	OpenSSL::SSL::SSLServer	.	new	ok
openssl	OpenSSL::SSL::SSLSocket	#	accept	ok
openssl	OpenSSL::SSL::SSLSocket	#	accept_nonblock	ok
openssl	OpenSSL::SSL::SSLSocket	#	cert	ok
openssl	OpenSSL::SSL::SSLSocket	#	cipher	ok
openssl	OpenSSL::SSL::SSLSocket	#	connect	ok
openssl	OpenSSL::SSL::SSLSocket	#	connect_nonblock	ok
openssl	OpenSSL::SSL::SSLSocket	#	context	ok
openssl	OpenSSL::SSL::SSLSocket	#	hostname	ok
openssl	OpenSSL::SSL::SSLSocket	#	hostname=	ok
openssl	OpenSSL::SSL::SSLSocket	#	io	ok
openssl	OpenSSL::SSL::SSLSocket	#	to_io	ok
openssl	OpenSSL::SSL::SSLSocket	#	peer_cert	ok
openssl	OpenSSL::SSL::SSLSocket	#	peer_cert_chain	ok
openssl	OpenSSL::SSL::SSLSocket	#	pending	ok
openssl	OpenSSL::SSL::SSLSocket	#	post_connection_check	ok
openssl	OpenSSL::SSL::SSLSocket	#	session	ok
openssl	OpenSSL::SSL::SSLSocket	#	session=	ok
openssl	OpenSSL::SSL::SSLSocket	#	session_reused?	ok
openssl	OpenSSL::SSL::SSLSocket	#	state	ok
openssl	OpenSSL::SSL::SSLSocket	#	sync_close	ok
openssl	OpenSSL::SSL::SSLSocket	#	sync_close=	ok
openssl	OpenSSL::SSL::SSLSocket	#	sysclose	ok
openssl	OpenSSL::SSL::SSLSocket	#	sysread	ok
openssl	OpenSSL::SSL::SSLSocket	#	syswrite	ok
openssl	OpenSSL::SSL::SSLSocket	#	verify_result	ok
openssl	OpenSSL::SSL::SSLSocket	.	new	ok
openssl	OpenSSL::SSL::Session	#	==	ok
openssl	OpenSSL::SSL::Session	#	id	ok
openssl	OpenSSL::SSL::Session	#	time	ok
openssl	OpenSSL::SSL::Session	#	time=	ok
openssl	OpenSSL::SSL::Session	#	timeout	ok
openssl	OpenSSL::SSL::Session	#	timeout=	ok
openssl	OpenSSL::SSL::Session	#	to_der	ok
openssl	OpenSSL::SSL::Session	#	to_pem	ok
openssl	OpenSSL::SSL::Session	#	to_text	ok
openssl	OpenSSL::SSL::Session	.	new	ok
openssl	OpenSSL::SSL::SocketForwarder	#	addr	ok
openssl	OpenSSL::SSL::SocketForwarder	#	closed?	ok
openssl	OpenSSL::SSL::SocketForwarder	#	do_not_reverse_lookup=	ok
openssl	OpenSSL::SSL::SocketForwarder	#	fcntl	ok
openssl	OpenSSL::SSL::SocketForwarder	#	getsockopt	ok
openssl	OpenSSL::SSL::SocketForwarder	#	peeraddr	ok
openssl	OpenSSL::SSL::SocketForwarder	#	setsockopt	ok
openssl	OpenSSL::X509	::	DEFAULT_CERT_AREA	ok
openssl	OpenSSL::X509	::	DEFAULT_CERT_DIR	ok
openssl	OpenSSL::X509	::	DEFAULT_CERT_DIR_ENV	ok
openssl	OpenSSL::X509	::	DEFAULT_CERT_FILE	ok
openssl	OpenSSL::X509	::	DEFAULT_CERT_FILE_ENV	ok
openssl	OpenSSL::X509	::	DEFAULT_PRIVATE_DIR	ok
openssl	OpenSSL::X509	::	PURPOSE_ANY	ok
openssl	OpenSSL::X509	::	PURPOSE_CRL_SIGN	ok
openssl	OpenSSL::X509	::	PURPOSE_NS_SSL_SERVER	ok
openssl	OpenSSL::X509	::	PURPOSE_OCSP_HELPER	ok
openssl	OpenSSL::X509	::	PURPOSE_SMIME_ENCRYPT	ok
openssl	OpenSSL::X509	::	PURPOSE_SMIME_SIGN	ok
openssl	OpenSSL::X509	::	PURPOSE_SSL_CLIENT	ok
openssl	OpenSSL::X509	::	PURPOSE_SSL_SERVER	ok
openssl	OpenSSL::X509	::	TRUST_COMPAT	ok
openssl	OpenSSL::X509	::	TRUST_EMAIL	ok
openssl	OpenSSL::X509	::	TRUST_OBJECT_SIGN	ok
openssl	OpenSSL::X509	::	TRUST_OCSP_REQUEST	ok
openssl	OpenSSL::X509	::	TRUST_OCSP_SIGN	ok
openssl	OpenSSL::X509	::	TRUST_SSL_CLIENT	ok
openssl	OpenSSL::X509	::	TRUST_SSL_SERVER	ok
openssl	OpenSSL::X509	::	V_ERR_AKID_ISSUER_SERIAL_MISMATCH	ok
openssl	OpenSSL::X509	::	V_ERR_AKID_SKID_MISMATCH	ok
openssl	OpenSSL::X509	::	V_ERR_APPLICATION_VERIFICATION	ok
openssl	OpenSSL::X509	::	V_ERR_CERT_CHAIN_TOO_LONG	ok
openssl	OpenSSL::X509	::	V_ERR_CERT_HAS_EXPIRED	ok
openssl	OpenSSL::X509	::	V_ERR_CERT_NOT_YET_VALID	ok
openssl	OpenSSL::X509	::	V_ERR_CERT_REJECTED	ok
openssl	OpenSSL::X509	::	V_ERR_CERT_REVOKED	ok
openssl	OpenSSL::X509	::	V_ERR_CERT_SIGNATURE_FAILURE	ok
openssl	OpenSSL::X509	::	V_ERR_CERT_UNTRUSTED	ok
openssl	OpenSSL::X509	::	V_ERR_CRL_HAS_EXPIRED	ok
openssl	OpenSSL::X509	::	V_ERR_CRL_NOT_YET_VALID	ok
openssl	OpenSSL::X509	::	V_ERR_CRL_SIGNATURE_FAILURE	ok
openssl	OpenSSL::X509	::	V_ERR_DEPTH_ZERO_SELF_SIGNED_CERT	ok
openssl	OpenSSL::X509	::	V_ERR_ERROR_IN_CERT_NOT_AFTER_FIELD	ok
openssl	OpenSSL::X509	::	V_ERR_ERROR_IN_CERT_NOT_BEFORE_FIELD	ok
openssl	OpenSSL::X509	::	V_ERR_ERROR_IN_CRL_LAST_UPDATE_FIELD	ok
openssl	OpenSSL::X509	::	V_ERR_ERROR_IN_CRL_NEXT_UPDATE_FIELD	ok
openssl	OpenSSL::X509	::	V_ERR_INVALID_CA	ok
openssl	OpenSSL::X509	::	V_ERR_INVALID_PURPOSE	ok
openssl	OpenSSL::X509	::	V_ERR_KEYUSAGE_NO_CERTSIGN	ok
openssl	OpenSSL::X509	::	V_ERR_OUT_OF_MEM	ok
openssl	OpenSSL::X509	::	V_ERR_PATH_LENGTH_EXCEEDED	ok
openssl	OpenSSL::X509	::	V_ERR_SELF_SIGNED_CERT_IN_CHAIN	ok
openssl	OpenSSL::X509	::	V_ERR_SUBJECT_ISSUER_MISMATCH	ok
openssl	OpenSSL::X509	::	V_ERR_UNABLE_TO_DECODE_ISSUER_PUBLIC_KEY	ok
openssl	OpenSSL::X509	::	V_ERR_UNABLE_TO_DECRYPT_CERT_SIGNATURE	ok
openssl	OpenSSL::X509	::	V_ERR_UNABLE_TO_DECRYPT_CRL_SIGNATURE	ok
openssl	OpenSSL::X509	::	V_ERR_UNABLE_TO_GET_CRL	ok
openssl	OpenSSL::X509	::	V_ERR_UNABLE_TO_GET_ISSUER_CERT	ok
openssl	OpenSSL::X509	::	V_ERR_UNABLE_TO_GET_ISSUER_CERT_LOCALLY	ok
openssl	OpenSSL::X509	::	V_ERR_UNABLE_TO_VERIFY_LEAF_SIGNATURE	ok
openssl	OpenSSL::X509	::	V_FLAG_CRL_CHECK	ok
openssl	OpenSSL::X509	::	V_FLAG_CRL_CHECK_ALL	ok
openssl	OpenSSL::X509	::	V_OK	ok
openssl	OpenSSL::X509::Attribute	#	oid	ok
openssl	OpenSSL::X509::Attribute	#	oid=	ok
openssl	OpenSSL::X509::Attribute	#	to_der	ok
openssl	OpenSSL::X509::Attribute	#	value	ok
openssl	OpenSSL::X509::Attribute	#	value=	ok
openssl	OpenSSL::X509::Attribute	.	new	ok
openssl	OpenSSL::X509::CRL	#	add_extension	ok
openssl	OpenSSL::X509::CRL	#	add_revoked	ok
openssl	OpenSSL::X509::CRL	#	extensions	ok
openssl	OpenSSL::X509::CRL	#	extensions=	ok
openssl	OpenSSL::X509::CRL	#	issuer	ok
openssl	OpenSSL::X509::CRL	#	issuer=	ok
openssl	OpenSSL::X509::CRL	#	last_update	ok
openssl	OpenSSL::X509::CRL	#	last_update=	ok
openssl	OpenSSL::X509::CRL	#	next_update	ok
openssl	OpenSSL::X509::CRL	#	next_update=	ok
openssl	OpenSSL::X509::CRL	#	revoked	ok
openssl	OpenSSL::X509::CRL	#	revoked=	ok
openssl	OpenSSL::X509::CRL	#	sign	ok
openssl	OpenSSL::X509::CRL	#	signature_algorithm	ok
openssl	OpenSSL::X509::CRL	#	to_der	ok
openssl	OpenSSL::X509::CRL	#	to_pem	ok
openssl	OpenSSL::X509::CRL	#	to_s	ok
openssl	OpenSSL::X509::CRL	#	to_text	ok
openssl	OpenSSL::X509::CRL	#	verify	ok
openssl	OpenSSL::X509::CRL	#	version	ok
openssl	OpenSSL::X509::CRL	#	version=	ok
openssl	OpenSSL::X509::CRL	.	new	ok
openssl	OpenSSL::X509::Certificate	#	add_extension	ok
openssl	OpenSSL::X509::Certificate	#	check_private_key	ok
openssl	OpenSSL::X509::Certificate	#	extensions	ok
openssl	OpenSSL::X509::Certificate	#	extensions=	ok
openssl	OpenSSL::X509::Certificate	#	issuer	ok
openssl	OpenSSL::X509::Certificate	#	issuer=	ok
openssl	OpenSSL::X509::Certificate	#	not_after	ok
openssl	OpenSSL::X509::Certificate	#	not_after=	ok
openssl	OpenSSL::X509::Certificate	#	not_before	ok
openssl	OpenSSL::X509::Certificate	#	not_before=	ok
openssl	OpenSSL::X509::Certificate	#	public_key	ok
openssl	OpenSSL::X509::Certificate	#	public_key=	ok
openssl	OpenSSL::X509::Certificate	#	serial	ok
openssl	OpenSSL::X509::Certificate	#	serial=	ok
openssl	OpenSSL::X509::Certificate	#	sign	ok
openssl	OpenSSL::X509::Certificate	#	signature_algorithm	ok
openssl	OpenSSL::X509::Certificate	#	subject	ok
openssl	OpenSSL::X509::Certificate	#	subject=	ok
openssl	OpenSSL::X509::Certificate	#	to_der	ok
openssl	OpenSSL::X509::Certificate	#	to_pem	ok
openssl	OpenSSL::X509::Certificate	#	to_s	ok
openssl	OpenSSL::X509::Certificate	#	to_text	ok
openssl	OpenSSL::X509::Certificate	#	verify	ok
openssl	OpenSSL::X509::Certificate	#	version	ok
openssl	OpenSSL::X509::Certificate	#	version=	ok
openssl	OpenSSL::X509::Certificate	.	new	ok
openssl	OpenSSL::X509::Extension	#	critical=	ok
openssl	OpenSSL::X509::Extension	#	critical?	ok
openssl	OpenSSL::X509::Extension	#	oid	ok
openssl	OpenSSL::X509::Extension	#	oid=	ok
openssl	OpenSSL::X509::Extension	#	to_a	ok
openssl	OpenSSL::X509::Extension	#	to_der	ok
openssl	OpenSSL::X509::Extension	#	to_h	ok
openssl	OpenSSL::X509::Extension	#	to_s	ok
openssl	OpenSSL::X509::Extension	#	value	ok
openssl	OpenSSL::X509::Extension	#	value=	ok
openssl	OpenSSL::X509::Extension	.	new	ok
openssl	OpenSSL::X509::ExtensionFactory	#	config	ok
openssl	OpenSSL::X509::ExtensionFactory	#	config=	ok
openssl	OpenSSL::X509::ExtensionFactory	#	create_ext	ok
openssl	OpenSSL::X509::ExtensionFactory	#	create_ext_from_array	ok
openssl	OpenSSL::X509::ExtensionFactory	#	create_ext_from_hash	ok
openssl	OpenSSL::X509::ExtensionFactory	#	create_ext_from_string	ok
openssl	OpenSSL::X509::ExtensionFactory	#	create_extension	ok
openssl	OpenSSL::X509::ExtensionFactory	#	crl	ok
openssl	OpenSSL::X509::ExtensionFactory	#	crl=	ok
openssl	OpenSSL::X509::ExtensionFactory	#	issuer_certificate	ok
openssl	OpenSSL::X509::ExtensionFactory	#	issuer_certificate=	ok
openssl	OpenSSL::X509::ExtensionFactory	#	subject_certificate	ok
openssl	OpenSSL::X509::ExtensionFactory	#	subject_certificate=	ok
openssl	OpenSSL::X509::ExtensionFactory	#	subject_request	ok
openssl	OpenSSL::X509::ExtensionFactory	#	subject_request=	ok
openssl	OpenSSL::X509::ExtensionFactory	.	new	ok
openssl	OpenSSL::X509::Name	::	COMPAT	ok
openssl	OpenSSL::X509::Name	::	DEFAULT_OBJECT_TYPE	ok
openssl	OpenSSL::X509::Name	::	MULTILINE	ok
openssl	OpenSSL::X509::Name	::	OBJECT_TYPE_TEMPLATE	ok
openssl	OpenSSL::X509::Name	::	ONELINE	ok
openssl	OpenSSL::X509::Name	::	RFC2253	ok
openssl	OpenSSL::X509::Name	#	<=>	ok
openssl	OpenSSL::X509::Name	#	cmp	ok
openssl	OpenSSL::X509::Name	#	add_entry	ok
openssl	OpenSSL::X509::Name	#	hash_old	ok
openssl	OpenSSL::X509::Name	#	to_a	ok
openssl	OpenSSL::X509::Name	#	to_der	ok
openssl	OpenSSL::X509::Name	#	to_s	ok
openssl	OpenSSL::X509::Name	.	new	ok
openssl	OpenSSL::X509::Name	.	parse	ok
openssl	OpenSSL::X509::Name	.	parse_openssl	ok
openssl	OpenSSL::X509::Name	.	parse_rfc2253	ok
openssl	OpenSSL::X509::Request	#	add_attribute	ok
openssl	OpenSSL::X509::Request	#	attributes	ok
openssl	OpenSSL::X509::Request	#	attributes=	ok
openssl	OpenSSL::X509::Request	#	public_key	ok
openssl	OpenSSL::X509::Request	#	public_key=	ok
openssl	OpenSSL::X509::Request	#	sign	ok
openssl	OpenSSL::X509::Request	#	signature_algorithm	ok
openssl	OpenSSL::X509::Request	#	subject	ok
openssl	OpenSSL::X509::Request	#	subject=	ok
openssl	OpenSSL::X509::Request	#	to_der	ok
openssl	OpenSSL::X509::Request	#	to_pem	ok
openssl	OpenSSL::X509::Request	#	to_s	ok
openssl	OpenSSL::X509::Request	#	to_text	ok
openssl	OpenSSL::X509::Request	#	verify	ok
openssl	OpenSSL::X509::Request	#	version	ok
openssl	OpenSSL::X509::Request	#	version=	ok
openssl	OpenSSL::X509::Request	.	new	ok
openssl	OpenSSL::X509::Revoked	#	add_extension	ok
openssl	OpenSSL::X509::Revoked	#	extensions	ok
openssl	OpenSSL::X509::Revoked	#	extensions=	ok
openssl	OpenSSL::X509::Revoked	#	serial	ok
openssl	OpenSSL::X509::Revoked	#	serial=	ok
openssl	OpenSSL::X509::Revoked	#	time	ok
openssl	OpenSSL::X509::Revoked	#	time=	ok
openssl	OpenSSL::X509::Revoked	.	new	ok
openssl	OpenSSL::X509::Store	#	add_cert	ok
openssl	OpenSSL::X509::Store	#	add_crl	ok
openssl	OpenSSL::X509::Store	#	add_file	ok
openssl	OpenSSL::X509::Store	#	add_path	ok
openssl	OpenSSL::X509::Store	#	chain	ok
openssl	OpenSSL::X509::Store	#	error	ok
openssl	OpenSSL::X509::Store	#	error_string	ok
openssl	OpenSSL::X509::Store	#	flags=	ok
openssl	OpenSSL::X509::Store	#	purpose=	ok
openssl	OpenSSL::X509::Store	#	set_default_paths	ok
openssl	OpenSSL::X509::Store	#	time=	ok
openssl	OpenSSL::X509::Store	#	trust=	ok
openssl	OpenSSL::X509::Store	#	verify	ok
openssl	OpenSSL::X509::Store	#	verify_callback	ok
openssl	OpenSSL::X509::Store	#	verify_callback=	ok
openssl	OpenSSL::X509::Store	.	new	ok
openssl	OpenSSL::X509::StoreContext	#	chain	ok
openssl	OpenSSL::X509::StoreContext	#	cleanup	ok
openssl	OpenSSL::X509::StoreContext	#	current_cert	ok
openssl	OpenSSL::X509::StoreContext	#	current_crl	ok
openssl	OpenSSL::X509::StoreContext	#	error	ok
openssl	OpenSSL::X509::StoreContext	#	error=	ok
openssl	OpenSSL::X509::StoreContext	#	error_depth	ok
openssl	OpenSSL::X509::StoreContext	#	error_string	ok
openssl	OpenSSL::X509::StoreContext	#	flags=	ok
openssl	OpenSSL::X509::StoreContext	#	purpose=	ok
openssl	OpenSSL::X509::StoreContext	#	time=	ok
openssl	OpenSSL::X509::StoreContext	#	trust=	ok
openssl	OpenSSL::X509::StoreContext	#	verify	ok
openssl	OpenSSL::X509::StoreContext	.	new	ok
optparse	Object	::	ARGV	ok
optparse	OptionParser	#	accept	ok
optparse	OptionParser	#	banner	ok
optparse	OptionParser	#	banner=	ok
optparse	OptionParser	#	default_argv	ok
optparse	OptionParser	#	default_argv=	ok
optparse	OptionParser	#	environment	ok
optparse	OptionParser	#	getopts	ok
optparse	OptionParser	#	help	ok
optparse	OptionParser	#	to_s	ok
optparse	OptionParser	#	load	ok
optparse	OptionParser	#	make_switch	ok
optparse	OptionParser	#	on	ok
optparse	OptionParser	#	on_head	ok
optparse	OptionParser	#	on_tail	ok
optparse	OptionParser	#	order	ok
optparse	OptionParser	#	order!	ok
optparse	OptionParser	#	parse	ok
optparse	OptionParser	#	parse!	ok
optparse	OptionParser	#	permute	ok
optparse	OptionParser	#	permute!	ok
optparse	OptionParser	#	program_name	ok
optparse	OptionParser	#	program_name=	ok
optparse	OptionParser	#	reject	ok
optparse	OptionParser	#	release	ok
optparse	OptionParser	#	release=	ok
optparse	OptionParser	#	separator	ok
optparse	OptionParser	#	summarize	ok
optparse	OptionParser	#	summary_indent	ok
optparse	OptionParser	#	summary_indent=	ok
optparse	OptionParser	#	summary_width	ok
optparse	OptionParser	#	summary_width=	ok
optparse	OptionParser	#	to_a	ok
optparse	OptionParser	#	ver	ok
optparse	OptionParser	#	version	ok
optparse	OptionParser	#	version=	ok
optparse	OptionParser	.	accept	ok
optparse	OptionParser	.	getopts	ok
optparse	OptionParser	.	new	ok
optparse	OptionParser	.	reject	ok
optparse	OptionParser::Arguable	#	getopts	ok
optparse	OptionParser::Arguable	#	options	ok
optparse	OptionParser::Arguable	#	options=	ok
optparse	OptionParser::Arguable	#	order!	ok
optparse	OptionParser::Arguable	#	parse!	ok
optparse	OptionParser::Arguable	#	permute!	ok
optparse	OptionParser::ParseError	#	args	ok
optparse	OptionParser::ParseError	#	inspect	ok
optparse	OptionParser::ParseError	#	message	ok
optparse	OptionParser::ParseError	#	to_s	ok
optparse	OptionParser::ParseError	#	reason	ok
optparse	OptionParser::ParseError	#	reason=	ok
optparse	OptionParser::ParseError	#	recover	ok
optparse	OptionParser::ParseError	#	set_backtrace	ok
optparse	OptionParser::ParseError	#	set_option	ok
optparse	OptionParser::ParseError	.	filter_backtrace	ok
ostruct	OpenStruct	::	InspectKey	ok
ostruct	OpenStruct	#	==	ok
ostruct	OpenStruct	#	[]	ok
ostruct	OpenStruct	#	[]=	ok
ostruct	OpenStruct	#	delete_field	ok
ostruct	OpenStruct	#	dig	ok
ostruct	OpenStruct	#	each_pair	ok
ostruct	OpenStruct	#	eql?	ok
ostruct	OpenStruct	#	hash	ok
ostruct	OpenStruct	#	inspect	ok
ostruct	OpenStruct	#	to_s	ok
ostruct	OpenStruct	#	modifiable	no-method
ostruct	OpenStruct	#	new_ostruct_member	no-method
ostruct	OpenStruct	#	to_h	ok
ostruct	OpenStruct	.	new	ok
pathname	Kernel	.#	Pathname	ok
pathname	Pathname	::	SEPARATOR_PAT	ok
pathname	Pathname	::	TO_PATH	ok
pathname	Pathname	#	+	ok
pathname	Pathname	#	/	ok
pathname	Pathname	#	<=>	ok
pathname	Pathname	#	==	ok
pathname	Pathname	#	===	ok
pathname	Pathname	#	eql?	ok
pathname	Pathname	#	absolute?	ok
pathname	Pathname	#	ascend	ok
pathname	Pathname	#	atime	ok
pathname	Pathname	#	basename	ok
pathname	Pathname	#	binread	ok
pathname	Pathname	#	binwrite	ok
pathname	Pathname	#	birthtime	ok
pathname	Pathname	#	blockdev?	ok
pathname	Pathname	#	chardev?	ok
pathname	Pathname	#	children	ok
pathname	Pathname	#	chmod	ok
pathname	Pathname	#	chown	ok
pathname	Pathname	#	cleanpath	ok
pathname	Pathname	#	ctime	ok
pathname	Pathname	#	delete	ok
pathname	Pathname	#	unlink	ok
pathname	Pathname	#	descend	ok
pathname	Pathname	#	directory?	ok
pathname	Pathname	#	dirname	ok
pathname	Pathname	#	each_child	ok
pathname	Pathname	#	each_entry	ok
pathname	Pathname	#	each_filename	ok
pathname	Pathname	#	each_line	ok
pathname	Pathname	#	empty?	ok
pathname	Pathname	#	entries	ok
pathname	Pathname	#	executable?	ok
pathname	Pathname	#	executable_real?	ok
pathname	Pathname	#	exist?	ok
pathname	Pathname	#	expand_path	ok
pathname	Pathname	#	extname	ok
pathname	Pathname	#	file?	ok
pathname	Pathname	#	find	ok
pathname	Pathname	#	fnmatch	ok
pathname	Pathname	#	fnmatch?	ok
pathname	Pathname	#	ftype	ok
pathname	Pathname	#	glob	ok
pathname	Pathname	#	grpowned?	ok
pathname	Pathname	#	hash	ok
pathname	Pathname	#	join	ok
pathname	Pathname	#	lchmod	ok
pathname	Pathname	#	lchown	ok
pathname	Pathname	#	lstat	ok
pathname	Pathname	#	make_link	ok
pathname	Pathname	#	make_symlink	ok
pathname	Pathname	#	mkdir	ok
pathname	Pathname	#	mkpath	ok
pathname	Pathname	#	mountpoint?	ok
pathname	Pathname	#	mtime	ok
pathname	Pathname	#	open	ok
pathname	Pathname	#	opendir	ok
pathname	Pathname	#	owned?	ok
pathname	Pathname	#	parent	ok
pathname	Pathname	#	pipe?	ok
pathname	Pathname	#	read	ok
pathname	Pathname	#	readable?	ok
pathname	Pathname	#	readable_real?	ok
pathname	Pathname	#	readlines	ok
pathname	Pathname	#	readlink	ok
pathname	Pathname	#	realdirpath	ok
pathname	Pathname	#	realpath	ok
pathname	Pathname	#	relative?	ok
pathname	Pathname	#	relative_path_from	ok
pathname	Pathname	#	rename	ok
pathname	Pathname	#	rmdir	ok
pathname	Pathname	#	rmtree	ok
pathname	Pathname	#	root?	ok
pathname	Pathname	#	setgid?	ok
pathname	Pathname	#	setuid?	ok
pathname	Pathname	#	size	ok
pathname	Pathname	#	size?	ok
pathname	Pathname	#	socket?	ok
pathname	Pathname	#	split	ok
pathname	Pathname	#	stat	ok
pathname	Pathname	#	sticky?	ok
pathname	Pathname	#	sub	ok
pathname	Pathname	#	sub_ext	ok
pathname	Pathname	#	symlink?	ok
pathname	Pathname	#	sysopen	ok
pathname	Pathname	#	to_path	ok
pathname	Pathname	#	to_s	ok
pathname	Pathname	#	truncate	ok
pathname	Pathname	#	utime	ok
pathname	Pathname	#	world_readable?	ok
pathname	Pathname	#	world_writable?	ok
pathname	Pathname	#	writable?	ok
pathname	Pathname	#	writable_real?	ok
pathname	Pathname	#	write	ok
pathname	Pathname	#	zero?	ok
pathname	Pathname	.	getwd	ok
pathname	Pathname	.	pwd	ok
pathname	Pathname	.	glob	ok
pathname	Pathname	.	new	ok
pp	Object	#	pretty_inspect	ok
pp	Object	#	pretty_print	ok
pp	Object	#	pretty_print_cycle	ok
pp	Object	#	pretty_print_inspect	ok
pp	Object	#	pretty_print_instance_variables	ok
pp	PP	#	comma_breakable	ok
pp	PP	#	object_group	ok
pp	PP	#	pp	ok
pp	PP	#	seplist	ok
pp	PP	.	pp	ok
pp	PP	.	sharing_detection	ok
pp	PP	.	sharing_detection=	ok
pp	PP	.	singleline_pp	ok
prettyprint	PrettyPrint	#	breakable	ok
prettyprint	PrettyPrint	#	flush	ok
prettyprint	PrettyPrint	#	genspace	ok
prettyprint	PrettyPrint	#	group	ok
prettyprint	PrettyPrint	#	indent	ok
prettyprint	PrettyPrint	#	maxwidth	ok
prettyprint	PrettyPrint	#	nest	ok
prettyprint	PrettyPrint	#	newline	ok
prettyprint	PrettyPrint	#	output	ok
prettyprint	PrettyPrint	#	text	ok
prettyprint	PrettyPrint	.	format	ok
prettyprint	PrettyPrint	.	new	ok
prettyprint	PrettyPrint	.	singleline_format	ok
prime	Integer	#	prime?	ok
prime	Integer	#	prime_division	ok
prime	Integer	.	each_prime	ok
prime	Integer	.	from_prime_division	ok
prime	Prime	#	each	ok
prime	Prime	#	int_from_prime_division	ok
prime	Prime	#	prime?	ok
prime	Prime	#	prime_division	ok
prime	Prime	.	each	ok
prime	Prime	.	instance	ok
prime	Prime	.	int_from_prime_division	ok
prime	Prime	.	prime?	ok
prime	Prime	.	prime_division	ok
prime	Prime::EratosthenesGenerator	#	next	ok
prime	Prime::EratosthenesGenerator	#	succ	ok
prime	Prime::EratosthenesGenerator	#	rewind	ok
prime	Prime::Generator23	#	next	ok
prime	Prime::Generator23	#	succ	ok
prime	Prime::Generator23	#	rewind	ok
prime	Prime::PseudoPrimeGenerator	#	each	ok
prime	Prime::PseudoPrimeGenerator	#	each_with_index	ok
prime	Prime::PseudoPrimeGenerator	#	with_index	ok
prime	Prime::PseudoPrimeGenerator	#	next	ok
prime	Prime::PseudoPrimeGenerator	#	succ	ok
prime	Prime::PseudoPrimeGenerator	#	rewind	ok
prime	Prime::PseudoPrimeGenerator	#	upper_bound	ok
prime	Prime::PseudoPrimeGenerator	#	upper_bound=	ok
prime	Prime::PseudoPrimeGenerator	#	with_object	ok
prime	Prime::PseudoPrimeGenerator	.	new	ok
prime	Prime::TrialDivisionGenerator	#	next	ok
prime	Prime::TrialDivisionGenerator	#	succ	ok
prime	Prime::TrialDivisionGenerator	#	rewind	ok
pstore	PStore	::	EMPTY_MARSHAL_CHECKSUM	ok
pstore	PStore	::	EMPTY_MARSHAL_DATA	ok
pstore	PStore	::	EMPTY_STRING	ok
pstore	PStore	::	RDWR_ACCESS	ok
pstore	PStore	::	RD_ACCESS	ok
pstore	PStore	::	WR_ACCESS	ok
pstore	PStore	#	[]	ok
pstore	PStore	#	[]=	ok
pstore	PStore	#	abort	ok
pstore	PStore	#	commit	ok
pstore	PStore	#	delete	ok
pstore	PStore	#	fetch	ok
pstore	PStore	#	in_transaction	ok
pstore	PStore	#	path	ok
pstore	PStore	#	root?	ok
pstore	PStore	#	roots	ok
pstore	PStore	#	transaction	ok
pstore	PStore	#	ultra_safe	ok
pstore	PStore	#	ultra_safe=	ok
pstore	PStore	.	new	ok
pstore	PStore::DummyMutex	#	synchronize	no-class
psych	Kernel	#	y	no-method
psych	Object	#	to_yaml	ok
psych	Object	.	yaml_tag	ok
psych	Psych	::	LIBYAML_VERSION	ok
psych	Psych	::	VERSION	ok
psych	Psych	.	dump	ok
psych	Psych	.	dump_stream	ok
psych	Psych	.	libyaml_version	ok
psych	Psych	.	load	ok
psych	Psych	.	load_file	ok
psych	Psych	.	load_stream	ok
psych	Psych	.	parse	ok
psych	Psych	.	parse_file	ok
psych	Psych	.	parse_stream	ok
psych	Psych	.	parser	ok
psych	Psych	.	safe_load	ok
psych	Psych	.	to_json	ok
psych	Psych::Emitter	#	canonical	ok
psych	Psych::Emitter	#	canonical=	ok
psych	Psych::Emitter	#	indentation	ok
psych	Psych::Emitter	#	indentation=	ok
psych	Psych::Emitter	#	line_width	ok
psych	Psych::Emitter	#	line_width=	ok
psych	Psych::Emitter	.	new	ok
psych	Psych::Handler	#	alias	ok
psych	Psych::Handler	#	empty	ok
psych	Psych::Handler	#	end_document	ok
psych	Psych::Handler	#	end_mapping	ok
psych	Psych::Handler	#	end_sequence	ok
psych	Psych::Handler	#	end_stream	ok
psych	Psych::Handler	#	scalar	ok
psych	Psych::Handler	#	start_document	ok
psych	Psych::Handler	#	start_mapping	ok
psych	Psych::Handler	#	start_sequence	ok
psych	Psych::Handler	#	start_stream	ok
psych	Psych::Handler	#	streaming?	ok
psych	Psych::Nodes::Alias	#	anchor	ok
psych	Psych::Nodes::Alias	#	anchor=	ok
psych	Psych::Nodes::Alias	.	new	ok
psych	Psych::Nodes::Document	#	implicit	ok
psych	Psych::Nodes::Document	#	implicit=	ok
psych	Psych::Nodes::Document	#	implicit_end	ok
psych	Psych::Nodes::Document	#	implicit_end=	ok
psych	Psych::Nodes::Document	#	root	ok
psych	Psych::Nodes::Document	#	tag_directives	ok
psych	Psych::Nodes::Document	#	tag_directives=	ok
psych	Psych::Nodes::Document	#	version	ok
psych	Psych::Nodes::Document	#	version=	ok
psych	Psych::Nodes::Document	.	new	ok
psych	Psych::Nodes::Mapping	::	ANY	ok
psych	Psych::Nodes::Mapping	::	BLOCK	ok
psych	Psych::Nodes::Mapping	::	FLOW	ok
psych	Psych::Nodes::Mapping	#	anchor	ok
psych	Psych::Nodes::Mapping	#	anchor=	ok
psych	Psych::Nodes::Mapping	#	implicit	ok
psych	Psych::Nodes::Mapping	#	implicit=	ok
psych	Psych::Nodes::Mapping	#	style	ok
psych	Psych::Nodes::Mapping	#	style=	ok
psych	Psych::Nodes::Mapping	#	tag	ok
psych	Psych::Nodes::Mapping	#	tag=	ok
psych	Psych::Nodes::Mapping	.	new	ok
psych	Psych::Nodes::Node	#	children	ok
psych	Psych::Nodes::Node	#	each	ok
psych	Psych::Nodes::Node	#	tag	ok
psych	Psych::Nodes::Node	#	to_ruby	ok
psych	Psych::Nodes::Node	#	transform	ok
psych	Psych::Nodes::Node	#	to_yaml	ok
psych	Psych::Nodes::Node	#	yaml	ok
psych	Psych::Nodes::Scalar	::	ANY	ok
psych	Psych::Nodes::Scalar	::	DOUBLE_QUOTED	ok
psych	Psych::Nodes::Scalar	::	FOLDED	ok
psych	Psych::Nodes::Scalar	::	LITERAL	ok
psych	Psych::Nodes::Scalar	::	PLAIN	ok
psych	Psych::Nodes::Scalar	::	SINGLE_QUOTED	ok
psych	Psych::Nodes::Scalar	#	anchor	ok
psych	Psych::Nodes::Scalar	#	anchor=	ok
psych	Psych::Nodes::Scalar	#	plain	ok
psych	Psych::Nodes::Scalar	#	plain=	ok
psych	Psych::Nodes::Scalar	#	quoted	ok
psych	Psych::Nodes::Scalar	#	quoted=	ok
psych	Psych::Nodes::Scalar	#	style	ok
psych	Psych::Nodes::Scalar	#	style=	ok
psych	Psych::Nodes::Scalar	#	tag	ok
psych	Psych::Nodes::Scalar	#	tag=	ok
psych	Psych::Nodes::Scalar	#	value	ok
psych	Psych::Nodes::Scalar	#	value=	ok
psych	Psych::Nodes::Scalar	.	new	ok
psych	Psych::Nodes::Sequence	::	ANY	ok
psych	Psych::Nodes::Sequence	::	BLOCK	ok
psych	Psych::Nodes::Sequence	::	FLOW	ok
psych	Psych::Nodes::Sequence	#	anchor	ok
psych	Psych::Nodes::Sequence	#	anchor=	ok
psych	Psych::Nodes::Sequence	#	implicit	ok
psych	Psych::Nodes::Sequence	#	implicit=	ok
psych	Psych::Nodes::Sequence	#	style	ok
psych	Psych::Nodes::Sequence	#	style=	ok
psych	Psych::Nodes::Sequence	#	tag	ok
psych	Psych::Nodes::Sequence	#	tag=	ok
psych	Psych::Nodes::Sequence	.	new	ok
psych	Psych::Nodes::Stream	::	ANY	ok
psych	Psych::Nodes::Stream	::	UTF16BE	ok
psych	Psych::Nodes::Stream	::	UTF16LE	ok
psych	Psych::Nodes::Stream	::	UTF8	ok
psych	Psych::Nodes::Stream	#	encoding	ok
psych	Psych::Nodes::Stream	#	encoding=	ok
psych	Psych::Nodes::Stream	.	new	ok
psych	Psych::Parser	::	ANY	ok
psych	Psych::Parser	::	UTF16BE	ok
psych	Psych::Parser	::	UTF16LE	ok
psych	Psych::Parser	::	UTF8	ok
psych	Psych::Parser	#	handler	ok
psych	Psych::Parser	#	handler=	ok
psych	Psych::Parser	#	mark	ok
psych	Psych::Parser	#	parse	ok
psych	Psych::Parser	.	new	ok
psych	Psych::Parser::Mark	#	column	ok
psych	Psych::Parser::Mark	#	index	ok
psych	Psych::Parser::Mark	#	line	ok
psych	Psych::ScalarScanner	#	parse_time	ok
psych	Psych::ScalarScanner	#	tokenize	ok
psych	Psych::ScalarScanner	.	new	ok
psych	Psych::Stream	#	finish	ok
psych	Psych::Stream	#	start	ok
psych	Psych::Stream	.	new	ok
psych	Psych::SyntaxError	#	column	ok
psych	Psych::SyntaxError	#	context	ok
psych	Psych::SyntaxError	#	file	ok
psych	Psych::SyntaxError	#	line	ok
psych	Psych::SyntaxError	#	offset	ok
psych	Psych::SyntaxError	#	problem	ok
psych	Psych::TreeBuilder	#	root	ok
psych	Psych::TreeBuilder	.	new	ok
psych	Psych::Visitors::YAMLTree	#	<<	ok
psych	Psych::Visitors::YAMLTree	#	push	ok
psych	Psych::Visitors::YAMLTree	#	finish	ok
psych	Psych::Visitors::YAMLTree	#	finished	ok
psych	Psych::Visitors::YAMLTree	#	finished?	ok
psych	Psych::Visitors::YAMLTree	#	start	ok
psych	Psych::Visitors::YAMLTree	#	started	ok
psych	Psych::Visitors::YAMLTree	#	started?	ok
psych	Psych::Visitors::YAMLTree	#	tree	ok
psych	Psych::Visitors::YAMLTree	.	create	ok
psych	Psych::Visitors::YAMLTree	.	new	ok
pty	PTY	.#	getpty	ok
pty	PTY	.#	spawn	ok
pty	PTY	.	check	ok
pty	PTY	.	open	ok
pty	PTY::ChildExited	#	status	ok
racc/parser	Racc::Parser	#	do_parse	ok
racc/parser	Racc::Parser	#	next_token	ok
racc/parser	Racc::Parser	#	on_error	ok
racc/parser	Racc::Parser	#	token_to_str	ok
racc/parser	Racc::Parser	#	yyaccept	ok
racc/parser	Racc::Parser	#	yyerrok	ok
racc/parser	Racc::Parser	#	yyerror	ok
racc/parser	Racc::Parser	#	yyparse	ok
racc/parser	Racc::Parser	.	racc_runtime_type	ok
rake	FileUtils	#	ruby	ok
rake	FileUtils	#	safe_ln	ok
rake	FileUtils	#	sh	ok
rake	FileUtils	#	split_all	ok
rake	Kernel	#	desc	no-method
rake	Kernel	#	directory	no-method
rake	Kernel	#	file	no-method
rake	Kernel	#	file_create	no-method
rake	Kernel	#	import	no-method
rake	Kernel	#	multitask	no-method
rake	Kernel	#	namespace	no-method
rake	Kernel	#	rule	no-method
rake	Kernel	#	task	no-method
rake	Module	#	rake_extension	ok
rake	Rake	::	EARLY	ok
rake	Rake	::	EMPTY_TASK_ARGS	ok
rake	Rake	.	application	ok
rake	Rake	.	application=	ok
rake	Rake	.	original_dir	ok
rake	Rake::Application	::	DEFAULT_RAKEFILES	ok
rake	Rake::Application	#	add_loader	ok
rake	Rake::Application	#	init	ok
rake	Rake::Application	#	load_rakefile	ok
rake	Rake::Application	#	name	ok
rake	Rake::Application	#	options	ok
rake	Rake::Application	#	original_dir	ok
rake	Rake::Application	#	rakefile	ok
rake	Rake::Application	#	run	ok
rake	Rake::Application	#	top_level	ok
rake	Rake::Application	#	top_level_tasks	ok
rake	Rake::Application	#	tty_output=	ok
rake	Rake::Cloneable	#	clone	no-method
rake	Rake::Cloneable	#	dup	no-method
rake	Rake::DefaultLoader	#	load	ok
rake	Rake::EarlyTime	#	<=>	ok
rake	Rake::EarlyTime	#	to_s	ok
rake	Rake::FileCreationTask	#	needed?	ok
rake	Rake::FileCreationTask	#	timestamp	ok
rake	Rake::FileList	::	ARRAY_METHODS	ok
rake	Rake::FileList	::	DEFAULT_IGNORE_PATTERNS	ok
rake	Rake::FileList	::	DEFAULT_IGNORE_PROCS	ok
rake	Rake::FileList	::	DELEGATING_METHODS	ok
rake	Rake::FileList	::	MUST_DEFINE	ok
rake	Rake::FileList	::	MUST_NOT_DEFINE	ok
rake	Rake::FileList	::	SPECIAL_RETURN	ok
rake	Rake::FileList	#	*	ok
rake	Rake::FileList	#	==	ok
rake	Rake::FileList	#	clear_exclude	ok
rake	Rake::FileList	#	egrep	ok
rake	Rake::FileList	#	exclude	ok
rake	Rake::FileList	#	excluded_from_list?	ok
rake	Rake::FileList	#	existing	ok
rake	Rake::FileList	#	existing!	ok
rake	Rake::FileList	#	ext	ok
rake	Rake::FileList	#	gsub	ok
rake	Rake::FileList	#	gsub!	ok
rake	Rake::FileList	#	import	ok
rake	Rake::FileList	#	include	ok
rake	Rake::FileList	#	is_a?	ok
rake	Rake::FileList	#	kind_of?	ok
rake	Rake::FileList	#	pathmap	ok
rake	Rake::FileList	#	resolve	ok
rake	Rake::FileList	#	sub	ok
rake	Rake::FileList	#	sub!	ok
rake	Rake::FileList	#	to_a	ok
rake	Rake::FileList	#	to_ary	ok
rake	Rake::FileList	#	to_s	ok
rake	Rake::FileList	.	[]	ok
rake	Rake::FileList	.	new	ok
rake	Rake::FileTask	#	needed?	ok
rake	Rake::FileTask	#	timestamp	ok
rake	Rake::FileTask	.	scope_name	ok
rake	Rake::InvocationChain	::	EMPTY	ok
rake	Rake::InvocationChain	#	append	ok
rake	Rake::InvocationChain	#	member?	ok
rake	Rake::InvocationChain	#	to_s	ok
rake	Rake::InvocationChain	.	append	ok
rake	Rake::InvocationChain	.	new	ok
rake	Rake::InvocationChain::EmptyInvocationChain	#	append	ok
rake	Rake::InvocationChain::EmptyInvocationChain	#	member?	ok
rake	Rake::InvocationChain::EmptyInvocationChain	#	to_s	ok
rake	Rake::NameSpace	#	[]	ok
rake	Rake::NameSpace	#	tasks	ok
rake	Rake::NameSpace	.	new	ok
rake	Rake::Task	#	actions	ok
rake	Rake::Task	#	add_description	ok
rake	Rake::Task	#	application	ok
rake	Rake::Task	#	application=	ok
rake	Rake::Task	#	arg_description	ok
rake	Rake::Task	#	arg_names	ok
rake	Rake::Task	#	clear	ok
rake	Rake::Task	#	clear_actions	ok
rake	Rake::Task	#	clear_prerequisites	ok
rake	Rake::Task	#	comment	ok
rake	Rake::Task	#	comment=	ok
rake	Rake::Task	#	enhance	ok
rake	Rake::Task	#	execute	ok
rake	Rake::Task	#	full_comment	ok
rake	Rake::Task	#	inspect	ok
rake	Rake::Task	#	investigation	ok
rake	Rake::Task	#	invoke	ok
rake	Rake::Task	#	name	ok
rake	Rake::Task	#	needed?	ok
rake	Rake::Task	#	prerequisites	ok
rake	Rake::Task	#	reenable	ok
rake	Rake::Task	#	scope	ok
rake	Rake::Task	#	set_arg_names	ok
rake	Rake::Task	#	source	ok
rake	Rake::Task	#	sources	ok
rake	Rake::Task	#	sources=	ok
rake	Rake::Task	#	timestamp	ok
rake	Rake::Task	#	to_s	ok
rake	Rake::Task	.	[]	ok
rake	Rake::Task	.	clear	ok
rake	Rake::Task	.	create_rule	ok
rake	Rake::Task	.	define_task	ok
rake	Rake::Task	.	new	ok
rake	Rake::Task	.	scope_name	ok
rake	Rake::Task	.	task_defined?	ok
rake	Rake::Task	.	tasks	ok
rake	Rake::TaskArguments	#	[]	ok
rake	Rake::TaskArguments	#	each	ok
rake	Rake::TaskArguments	#	inspect	ok
rake	Rake::TaskArguments	#	to_s	ok
rake	Rake::TaskArguments	#	lookup	ok
rake	Rake::TaskArguments	#	names	ok
rake	Rake::TaskArguments	#	new_scope	ok
rake	Rake::TaskArguments	#	to_hash	ok
rake	Rake::TaskArguments	#	with_defaults	ok
rake	Rake::TaskArguments	.	new	ok
rake	Rake::TaskManager	#	[]	ok
rake	Rake::TaskManager	#	clear	ok
rake	Rake::TaskManager	#	create_rule	ok
rake	Rake::TaskManager	#	current_scope	ok
rake	Rake::TaskManager	#	define_task	ok
rake	Rake::TaskManager	#	enhance_with_matching_rule	ok
rake	Rake::TaskManager	#	in_namespace	ok
rake	Rake::TaskManager	#	intern	ok
rake	Rake::TaskManager	#	last_comment	no-method
rake	Rake::TaskManager	#	last_description	ok
rake	Rake::TaskManager	#	last_description=	ok
rake	Rake::TaskManager	#	lookup	ok
rake	Rake::TaskManager	#	resolve_args	ok
rake	Rake::TaskManager	#	synthesize_file_task	ok
rake	Rake::TaskManager	#	tasks	ok
rake	RakeFileUtils	#	nowrite	ok
rake	RakeFileUtils	#	verbose	ok
rake	RakeFileUtils	#	when_writing	ok
rake	RakeFileUtils	.	nowrite_flag	ok
rake	RakeFileUtils	.	nowrite_flag=	ok
rake	RakeFileUtils	.	verbose_flag	ok
rake	RakeFileUtils	.	verbose_flag=	ok
rake	String	#	ext	ok
rake	String	#	pathmap	ok
rake	String	#	pathmap_explode	ok
rake	String	#	pathmap_partial	ok
rake	String	#	pathmap_replace	ok
rake/gempackagetask	Rake::GemPackageTask	#	define	lib-require-failed
rake/gempackagetask	Rake::GemPackageTask	#	gem_file	lib-require-failed
rake/gempackagetask	Rake::GemPackageTask	#	gem_spec	lib-require-failed
rake/gempackagetask	Rake::GemPackageTask	#	gem_spec=	lib-require-failed
rake/gempackagetask	Rake::GemPackageTask	#	init	lib-require-failed
rake/gempackagetask	Rake::GemPackageTask	.	new	lib-require-failed
rake/loaders/makefile	Rake::MakefileLoader	#	load	lib-require-failed
rake/packagetask	Rake::PackageTask	#	define	ok
rake/packagetask	Rake::PackageTask	#	init	ok
rake/packagetask	Rake::PackageTask	#	name	ok
rake/packagetask	Rake::PackageTask	#	name=	ok
rake/packagetask	Rake::PackageTask	#	need_tar	ok
rake/packagetask	Rake::PackageTask	#	need_tar=	ok
rake/packagetask	Rake::PackageTask	#	need_tar_bz2	ok
rake/packagetask	Rake::PackageTask	#	need_tar_bz2=	ok
rake/packagetask	Rake::PackageTask	#	need_tar_gz	ok
rake/packagetask	Rake::PackageTask	#	need_tar_gz=	ok
rake/packagetask	Rake::PackageTask	#	need_zip	ok
rake/packagetask	Rake::PackageTask	#	need_zip=	ok
rake/packagetask	Rake::PackageTask	#	package_dir	ok
rake/packagetask	Rake::PackageTask	#	package_dir=	ok
rake/packagetask	Rake::PackageTask	#	package_dir_path	ok
rake/packagetask	Rake::PackageTask	#	package_files	ok
rake/packagetask	Rake::PackageTask	#	package_files=	ok
rake/packagetask	Rake::PackageTask	#	package_name	ok
rake/packagetask	Rake::PackageTask	#	tar_bz2_file	ok
rake/packagetask	Rake::PackageTask	#	tar_command	ok
rake/packagetask	Rake::PackageTask	#	tar_command=	ok
rake/packagetask	Rake::PackageTask	#	tar_gz_file	ok
rake/packagetask	Rake::PackageTask	#	tgz_file	ok
rake/packagetask	Rake::PackageTask	#	version	ok
rake/packagetask	Rake::PackageTask	#	version=	ok
rake/packagetask	Rake::PackageTask	#	zip_command	ok
rake/packagetask	Rake::PackageTask	#	zip_command=	ok
rake/packagetask	Rake::PackageTask	#	zip_file	ok
rake/packagetask	Rake::PackageTask	.	new	ok
rake/rdoctask	Rake::RDocTask	#	define	lib-require-failed
rake/rdoctask	Rake::RDocTask	#	external	lib-require-failed
rake/rdoctask	Rake::RDocTask	#	external=	lib-require-failed
rake/rdoctask	Rake::RDocTask	#	main	lib-require-failed
rake/rdoctask	Rake::RDocTask	#	main=	lib-require-failed
rake/rdoctask	Rake::RDocTask	#	name	lib-require-failed
rake/rdoctask	Rake::RDocTask	#	name=	lib-require-failed
rake/rdoctask	Rake::RDocTask	#	option_list	lib-require-failed
rake/rdoctask	Rake::RDocTask	#	option_string	lib-require-failed
rake/rdoctask	Rake::RDocTask	#	options	lib-require-failed
rake/rdoctask	Rake::RDocTask	#	options=	lib-require-failed
rake/rdoctask	Rake::RDocTask	#	quote	lib-require-failed
rake/rdoctask	Rake::RDocTask	#	rdoc_dir	lib-require-failed
rake/rdoctask	Rake::RDocTask	#	rdoc_dir=	lib-require-failed
rake/rdoctask	Rake::RDocTask	#	rdoc_files	lib-require-failed
rake/rdoctask	Rake::RDocTask	#	rdoc_files=	lib-require-failed
rake/rdoctask	Rake::RDocTask	#	template	lib-require-failed
rake/rdoctask	Rake::RDocTask	#	template=	lib-require-failed
rake/rdoctask	Rake::RDocTask	#	title	lib-require-failed
rake/rdoctask	Rake::RDocTask	#	title=	lib-require-failed
rake/rdoctask	Rake::RDocTask	.	new	lib-require-failed
rake/testtask	Rake::TestTask	#	define	ok
rake/testtask	Rake::TestTask	#	libs	ok
rake/testtask	Rake::TestTask	#	libs=	ok
rake/testtask	Rake::TestTask	#	loader	ok
rake/testtask	Rake::TestTask	#	loader=	ok
rake/testtask	Rake::TestTask	#	name	ok
rake/testtask	Rake::TestTask	#	name=	ok
rake/testtask	Rake::TestTask	#	options	ok
rake/testtask	Rake::TestTask	#	options=	ok
rake/testtask	Rake::TestTask	#	pattern	ok
rake/testtask	Rake::TestTask	#	pattern=	ok
rake/testtask	Rake::TestTask	#	ruby_opts	ok
rake/testtask	Rake::TestTask	#	ruby_opts=	ok
rake/testtask	Rake::TestTask	#	test_files=	ok
rake/testtask	Rake::TestTask	#	verbose	ok
rake/testtask	Rake::TestTask	#	verbose=	ok
rake/testtask	Rake::TestTask	#	warning	ok
rake/testtask	Rake::TestTask	#	warning=	ok
rake/testtask	Rake::TestTask	.	new	ok
rbconfig	RbConfig	::	CONFIG	ok
rbconfig	RbConfig	::	DESTDIR	ok
rbconfig	RbConfig	::	MAKEFILE_CONFIG	ok
rbconfig	RbConfig	::	TOPDIR	ok
rbconfig	RbConfig	.	expand	ok
rbconfig	RbConfig	.	ruby	ok
rbconfig/sizeof	RbConfig	::	LIMITS	ok
rbconfig/sizeof	RbConfig	::	SIZEOF	ok
rdoc	RDoc	::	ATTR_MODIFIERS	ok
rdoc	RDoc	::	CLASS_MODIFIERS	ok
rdoc	RDoc	::	CONSTANT_MODIFIERS	ok
rdoc	RDoc	::	DOT_DOC_FILENAME	ok
rdoc	RDoc	::	GENERAL_MODIFIERS	ok
rdoc	RDoc	::	METHOD_MODIFIERS	ok
rdoc	RDoc	::	VERSION	ok
rdoc/code_object	RDoc::CodeObject	#	comment	lib-require-failed
rdoc/code_object	RDoc::CodeObject	#	comment=	lib-require-failed
rdoc/code_object	RDoc::CodeObject	#	document_children	lib-require-failed
rdoc/code_object	RDoc::CodeObject	#	document_children=	lib-require-failed
rdoc/code_object	RDoc::CodeObject	#	document_self	lib-require-failed
rdoc/code_object	RDoc::CodeObject	#	document_self=	lib-require-failed
rdoc/code_object	RDoc::CodeObject	#	documented?	lib-require-failed
rdoc/code_object	RDoc::CodeObject	#	metadata	lib-require-failed
rdoc/code_object	RDoc::CodeObject	#	parent	lib-require-failed
rdoc/code_object	RDoc::CodeObject	#	parent=	lib-require-failed
rdoc/code_object	RDoc::CodeObject	#	parent_file_name	lib-require-failed
rdoc/code_object	RDoc::CodeObject	#	parent_name	lib-require-failed
rdoc/code_object	RDoc::CodeObject	#	remove_classes_and_modules	lib-require-failed
rdoc/code_object	RDoc::CodeObject	#	remove_methods_etc	lib-require-failed
rdoc/code_object	RDoc::CodeObject	#	section	lib-require-failed
rdoc/code_object	RDoc::CodeObject	#	section=	lib-require-failed
rdoc/code_object	RDoc::CodeObject	#	start_doc	lib-require-failed
rdoc/code_object	RDoc::CodeObject	#	stop_doc	lib-require-failed
rdoc/code_object	RDoc::CodeObject	.	new	lib-require-failed
rdoc/context	RDoc::Context	::	TYPES	lib-require-failed
rdoc/context	RDoc::Context	::	VISIBILITIES	lib-require-failed
rdoc/context	RDoc::Context	#	<=>	lib-require-failed
rdoc/context	RDoc::Context	#	add_alias	lib-require-failed
rdoc/context	RDoc::Context	#	add_attribute	lib-require-failed
rdoc/context	RDoc::Context	#	add_class	lib-require-failed
rdoc/context	RDoc::Context	#	add_class_or_module	lib-require-failed
rdoc/context	RDoc::Context	#	add_constant	lib-require-failed
rdoc/context	RDoc::Context	#	add_include	lib-require-failed
rdoc/context	RDoc::Context	#	add_method	lib-require-failed
rdoc/context	RDoc::Context	#	add_module	lib-require-failed
rdoc/context	RDoc::Context	#	add_require	lib-require-failed
rdoc/context	RDoc::Context	#	add_to	lib-require-failed
rdoc/context	RDoc::Context	#	aliases	lib-require-failed
rdoc/context	RDoc::Context	#	attributes	lib-require-failed
rdoc/context	RDoc::Context	#	classes	lib-require-failed
rdoc/context	RDoc::Context	#	constants	lib-require-failed
rdoc/context	RDoc::Context	#	current_section	lib-require-failed
rdoc/context	RDoc::Context	#	defined_in?	lib-require-failed
rdoc/context	RDoc::Context	#	each_attribute	lib-require-failed
rdoc/context	RDoc::Context	#	each_classmodule	lib-require-failed
rdoc/context	RDoc::Context	#	each_constant	lib-require-failed
rdoc/context	RDoc::Context	#	each_method	lib-require-failed
rdoc/context	RDoc::Context	#	find_enclosing_module_named	lib-require-failed
rdoc/context	RDoc::Context	#	find_local_symbol	lib-require-failed
rdoc/context	RDoc::Context	#	find_module_named	lib-require-failed
rdoc/context	RDoc::Context	#	find_symbol	lib-require-failed
rdoc/context	RDoc::Context	#	in_files	lib-require-failed
rdoc/context	RDoc::Context	#	includes	lib-require-failed
rdoc/context	RDoc::Context	#	initialize_classes_and_modules	lib-require-failed
rdoc/context	RDoc::Context	#	initialize_methods_etc	lib-require-failed
rdoc/context	RDoc::Context	#	method_list	lib-require-failed
rdoc/context	RDoc::Context	#	modules	lib-require-failed
rdoc/context	RDoc::Context	#	name	lib-require-failed
rdoc/context	RDoc::Context	#	ongoing_visibility=	lib-require-failed
rdoc/context	RDoc::Context	#	record_location	lib-require-failed
rdoc/context	RDoc::Context	#	requires	lib-require-failed
rdoc/context	RDoc::Context	#	sections	lib-require-failed
rdoc/context	RDoc::Context	#	set_current_section	lib-require-failed
rdoc/context	RDoc::Context	#	set_visibility_for	lib-require-failed
rdoc/context	RDoc::Context	#	toplevel	lib-require-failed
rdoc/context	RDoc::Context	#	unmatched_alias_lists	lib-require-failed
rdoc/context	RDoc::Context	#	unmatched_alias_lists=	lib-require-failed
rdoc/context	RDoc::Context	#	visibility	lib-require-failed
rdoc/context	RDoc::Context	.	new	lib-require-failed
rdoc/context	RDoc::Context::Section	#	==	lib-require-failed
rdoc/context	RDoc::Context::Section	#	comment	lib-require-failed
rdoc/context	RDoc::Context::Section	#	inspect	lib-require-failed
rdoc/context	RDoc::Context::Section	#	parent	lib-require-failed
rdoc/context	RDoc::Context::Section	#	sequence	lib-require-failed
rdoc/context	RDoc::Context::Section	#	set_comment	lib-require-failed
rdoc/context	RDoc::Context::Section	#	title	lib-require-failed
rdoc/context	RDoc::Context::Section	.	new	lib-require-failed
rdoc/generator/darkfish	RDoc::Generator::Darkfish	::	GENERATOR_DIR	lib-require-failed
rdoc/generator/darkfish	RDoc::Generator::Darkfish	::	VERSION	lib-require-failed
rdoc/generator/darkfish	RDoc::Generator::Darkfish	#	generate	lib-require-failed
rdoc/generator/darkfish	RDoc::Generator::Darkfish	#	initialize	lib-require-failed
rdoc/generator/json_index	RDoc::Generator::JsonIndex	::	SEARCH_INDEX_FILE	lib-require-failed
rdoc/generator/json_index	RDoc::Generator::JsonIndex	#	generate	lib-require-failed
rdoc/generator/json_index	RDoc::Generator::JsonIndex	.	new	lib-require-failed
rdoc/generator/ri	RDoc::Generator::RI	::	DESCRIPTION	lib-require-failed
rdoc/generator/ri	RDoc::Generator::RI	#	generate	lib-require-failed
rdoc/generator/ri	RDoc::Generator::RI	#	initialize	lib-require-failed
rdoc/known_classes	RDoc	::	KNOWN_CLASSES	ok
rdoc/markdown	RDoc::Markdown	::	DEFAULT_EXTENSIONS	lib-require-failed
rdoc/markdown	RDoc::Markdown	::	EXTENSIONS	lib-require-failed
rdoc/markdown	RDoc::Markdown	#	break_on_newline	lib-require-failed
rdoc/markdown	RDoc::Markdown	#	break_on_newline=	lib-require-failed
rdoc/markdown	RDoc::Markdown	#	css	lib-require-failed
rdoc/markdown	RDoc::Markdown	#	css=	lib-require-failed
rdoc/markdown	RDoc::Markdown	#	definition_lists	lib-require-failed
rdoc/markdown	RDoc::Markdown	#	definition_lists=	lib-require-failed
rdoc/markdown	RDoc::Markdown	#	extension	lib-require-failed
rdoc/markdown	RDoc::Markdown	#	extension?	lib-require-failed
rdoc/markdown	RDoc::Markdown	#	github	lib-require-failed
rdoc/markdown	RDoc::Markdown	#	github=	lib-require-failed
rdoc/markdown	RDoc::Markdown	#	html	lib-require-failed
rdoc/markdown	RDoc::Markdown	#	html=	lib-require-failed
rdoc/markdown	RDoc::Markdown	#	notes	lib-require-failed
rdoc/markdown	RDoc::Markdown	#	notes=	lib-require-failed
rdoc/markdown	RDoc::Markdown	#	parse	lib-require-failed
rdoc/markdown	RDoc::Markdown	.	extension	lib-require-failed
rdoc/markdown	RDoc::Markdown	.	new	lib-require-failed
rdoc/markdown	RDoc::Markdown	.	parse	lib-require-failed
rdoc/markdown/entities	RDoc::Markdown	::	HTML_ENTITIES	lib-require-failed
rdoc/markup	RDoc::Markup	::	LABEL_LIST_RE	lib-require-failed
rdoc/markup	RDoc::Markup	::	SIMPLE_LIST_RE	lib-require-failed
rdoc/markup	RDoc::Markup	::	SPACE	lib-require-failed
rdoc/markup	RDoc::Markup	#	add_html	lib-require-failed
rdoc/markup	RDoc::Markup	#	add_special	lib-require-failed
rdoc/markup	RDoc::Markup	#	add_word_pair	lib-require-failed
rdoc/markup	RDoc::Markup	#	attribute_manager	lib-require-failed
rdoc/markup	RDoc::Markup	#	content	lib-require-failed
rdoc/markup	RDoc::Markup	#	convert	lib-require-failed
rdoc/markup	RDoc::Markup	#	get_line_types	lib-require-failed
rdoc/markup	RDoc::Markup	.	new	lib-require-failed
rdoc/markup/formatter	RDoc::Markup::Formatter	#	add_tag	lib-require-failed
rdoc/markup/formatter	RDoc::Markup::Formatter	#	convert	lib-require-failed
rdoc/markup/formatter	RDoc::Markup::Formatter	.	new	lib-require-failed
rdoc/markup/to_ansi	RDoc::Markup::ToAnsi	.	new	lib-require-failed
rdoc/markup/to_bs	RDoc::Markup::ToBs	.	new	lib-require-failed
rdoc/markup/to_html	RDoc::Markup::ToHtml	.	new	lib-require-failed
rdoc/markup/to_html_crossref	RDoc::Markup::ToHtmlCrossref	.	new	lib-require-failed
rdoc/markup/to_rdoc	RDoc::Markup::ToRdoc	.	new	lib-require-failed
rdoc/options	RDoc::Options	::	DEPRECATED	lib-require-failed
rdoc/options	RDoc::Options	::	SPECIAL	lib-require-failed
rdoc/options	RDoc::Options	#	all_one_file	lib-require-failed
rdoc/options	RDoc::Options	#	charset	lib-require-failed
rdoc/options	RDoc::Options	#	coverage_report	lib-require-failed
rdoc/options	RDoc::Options	#	coverage_report=	lib-require-failed
rdoc/options	RDoc::Options	#	css	lib-require-failed
rdoc/options	RDoc::Options	#	diagram	lib-require-failed
rdoc/options	RDoc::Options	#	dry_run	lib-require-failed
rdoc/options	RDoc::Options	#	dry_run=	lib-require-failed
rdoc/options	RDoc::Options	#	encoding	lib-require-failed
rdoc/options	RDoc::Options	#	encoding=	lib-require-failed
rdoc/options	RDoc::Options	#	exclude	lib-require-failed
rdoc/options	RDoc::Options	#	exclude=	lib-require-failed
rdoc/options	RDoc::Options	#	extra_accessor_flags	lib-require-failed
rdoc/options	RDoc::Options	#	extra_accessors	lib-require-failed
rdoc/options	RDoc::Options	#	fileboxes	lib-require-failed
rdoc/options	RDoc::Options	#	files	lib-require-failed
rdoc/options	RDoc::Options	#	finish_page_dir	lib-require-failed
rdoc/options	RDoc::Options	#	force_output	lib-require-failed
rdoc/options	RDoc::Options	#	force_output=	lib-require-failed
rdoc/options	RDoc::Options	#	force_update	lib-require-failed
rdoc/options	RDoc::Options	#	formatter	lib-require-failed
rdoc/options	RDoc::Options	#	formatter=	lib-require-failed
rdoc/options	RDoc::Options	#	generator	lib-require-failed
rdoc/options	RDoc::Options	#	generator=	lib-require-failed
rdoc/options	RDoc::Options	#	hyperlink_all	lib-require-failed
rdoc/options	RDoc::Options	#	hyperlink_all=	lib-require-failed
rdoc/options	RDoc::Options	#	image_format	lib-require-failed
rdoc/options	RDoc::Options	#	include_line_numbers	lib-require-failed
rdoc/options	RDoc::Options	#	inline_source	lib-require-failed
rdoc/options	RDoc::Options	#	line_numbers	lib-require-failed
rdoc/options	RDoc::Options	#	line_numbers=	lib-require-failed
rdoc/options	RDoc::Options	#	main_page	lib-require-failed
rdoc/options	RDoc::Options	#	main_page=	lib-require-failed
rdoc/options	RDoc::Options	#	markup	lib-require-failed
rdoc/options	RDoc::Options	#	markup=	lib-require-failed
rdoc/options	RDoc::Options	#	merge	lib-require-failed
rdoc/options	RDoc::Options	#	op_dir	lib-require-failed
rdoc/options	RDoc::Options	#	op_dir=	lib-require-failed
rdoc/options	RDoc::Options	#	op_name	lib-require-failed
rdoc/options	RDoc::Options	#	option_parser	lib-require-failed
rdoc/options	RDoc::Options	#	option_parser=	lib-require-failed
rdoc/options	RDoc::Options	#	page_dir	lib-require-failed
rdoc/options	RDoc::Options	#	page_dir=	lib-require-failed
rdoc/options	RDoc::Options	#	parse	lib-require-failed
rdoc/options	RDoc::Options	#	pipe	lib-require-failed
rdoc/options	RDoc::Options	#	pipe=	lib-require-failed
rdoc/options	RDoc::Options	#	promiscuous	lib-require-failed
rdoc/options	RDoc::Options	#	quiet	lib-require-failed
rdoc/options	RDoc::Options	#	rdoc_include	lib-require-failed
rdoc/options	RDoc::Options	#	root	lib-require-failed
rdoc/options	RDoc::Options	#	root=	lib-require-failed
rdoc/options	RDoc::Options	#	sanitize_path	lib-require-failed
rdoc/options	RDoc::Options	#	show_all	lib-require-failed
rdoc/options	RDoc::Options	#	show_all=	lib-require-failed
rdoc/options	RDoc::Options	#	show_hash	lib-require-failed
rdoc/options	RDoc::Options	#	static_path	lib-require-failed
rdoc/options	RDoc::Options	#	static_path=	lib-require-failed
rdoc/options	RDoc::Options	#	tab_width	lib-require-failed
rdoc/options	RDoc::Options	#	template	lib-require-failed
rdoc/options	RDoc::Options	#	template_dir	lib-require-failed
rdoc/options	RDoc::Options	#	template_dir=	lib-require-failed
rdoc/options	RDoc::Options	#	title	lib-require-failed
rdoc/options	RDoc::Options	#	title=	lib-require-failed
rdoc/options	RDoc::Options	#	verbosity	lib-require-failed
rdoc/options	RDoc::Options	#	verbosity=	lib-require-failed
rdoc/options	RDoc::Options	#	visibility	lib-require-failed
rdoc/options	RDoc::Options	#	visibility=	lib-require-failed
rdoc/options	RDoc::Options	#	warn	lib-require-failed
rdoc/options	RDoc::Options	#	webcvs	lib-require-failed
rdoc/options	RDoc::Options	#	write_options	lib-require-failed
rdoc/parser	RDoc::Parser	#	parse_files_matching	lib-require-failed
rdoc/parser	RDoc::Parser	.	alias_extension	lib-require-failed
rdoc/parser	RDoc::Parser	.	can_parse	lib-require-failed
rdoc/parser	RDoc::Parser	.	parser_for	lib-require-failed
rdoc/parser	RDoc::Parser	.	parsers	lib-require-failed
rdoc/parser/c	RDoc::Parser::C	#	progress=	lib-require-failed
rdoc/parser/c	RDoc::Parser::C	#	scan	lib-require-failed
rdoc/parser/c	RDoc::Parser::C	.	new	lib-require-failed
rdoc/parser/changelog	RDoc::Parser::ChangeLog	#	scan	lib-require-failed
rdoc/parser/markdown	RDoc::Parser::Markdown	#	scan	lib-require-failed
rdoc/parser/rd	RDoc::Parser::RD	#	scan	lib-require-failed
rdoc/parser/ruby	RDoc::Parser::Ruby	::	NORMAL	lib-require-failed
rdoc/parser/ruby	RDoc::Parser::Ruby	::	SINGLE	lib-require-failed
rdoc/parser/ruby	RDoc::Parser::Ruby	#	scan	lib-require-failed
rdoc/parser/ruby	RDoc::Parser::Ruby	.	new	lib-require-failed
rdoc/parser/simple	RDoc::Parser::Simple	#	remove_private_comments	lib-require-failed
rdoc/parser/simple	RDoc::Parser::Simple	#	scan	lib-require-failed
rdoc/parser/simple	RDoc::Parser::Simple	.	new	lib-require-failed
rdoc/rdoc	RDoc::RDoc	#	document	ok
rdoc/rdoc	RDoc::RDoc	.	add_generator	ok
rdoc/stats	RDoc::Stats	#	num_classes	lib-require-failed
rdoc/stats	RDoc::Stats	#	num_classes=	lib-require-failed
rdoc/stats	RDoc::Stats	#	num_files	lib-require-failed
rdoc/stats	RDoc::Stats	#	num_files=	lib-require-failed
rdoc/stats	RDoc::Stats	#	num_methods	lib-require-failed
rdoc/stats	RDoc::Stats	#	num_methods=	lib-require-failed
rdoc/stats	RDoc::Stats	#	num_modules	lib-require-failed
rdoc/stats	RDoc::Stats	#	num_modules=	lib-require-failed
rdoc/stats	RDoc::Stats	#	print	lib-require-failed
rdoc/stats	RDoc::Stats	.	new	lib-require-failed
rdoc/text	RDoc::Text	#	expand_tabs	lib-require-failed
rdoc/text	RDoc::Text	#	flush_left	lib-require-failed
rdoc/text	RDoc::Text	#	markup	lib-require-failed
rdoc/text	RDoc::Text	#	normalize_comment	lib-require-failed
rdoc/text	RDoc::Text	#	parse	lib-require-failed
rdoc/text	RDoc::Text	#	strip_hashes	lib-require-failed
rdoc/text	RDoc::Text	#	strip_newlines	lib-require-failed
rdoc/text	RDoc::Text	#	strip_stars	lib-require-failed
rdoc/top_level	RDoc::TopLevel	#	add_class_or_module	lib-require-failed
rdoc/top_level	RDoc::TopLevel	#	file_absolute_name	lib-require-failed
rdoc/top_level	RDoc::TopLevel	#	file_absolute_name=	lib-require-failed
rdoc/top_level	RDoc::TopLevel	#	file_relative_name	lib-require-failed
rdoc/top_level	RDoc::TopLevel	#	file_relative_name=	lib-require-failed
rdoc/top_level	RDoc::TopLevel	#	file_stat	lib-require-failed
rdoc/top_level	RDoc::TopLevel	#	file_stat=	lib-require-failed
rdoc/top_level	RDoc::TopLevel	#	find_local_symbol	lib-require-failed
rdoc/top_level	RDoc::TopLevel	#	find_module_named	lib-require-failed
rdoc/top_level	RDoc::TopLevel	#	full_name	lib-require-failed
rdoc/top_level	RDoc::TopLevel	.	all_classes_and_modules	lib-require-failed
rdoc/top_level	RDoc::TopLevel	.	find_class_named	lib-require-failed
rdoc/top_level	RDoc::TopLevel	.	new	lib-require-failed
rdoc/top_level	RDoc::TopLevel	.	reset	lib-require-failed
readline	Readline	::	FILENAME_COMPLETION_PROC	ok
readline	Readline	::	USERNAME_COMPLETION_PROC	ok
readline	Readline	::	VERSION	ok
readline	Readline	.#	readline	ok
readline	Readline	.	basic_quote_characters	no-method
readline	Readline	.	basic_quote_characters=	no-method
readline	Readline	.	basic_word_break_characters	ok
readline	Readline	.	basic_word_break_characters=	ok
readline	Readline	.	completer_quote_characters	ok
readline	Readline	.	completer_quote_characters=	ok
readline	Readline	.	completer_word_break_characters	ok
readline	Readline	.	completer_word_break_characters=	ok
readline	Readline	.	completion_append_character	ok
readline	Readline	.	completion_append_character=	ok
readline	Readline	.	completion_case_fold	ok
readline	Readline	.	completion_case_fold=	ok
readline	Readline	.	completion_proc	ok
readline	Readline	.	completion_proc=	ok
readline	Readline	.	emacs_editing_mode	no-method
readline	Readline	.	filename_quote_characters	no-method
readline	Readline	.	filename_quote_characters=	no-method
readline	Readline	.	get_screen_size	ok
readline	Readline	.	input=	ok
readline	Readline	.	output=	ok
readline	Readline	.	set_screen_size	ok
readline	Readline	.	vi_editing_mode	no-method
readline	Readline::HISTORY	.	<<	ok
readline	Readline::HISTORY	.	[]	ok
readline	Readline::HISTORY	.	[]=	ok
readline	Readline::HISTORY	.	clear	ok
readline	Readline::HISTORY	.	delete_at	ok
readline	Readline::HISTORY	.	each	ok
readline	Readline::HISTORY	.	empty?	ok
readline	Readline::HISTORY	.	length	ok
readline	Readline::HISTORY	.	size	ok
readline	Readline::HISTORY	.	pop	ok
readline	Readline::HISTORY	.	push	ok
readline	Readline::HISTORY	.	shift	ok
readline	Readline::HISTORY	.	to_s	ok
reline	Reline	.	auto_indent_proc	ok
reline	Reline	.	auto_indent_proc=	ok
reline	Reline	.	basic_quote_characters	ok
reline	Reline	.	basic_quote_characters=	ok
reline	Reline	.	basic_word_break_characters	ok
reline	Reline	.	basic_word_break_characters=	ok
reline	Reline	.	completer_quote_characters	ok
reline	Reline	.	completer_quote_characters=	ok
reline	Reline	.	completer_word_break_characters	ok
reline	Reline	.	completer_word_break_characters=	ok
reline	Reline	.	completion_append_character	ok
reline	Reline	.	completion_append_character=	ok
reline	Reline	.	completion_case_fold	ok
reline	Reline	.	completion_case_fold=	ok
reline	Reline	.	completion_proc	ok
reline	Reline	.	completion_proc=	ok
reline	Reline	.	completion_quote_character	ok
reline	Reline	.	dig_perfect_match_proc	ok
reline	Reline	.	dig_perfect_match_proc=	ok
reline	Reline	.	emacs_editing_mode	ok
reline	Reline	.	emacs_editing_mode?	ok
reline	Reline	.	filename_quote_characters	ok
reline	Reline	.	filename_quote_characters=	ok
reline	Reline	.	get_screen_size	ok
reline	Reline	.	input=	ok
reline	Reline	.	output=	ok
reline	Reline	.	output_modifier_proc	ok
reline	Reline	.	output_modifier_proc=	ok
reline	Reline	.	pre_input_hook	ok
reline	Reline	.	pre_input_hook=	ok
reline	Reline	.	prompt_proc	ok
reline	Reline	.	prompt_proc=	ok
reline	Reline	.	readline	ok
reline	Reline	.	readmultiline	ok
reline	Reline	.	special_prefixes	ok
reline	Reline	.	special_prefixes=	ok
reline	Reline	.	vi_editing_mode	ok
reline	Reline	.	vi_editing_mode?	ok
resolv	Resolv	::	AddressRegex	ok
resolv	Resolv	::	DefaultResolver	ok
resolv	Resolv	#	each_address	ok
resolv	Resolv	#	each_name	ok
resolv	Resolv	#	getaddress	ok
resolv	Resolv	#	getaddresses	ok
resolv	Resolv	#	getname	ok
resolv	Resolv	#	getnames	ok
resolv	Resolv	.	each_address	ok
resolv	Resolv	.	each_name	ok
resolv	Resolv	.	getaddress	ok
resolv	Resolv	.	getaddresses	ok
resolv	Resolv	.	getname	ok
resolv	Resolv	.	getnames	ok
resolv	Resolv	.	new	ok
resolv	Resolv::DNS	::	Port	ok
resolv	Resolv::DNS	::	UDPSize	ok
resolv	Resolv::DNS	#	close	ok
resolv	Resolv::DNS	#	each_address	ok
resolv	Resolv::DNS	#	each_name	ok
resolv	Resolv::DNS	#	each_resource	ok
resolv	Resolv::DNS	#	getaddress	ok
resolv	Resolv::DNS	#	getaddresses	ok
resolv	Resolv::DNS	#	getname	ok
resolv	Resolv::DNS	#	getnames	ok
resolv	Resolv::DNS	#	getresource	ok
resolv	Resolv::DNS	#	getresources	ok
resolv	Resolv::DNS	#	timeouts=	ok
resolv	Resolv::DNS	.	new	ok
resolv	Resolv::DNS	.	open	ok
resolv	Resolv::DNS::Name	#	absolute?	ok
resolv	Resolv::DNS::Name	#	subdomain_of?	ok
resolv	Resolv::DNS::Name	#	to_s	ok
resolv	Resolv::DNS::Name	.	create	ok
resolv	Resolv::DNS::Name	.	new	ok
resolv	Resolv::DNS::Resource::DomainName	#	name	ok
resolv	Resolv::DNS::Resource::HINFO	#	cpu	ok
resolv	Resolv::DNS::Resource::HINFO	#	os	ok
resolv	Resolv::DNS::Resource::HINFO	.	new	ok
resolv	Resolv::DNS::Resource::IN::A	#	address	ok
resolv	Resolv::DNS::Resource::IN::A	.	new	ok
resolv	Resolv::DNS::Resource::IN::AAAA	#	address	ok
resolv	Resolv::DNS::Resource::IN::AAAA	.	new	ok
resolv	Resolv::DNS::Resource::IN::SRV	#	port	ok
resolv	Resolv::DNS::Resource::IN::SRV	#	priority	ok
resolv	Resolv::DNS::Resource::IN::SRV	#	target	ok
resolv	Resolv::DNS::Resource::IN::SRV	#	weight	ok
resolv	Resolv::DNS::Resource::IN::SRV	.	new	ok
resolv	Resolv::DNS::Resource::IN::WKS	#	address	ok
resolv	Resolv::DNS::Resource::IN::WKS	#	bitmap	ok
resolv	Resolv::DNS::Resource::IN::WKS	#	protocol	ok
resolv	Resolv::DNS::Resource::IN::WKS	.	new	ok
resolv	Resolv::DNS::Resource::MINFO	#	emailbx	ok
resolv	Resolv::DNS::Resource::MINFO	#	rmailbx	ok
resolv	Resolv::DNS::Resource::MINFO	.	new	ok
resolv	Resolv::DNS::Resource::MX	#	exchange	ok
resolv	Resolv::DNS::Resource::MX	#	preference	ok
resolv	Resolv::DNS::Resource::MX	.	new	ok
resolv	Resolv::DNS::Resource::SOA	#	expire	ok
resolv	Resolv::DNS::Resource::SOA	#	minimum	ok
resolv	Resolv::DNS::Resource::SOA	#	mname	ok
resolv	Resolv::DNS::Resource::SOA	#	refresh	ok
resolv	Resolv::DNS::Resource::SOA	#	retry	ok
resolv	Resolv::DNS::Resource::SOA	#	rname	ok
resolv	Resolv::DNS::Resource::SOA	#	serial	ok
resolv	Resolv::DNS::Resource::SOA	.	new	ok
resolv	Resolv::DNS::Resource::TXT	#	data	ok
resolv	Resolv::DNS::Resource::TXT	#	strings	ok
resolv	Resolv::DNS::Resource::TXT	.	new	ok
resolv	Resolv::Hosts	::	DefaultFileName	ok
resolv	Resolv::Hosts	#	each_address	ok
resolv	Resolv::Hosts	#	each_name	ok
resolv	Resolv::Hosts	#	getaddress	ok
resolv	Resolv::Hosts	#	getaddresses	ok
resolv	Resolv::Hosts	#	getname	ok
resolv	Resolv::Hosts	#	getnames	ok
resolv	Resolv::Hosts	.	new	ok
resolv	Resolv::IPv4	::	Regex	ok
resolv	Resolv::IPv4	#	address	ok
resolv	Resolv::IPv4	#	to_name	ok
resolv	Resolv::IPv4	#	to_s	ok
resolv	Resolv::IPv4	.	create	ok
resolv	Resolv::IPv4	.	new	ok
resolv	Resolv::IPv6	::	Regex	ok
resolv	Resolv::IPv6	::	Regex_6Hex4Dec	ok
resolv	Resolv::IPv6	::	Regex_8Hex	ok
resolv	Resolv::IPv6	::	Regex_CompressedHex	ok
resolv	Resolv::IPv6	::	Regex_CompressedHex4Dec	ok
resolv	Resolv::IPv6	#	address	ok
resolv	Resolv::IPv6	#	to_name	ok
resolv	Resolv::IPv6	#	to_s	ok
resolv	Resolv::IPv6	.	create	ok
resolv	Resolv::IPv6	.	new	ok
resolv-replace	IPSocket	.	getaddress	ok
resolv-replace	SOCKSSocket	.	new	no-class
resolv-replace	TCPSocket	.	new	ok
resolv-replace	TCPSocket	.	open	ok
resolv-replace	UDPSocket	#	bind	ok
resolv-replace	UDPSocket	#	connect	ok
resolv-replace	UDPSocket	#	send	ok
rexml	REXML::ParseException	#	context	ok
rexml	REXML::ParseException	#	line	ok
rexml	REXML::ParseException	#	position	ok
rexml	REXML::ParseException	#	to_s	ok
rexml/document	REXML::AttlistDecl	#	[]	ok
rexml/document	REXML::AttlistDecl	#	each	ok
rexml/document	REXML::AttlistDecl	#	element_name	ok
rexml/document	REXML::AttlistDecl	#	include?	ok
rexml/document	REXML::AttlistDecl	#	node_type	ok
rexml/document	REXML::AttlistDecl	#	write	ok
rexml/document	REXML::AttlistDecl	.	new	ok
rexml/document	REXML::Attribute	#	==	ok
rexml/document	REXML::Attribute	#	clone	ok
rexml/document	REXML::Attribute	#	element	ok
rexml/document	REXML::Attribute	#	element=	ok
rexml/document	REXML::Attribute	#	namespace	ok
rexml/document	REXML::Attribute	#	node_type	ok
rexml/document	REXML::Attribute	#	normalized=	ok
rexml/document	REXML::Attribute	#	prefix	ok
rexml/document	REXML::Attribute	#	remove	ok
rexml/document	REXML::Attribute	#	to_s	ok
rexml/document	REXML::Attribute	#	to_string	ok
rexml/document	REXML::Attribute	#	value	ok
rexml/document	REXML::Attribute	#	write	ok
rexml/document	REXML::Attribute	#	xpath	ok
rexml/document	REXML::Attribute	.	new	ok
rexml/document	REXML::Attributes	#	<<	ok
rexml/document	REXML::Attributes	#	add	ok
rexml/document	REXML::Attributes	#	[]	ok
rexml/document	REXML::Attributes	#	[]=	ok
rexml/document	REXML::Attributes	#	delete	ok
rexml/document	REXML::Attributes	#	delete_all	ok
rexml/document	REXML::Attributes	#	each	ok
rexml/document	REXML::Attributes	#	each_attribute	ok
rexml/document	REXML::Attributes	#	get_attribute	ok
rexml/document	REXML::Attributes	#	get_attribute_ns	ok
rexml/document	REXML::Attributes	#	length	ok
rexml/document	REXML::Attributes	#	size	ok
rexml/document	REXML::Attributes	#	namespaces	ok
rexml/document	REXML::Attributes	#	prefixes	ok
rexml/document	REXML::Attributes	#	to_a	ok
rexml/document	REXML::Attributes	.	new	ok
rexml/document	REXML::CData	#	clone	ok
rexml/document	REXML::CData	#	to_s	ok
rexml/document	REXML::CData	#	value	ok
rexml/document	REXML::CData	.	new	ok
rexml/document	REXML::Child	#	bytes	ok
rexml/document	REXML::Child	#	document	ok
rexml/document	REXML::Child	#	next_sibling	ok
rexml/document	REXML::Child	#	next_sibling=	ok
rexml/document	REXML::Child	#	parent	ok
rexml/document	REXML::Child	#	parent=	ok
rexml/document	REXML::Child	#	previous_sibling	ok
rexml/document	REXML::Child	#	previous_sibling=	ok
rexml/document	REXML::Child	#	remove	ok
rexml/document	REXML::Child	#	replace_with	ok
rexml/document	REXML::Child	.	new	ok
rexml/document	REXML::Comment	#	<=>	ok
rexml/document	REXML::Comment	#	==	ok
rexml/document	REXML::Comment	#	clone	ok
rexml/document	REXML::Comment	#	node_type	ok
rexml/document	REXML::Comment	#	string	ok
rexml/document	REXML::Comment	#	to_s	ok
rexml/document	REXML::Comment	#	string=	ok
rexml/document	REXML::Comment	.	new	ok
rexml/document	REXML::Declaration	#	to_s	ok
rexml/document	REXML::Declaration	#	write	ok
rexml/document	REXML::DocType	::	DEFAULT_ENTITIES	ok
rexml/document	REXML::DocType	#	add	ok
rexml/document	REXML::DocType	#	attribute_of	ok
rexml/document	REXML::DocType	#	attributes_of	ok
rexml/document	REXML::DocType	#	clone	ok
rexml/document	REXML::DocType	#	context	ok
rexml/document	REXML::DocType	#	entities	ok
rexml/document	REXML::DocType	#	entity	ok
rexml/document	REXML::DocType	#	external_id	ok
rexml/document	REXML::DocType	#	name	ok
rexml/document	REXML::DocType	#	namespaces	ok
rexml/document	REXML::DocType	#	node_type	ok
rexml/document	REXML::DocType	#	notation	ok
rexml/document	REXML::DocType	#	notations	ok
rexml/document	REXML::DocType	#	public	ok
rexml/document	REXML::DocType	#	system	ok
rexml/document	REXML::DocType	#	write	ok
rexml/document	REXML::DocType	.	new	ok
rexml/document	REXML::Document	::	DECLARATION	ok
rexml/document	REXML::Document	#	<<	ok
rexml/document	REXML::Document	#	add	ok
rexml/document	REXML::Document	#	clone	ok
rexml/document	REXML::Document	#	doctype	ok
rexml/document	REXML::Document	#	encoding	ok
rexml/document	REXML::Document	#	expanded_name	ok
rexml/document	REXML::Document	#	name	ok
rexml/document	REXML::Document	#	node_type	ok
rexml/document	REXML::Document	#	root	ok
rexml/document	REXML::Document	#	stand_alone?	ok
rexml/document	REXML::Document	#	version	ok
rexml/document	REXML::Document	#	write	ok
rexml/document	REXML::Document	#	xml_decl	ok
rexml/document	REXML::Document	.	entity_expansion_limit	ok
rexml/document	REXML::Document	.	entity_expansion_limit=	ok
rexml/document	REXML::Document	.	entity_expansion_text_limit	ok
rexml/document	REXML::Document	.	entity_expansion_text_limit=	ok
rexml/document	REXML::Document	.	new	ok
rexml/document	REXML::Document	.	parse_stream	ok
rexml/document	REXML::Element	::	UNDEFINED	ok
rexml/document	REXML::Element	#	add_attribute	ok
rexml/document	REXML::Element	#	add_attributes	ok
rexml/document	REXML::Element	#	add_element	ok
rexml/document	REXML::Element	#	add_namespace	ok
rexml/document	REXML::Element	#	attribute	ok
rexml/document	REXML::Element	#	attributes	ok
rexml/document	REXML::Element	#	cdatas	ok
rexml/document	REXML::Element	#	clone	ok
rexml/document	REXML::Element	#	comments	ok
rexml/document	REXML::Element	#	context	ok
rexml/document	REXML::Element	#	context=	ok
rexml/document	REXML::Element	#	delete_attribute	ok
rexml/document	REXML::Element	#	delete_element	ok
rexml/document	REXML::Element	#	delete_namespace	ok
rexml/document	REXML::Element	#	document	ok
rexml/document	REXML::Element	#	each_element	ok
rexml/document	REXML::Element	#	each_element_with_attribute	ok
rexml/document	REXML::Element	#	each_element_with_text	ok
rexml/document	REXML::Element	#	elements	ok
rexml/document	REXML::Element	#	get_elements	ok
rexml/document	REXML::Element	#	get_text	ok
rexml/document	REXML::Element	#	has_attributes?	ok
rexml/document	REXML::Element	#	has_elements?	ok
rexml/document	REXML::Element	#	has_text?	ok
rexml/document	REXML::Element	#	instructions	ok
rexml/document	REXML::Element	#	namespace	ok
rexml/document	REXML::Element	#	namespaces	ok
rexml/document	REXML::Element	#	next_element	ok
rexml/document	REXML::Element	#	node_type	ok
rexml/document	REXML::Element	#	prefixes	ok
rexml/document	REXML::Element	#	previous_element	ok
rexml/document	REXML::Element	#	raw	ok
rexml/document	REXML::Element	#	root	ok
rexml/document	REXML::Element	#	root_node	ok
rexml/document	REXML::Element	#	text	ok
rexml/document	REXML::Element	#	text=	ok
rexml/document	REXML::Element	#	texts	ok
rexml/document	REXML::Element	#	whitespace	ok
rexml/document	REXML::Element	#	write	ok
rexml/document	REXML::Element	#	xpath	ok
rexml/document	REXML::Element	.	new	ok
rexml/document	REXML::ElementDecl	.	new	ok
rexml/document	REXML::Elements	#	<<	ok
rexml/document	REXML::Elements	#	add	ok
rexml/document	REXML::Elements	#	[]	ok
rexml/document	REXML::Elements	#	[]=	ok
rexml/document	REXML::Elements	#	collect	ok
rexml/document	REXML::Elements	#	delete	ok
rexml/document	REXML::Elements	#	delete_all	ok
rexml/document	REXML::Elements	#	each	ok
rexml/document	REXML::Elements	#	empty?	ok
rexml/document	REXML::Elements	#	index	ok
rexml/document	REXML::Elements	#	inject	ok
rexml/document	REXML::Elements	#	size	ok
rexml/document	REXML::Elements	#	to_a	ok
rexml/document	REXML::Elements	.	new	ok
rexml/document	REXML::Entity	#	external	ok
rexml/document	REXML::Entity	#	name	ok
rexml/document	REXML::Entity	#	ndata	ok
rexml/document	REXML::Entity	#	normalized	ok
rexml/document	REXML::Entity	#	pubid	ok
rexml/document	REXML::Entity	#	ref	ok
rexml/document	REXML::Entity	#	to_s	ok
rexml/document	REXML::Entity	#	unnormalized	ok
rexml/document	REXML::Entity	#	value	ok
rexml/document	REXML::Entity	#	write	ok
rexml/document	REXML::Entity	.	matches?	ok
rexml/document	REXML::Entity	.	new	ok
rexml/document	REXML::EntityConst	::	AMP	ok
rexml/document	REXML::EntityConst	::	APOS	ok
rexml/document	REXML::EntityConst	::	GT	ok
rexml/document	REXML::EntityConst	::	LT	ok
rexml/document	REXML::EntityConst	::	QUOT	ok
rexml/document	REXML::ExternalEntity	#	to_s	ok
rexml/document	REXML::ExternalEntity	#	write	ok
rexml/document	REXML::ExternalEntity	.	new	ok
rexml/document	REXML::Formatters::Default	#	write	ok
rexml/document	REXML::Formatters::Default	.	new	ok
rexml/document	REXML::Formatters::Pretty	#	compact	ok
rexml/document	REXML::Formatters::Pretty	#	compact=	ok
rexml/document	REXML::Formatters::Pretty	#	width	ok
rexml/document	REXML::Formatters::Pretty	#	width=	ok
rexml/document	REXML::Formatters::Pretty	.	new	ok
rexml/document	REXML::Formatters::Transitive	.	new	no-class
rexml/document	REXML::Instruction	#	==	ok
rexml/document	REXML::Instruction	#	clone	ok
rexml/document	REXML::Instruction	#	content	ok
rexml/document	REXML::Instruction	#	content=	ok
rexml/document	REXML::Instruction	#	node_type	ok
rexml/document	REXML::Instruction	#	target	ok
rexml/document	REXML::Instruction	#	target=	ok
rexml/document	REXML::Instruction	.	new	ok
rexml/document	REXML::Namespace	#	expanded_name	ok
rexml/document	REXML::Namespace	#	fully_expanded_name	ok
rexml/document	REXML::Namespace	#	has_name?	ok
rexml/document	REXML::Namespace	#	local_name	ok
rexml/document	REXML::Namespace	#	name	ok
rexml/document	REXML::Namespace	#	name=	ok
rexml/document	REXML::Namespace	#	prefix	ok
rexml/document	REXML::Namespace	#	prefix=	ok
rexml/document	REXML::Node	#	each_recursive	ok
rexml/document	REXML::Node	#	find_first_recursive	ok
rexml/document	REXML::Node	#	index_in_parent	ok
rexml/document	REXML::Node	#	next_sibling_node	ok
rexml/document	REXML::Node	#	parent?	ok
rexml/document	REXML::Node	#	previous_sibling_node	ok
rexml/document	REXML::Node	#	to_s	ok
rexml/document	REXML::NotationDecl	#	name	ok
rexml/document	REXML::NotationDecl	#	public	ok
rexml/document	REXML::NotationDecl	#	public=	ok
rexml/document	REXML::NotationDecl	#	system	ok
rexml/document	REXML::NotationDecl	#	system=	ok
rexml/document	REXML::NotationDecl	#	to_s	ok
rexml/document	REXML::NotationDecl	#	write	ok
rexml/document	REXML::NotationDecl	.	new	ok
rexml/document	REXML::Parent	#	<<	ok
rexml/document	REXML::Parent	#	add	ok
rexml/document	REXML::Parent	#	push	ok
rexml/document	REXML::Parent	#	[]	ok
rexml/document	REXML::Parent	#	[]=	ok
rexml/document	REXML::Parent	#	children	ok
rexml/document	REXML::Parent	#	to_a	ok
rexml/document	REXML::Parent	#	deep_clone	ok
rexml/document	REXML::Parent	#	delete	ok
rexml/document	REXML::Parent	#	delete_at	ok
rexml/document	REXML::Parent	#	delete_if	ok
rexml/document	REXML::Parent	#	each	ok
rexml/document	REXML::Parent	#	each_child	ok
rexml/document	REXML::Parent	#	each_index	ok
rexml/document	REXML::Parent	#	index	ok
rexml/document	REXML::Parent	#	insert_after	ok
rexml/document	REXML::Parent	#	insert_before	ok
rexml/document	REXML::Parent	#	length	ok
rexml/document	REXML::Parent	#	size	ok
rexml/document	REXML::Parent	#	parent?	ok
rexml/document	REXML::Parent	#	replace_child	ok
rexml/document	REXML::Parent	#	unshift	ok
rexml/document	REXML::Parent	.	new	ok
rexml/document	REXML::Security	.	entity_expansion_limit	ok
rexml/document	REXML::Security	.	entity_expansion_limit=	ok
rexml/document	REXML::Security	.	entity_expansion_text_limit	ok
rexml/document	REXML::Security	.	entity_expansion_text_limit=	ok
rexml/document	REXML::Text	#	<=>	ok
rexml/document	REXML::Text	#	clone	ok
rexml/document	REXML::Text	#	doctype	ok
rexml/document	REXML::Text	#	empty?	ok
rexml/document	REXML::Text	#	node_type	ok
rexml/document	REXML::Text	#	raw	ok
rexml/document	REXML::Text	#	raw=	ok
rexml/document	REXML::Text	#	to_s	ok
rexml/document	REXML::Text	#	value	ok
rexml/document	REXML::Text	#	value=	ok
rexml/document	REXML::Text	.	new	ok
rexml/document	REXML::Text	.	normalize	ok
rexml/document	REXML::Text	.	unnormalize	ok
rexml/document	REXML::XMLDecl	::	DEFAULT_VERSION	ok
rexml/document	REXML::XMLDecl	#	==	ok
rexml/document	REXML::XMLDecl	#	clone	ok
rexml/document	REXML::XMLDecl	#	dowrite	ok
rexml/document	REXML::XMLDecl	#	encoding	ok
rexml/document	REXML::XMLDecl	#	encoding=	ok
rexml/document	REXML::XMLDecl	#	node_type	ok
rexml/document	REXML::XMLDecl	#	nowrite	ok
rexml/document	REXML::XMLDecl	#	stand_alone?	ok
rexml/document	REXML::XMLDecl	#	standalone	ok
rexml/document	REXML::XMLDecl	#	standalone=	ok
rexml/document	REXML::XMLDecl	#	version	ok
rexml/document	REXML::XMLDecl	#	version=	ok
rexml/document	REXML::XMLDecl	#	writeencoding	ok
rexml/document	REXML::XMLDecl	#	writethis	ok
rexml/document	REXML::XMLDecl	#	xmldecl	ok
rexml/document	REXML::XMLDecl	.	default	ok
rexml/document	REXML::XMLDecl	.	new	ok
rexml/document	REXML::XPath	.	each	ok
rexml/document	REXML::XPath	.	first	ok
rexml/document	REXML::XPath	.	match	ok
rexml/parsers/pullparser	REXML::Parsers::PullEvent	#	[]	ok
rexml/parsers/pullparser	REXML::Parsers::PullEvent	#	attlistdecl?	ok
rexml/parsers/pullparser	REXML::Parsers::PullEvent	#	cdata?	ok
rexml/parsers/pullparser	REXML::Parsers::PullEvent	#	comment?	ok
rexml/parsers/pullparser	REXML::Parsers::PullEvent	#	doctype?	ok
rexml/parsers/pullparser	REXML::Parsers::PullEvent	#	elementdecl?	ok
rexml/parsers/pullparser	REXML::Parsers::PullEvent	#	end_element?	ok
rexml/parsers/pullparser	REXML::Parsers::PullEvent	#	entitydecl?	ok
rexml/parsers/pullparser	REXML::Parsers::PullEvent	#	event_type	ok
rexml/parsers/pullparser	REXML::Parsers::PullEvent	#	instruction?	ok
rexml/parsers/pullparser	REXML::Parsers::PullEvent	#	notationdecl?	ok
rexml/parsers/pullparser	REXML::Parsers::PullEvent	#	start_element?	ok
rexml/parsers/pullparser	REXML::Parsers::PullEvent	#	text?	ok
rexml/parsers/pullparser	REXML::Parsers::PullEvent	#	xmldecl?	ok
rexml/parsers/pullparser	REXML::Parsers::PullParser	#	each	ok
rexml/parsers/pullparser	REXML::Parsers::PullParser	#	empty?	ok
rexml/parsers/pullparser	REXML::Parsers::PullParser	#	has_next?	ok
rexml/parsers/pullparser	REXML::Parsers::PullParser	#	peek	ok
rexml/parsers/pullparser	REXML::Parsers::PullParser	#	pull	ok
rexml/parsers/pullparser	REXML::Parsers::PullParser	#	unshift	ok
rexml/parsers/pullparser	REXML::Parsers::PullParser	.	new	ok
rexml/parsers/sax2parser	REXML::Parsers::SAX2Parser	#	deafen	ok
rexml/parsers/sax2parser	REXML::Parsers::SAX2Parser	#	listen	ok
rexml/parsers/sax2parser	REXML::Parsers::SAX2Parser	#	parse	ok
rexml/parsers/sax2parser	REXML::Parsers::SAX2Parser	.	new	ok
rexml/parsers/streamparser	REXML::Parsers::StreamParser	#	parse	ok
rexml/parsers/streamparser	REXML::Parsers::StreamParser	.	new	ok
rexml/parsers/ultralightparser	REXML::Parsers::UltraLightParser	#	parse	ok
rexml/parsers/ultralightparser	REXML::Parsers::UltraLightParser	#	rewind	ok
rexml/parsers/ultralightparser	REXML::Parsers::UltraLightParser	.	new	ok
rexml/sax2listener	REXML::SAX2Listener	#	attlistdecl	ok
rexml/sax2listener	REXML::SAX2Listener	#	cdata	ok
rexml/sax2listener	REXML::SAX2Listener	#	characters	ok
rexml/sax2listener	REXML::SAX2Listener	#	comment	ok
rexml/sax2listener	REXML::SAX2Listener	#	doctype	ok
rexml/sax2listener	REXML::SAX2Listener	#	elementdecl	ok
rexml/sax2listener	REXML::SAX2Listener	#	end_document	ok
rexml/sax2listener	REXML::SAX2Listener	#	end_element	ok
rexml/sax2listener	REXML::SAX2Listener	#	end_prefix_mapping	ok
rexml/sax2listener	REXML::SAX2Listener	#	entitydecl	ok
rexml/sax2listener	REXML::SAX2Listener	#	notationdecl	ok
rexml/sax2listener	REXML::SAX2Listener	#	processing_instruction	ok
rexml/sax2listener	REXML::SAX2Listener	#	progress	ok
rexml/sax2listener	REXML::SAX2Listener	#	start_document	ok
rexml/sax2listener	REXML::SAX2Listener	#	start_element	ok
rexml/sax2listener	REXML::SAX2Listener	#	start_prefix_mapping	ok
rexml/sax2listener	REXML::SAX2Listener	#	xmldecl	ok
rexml/streamlistener	REXML::StreamListener	#	attlistdecl	ok
rexml/streamlistener	REXML::StreamListener	#	cdata	ok
rexml/streamlistener	REXML::StreamListener	#	comment	ok
rexml/streamlistener	REXML::StreamListener	#	doctype	ok
rexml/streamlistener	REXML::StreamListener	#	doctype_end	ok
rexml/streamlistener	REXML::StreamListener	#	elementdecl	ok
rexml/streamlistener	REXML::StreamListener	#	entity	ok
rexml/streamlistener	REXML::StreamListener	#	entitydecl	ok
rexml/streamlistener	REXML::StreamListener	#	instruction	ok
rexml/streamlistener	REXML::StreamListener	#	notationdecl	ok
rexml/streamlistener	REXML::StreamListener	#	tag_end	ok
rexml/streamlistener	REXML::StreamListener	#	tag_start	ok
rexml/streamlistener	REXML::StreamListener	#	text	ok
rexml/streamlistener	REXML::StreamListener	#	xmldecl	ok
rinda/rinda	Rinda::DRbObjectTemplate	#	===	ok
rinda/rinda	Rinda::DRbObjectTemplate	.	new	ok
rinda/rinda	Rinda::SimpleRenewer	#	renew	ok
rinda/rinda	Rinda::SimpleRenewer	.	new	ok
rinda/rinda	Rinda::TupleSpaceProxy	#	notify	ok
rinda/rinda	Rinda::TupleSpaceProxy	#	read	ok
rinda/rinda	Rinda::TupleSpaceProxy	#	read_all	ok
rinda/rinda	Rinda::TupleSpaceProxy	#	take	ok
rinda/rinda	Rinda::TupleSpaceProxy	#	write	ok
rinda/rinda	Rinda::TupleSpaceProxy	.	new	ok
rinda/tuplespace	Rinda::TupleEntry	#	[]	ok
rinda/tuplespace	Rinda::TupleEntry	#	alive?	ok
rinda/tuplespace	Rinda::TupleEntry	#	cancel	ok
rinda/tuplespace	Rinda::TupleEntry	#	canceled?	ok
rinda/tuplespace	Rinda::TupleEntry	#	expired?	ok
rinda/tuplespace	Rinda::TupleEntry	#	expires	ok
rinda/tuplespace	Rinda::TupleEntry	#	expires=	ok
rinda/tuplespace	Rinda::TupleEntry	#	fetch	ok
rinda/tuplespace	Rinda::TupleEntry	#	renew	ok
rinda/tuplespace	Rinda::TupleEntry	#	size	ok
rinda/tuplespace	Rinda::TupleEntry	#	value	ok
rinda/tuplespace	Rinda::TupleSpace	#	notify	ok
rinda/tuplespace	Rinda::TupleSpace	#	read	ok
rinda/tuplespace	Rinda::TupleSpace	#	read_all	ok
rinda/tuplespace	Rinda::TupleSpace	#	take	ok
rinda/tuplespace	Rinda::TupleSpace	#	write	ok
rinda/tuplespace	Rinda::TupleSpace	.	new	ok
ripper	Ripper	::	EVENTS	ok
ripper	Ripper	::	PARSER_EVENTS	ok
ripper	Ripper	::	PARSER_EVENT_TABLE	ok
ripper	Ripper	::	SCANNER_EVENTS	ok
ripper	Ripper	::	SCANNER_EVENT_TABLE	ok
ripper	Ripper	::	Version	ok
ripper	Ripper	#	column	ok
ripper	Ripper	#	compile_error	ok
ripper	Ripper	#	encoding	ok
ripper	Ripper	#	end_seen?	ok
ripper	Ripper	#	filename	ok
ripper	Ripper	#	lineno	ok
ripper	Ripper	#	parse	ok
ripper	Ripper	#	warn	ok
ripper	Ripper	#	warning	ok
ripper	Ripper	#	yydebug	ok
ripper	Ripper	#	yydebug=	ok
ripper	Ripper	.	new	ok
ripper	Ripper	.	parse	ok
ripper/filter	Ripper::Filter	#	column	ok
ripper/filter	Ripper::Filter	#	filename	ok
ripper/filter	Ripper::Filter	#	lineno	ok
ripper/filter	Ripper::Filter	#	on_XXX	no-method
ripper/filter	Ripper::Filter	#	on_default	ok
ripper/filter	Ripper::Filter	#	parse	ok
ripper/filter	Ripper::Filter	.	new	ok
ripper/lexer	Ripper	.	lex	ok
ripper/lexer	Ripper	.	slice	ok
ripper/lexer	Ripper	.	token_match	ok
ripper/lexer	Ripper	.	tokenize	ok
ripper/lexer	Ripper::Lexer	#	lex	ok
ripper/lexer	Ripper::Lexer	#	parse	ok
ripper/lexer	Ripper::Lexer	#	tokenize	ok
ripper/sexp	Ripper	.	sexp	ok
ripper/sexp	Ripper	.	sexp_raw	ok
rss	DublinCoreModel	#	dc_contributor	no-class
rss	DublinCoreModel	#	dc_contributor=	no-class
rss	DublinCoreModel	#	dc_contributors	no-class
rss	DublinCoreModel	#	dc_coverage	no-class
rss	DublinCoreModel	#	dc_coverage=	no-class
rss	DublinCoreModel	#	dc_coverages	no-class
rss	DublinCoreModel	#	dc_creator	no-class
rss	DublinCoreModel	#	dc_creator=	no-class
rss	DublinCoreModel	#	dc_creators	no-class
rss	DublinCoreModel	#	dc_date	no-class
rss	DublinCoreModel	#	dc_date=	no-class
rss	DublinCoreModel	#	dc_dates	no-class
rss	DublinCoreModel	#	dc_description	no-class
rss	DublinCoreModel	#	dc_description=	no-class
rss	DublinCoreModel	#	dc_descriptions	no-class
rss	DublinCoreModel	#	dc_format	no-class
rss	DublinCoreModel	#	dc_format=	no-class
rss	DublinCoreModel	#	dc_formats	no-class
rss	DublinCoreModel	#	dc_identifier	no-class
rss	DublinCoreModel	#	dc_identifier=	no-class
rss	DublinCoreModel	#	dc_identifiers	no-class
rss	DublinCoreModel	#	dc_language	no-class
rss	DublinCoreModel	#	dc_language=	no-class
rss	DublinCoreModel	#	dc_languages	no-class
rss	DublinCoreModel	#	dc_publisher	no-class
rss	DublinCoreModel	#	dc_publisher=	no-class
rss	DublinCoreModel	#	dc_publishers	no-class
rss	DublinCoreModel	#	dc_relation	no-class
rss	DublinCoreModel	#	dc_relation=	no-class
rss	DublinCoreModel	#	dc_relations	no-class
rss	DublinCoreModel	#	dc_rights	no-class
rss	DublinCoreModel	#	dc_rights=	no-class
rss	DublinCoreModel	#	dc_rightses	no-class
rss	DublinCoreModel	#	dc_source	no-class
rss	DublinCoreModel	#	dc_source=	no-class
rss	DublinCoreModel	#	dc_sources	no-class
rss	DublinCoreModel	#	dc_subject	no-class
rss	DublinCoreModel	#	dc_subject=	no-class
rss	DublinCoreModel	#	dc_subjects	no-class
rss	DublinCoreModel	#	dc_title	no-class
rss	DublinCoreModel	#	dc_title=	no-class
rss	DublinCoreModel	#	dc_titles	no-class
rss	DublinCoreModel	#	dc_type	no-class
rss	DublinCoreModel	#	dc_type=	no-class
rss	DublinCoreModel	#	dc_types	no-class
rss	RSS::BaseTrackBackModel	#	trackback_about	no-method
rss	RSS::BaseTrackBackModel	#	trackback_about=	no-method
rss	RSS::BaseTrackBackModel	#	trackback_abouts	no-method
rss	RSS::BaseTrackBackModel	#	trackback_ping	no-method
rss	RSS::BaseTrackBackModel	#	trackback_ping=	no-method
rss	RSS::ContentModel	#	content_encoded	no-method
rss	RSS::ContentModel	#	content_encoded=	no-method
rss	RSS::Element	#	full_name	ok
rss	RSS::Element	#	tag_name	ok
rss	RSS::ImageFaviconModel	#	image_favicon	no-method
rss	RSS::ImageFaviconModel	#	image_favicon=	no-method
rss	RSS::ImageFaviconModel::ImageFavicon	#	about	ok
rss	RSS::ImageFaviconModel::ImageFavicon	#	about=	ok
rss	RSS::ImageFaviconModel::ImageFavicon	#	date	ok
rss	RSS::ImageFaviconModel::ImageFavicon	#	date=	ok
rss	RSS::ImageFaviconModel::ImageFavicon	#	image_size	ok
rss	RSS::ImageFaviconModel::ImageFavicon	#	image_size=	ok
rss	RSS::ImageFaviconModel::ImageFavicon	#	size	ok
rss	RSS::ImageFaviconModel::ImageFavicon	#	size=	ok
rss	RSS::ImageItemModel	#	image_item	no-method
rss	RSS::ImageItemModel	#	image_item=	no-method
rss	RSS::ImageItemModel::ImageItem	#	about	ok
rss	RSS::ImageItemModel::ImageItem	#	about=	ok
rss	RSS::ImageItemModel::ImageItem	#	date	ok
rss	RSS::ImageItemModel::ImageItem	#	date=	ok
rss	RSS::ImageItemModel::ImageItem	#	height	ok
rss	RSS::ImageItemModel::ImageItem	#	height=	ok
rss	RSS::ImageItemModel::ImageItem	#	image_height	ok
rss	RSS::ImageItemModel::ImageItem	#	image_height=	ok
rss	RSS::ImageItemModel::ImageItem	#	image_width	ok
rss	RSS::ImageItemModel::ImageItem	#	image_width=	ok
rss	RSS::ImageItemModel::ImageItem	#	width	ok
rss	RSS::ImageItemModel::ImageItem	#	width=	ok
rss	RSS::ImageItemModel::ImageItem	#	resource	ok
rss	RSS::ImageItemModel::ImageItem	#	resource=	ok
rss	RSS::Maker	.	make	ok
rss	RSS::Maker::ChannelBase	#	about	ok
rss	RSS::Maker::ChannelBase	#	about=	ok
rss	RSS::Maker::ChannelBase	#	categories	ok
rss	RSS::Maker::ChannelBase	#	cloud	ok
rss	RSS::Maker::ChannelBase	#	copyright	ok
rss	RSS::Maker::ChannelBase	#	copyright=	ok
rss	RSS::Maker::ChannelBase	#	date	ok
rss	RSS::Maker::ChannelBase	#	date=	ok
rss	RSS::Maker::ChannelBase	#	description	ok
rss	RSS::Maker::ChannelBase	#	description=	ok
rss	RSS::Maker::ChannelBase	#	docs	ok
rss	RSS::Maker::ChannelBase	#	docs=	ok
rss	RSS::Maker::ChannelBase	#	generator	ok
rss	RSS::Maker::ChannelBase	#	generator=	ok
rss	RSS::Maker::ChannelBase	#	language	ok
rss	RSS::Maker::ChannelBase	#	language=	ok
rss	RSS::Maker::ChannelBase	#	lastBuildDate	ok
rss	RSS::Maker::ChannelBase	#	lastBuildDate=	ok
rss	RSS::Maker::ChannelBase	#	link	ok
rss	RSS::Maker::ChannelBase	#	link=	ok
rss	RSS::Maker::ChannelBase	#	managingEditor	ok
rss	RSS::Maker::ChannelBase	#	managingEditor=	ok
rss	RSS::Maker::ChannelBase	#	pubDate	ok
rss	RSS::Maker::ChannelBase	#	pubDate=	ok
rss	RSS::Maker::ChannelBase	#	rating	ok
rss	RSS::Maker::ChannelBase	#	rating=	ok
rss	RSS::Maker::ChannelBase	#	skipDays	ok
rss	RSS::Maker::ChannelBase	#	skipHours	ok
rss	RSS::Maker::ChannelBase	#	title	ok
rss	RSS::Maker::ChannelBase	#	title=	ok
rss	RSS::Maker::ChannelBase	#	ttl	ok
rss	RSS::Maker::ChannelBase	#	ttl=	ok
rss	RSS::Maker::ChannelBase	#	webMaster	ok
rss	RSS::Maker::ChannelBase	#	webMaster=	ok
rss	RSS::Maker::ChannelBase::CategoriesBase	#	new_category	ok
rss	RSS::Maker::ChannelBase::CategoriesBase::CategoryBase	#	content	ok
rss	RSS::Maker::ChannelBase::CategoriesBase::CategoryBase	#	content=	ok
rss	RSS::Maker::ChannelBase::CategoriesBase::CategoryBase	#	domain	ok
rss	RSS::Maker::ChannelBase::CategoriesBase::CategoryBase	#	domain=	ok
rss	RSS::Maker::ChannelBase::SkipDaysBase	#	new_day	ok
rss	RSS::Maker::ChannelBase::SkipDaysBase::DayBase	#	content	ok
rss	RSS::Maker::ChannelBase::SkipDaysBase::DayBase	#	content=	ok
rss	RSS::Maker::ChannelBase::SkipHoursBase	#	new_hour	ok
rss	RSS::Maker::ChannelBase::SkipHoursBase::HourBase	#	content	ok
rss	RSS::Maker::ChannelBase::SkipHoursBase::HourBase	#	content=	ok
rss	RSS::Maker::ImageBase	#	description	ok
rss	RSS::Maker::ImageBase	#	description=	ok
rss	RSS::Maker::ImageBase	#	height	ok
rss	RSS::Maker::ImageBase	#	height=	ok
rss	RSS::Maker::ImageBase	#	title	ok
rss	RSS::Maker::ImageBase	#	title=	ok
rss	RSS::Maker::ImageBase	#	url	ok
rss	RSS::Maker::ImageBase	#	url=	ok
rss	RSS::Maker::ImageBase	#	width	ok
rss	RSS::Maker::ImageBase	#	width=	ok
rss	RSS::Maker::ItemsBase	#	do_sort	ok
rss	RSS::Maker::ItemsBase	#	do_sort=	ok
rss	RSS::Maker::ItemsBase	#	max_size	ok
rss	RSS::Maker::ItemsBase	#	max_size=	ok
rss	RSS::Maker::ItemsBase	#	new_item	ok
rss	RSS::Maker::ItemsBase::ItemBase	#	author	ok
rss	RSS::Maker::ItemsBase::ItemBase	#	author=	ok
rss	RSS::Maker::ItemsBase::ItemBase	#	categories	ok
rss	RSS::Maker::ItemsBase::ItemBase	#	enclosure	ok
rss	RSS::Maker::ItemsBase::ItemBase	#	guid	ok
rss	RSS::Maker::ItemsBase::ItemBase	#	source	ok
rss	RSS::Maker::ItemsBase::ItemBase	#	comments	ok
rss	RSS::Maker::ItemsBase::ItemBase	#	comments=	ok
rss	RSS::Maker::ItemsBase::ItemBase	#	date	ok
rss	RSS::Maker::ItemsBase::ItemBase	#	date=	ok
rss	RSS::Maker::ItemsBase::ItemBase	#	description	ok
rss	RSS::Maker::ItemsBase::ItemBase	#	description=	ok
rss	RSS::Maker::ItemsBase::ItemBase	#	link	ok
rss	RSS::Maker::ItemsBase::ItemBase	#	link=	ok
rss	RSS::Maker::ItemsBase::ItemBase	#	pubDate	ok
rss	RSS::Maker::ItemsBase::ItemBase	#	pubDate=	ok
rss	RSS::Maker::ItemsBase::ItemBase	#	title	ok
rss	RSS::Maker::ItemsBase::ItemBase	#	title=	ok
rss	RSS::Maker::RSS20::Items::Item::Categories	#	new_category	ok
rss	RSS::Maker::RSS20::Items::Item::Enclosure	#	length	ok
rss	RSS::Maker::RSS20::Items::Item::Enclosure	#	length=	ok
rss	RSS::Maker::RSS20::Items::Item::Enclosure	#	type	ok
rss	RSS::Maker::RSS20::Items::Item::Enclosure	#	type=	ok
rss	RSS::Maker::RSS20::Items::Item::Enclosure	#	url	ok
rss	RSS::Maker::RSS20::Items::Item::Enclosure	#	url=	ok
rss	RSS::Maker::RSS20::Items::Item::Guid	#	content	ok
rss	RSS::Maker::RSS20::Items::Item::Guid	#	content=	ok
rss	RSS::Maker::RSS20::Items::Item::Guid	#	isPermaLink	ok
rss	RSS::Maker::RSS20::Items::Item::Guid	#	isPermaLink=	ok
rss	RSS::Maker::RSS20::Items::Item::Source	#	content	ok
rss	RSS::Maker::RSS20::Items::Item::Source	#	content=	ok
rss	RSS::Maker::RSS20::Items::Item::Source	#	url	ok
rss	RSS::Maker::RSS20::Items::Item::Source	#	url=	ok
rss	RSS::Maker::RSSBase	#	channel	ok
rss	RSS::Maker::RSSBase	#	encoding	ok
rss	RSS::Maker::RSSBase	#	encoding=	ok
rss	RSS::Maker::RSSBase	#	image	ok
rss	RSS::Maker::RSSBase	#	items	ok
rss	RSS::Maker::RSSBase	#	rss_version	ok
rss	RSS::Maker::RSSBase	#	standalone	ok
rss	RSS::Maker::RSSBase	#	standalone=	ok
rss	RSS::Maker::RSSBase	#	textinput	ok
rss	RSS::Maker::RSSBase	#	version	ok
rss	RSS::Maker::RSSBase	#	version=	ok
rss	RSS::Maker::RSSBase	#	xml_stylesheets	ok
rss	RSS::Maker::TextinputBase	#	description	ok
rss	RSS::Maker::TextinputBase	#	description=	ok
rss	RSS::Maker::TextinputBase	#	link	ok
rss	RSS::Maker::TextinputBase	#	link=	ok
rss	RSS::Maker::TextinputBase	#	name	ok
rss	RSS::Maker::TextinputBase	#	name=	ok
rss	RSS::Maker::TextinputBase	#	title	ok
rss	RSS::Maker::TextinputBase	#	title=	ok
rss	RSS::Maker::XMLStyleSheets::XMLStyleSheet	#	alternate	ok
rss	RSS::Maker::XMLStyleSheets::XMLStyleSheet	#	alternate=	ok
rss	RSS::Maker::XMLStyleSheets::XMLStyleSheet	#	charset	ok
rss	RSS::Maker::XMLStyleSheets::XMLStyleSheet	#	charset=	ok
rss	RSS::Maker::XMLStyleSheets::XMLStyleSheet	#	href	ok
rss	RSS::Maker::XMLStyleSheets::XMLStyleSheet	#	href=	ok
rss	RSS::Maker::XMLStyleSheets::XMLStyleSheet	#	media	ok
rss	RSS::Maker::XMLStyleSheets::XMLStyleSheet	#	media=	ok
rss	RSS::Maker::XMLStyleSheets::XMLStyleSheet	#	title	ok
rss	RSS::Maker::XMLStyleSheets::XMLStyleSheet	#	title=	ok
rss	RSS::Maker::XMLStyleSheets::XMLStyleSheet	#	type	ok
rss	RSS::Maker::XMLStyleSheets::XMLStyleSheet	#	type=	ok
rss	RSS::NSError	#	prefix	ok
rss	RSS::NSError	#	tag	ok
rss	RSS::NSError	#	uri	ok
rss	RSS::NotWellFormedError	#	element	ok
rss	RSS::NotWellFormedError	#	line	ok
rss	RSS::Parser	#	do_validate	ok
rss	RSS::Parser	#	do_validate=	ok
rss	RSS::Parser	#	ignore_unknown_element	ok
rss	RSS::Parser	#	ignore_unknown_element=	ok
rss	RSS::Parser	#	parse	ok
rss	RSS::Parser	#	rss	ok
rss	RSS::Parser	.	new	ok
rss	RSS::Parser	.	parse	ok
rss	RSS::RDF	#	channel	ok
rss	RSS::RDF	#	channel=	ok
rss	RSS::RDF	#	encoding	ok
rss	RSS::RDF	#	encoding=	ok
rss	RSS::RDF	#	image	ok
rss	RSS::RDF	#	image=	ok
rss	RSS::RDF	#	item	ok
rss	RSS::RDF	#	item=	ok
rss	RSS::RDF	#	items	ok
rss	RSS::RDF	#	rss_version	ok
rss	RSS::RDF	#	rss_version=	no-method
rss	RSS::RDF	#	standalone	ok
rss	RSS::RDF	#	standalone=	ok
rss	RSS::RDF	#	textinput	ok
rss	RSS::RDF	#	textinput=	ok
rss	RSS::RDF	#	version	ok
rss	RSS::RDF	#	version=	ok
rss	RSS::RDF::Channel	#	about	ok
rss	RSS::RDF::Channel	#	about=	ok
rss	RSS::RDF::Channel	#	date	ok
rss	RSS::RDF::Channel	#	date=	ok
rss	RSS::RDF::Channel	#	description	ok
rss	RSS::RDF::Channel	#	description=	ok
rss	RSS::RDF::Channel	#	image	ok
rss	RSS::RDF::Channel	#	image=	ok
rss	RSS::RDF::Channel	#	items	ok
rss	RSS::RDF::Channel	#	items=	ok
rss	RSS::RDF::Channel	#	link	ok
rss	RSS::RDF::Channel	#	link=	ok
rss	RSS::RDF::Channel	#	textinput	ok
rss	RSS::RDF::Channel	#	textinput=	ok
rss	RSS::RDF::Channel	#	title	ok
rss	RSS::RDF::Channel	#	title=	ok
rss	RSS::RDF::Channel::Image	#	resource	ok
rss	RSS::RDF::Channel::Image	#	resource=	ok
rss	RSS::RDF::Channel::ImageFavicon	#	about	no-class
rss	RSS::RDF::Channel::ImageFavicon	#	about=	no-class
rss	RSS::RDF::Channel::ImageFavicon	#	date	no-class
rss	RSS::RDF::Channel::ImageFavicon	#	date=	no-class
rss	RSS::RDF::Channel::ImageFavicon	#	image_size	no-class
rss	RSS::RDF::Channel::ImageFavicon	#	image_size=	no-class
rss	RSS::RDF::Channel::ImageFavicon	#	size	no-class
rss	RSS::RDF::Channel::ImageFavicon	#	size=	no-class
rss	RSS::RDF::Channel::Items	#	resources	ok
rss	RSS::RDF::Channel::Textinput	#	resource	ok
rss	RSS::RDF::Channel::Textinput	#	resource=	ok
rss	RSS::RDF::Image	#	about	ok
rss	RSS::RDF::Image	#	about=	ok
rss	RSS::RDF::Image	#	date	ok
rss	RSS::RDF::Image	#	date=	ok
rss	RSS::RDF::Image	#	link	ok
rss	RSS::RDF::Image	#	link=	ok
rss	RSS::RDF::Image	#	title	ok
rss	RSS::RDF::Image	#	title=	ok
rss	RSS::RDF::Image	#	url	ok
rss	RSS::RDF::Image	#	url=	ok
rss	RSS::RDF::Item	#	about	ok
rss	RSS::RDF::Item	#	about=	ok
rss	RSS::RDF::Item	#	date	ok
rss	RSS::RDF::Item	#	date=	ok
rss	RSS::RDF::Item	#	description	ok
rss	RSS::RDF::Item	#	description=	ok
rss	RSS::RDF::Item	#	link	ok
rss	RSS::RDF::Item	#	link=	ok
rss	RSS::RDF::Item	#	title	ok
rss	RSS::RDF::Item	#	title=	ok
rss	RSS::RDF::Textinput	#	about	ok
rss	RSS::RDF::Textinput	#	about=	ok
rss	RSS::RDF::Textinput	#	date	ok
rss	RSS::RDF::Textinput	#	date=	ok
rss	RSS::RDF::Textinput	#	description	ok
rss	RSS::RDF::Textinput	#	description=	ok
rss	RSS::RDF::Textinput	#	link	ok
rss	RSS::RDF::Textinput	#	link=	ok
rss	RSS::RDF::Textinput	#	name	ok
rss	RSS::RDF::Textinput	#	name=	ok
rss	RSS::RDF::Textinput	#	title	ok
rss	RSS::RDF::Textinput	#	title=	ok
rss	RSS::RootElementMixin	#	output_encoding	ok
rss	RSS::RootElementMixin	#	output_encoding=	ok
rss	RSS::RootElementMixin	#	to_xml	ok
rss	RSS::Rss	#	channel	ok
rss	RSS::Rss	#	channel=	ok
rss	RSS::Rss	#	encoding	ok
rss	RSS::Rss	#	encoding=	ok
rss	RSS::Rss	#	image	ok
rss	RSS::Rss	#	items	ok
rss	RSS::Rss	#	rss_version	ok
rss	RSS::Rss	#	rss_version=	ok
rss	RSS::Rss	#	standalone	ok
rss	RSS::Rss	#	standalone=	ok
rss	RSS::Rss	#	textinput	ok
rss	RSS::Rss	#	version	ok
rss	RSS::Rss	#	version=	ok
rss	RSS::Rss::Channel	#	categories	ok
rss	RSS::Rss::Channel	#	category	ok
rss	RSS::Rss::Channel	#	category=	ok
rss	RSS::Rss::Channel	#	copyright	ok
rss	RSS::Rss::Channel	#	copyright=	ok
rss	RSS::Rss::Channel	#	date	ok
rss	RSS::Rss::Channel	#	date=	ok
rss	RSS::Rss::Channel	#	pubDate	ok
rss	RSS::Rss::Channel	#	pubDate=	ok
rss	RSS::Rss::Channel	#	description	ok
rss	RSS::Rss::Channel	#	description=	ok
rss	RSS::Rss::Channel	#	docs	ok
rss	RSS::Rss::Channel	#	docs=	ok
rss	RSS::Rss::Channel	#	generator	ok
rss	RSS::Rss::Channel	#	generator=	ok
rss	RSS::Rss::Channel	#	image	ok
rss	RSS::Rss::Channel	#	image=	ok
rss	RSS::Rss::Channel	#	item	ok
rss	RSS::Rss::Channel	#	item=	ok
rss	RSS::Rss::Channel	#	items	ok
rss	RSS::Rss::Channel	#	language	ok
rss	RSS::Rss::Channel	#	language=	ok
rss	RSS::Rss::Channel	#	lastBuildDate	ok
rss	RSS::Rss::Channel	#	lastBuildDate=	ok
rss	RSS::Rss::Channel	#	link	ok
rss	RSS::Rss::Channel	#	link=	ok
rss	RSS::Rss::Channel	#	managingEditor	ok
rss	RSS::Rss::Channel	#	managingEditor=	ok
rss	RSS::Rss::Channel	#	rating	ok
rss	RSS::Rss::Channel	#	rating=	ok
rss	RSS::Rss::Channel	#	skipDays	ok
rss	RSS::Rss::Channel	#	skipDays=	ok
rss	RSS::Rss::Channel	#	skipHours	ok
rss	RSS::Rss::Channel	#	skipHours=	ok
rss	RSS::Rss::Channel	#	textInput	ok
rss	RSS::Rss::Channel	#	textInput=	ok
rss	RSS::Rss::Channel	#	title	ok
rss	RSS::Rss::Channel	#	title=	ok
rss	RSS::Rss::Channel	#	ttl	ok
rss	RSS::Rss::Channel	#	ttl=	ok
rss	RSS::Rss::Channel	#	webMaster	ok
rss	RSS::Rss::Channel	#	webMaster=	ok
rss	RSS::Rss::Channel::Cloud	#	domain	ok
rss	RSS::Rss::Channel::Cloud	#	domain=	ok
rss	RSS::Rss::Channel::Cloud	#	path	ok
rss	RSS::Rss::Channel::Cloud	#	path=	ok
rss	RSS::Rss::Channel::Cloud	#	port	ok
rss	RSS::Rss::Channel::Cloud	#	port=	ok
rss	RSS::Rss::Channel::Cloud	#	protocol	ok
rss	RSS::Rss::Channel::Cloud	#	protocol=	ok
rss	RSS::Rss::Channel::Cloud	#	registerProcedure	ok
rss	RSS::Rss::Channel::Cloud	#	registerProcedure=	ok
rss	RSS::Rss::Channel::Image	#	description	ok
rss	RSS::Rss::Channel::Image	#	description=	ok
rss	RSS::Rss::Channel::Image	#	height	ok
rss	RSS::Rss::Channel::Image	#	height=	ok
rss	RSS::Rss::Channel::Image	#	link	ok
rss	RSS::Rss::Channel::Image	#	link=	ok
rss	RSS::Rss::Channel::Image	#	title	ok
rss	RSS::Rss::Channel::Image	#	title=	ok
rss	RSS::Rss::Channel::Image	#	url	ok
rss	RSS::Rss::Channel::Image	#	url=	ok
rss	RSS::Rss::Channel::Image	#	width	ok
rss	RSS::Rss::Channel::Image	#	width=	ok
rss	RSS::Rss::Channel::Item	#	author	ok
rss	RSS::Rss::Channel::Item	#	author=	ok
rss	RSS::Rss::Channel::Item	#	categories	ok
rss	RSS::Rss::Channel::Item	#	category	ok
rss	RSS::Rss::Channel::Item	#	category=	ok
rss	RSS::Rss::Channel::Item	#	comments	ok
rss	RSS::Rss::Channel::Item	#	comments=	ok
rss	RSS::Rss::Channel::Item	#	date	ok
rss	RSS::Rss::Channel::Item	#	date=	ok
rss	RSS::Rss::Channel::Item	#	description	ok
rss	RSS::Rss::Channel::Item	#	description=	ok
rss	RSS::Rss::Channel::Item	#	enclosure	ok
rss	RSS::Rss::Channel::Item	#	enclosure=	ok
rss	RSS::Rss::Channel::Item	#	guid	ok
rss	RSS::Rss::Channel::Item	#	guid=	ok
rss	RSS::Rss::Channel::Item	#	link	ok
rss	RSS::Rss::Channel::Item	#	link=	ok
rss	RSS::Rss::Channel::Item	#	pubDate	ok
rss	RSS::Rss::Channel::Item	#	pubDate=	ok
rss	RSS::Rss::Channel::Item	#	source	ok
rss	RSS::Rss::Channel::Item	#	source=	ok
rss	RSS::Rss::Channel::Item	#	title	ok
rss	RSS::Rss::Channel::Item	#	title=	ok
rss	RSS::Rss::Channel::Item::Category	#	content	ok
rss	RSS::Rss::Channel::Item::Category	#	content=	ok
rss	RSS::Rss::Channel::Item::Category	#	domain	ok
rss	RSS::Rss::Channel::Item::Category	#	domain=	ok
rss	RSS::Rss::Channel::Item::Enclosure	#	length	ok
rss	RSS::Rss::Channel::Item::Enclosure	#	length=	ok
rss	RSS::Rss::Channel::Item::Enclosure	#	type	ok
rss	RSS::Rss::Channel::Item::Enclosure	#	type=	ok
rss	RSS::Rss::Channel::Item::Enclosure	#	url	ok
rss	RSS::Rss::Channel::Item::Enclosure	#	url=	ok
rss	RSS::Rss::Channel::Item::Guid	#	isPermaLink	ok
rss	RSS::Rss::Channel::Item::Source	#	content	ok
rss	RSS::Rss::Channel::Item::Source	#	content=	ok
rss	RSS::Rss::Channel::Item::Source	#	url	ok
rss	RSS::Rss::Channel::Item::Source	#	url=	ok
rss	RSS::Rss::Channel::TextInput	#	description	ok
rss	RSS::Rss::Channel::TextInput	#	description=	ok
rss	RSS::Rss::Channel::TextInput	#	link	ok
rss	RSS::Rss::Channel::TextInput	#	link=	ok
rss	RSS::Rss::Channel::TextInput	#	name	ok
rss	RSS::Rss::Channel::TextInput	#	name=	ok
rss	RSS::Rss::Channel::TextInput	#	title	ok
rss	RSS::Rss::Channel::TextInput	#	title=	ok
rss	RSS::Rss::SkipDays	#	day	no-class
rss	RSS::Rss::SkipDays	#	day=	no-class
rss	RSS::Rss::SkipDays	#	days	no-class
rss	RSS::Rss::SkipHours	#	hour	no-class
rss	RSS::Rss::SkipHours	#	hour=	no-class
rss	RSS::Rss::SkipHours	#	hours	no-class
rss	RSS::SyndicationModel	#	sy_updateBase	no-method
rss	RSS::SyndicationModel	#	sy_updateBase=	no-method
rss	RSS::SyndicationModel	#	sy_updateFrequency	no-method
rss	RSS::SyndicationModel	#	sy_updateFrequency=	no-method
rss	RSS::SyndicationModel	#	sy_updatePeriod	no-method
rss	RSS::SyndicationModel	#	sy_updatePeriod=	no-method
rss	RSS::TaxonomyTopicModel	#	taxo_topic	no-method
rss	RSS::TaxonomyTopicModel	#	taxo_topic=	no-method
rss	RSS::TaxonomyTopicModel::TaxonomyTopic	#	about	ok
rss	RSS::TaxonomyTopicModel::TaxonomyTopic	#	about=	ok
rss	RSS::TaxonomyTopicModel::TaxonomyTopic	#	date	ok
rss	RSS::TaxonomyTopicModel::TaxonomyTopic	#	date=	ok
rss	RSS::TaxonomyTopicModel::TaxonomyTopic	#	taxo_link	ok
rss	RSS::TaxonomyTopicModel::TaxonomyTopic	#	taxo_link=	ok
rss	RSS::TaxonomyTopicsModel	#	taxo_topics	no-method
rss	RSS::TaxonomyTopicsModel::TaxonomyTopics	#	resources	ok
rss	RSS::TrackBackModel10::TrackBackAbout	#	resource	ok
rss	RSS::TrackBackModel10::TrackBackAbout	#	resource=	ok
rss	RSS::TrackBackModel10::TrackBackAbout	#	value	ok
rss	RSS::TrackBackModel10::TrackBackAbout	#	value=	ok
rss	RSS::TrackBackModel10::TrackBackPing	#	resource	ok
rss	RSS::TrackBackModel10::TrackBackPing	#	resource=	ok
rss	RSS::TrackBackModel10::TrackBackPing	#	value	ok
rss	RSS::TrackBackModel10::TrackBackPing	#	value=	ok
rss	RSS::TrackBackModel20::TrackBackAbout	#	content	ok
rss	RSS::TrackBackModel20::TrackBackAbout	#	content=	ok
rss	RSS::TrackBackModel20::TrackBackAbout	#	value	ok
rss	RSS::TrackBackModel20::TrackBackAbout	#	value=	ok
rss	RSS::TrackBackModel20::TrackBackPing	#	content	ok
rss	RSS::TrackBackModel20::TrackBackPing	#	content=	ok
rss	RSS::TrackBackModel20::TrackBackPing	#	value	ok
rss	RSS::TrackBackModel20::TrackBackPing	#	value=	ok
rss	RSS::XMLStyleSheet	#	alternate	ok
rss	RSS::XMLStyleSheet	#	alternate=	ok
rss	RSS::XMLStyleSheet	#	charset	ok
rss	RSS::XMLStyleSheet	#	charset=	ok
rss	RSS::XMLStyleSheet	#	href	ok
rss	RSS::XMLStyleSheet	#	href=	ok
rss	RSS::XMLStyleSheet	#	media	ok
rss	RSS::XMLStyleSheet	#	media=	ok
rss	RSS::XMLStyleSheet	#	title	ok
rss	RSS::XMLStyleSheet	#	title=	ok
rss	RSS::XMLStyleSheet	#	type	ok
rss	RSS::XMLStyleSheet	#	type=	ok
rss	RSS::XMLStyleSheetMixin	#	xml_stylesheets	ok
rss	RSS::XMLStyleSheetMixin	#	xml_stylesheets=	ok
rubygems	Gem	::	ConfigMap	ok
rubygems	Gem	::	DIRECTORIES	no-method
rubygems	Gem	::	RubyGemsPackageVersion	no-method
rubygems	Gem	::	RubyGemsVersion	ok
rubygems	Gem	::	WIN_PATTERNS	ok
rubygems	Gem	.#	clear_paths	ok
rubygems	Gem	.#	dir	ok
rubygems	Gem	.#	ensure_gem_subdirectories	ok
rubygems	Gem	.#	marshal_version	ok
rubygems	Gem	.#	path	ok
rubygems	Gem	.#	prefix	ok
rubygems	Gem	.#	ruby	ok
rubygems	Gem	.#	set_home	no-method
rubygems	Gem	.#	set_paths	no-method
rubygems	Gem	.#	source_index	no-method
rubygems	Gem	.#	win_platform?	ok
rubygems	Gem::LoadError	#	name	ok
rubygems	Gem::LoadError	#	name=	ok
rubygems	Gem::LoadError	#	version_requirement	no-method
rubygems	Gem::LoadError	#	version_requirement=	no-method
rubygems	Gem::QuickLoader	::	GemPaths	no-class
rubygems	Gem::QuickLoader	::	GemVersions	no-class
rubygems	Gem::QuickLoader	#	calculate_integers_for_gem_version	no-class
rubygems	Gem::QuickLoader	#	const_missing	no-class
rubygems	Gem::QuickLoader	#	method_missing	no-class
rubygems	Gem::QuickLoader	#	push_all_highest_version_gems_on_load_path	no-class
rubygems	Gem::QuickLoader	#	push_gem_version_on_load_path	no-class
rubygems	Gem::QuickLoader	.	load_full_rubygems_library	no-class
rubygems	Kernel	#	gem	ok
rubygems/builder	Gem::Builder	#	build	lib-require-failed
rubygems/builder	Gem::Builder	#	success	lib-require-failed
rubygems/builder	Gem::Builder	.	new	lib-require-failed
rubygems/command	Gem::Command	::	HELP	ok
rubygems/command	Gem::Command	#	add_extra_args	ok
rubygems/command	Gem::Command	#	add_option	ok
rubygems/command	Gem::Command	#	arguments	ok
rubygems/command	Gem::Command	#	begins?	ok
rubygems/command	Gem::Command	#	command	ok
rubygems/command	Gem::Command	#	defaults	ok
rubygems/command	Gem::Command	#	defaults=	ok
rubygems/command	Gem::Command	#	defaults_str	ok
rubygems/command	Gem::Command	#	description	ok
rubygems/command	Gem::Command	#	execute	ok
rubygems/command	Gem::Command	#	get_all_gem_names	ok
rubygems/command	Gem::Command	#	get_one_gem_name	ok
rubygems/command	Gem::Command	#	get_one_optional_argument	ok
rubygems/command	Gem::Command	#	handle_options	ok
rubygems/command	Gem::Command	#	handles?	ok
rubygems/command	Gem::Command	#	invoke	ok
rubygems/command	Gem::Command	#	merge_options	ok
rubygems/command	Gem::Command	#	options	ok
rubygems/command	Gem::Command	#	program_name	ok
rubygems/command	Gem::Command	#	program_name=	ok
rubygems/command	Gem::Command	#	remove_option	ok
rubygems/command	Gem::Command	#	show_help	ok
rubygems/command	Gem::Command	#	show_lookup_failure	ok
rubygems/command	Gem::Command	#	summary	ok
rubygems/command	Gem::Command	#	summary=	ok
rubygems/command	Gem::Command	#	usage	ok
rubygems/command	Gem::Command	#	when_invoked	ok
rubygems/command	Gem::Command	.	add_common_option	ok
rubygems/command	Gem::Command	.	add_specific_extra_args	ok
rubygems/command	Gem::Command	.	build_args	ok
rubygems/command	Gem::Command	.	build_args=	ok
rubygems/command	Gem::Command	.	common_options	ok
rubygems/command	Gem::Command	.	extra_args	ok
rubygems/command	Gem::Command	.	extra_args=	ok
rubygems/command	Gem::Command	.	specific_extra_args	ok
rubygems/command	Gem::Command	.	specific_extra_args_hash	ok
rubygems/command_manager	Gem::CommandManager	#	[]	ok
rubygems/command_manager	Gem::CommandManager	#	command_names	ok
rubygems/command_manager	Gem::CommandManager	#	find_command	ok
rubygems/command_manager	Gem::CommandManager	#	find_command_possibilities	ok
rubygems/command_manager	Gem::CommandManager	#	process_args	ok
rubygems/command_manager	Gem::CommandManager	#	register_command	ok
rubygems/command_manager	Gem::CommandManager	#	run	ok
rubygems/command_manager	Gem::CommandManager	.	instance	ok
rubygems/commands/build_command	Gem::Commands::BuildCommand	#	arguments	ok
rubygems/commands/build_command	Gem::Commands::BuildCommand	#	execute	ok
rubygems/commands/build_command	Gem::Commands::BuildCommand	#	load_gemspecs	no-method
rubygems/commands/build_command	Gem::Commands::BuildCommand	#	usage	ok
rubygems/commands/build_command	Gem::Commands::BuildCommand	#	yaml?	no-method
rubygems/commands/dependency_command	Gem::Commands::DependencyCommand	#	arguments	ok
rubygems/commands/dependency_command	Gem::Commands::DependencyCommand	#	execute	ok
rubygems/commands/dependency_command	Gem::Commands::DependencyCommand	#	find_gems	no-method
rubygems/commands/dependency_command	Gem::Commands::DependencyCommand	#	find_reverse_dependencies	ok
rubygems/commands/dependency_command	Gem::Commands::DependencyCommand	#	print_dependencies	ok
rubygems/commands/dependency_command	Gem::Commands::DependencyCommand	#	usage	ok
rubygems/commands/help_command	Gem::Commands::HelpCommand	::	EXAMPLES	ok
rubygems/commands/help_command	Gem::Commands::HelpCommand	::	PLATFORMS	ok
rubygems/commands/lock_command	Gem::Commands::LockCommand	#	complain	ok
rubygems/commands/lock_command	Gem::Commands::LockCommand	#	spec_path	ok
rubygems/commands/unpack_command	Gem::Commands::UnpackCommand	#	get_path	ok
rubygems/commands/update_command	Gem::Commands::UpdateCommand	#	do_rubygems_update	no-method
rubygems/commands/update_command	Gem::Commands::UpdateCommand	#	which_to_update	ok
rubygems/commands/which_command	Gem::Commands::WhichCommand	::	EXT	no-method
rubygems/commands/which_command	Gem::Commands::WhichCommand	#	find_paths	ok
rubygems/commands/which_command	Gem::Commands::WhichCommand	#	gem_paths	no-method
rubygems/config_file	Gem::ConfigFile	::	DEFAULT_BACKTRACE	ok
rubygems/config_file	Gem::ConfigFile	::	DEFAULT_BENCHMARK	no-method
rubygems/config_file	Gem::ConfigFile	::	DEFAULT_BULK_THRESHOLD	ok
rubygems/config_file	Gem::ConfigFile	::	DEFAULT_UPDATE_SOURCES	ok
rubygems/config_file	Gem::ConfigFile	::	DEFAULT_VERBOSITY	ok
rubygems/config_file	Gem::ConfigFile	::	OPERATING_SYSTEM_DEFAULTS	ok
rubygems/config_file	Gem::ConfigFile	::	PLATFORM_DEFAULTS	ok
rubygems/config_file	Gem::ConfigFile	::	SYSTEM_WIDE_CONFIG_FILE	ok
rubygems/config_file	Gem::ConfigFile	#	[]	ok
rubygems/config_file	Gem::ConfigFile	#	[]=	ok
rubygems/config_file	Gem::ConfigFile	#	args	ok
rubygems/config_file	Gem::ConfigFile	#	backtrace	ok
rubygems/config_file	Gem::ConfigFile	#	backtrace=	ok
rubygems/config_file	Gem::ConfigFile	#	benchmark	no-method
rubygems/config_file	Gem::ConfigFile	#	benchmark=	no-method
rubygems/config_file	Gem::ConfigFile	#	bulk_threshold	ok
rubygems/config_file	Gem::ConfigFile	#	bulk_threshold=	ok
rubygems/config_file	Gem::ConfigFile	#	config_file_name	ok
rubygems/config_file	Gem::ConfigFile	#	each	ok
rubygems/config_file	Gem::ConfigFile	#	handle_arguments	ok
rubygems/config_file	Gem::ConfigFile	#	hash	ok
rubygems/config_file	Gem::ConfigFile	#	load_file	ok
rubygems/config_file	Gem::ConfigFile	#	path	ok
rubygems/config_file	Gem::ConfigFile	#	path=	ok
rubygems/config_file	Gem::ConfigFile	#	really_verbose	ok
rubygems/config_file	Gem::ConfigFile	#	update_sources	ok
rubygems/config_file	Gem::ConfigFile	#	update_sources=	ok
rubygems/config_file	Gem::ConfigFile	#	verbose	ok
rubygems/config_file	Gem::ConfigFile	#	verbose=	ok
rubygems/config_file	Gem::ConfigFile	#	write	ok
rubygems/custom_require	Kernel	#	require	lib-require-failed
rubygems/defaults	Gem	.	default_bindir	ok
rubygems/defaults	Gem	.	default_dir	ok
rubygems/defaults	Gem	.	default_exec_format	ok
rubygems/defaults	Gem	.	default_path	ok
rubygems/defaults	Gem	.	default_sources	ok
rubygems/defaults	Gem	.	default_system_source_cache_dir	no-method
rubygems/defaults	Gem	.	default_user_source_cache_dir	no-method
rubygems/defaults	Gem	.	ruby_engine	ok
rubygems/defaults	Gem	.	user_dir	ok
rubygems/dependency	Gem::Dependency	::	TYPES	ok
rubygems/dependency	Gem::Dependency	#	<=>	ok
rubygems/dependency	Gem::Dependency	#	=~	ok
rubygems/dependency	Gem::Dependency	#	name	ok
rubygems/dependency	Gem::Dependency	#	name=	ok
rubygems/dependency	Gem::Dependency	#	requirements_list	ok
rubygems/dependency	Gem::Dependency	#	type	ok
rubygems/dependency	Gem::Dependency	#	version_requirements	no-method
rubygems/dependency	Gem::Dependency	#	version_requirements=	no-method
rubygems/dependency_installer	Gem::DependencyInstaller	::	DEFAULT_OPTIONS	ok
rubygems/dependency_installer	Gem::DependencyInstaller	#	find_gems_with_sources	ok
rubygems/dependency_installer	Gem::DependencyInstaller	#	find_spec_by_name_and_version	no-method
rubygems/dependency_installer	Gem::DependencyInstaller	#	gather_dependencies	no-method
rubygems/dependency_installer	Gem::DependencyInstaller	#	gems_to_install	no-method
rubygems/dependency_installer	Gem::DependencyInstaller	#	install	ok
rubygems/dependency_installer	Gem::DependencyInstaller	#	installed_gems	ok
rubygems/dependency_installer	Gem::DependencyInstaller	.	new	ok
rubygems/dependency_list	Gem::DependencyList	#	add	ok
rubygems/dependency_list	Gem::DependencyList	#	dependency_order	ok
rubygems/dependency_list	Gem::DependencyList	#	find_name	ok
rubygems/dependency_list	Gem::DependencyList	#	ok?	ok
rubygems/dependency_list	Gem::DependencyList	#	ok_to_remove?	ok
rubygems/dependency_list	Gem::DependencyList	#	remove_by_name	ok
rubygems/dependency_list	Gem::DependencyList	#	spec_predecessors	ok
rubygems/dependency_list	Gem::DependencyList	.	from_source_index	no-method
rubygems/digest/digest_adapter	Gem::DigestAdapter	#	digest	lib-require-failed
rubygems/digest/digest_adapter	Gem::DigestAdapter	#	hexdigest	lib-require-failed
rubygems/digest/digest_adapter	Gem::DigestAdapter	#	new	lib-require-failed
rubygems/digest/digest_adapter	Gem::DigestAdapter	.	new	lib-require-failed
rubygems/digest/md5	Gem	::	MD5	lib-require-failed
rubygems/digest/sha1	Gem	::	SHA1	lib-require-failed
rubygems/digest/sha2	Gem	::	SHA256	lib-require-failed
rubygems/doc_manager	Gem::DocManager	#	generate_rdoc	lib-require-failed
rubygems/doc_manager	Gem::DocManager	#	generate_ri	lib-require-failed
rubygems/doc_manager	Gem::DocManager	#	install_rdoc	lib-require-failed
rubygems/doc_manager	Gem::DocManager	#	install_ri	lib-require-failed
rubygems/doc_manager	Gem::DocManager	#	rdoc_installed?	lib-require-failed
rubygems/doc_manager	Gem::DocManager	#	run_rdoc	lib-require-failed
rubygems/doc_manager	Gem::DocManager	#	setup_rdoc	lib-require-failed
rubygems/doc_manager	Gem::DocManager	#	uninstall_doc	lib-require-failed
rubygems/doc_manager	Gem::DocManager	.	configured_args	lib-require-failed
rubygems/doc_manager	Gem::DocManager	.	configured_args=	lib-require-failed
rubygems/doc_manager	Gem::DocManager	.	load_rdoc	lib-require-failed
rubygems/doc_manager	Gem::DocManager	.	new	lib-require-failed
rubygems/doc_manager	Gem::DocManager	.	update_ri_cache	lib-require-failed
rubygems/ext/builder	Gem::Ext::Builder	.	class_name	lib-require-failed
rubygems/ext/builder	Gem::Ext::Builder	.	make	lib-require-failed
rubygems/ext/builder	Gem::Ext::Builder	.	redirector	lib-require-failed
rubygems/ext/builder	Gem::Ext::Builder	.	run	lib-require-failed
rubygems/ext/configure_builder	Gem::Ext::ConfigureBuilder	.	build	lib-require-failed
rubygems/ext/ext_conf_builder	Gem::Ext::ExtConfBuilder	.	build	lib-require-failed
rubygems/ext/rake_builder	Gem::Ext::RakeBuilder	.	build	lib-require-failed
rubygems/format	Gem::Format	#	file_entries	lib-require-failed
rubygems/format	Gem::Format	#	file_entries=	lib-require-failed
rubygems/format	Gem::Format	#	gem_path	lib-require-failed
rubygems/format	Gem::Format	#	gem_path=	lib-require-failed
rubygems/format	Gem::Format	#	spec	lib-require-failed
rubygems/format	Gem::Format	#	spec=	lib-require-failed
rubygems/format	Gem::Format	.	from_file_by_path	lib-require-failed
rubygems/format	Gem::Format	.	from_io	lib-require-failed
rubygems/format	Gem::Format	.	new	lib-require-failed
rubygems/gem_openssl	Gem	.	ensure_ssl_available	lib-require-failed
rubygems/gem_openssl	Gem	.	ssl_available?	lib-require-failed
rubygems/gem_openssl	Gem::SSL	::	DIGEST_SHA1	lib-require-failed
rubygems/gem_openssl	Gem::SSL	::	PKEY_RSA	lib-require-failed
rubygems/gem_path_searcher	Gem::GemPathSearcher	#	find	lib-require-failed
rubygems/gem_path_searcher	Gem::GemPathSearcher	#	find_all	lib-require-failed
rubygems/gem_path_searcher	Gem::GemPathSearcher	#	init_gemspecs	lib-require-failed
rubygems/gem_path_searcher	Gem::GemPathSearcher	#	lib_dirs_for	lib-require-failed
rubygems/gem_path_searcher	Gem::GemPathSearcher	#	matching_file?	lib-require-failed
rubygems/gem_path_searcher	Gem::GemPathSearcher	#	matching_files	lib-require-failed
rubygems/gem_path_searcher	Gem::GemPathSearcher	.	new	lib-require-failed
rubygems/gem_runner	Gem::GemRunner	#	run	ok
rubygems/indexer	Gem::Indexer	#	abbreviate	no-method
rubygems/indexer	Gem::Indexer	#	build_indices	ok
rubygems/indexer	Gem::Indexer	#	collect_specs	no-method
rubygems/indexer	Gem::Indexer	#	compact_specs	ok
rubygems/indexer	Gem::Indexer	#	compress	ok
rubygems/indexer	Gem::Indexer	#	dest_directory	ok
rubygems/indexer	Gem::Indexer	#	directory	ok
rubygems/indexer	Gem::Indexer	#	gem_file_list	ok
rubygems/indexer	Gem::Indexer	#	generate_index	ok
rubygems/indexer	Gem::Indexer	#	gzip	ok
rubygems/indexer	Gem::Indexer	#	install_indices	ok
rubygems/indexer	Gem::Indexer	#	make_temp_directories	ok
rubygems/indexer	Gem::Indexer	#	paranoid	ok
rubygems/indexer	Gem::Indexer	#	sanitize	no-method
rubygems/indexer	Gem::Indexer	#	sanitize_string	no-method
rubygems/indexer	Gem::Indexer	.	new	ok
rubygems/install_update_options	Gem::InstallUpdateOptions	#	add_install_update_options	ok
rubygems/install_update_options	Gem::InstallUpdateOptions	#	install_update_defaults_str	ok
rubygems/installer	Gem::Installer	#	app_script_text	ok
rubygems/installer	Gem::Installer	#	bin_dir	ok
rubygems/installer	Gem::Installer	#	build_extensions	ok
rubygems/installer	Gem::Installer	#	ensure_dependency	ok
rubygems/installer	Gem::Installer	#	extract_files	ok
rubygems/installer	Gem::Installer	#	formatted_program_filename	ok
rubygems/installer	Gem::Installer	#	gem_home	ok
rubygems/installer	Gem::Installer	#	generate_bin	ok
rubygems/installer	Gem::Installer	#	generate_bin_script	ok
rubygems/installer	Gem::Installer	#	generate_bin_symlink	ok
rubygems/installer	Gem::Installer	#	generate_windows_script	ok
rubygems/installer	Gem::Installer	#	install	ok
rubygems/installer	Gem::Installer	#	installation_satisfies_dependency?	ok
rubygems/installer	Gem::Installer	#	shebang	ok
rubygems/installer	Gem::Installer	#	spec	ok
rubygems/installer	Gem::Installer	#	unpack	ok
rubygems/installer	Gem::Installer	#	windows_stub_script	ok
rubygems/installer	Gem::Installer	#	write_spec	ok
rubygems/installer	Gem::Installer	.	exec_format	ok
rubygems/installer	Gem::Installer	.	exec_format=	ok
rubygems/installer	Gem::Installer	.	home_install_warning	no-method
rubygems/installer	Gem::Installer	.	home_install_warning=	no-method
rubygems/installer	Gem::Installer	.	new	ok
rubygems/installer	Gem::Installer	.	path_warning	ok
rubygems/installer	Gem::Installer	.	path_warning=	ok
rubygems/local_remote_options	Gem::LocalRemoteOptions	#	accept_uri_http	ok
rubygems/local_remote_options	Gem::LocalRemoteOptions	#	add_bulk_threshold_option	ok
rubygems/local_remote_options	Gem::LocalRemoteOptions	#	add_local_remote_options	ok
rubygems/local_remote_options	Gem::LocalRemoteOptions	#	add_proxy_option	ok
rubygems/local_remote_options	Gem::LocalRemoteOptions	#	add_source_option	ok
rubygems/local_remote_options	Gem::LocalRemoteOptions	#	add_update_sources_option	ok
rubygems/local_remote_options	Gem::LocalRemoteOptions	#	both?	ok
rubygems/local_remote_options	Gem::LocalRemoteOptions	#	local?	ok
rubygems/local_remote_options	Gem::LocalRemoteOptions	#	remote?	ok
rubygems/old_format	Gem::OldFormat	#	file_entries	lib-require-failed
rubygems/old_format	Gem::OldFormat	#	file_entries=	lib-require-failed
rubygems/old_format	Gem::OldFormat	#	gem_path	lib-require-failed
rubygems/old_format	Gem::OldFormat	#	gem_path=	lib-require-failed
rubygems/old_format	Gem::OldFormat	#	spec	lib-require-failed
rubygems/old_format	Gem::OldFormat	#	spec=	lib-require-failed
rubygems/old_format	Gem::OldFormat	.	from_file_by_path	lib-require-failed
rubygems/old_format	Gem::OldFormat	.	from_io	lib-require-failed
rubygems/old_format	Gem::OldFormat	.	new	lib-require-failed
rubygems/package	Gem::FileOperations	.	new	no-class
rubygems/package	Gem::Package	.	open	ok
rubygems/package	Gem::Package	.	pack	no-method
rubygems/package/f_sync_dir	Gem::Package::FSyncDir	#	fsync_dir	lib-require-failed
rubygems/package/tar_header	Gem::Package::TarHeader	::	FIELDS	lib-require-failed
rubygems/package/tar_header	Gem::Package::TarHeader	::	PACK_FORMAT	lib-require-failed
rubygems/package/tar_header	Gem::Package::TarHeader	::	UNPACK_FORMAT	lib-require-failed
rubygems/package/tar_header	Gem::Package::TarHeader	#	==	lib-require-failed
rubygems/package/tar_header	Gem::Package::TarHeader	#	checksum	lib-require-failed
rubygems/package/tar_header	Gem::Package::TarHeader	#	devmajor	lib-require-failed
rubygems/package/tar_header	Gem::Package::TarHeader	#	devminor	lib-require-failed
rubygems/package/tar_header	Gem::Package::TarHeader	#	empty?	lib-require-failed
rubygems/package/tar_header	Gem::Package::TarHeader	#	gid	lib-require-failed
rubygems/package/tar_header	Gem::Package::TarHeader	#	gname	lib-require-failed
rubygems/package/tar_header	Gem::Package::TarHeader	#	linkname	lib-require-failed
rubygems/package/tar_header	Gem::Package::TarHeader	#	magic	lib-require-failed
rubygems/package/tar_header	Gem::Package::TarHeader	#	mode	lib-require-failed
rubygems/package/tar_header	Gem::Package::TarHeader	#	mtime	lib-require-failed
rubygems/package/tar_header	Gem::Package::TarHeader	#	name	lib-require-failed
rubygems/package/tar_header	Gem::Package::TarHeader	#	prefix	lib-require-failed
rubygems/package/tar_header	Gem::Package::TarHeader	#	size	lib-require-failed
rubygems/package/tar_header	Gem::Package::TarHeader	#	to_s	lib-require-failed
rubygems/package/tar_header	Gem::Package::TarHeader	#	typeflag	lib-require-failed
rubygems/package/tar_header	Gem::Package::TarHeader	#	uid	lib-require-failed
rubygems/package/tar_header	Gem::Package::TarHeader	#	uname	lib-require-failed
rubygems/package/tar_header	Gem::Package::TarHeader	#	update_checksum	lib-require-failed
rubygems/package/tar_header	Gem::Package::TarHeader	#	version	lib-require-failed
rubygems/package/tar_header	Gem::Package::TarHeader	.	from	lib-require-failed
rubygems/package/tar_input	Gem::Package::TarInput	#	close	lib-require-failed
rubygems/package/tar_input	Gem::Package::TarInput	#	each	lib-require-failed
rubygems/package/tar_input	Gem::Package::TarInput	#	extract_entry	lib-require-failed
rubygems/package/tar_input	Gem::Package::TarInput	#	load_gemspec	lib-require-failed
rubygems/package/tar_input	Gem::Package::TarInput	#	metadata	lib-require-failed
rubygems/package/tar_input	Gem::Package::TarInput	#	zipped_stream	lib-require-failed
rubygems/package/tar_input	Gem::Package::TarInput	.	new	lib-require-failed
rubygems/package/tar_input	Gem::Package::TarInput	.	open	lib-require-failed
rubygems/package/tar_output	Gem::Package::TarOutput	#	add_gem_contents	lib-require-failed
rubygems/package/tar_output	Gem::Package::TarOutput	#	add_metadata	lib-require-failed
rubygems/package/tar_output	Gem::Package::TarOutput	#	add_signatures	lib-require-failed
rubygems/package/tar_output	Gem::Package::TarOutput	#	close	lib-require-failed
rubygems/package/tar_output	Gem::Package::TarOutput	.	new	lib-require-failed
rubygems/package/tar_output	Gem::Package::TarOutput	.	open	lib-require-failed
rubygems/package/tar_reader	Gem::Package::TarReader	#	close	lib-require-failed
rubygems/package/tar_reader	Gem::Package::TarReader	#	each	lib-require-failed
rubygems/package/tar_reader	Gem::Package::TarReader	#	each_entry	lib-require-failed
rubygems/package/tar_reader	Gem::Package::TarReader	#	rewind	lib-require-failed
rubygems/package/tar_reader	Gem::Package::TarReader	.	new	lib-require-failed
rubygems/package/tar_reader/entry	Gem::Package::TarReader::Entry	#	bytes_read	lib-require-failed
rubygems/package/tar_reader/entry	Gem::Package::TarReader::Entry	#	close	lib-require-failed
rubygems/package/tar_reader/entry	Gem::Package::TarReader::Entry	#	closed?	lib-require-failed
rubygems/package/tar_reader/entry	Gem::Package::TarReader::Entry	#	directory?	lib-require-failed
rubygems/package/tar_reader/entry	Gem::Package::TarReader::Entry	#	eof?	lib-require-failed
rubygems/package/tar_reader/entry	Gem::Package::TarReader::Entry	#	file?	lib-require-failed
rubygems/package/tar_reader/entry	Gem::Package::TarReader::Entry	#	full_name	lib-require-failed
rubygems/package/tar_reader/entry	Gem::Package::TarReader::Entry	#	getc	lib-require-failed
rubygems/package/tar_reader/entry	Gem::Package::TarReader::Entry	#	header	lib-require-failed
rubygems/package/tar_reader/entry	Gem::Package::TarReader::Entry	#	pos	lib-require-failed
rubygems/package/tar_reader/entry	Gem::Package::TarReader::Entry	#	read	lib-require-failed
rubygems/package/tar_reader/entry	Gem::Package::TarReader::Entry	#	rewind	lib-require-failed
rubygems/package/tar_writer	Gem::Package::TarWriter	#	add_file	lib-require-failed
rubygems/package/tar_writer	Gem::Package::TarWriter	#	add_file_simple	lib-require-failed
rubygems/package/tar_writer	Gem::Package::TarWriter	#	check_closed	lib-require-failed
rubygems/package/tar_writer	Gem::Package::TarWriter	#	close	lib-require-failed
rubygems/package/tar_writer	Gem::Package::TarWriter	#	closed?	lib-require-failed
rubygems/package/tar_writer	Gem::Package::TarWriter	#	flush	lib-require-failed
rubygems/package/tar_writer	Gem::Package::TarWriter	#	mkdir	lib-require-failed
rubygems/package/tar_writer	Gem::Package::TarWriter	.	new	lib-require-failed
rubygems/package/tar_writer	Gem::Package::TarWriter::BoundedStream	#	limit	lib-require-failed
rubygems/package/tar_writer	Gem::Package::TarWriter::BoundedStream	#	write	lib-require-failed
rubygems/package/tar_writer	Gem::Package::TarWriter::BoundedStream	#	written	lib-require-failed
rubygems/package/tar_writer	Gem::Package::TarWriter::BoundedStream	.	new	lib-require-failed
rubygems/package/tar_writer	Gem::Package::TarWriter::RestrictedStream	#	write	lib-require-failed
rubygems/package/tar_writer	Gem::Package::TarWriter::RestrictedStream	.	new	lib-require-failed
rubygems/platform	Gem::Platform	::	CURRENT	ok
rubygems/platform	Gem::Platform	::	RUBY	ok
rubygems/platform	Gem::Platform	#	==	ok
rubygems/platform	Gem::Platform	#	===	ok
rubygems/platform	Gem::Platform	#	=~	ok
rubygems/platform	Gem::Platform	#	cpu	ok
rubygems/platform	Gem::Platform	#	cpu=	ok
rubygems/platform	Gem::Platform	#	os	ok
rubygems/platform	Gem::Platform	#	os=	ok
rubygems/platform	Gem::Platform	#	to_a	ok
rubygems/platform	Gem::Platform	#	to_s	ok
rubygems/platform	Gem::Platform	#	version	ok
rubygems/platform	Gem::Platform	#	version=	ok
rubygems/platform	Gem::Platform	.	local	ok
rubygems/platform	Gem::Platform	.	match	ok
rubygems/platform	Gem::Platform	.	new	ok
rubygems/remote_fetcher	Gem::RemoteFetcher	#	download	ok
rubygems/remote_fetcher	Gem::RemoteFetcher	#	fetch_path	ok
rubygems/remote_fetcher	Gem::RemoteFetcher	#	request	ok
rubygems/remote_fetcher	Gem::RemoteFetcher	.	fetcher	ok
rubygems/remote_fetcher	Gem::RemoteFetcher::FetchError	#	uri	ok
rubygems/remote_fetcher	Gem::RemoteFetcher::FetchError	.	new	ok
rubygems/require_paths_builder	Gem::RequirePathsBuilder	#	write_require_paths_file_if_needed	lib-require-failed
rubygems/requirement	Gem::Requirement	::	OPS	ok
rubygems/requirement	Gem::Requirement	#	===	ok
rubygems/requirement	Gem::Requirement	#	=~	ok
rubygems/requirement	Gem::Requirement	#	satisfied_by?	ok
rubygems/requirement	Gem::Requirement	#	as_list	ok
rubygems/requirement	Gem::Requirement	#	concat	ok
rubygems/requirement	Gem::Requirement	#	exact?	ok
rubygems/requirement	Gem::Requirement	#	none?	ok
rubygems/requirement	Gem::Requirement	#	prerelease?	ok
rubygems/requirement	Gem::Requirement	#	pretty_print	ok
rubygems/requirement	Gem::Requirement	#	specific?	ok
rubygems/requirement	Gem::Requirement	#	to_s	ok
rubygems/requirement	Gem::Requirement	.	create	ok
rubygems/requirement	Gem::Requirement	.	default	ok
rubygems/requirement	Gem::Requirement	.	new	ok
rubygems/requirement	Gem::Requirement	.	parse	ok
rubygems/security	Gem::Security	::	AlmostNoSecurity	ok
rubygems/security	Gem::Security	::	HighSecurity	ok
rubygems/security	Gem::Security	::	LowSecurity	ok
rubygems/security	Gem::Security	::	MediumSecurity	ok
rubygems/security	Gem::Security	::	NoSecurity	ok
rubygems/security	Gem::Security	::	OPT	no-method
rubygems/security	Gem::Security	::	Policies	ok
rubygems/security	Gem::Security	.	add_trusted_cert	no-method
rubygems/security	Gem::Security	.	build_cert	no-method
rubygems/security	Gem::Security	.	build_self_signed_cert	no-method
rubygems/security	Gem::Security	.	sign_cert	no-method
rubygems/security	Gem::Security	.	verify_trust_dir	no-method
rubygems/security	Gem::Security::Policy	#	only_signed	ok
rubygems/security	Gem::Security::Policy	#	only_signed=	ok
rubygems/security	Gem::Security::Policy	#	only_trusted	ok
rubygems/security	Gem::Security::Policy	#	only_trusted=	ok
rubygems/security	Gem::Security::Policy	#	verify_chain	ok
rubygems/security	Gem::Security::Policy	#	verify_chain=	ok
rubygems/security	Gem::Security::Policy	#	verify_data	ok
rubygems/security	Gem::Security::Policy	#	verify_data=	ok
rubygems/security	Gem::Security::Policy	#	verify_gem	no-method
rubygems/security	Gem::Security::Policy	#	verify_root	ok
rubygems/security	Gem::Security::Policy	#	verify_root=	ok
rubygems/security	Gem::Security::Policy	#	verify_signer	ok
rubygems/security	Gem::Security::Policy	#	verify_signer=	ok
rubygems/security	Gem::Security::Policy	.	new	ok
rubygems/security	Gem::Security::Policy	.	trusted_cert_path	no-method
rubygems/security	Gem::Security::Signer	#	cert_chain	ok
rubygems/security	Gem::Security::Signer	#	cert_chain=	ok
rubygems/security	Gem::Security::Signer	#	key	ok
rubygems/security	Gem::Security::Signer	#	key=	ok
rubygems/security	Gem::Security::Signer	#	sign	ok
rubygems/security	Gem::Security::Signer	.	new	ok
rubygems/server	Gem::Server	::	DOC_TEMPLATE	ok
rubygems/server	Gem::Server	::	RDOC_CSS	ok
rubygems/server	Gem::Server	#	Marshal	no-method
rubygems/server	Gem::Server	#	latest_specs	ok
rubygems/server	Gem::Server	#	quick	ok
rubygems/server	Gem::Server	#	root	ok
rubygems/server	Gem::Server	#	run	ok
rubygems/server	Gem::Server	#	specs	ok
rubygems/server	Gem::Server	#	yaml	no-method
rubygems/server	Gem::Server	.	new	ok
rubygems/server	Gem::Server	.	run	ok
rubygems/source_index	Gem::SourceIndex	#	add_spec	lib-require-failed
rubygems/source_index	Gem::SourceIndex	#	add_specs	lib-require-failed
rubygems/source_index	Gem::SourceIndex	#	dump	lib-require-failed
rubygems/source_index	Gem::SourceIndex	#	each	lib-require-failed
rubygems/source_index	Gem::SourceIndex	#	find_name	lib-require-failed
rubygems/source_index	Gem::SourceIndex	#	gem_signature	lib-require-failed
rubygems/source_index	Gem::SourceIndex	#	index_signature	lib-require-failed
rubygems/source_index	Gem::SourceIndex	#	latest_specs	lib-require-failed
rubygems/source_index	Gem::SourceIndex	#	length	lib-require-failed
rubygems/source_index	Gem::SourceIndex	#	size	lib-require-failed
rubygems/source_index	Gem::SourceIndex	#	load_gems_in	lib-require-failed
rubygems/source_index	Gem::SourceIndex	#	outdated	lib-require-failed
rubygems/source_index	Gem::SourceIndex	#	refresh!	lib-require-failed
rubygems/source_index	Gem::SourceIndex	#	remove_spec	lib-require-failed
rubygems/source_index	Gem::SourceIndex	#	search	lib-require-failed
rubygems/source_index	Gem::SourceIndex	#	size	lib-require-failed
rubygems/source_index	Gem::SourceIndex	#	spec_dirs	lib-require-failed
rubygems/source_index	Gem::SourceIndex	#	spec_dirs=	lib-require-failed
rubygems/source_index	Gem::SourceIndex	#	specification	lib-require-failed
rubygems/source_index	Gem::SourceIndex	#	update	lib-require-failed
rubygems/source_index	Gem::SourceIndex	.	from_gems_in	lib-require-failed
rubygems/source_index	Gem::SourceIndex	.	from_installed_gems	lib-require-failed
rubygems/source_index	Gem::SourceIndex	.	installed_spec_directories	lib-require-failed
rubygems/source_index	Gem::SourceIndex	.	load_specification	lib-require-failed
rubygems/source_index	Gem::SourceIndex	.	new	lib-require-failed
rubygems/source_info_cache	Gem::SourceInfoCache	#	cache_data	lib-require-failed
rubygems/source_info_cache	Gem::SourceInfoCache	#	cache_file	lib-require-failed
rubygems/source_info_cache	Gem::SourceInfoCache	#	flush	lib-require-failed
rubygems/source_info_cache	Gem::SourceInfoCache	#	latest_cache_data	lib-require-failed
rubygems/source_info_cache	Gem::SourceInfoCache	#	latest_cache_file	lib-require-failed
rubygems/source_info_cache	Gem::SourceInfoCache	#	latest_system_cache_file	lib-require-failed
rubygems/source_info_cache	Gem::SourceInfoCache	#	latest_user_cache_file	lib-require-failed
rubygems/source_info_cache	Gem::SourceInfoCache	#	read_all_cache_data	lib-require-failed
rubygems/source_info_cache	Gem::SourceInfoCache	#	read_cache_data	lib-require-failed
rubygems/source_info_cache	Gem::SourceInfoCache	#	refresh	lib-require-failed
rubygems/source_info_cache	Gem::SourceInfoCache	#	reset_cache_data	lib-require-failed
rubygems/source_info_cache	Gem::SourceInfoCache	#	reset_cache_file	lib-require-failed
rubygems/source_info_cache	Gem::SourceInfoCache	#	reset_cache_for	lib-require-failed
rubygems/source_info_cache	Gem::SourceInfoCache	#	search	lib-require-failed
rubygems/source_info_cache	Gem::SourceInfoCache	#	search_with_source	lib-require-failed
rubygems/source_info_cache	Gem::SourceInfoCache	#	set_cache_data	lib-require-failed
rubygems/source_info_cache	Gem::SourceInfoCache	#	system_cache_file	lib-require-failed
rubygems/source_info_cache	Gem::SourceInfoCache	#	try_file	lib-require-failed
rubygems/source_info_cache	Gem::SourceInfoCache	#	update	lib-require-failed
rubygems/source_info_cache	Gem::SourceInfoCache	#	user_cache_file	lib-require-failed
rubygems/source_info_cache	Gem::SourceInfoCache	#	write_cache	lib-require-failed
rubygems/source_info_cache	Gem::SourceInfoCache	.	cache	lib-require-failed
rubygems/source_info_cache	Gem::SourceInfoCache	.	cache_data	lib-require-failed
rubygems/source_info_cache	Gem::SourceInfoCache	.	latest_system_cache_file	lib-require-failed
rubygems/source_info_cache	Gem::SourceInfoCache	.	latest_user_cache_file	lib-require-failed
rubygems/source_info_cache	Gem::SourceInfoCache	.	reset	lib-require-failed
rubygems/source_info_cache	Gem::SourceInfoCache	.	search	lib-require-failed
rubygems/source_info_cache	Gem::SourceInfoCache	.	search_with_source	lib-require-failed
rubygems/source_info_cache	Gem::SourceInfoCache	.	system_cache_file	lib-require-failed
rubygems/source_info_cache	Gem::SourceInfoCache	.	user_cache_file	lib-require-failed
rubygems/source_info_cache_entry	Gem::SourceInfoCacheEntry	#	refresh	lib-require-failed
rubygems/source_info_cache_entry	Gem::SourceInfoCacheEntry	#	size	lib-require-failed
rubygems/source_info_cache_entry	Gem::SourceInfoCacheEntry	#	source_index	lib-require-failed
rubygems/source_info_cache_entry	Gem::SourceInfoCacheEntry	.	new	lib-require-failed
rubygems/spec_fetcher	Gem::SpecFetcher	#	cache_dir	no-method
rubygems/spec_fetcher	Gem::SpecFetcher	#	dir	no-method
rubygems/spec_fetcher	Gem::SpecFetcher	#	fetch	no-method
rubygems/spec_fetcher	Gem::SpecFetcher	#	fetch_spec	no-method
rubygems/spec_fetcher	Gem::SpecFetcher	#	find_matching	no-method
rubygems/spec_fetcher	Gem::SpecFetcher	#	latest_specs	ok
rubygems/spec_fetcher	Gem::SpecFetcher	#	legacy_repos	no-method
rubygems/spec_fetcher	Gem::SpecFetcher	#	list	no-method
rubygems/spec_fetcher	Gem::SpecFetcher	#	load_specs	no-method
rubygems/spec_fetcher	Gem::SpecFetcher	#	specs	ok
rubygems/spec_fetcher	Gem::SpecFetcher	#	warn_legacy	no-method
rubygems/spec_fetcher	Gem::SpecFetcher	.	fetcher	ok
rubygems/spec_fetcher	Gem::SpecFetcher	.	fetcher=	ok
rubygems/specification	Gem::Specification	::	CURRENT_SPECIFICATION_VERSION	ok
rubygems/specification	Gem::Specification	::	MARSHAL_FIELDS	ok
rubygems/specification	Gem::Specification	::	NONEXISTENT_SPECIFICATION_VERSION	ok
rubygems/specification	Gem::Specification	::	SPECIFICATION_VERSION_HISTORY	ok
rubygems/specification	Gem::Specification	::	TODAY	ok
rubygems/specification	Gem::Specification	#	_dump	ok
rubygems/specification	Gem::Specification	#	add_bindir	ok
rubygems/specification	Gem::Specification	#	add_dependency	ok
rubygems/specification	Gem::Specification	#	add_runtime_dependency	ok
rubygems/specification	Gem::Specification	#	add_development_dependency	ok
rubygems/specification	Gem::Specification	#	assign_defaults	no-method
rubygems/specification	Gem::Specification	#	author	ok
rubygems/specification	Gem::Specification	#	author=	ok
rubygems/specification	Gem::Specification	#	authors	ok
rubygems/specification	Gem::Specification	#	authors=	ok
rubygems/specification	Gem::Specification	#	autorequire	ok
rubygems/specification	Gem::Specification	#	autorequire=	ok
rubygems/specification	Gem::Specification	#	bindir	ok
rubygems/specification	Gem::Specification	#	bindir=	ok
rubygems/specification	Gem::Specification	#	cert_chain	ok
rubygems/specification	Gem::Specification	#	cert_chain=	ok
rubygems/specification	Gem::Specification	#	date	ok
rubygems/specification	Gem::Specification	#	date=	ok
rubygems/specification	Gem::Specification	#	default_executable	ok
rubygems/specification	Gem::Specification	#	default_executable=	ok
rubygems/specification	Gem::Specification	#	dependencies	ok
rubygems/specification	Gem::Specification	#	dependent_gems	ok
rubygems/specification	Gem::Specification	#	description	ok
rubygems/specification	Gem::Specification	#	description=	ok
rubygems/specification	Gem::Specification	#	development_dependencies	ok
rubygems/specification	Gem::Specification	#	email	ok
rubygems/specification	Gem::Specification	#	email=	ok
rubygems/specification	Gem::Specification	#	executable	ok
rubygems/specification	Gem::Specification	#	executable=	ok
rubygems/specification	Gem::Specification	#	executables	ok
rubygems/specification	Gem::Specification	#	executables=	ok
rubygems/specification	Gem::Specification	#	extensions	ok
rubygems/specification	Gem::Specification	#	extensions=	ok
rubygems/specification	Gem::Specification	#	extra_rdoc_files	ok
rubygems/specification	Gem::Specification	#	extra_rdoc_files=	ok
rubygems/specification	Gem::Specification	#	file_name	ok
rubygems/specification	Gem::Specification	#	files	ok
rubygems/specification	Gem::Specification	#	files=	ok
rubygems/specification	Gem::Specification	#	full_gem_path	ok
rubygems/specification	Gem::Specification	#	full_name	ok
rubygems/specification	Gem::Specification	#	has_rdoc	ok
rubygems/specification	Gem::Specification	#	has_rdoc=	ok
rubygems/specification	Gem::Specification	#	has_rdoc?	ok
rubygems/specification	Gem::Specification	#	has_test_suite?	ok
rubygems/specification	Gem::Specification	#	has_unit_tests?	ok
rubygems/specification	Gem::Specification	#	homepage	ok
rubygems/specification	Gem::Specification	#	homepage=	ok
rubygems/specification	Gem::Specification	#	installation_path	no-method
rubygems/specification	Gem::Specification	#	lib_files	ok
rubygems/specification	Gem::Specification	#	loaded=	no-method
rubygems/specification	Gem::Specification	#	loaded?	no-method
rubygems/specification	Gem::Specification	#	loaded_from	ok
rubygems/specification	Gem::Specification	#	loaded_from=	ok
rubygems/specification	Gem::Specification	#	mark_version	ok
rubygems/specification	Gem::Specification	#	name	ok
rubygems/specification	Gem::Specification	#	name=	ok
rubygems/specification	Gem::Specification	#	normalize	ok
rubygems/specification	Gem::Specification	#	original_name	ok
rubygems/specification	Gem::Specification	#	original_platform	ok
rubygems/specification	Gem::Specification	#	original_platform=	ok
rubygems/specification	Gem::Specification	#	platform	ok
rubygems/specification	Gem::Specification	#	platform=	ok
rubygems/specification	Gem::Specification	#	post_install_message	ok
rubygems/specification	Gem::Specification	#	post_install_message=	ok
rubygems/specification	Gem::Specification	#	rdoc_options	ok
rubygems/specification	Gem::Specification	#	rdoc_options=	ok
rubygems/specification	Gem::Specification	#	require_path	ok
rubygems/specification	Gem::Specification	#	require_path=	ok
rubygems/specification	Gem::Specification	#	require_paths	ok
rubygems/specification	Gem::Specification	#	require_paths=	ok
rubygems/specification	Gem::Specification	#	required_ruby_version	ok
rubygems/specification	Gem::Specification	#	required_ruby_version=	ok
rubygems/specification	Gem::Specification	#	required_rubygems_version	ok
rubygems/specification	Gem::Specification	#	required_rubygems_version=	ok
rubygems/specification	Gem::Specification	#	requirements	ok
rubygems/specification	Gem::Specification	#	requirements=	ok
rubygems/specification	Gem::Specification	#	rubygems_version	ok
rubygems/specification	Gem::Specification	#	rubygems_version=	ok
rubygems/specification	Gem::Specification	#	runtime_dependencies	ok
rubygems/specification	Gem::Specification	#	satisfies_requirement?	ok
rubygems/specification	Gem::Specification	#	signing_key	ok
rubygems/specification	Gem::Specification	#	signing_key=	ok
rubygems/specification	Gem::Specification	#	specification_version	ok
rubygems/specification	Gem::Specification	#	specification_version=	ok
rubygems/specification	Gem::Specification	#	summary	ok
rubygems/specification	Gem::Specification	#	summary=	ok
rubygems/specification	Gem::Specification	#	test_file	ok
rubygems/specification	Gem::Specification	#	test_file=	ok
rubygems/specification	Gem::Specification	#	test_files	ok
rubygems/specification	Gem::Specification	#	test_files=	ok
rubygems/specification	Gem::Specification	#	test_suite_file	no-method
rubygems/specification	Gem::Specification	#	test_suite_file=	no-method
rubygems/specification	Gem::Specification	#	to_ruby	ok
rubygems/specification	Gem::Specification	#	validate	ok
rubygems/specification	Gem::Specification	#	version	ok
rubygems/specification	Gem::Specification	#	version=	ok
rubygems/specification	Gem::Specification	#	yaml_initialize	ok
rubygems/specification	Gem::Specification	.	_load	ok
rubygems/specification	Gem::Specification	.	array_attribute	no-method
rubygems/specification	Gem::Specification	.	array_attributes	ok
rubygems/specification	Gem::Specification	.	attribute	no-method
rubygems/specification	Gem::Specification	.	attribute_alias_singular	no-method
rubygems/specification	Gem::Specification	.	attribute_defaults	no-method
rubygems/specification	Gem::Specification	.	attribute_names	ok
rubygems/specification	Gem::Specification	.	attributes	no-method
rubygems/specification	Gem::Specification	.	default_value	no-method
rubygems/specification	Gem::Specification	.	from_yaml	ok
rubygems/specification	Gem::Specification	.	list	no-method
rubygems/specification	Gem::Specification	.	load	ok
rubygems/specification	Gem::Specification	.	normalize_yaml_input	ok
rubygems/specification	Gem::Specification	.	overwrite_accessor	no-method
rubygems/specification	Gem::Specification	.	read_only	no-method
rubygems/specification	Gem::Specification	.	required_attribute	no-method
rubygems/specification	Gem::Specification	.	required_attribute?	ok
rubygems/specification	Gem::Specification	.	required_attributes	ok
rubygems/specification	Gem::Specification	.	stubs	ok
rubygems/specification	Gem::Specification	.	stubs_for	ok
rubygems/test_utilities	Gem::RemoteFetcher	.	fetcher=	lib-require-failed
rubygems/timer	Kernel	#	time	lib-require-failed
rubygems/uninstaller	Gem::Uninstaller	#	ask_if_ok	ok
rubygems/uninstaller	Gem::Uninstaller	#	bin_dir	ok
rubygems/uninstaller	Gem::Uninstaller	#	dependencies_ok?	ok
rubygems/uninstaller	Gem::Uninstaller	#	gem_home	ok
rubygems/uninstaller	Gem::Uninstaller	#	path_ok?	ok
rubygems/uninstaller	Gem::Uninstaller	#	remove	ok
rubygems/uninstaller	Gem::Uninstaller	#	remove_all	ok
rubygems/uninstaller	Gem::Uninstaller	#	remove_executables	ok
rubygems/uninstaller	Gem::Uninstaller	#	spec	ok
rubygems/uninstaller	Gem::Uninstaller	#	uninstall	ok
rubygems/uninstaller	Gem::Uninstaller	#	uninstall_gem	ok
rubygems/uninstaller	Gem::Uninstaller	.	new	ok
rubygems/user_interaction	Gem::DefaultUserInteraction	#	ui	ok
rubygems/user_interaction	Gem::DefaultUserInteraction	#	ui=	ok
rubygems/user_interaction	Gem::DefaultUserInteraction	#	use_ui	ok
rubygems/user_interaction	Gem::DefaultUserInteraction	.	ui	ok
rubygems/user_interaction	Gem::DefaultUserInteraction	.	ui=	ok
rubygems/user_interaction	Gem::DefaultUserInteraction	.	use_ui	ok
rubygems/user_interaction	Gem::StreamUI	#	alert	ok
rubygems/user_interaction	Gem::StreamUI	#	alert_error	ok
rubygems/user_interaction	Gem::StreamUI	#	alert_warning	ok
rubygems/user_interaction	Gem::StreamUI	#	ask	ok
rubygems/user_interaction	Gem::StreamUI	#	ask_yes_no	ok
rubygems/user_interaction	Gem::StreamUI	#	choose_from_list	ok
rubygems/user_interaction	Gem::StreamUI	#	errs	ok
rubygems/user_interaction	Gem::StreamUI	#	ins	ok
rubygems/user_interaction	Gem::StreamUI	#	outs	ok
rubygems/user_interaction	Gem::StreamUI	#	progress_reporter	ok
rubygems/user_interaction	Gem::StreamUI	#	say	ok
rubygems/user_interaction	Gem::StreamUI	#	terminate_interaction	ok
rubygems/user_interaction	Gem::StreamUI	.	new	ok
rubygems/user_interaction	Gem::StreamUI::SilentProgressReporter	#	count	ok
rubygems/user_interaction	Gem::StreamUI::SilentProgressReporter	#	done	ok
rubygems/user_interaction	Gem::StreamUI::SilentProgressReporter	#	updated	ok
rubygems/user_interaction	Gem::StreamUI::SilentProgressReporter	.	new	ok
rubygems/user_interaction	Gem::StreamUI::SimpleProgressReporter	#	count	ok
rubygems/user_interaction	Gem::StreamUI::SimpleProgressReporter	#	done	ok
rubygems/user_interaction	Gem::StreamUI::SimpleProgressReporter	#	updated	ok
rubygems/user_interaction	Gem::StreamUI::SimpleProgressReporter	.	new	ok
rubygems/user_interaction	Gem::StreamUI::VerboseProgressReporter	#	count	ok
rubygems/user_interaction	Gem::StreamUI::VerboseProgressReporter	#	done	ok
rubygems/user_interaction	Gem::StreamUI::VerboseProgressReporter	#	updated	ok
rubygems/user_interaction	Gem::StreamUI::VerboseProgressReporter	.	new	ok
rubygems/user_interaction	Gem::UserInteraction	#	alert	ok
rubygems/user_interaction	Gem::UserInteraction	#	alert_error	ok
rubygems/user_interaction	Gem::UserInteraction	#	alert_warning	ok
rubygems/user_interaction	Gem::UserInteraction	#	ask	ok
rubygems/user_interaction	Gem::UserInteraction	#	ask_yes_no	ok
rubygems/user_interaction	Gem::UserInteraction	#	choose_from_list	ok
rubygems/user_interaction	Gem::UserInteraction	#	say	ok
rubygems/user_interaction	Gem::UserInteraction	#	terminate_interaction	ok
rubygems/validator	Gem::Validator	::	ErrorData	ok
rubygems/validator	Gem::Validator	#	alien	ok
rubygems/validator	Gem::Validator	#	remove_leading_dot_dir	no-method
rubygems/validator	Gem::Validator	#	unit_test	no-method
rubygems/validator	Gem::Validator	#	verify_gem	no-method
rubygems/validator	Gem::Validator	#	verify_gem_file	no-method
rubygems/version	Gem::Version	::	Requirement	ok
rubygems/version	Gem::Version	#	<=>	ok
rubygems/version	Gem::Version	#	bump	ok
rubygems/version	Gem::Version	#	eql?	ok
rubygems/version	Gem::Version	#	marshal_dump	ok
rubygems/version	Gem::Version	#	marshal_load	ok
rubygems/version	Gem::Version	#	prerelease?	ok
rubygems/version	Gem::Version	#	release	ok
rubygems/version	Gem::Version	#	to_s	ok
rubygems/version	Gem::Version	#	version	ok
rubygems/version	Gem::Version	.	correct?	ok
rubygems/version	Gem::Version	.	create	ok
rubygems/version	Gem::Version	.	new	ok
rubygems/version_option	Gem::VersionOption	#	add_platform_option	ok
rubygems/version_option	Gem::VersionOption	#	add_version_option	ok
securerandom	SecureRandom	.	alphanumeric	ok
securerandom	SecureRandom	.	base64	ok
securerandom	SecureRandom	.	hex	ok
securerandom	SecureRandom	.	random_bytes	ok
securerandom	SecureRandom	.	random_number	ok
securerandom	SecureRandom	.	urlsafe_base64	ok
securerandom	SecureRandom	.	uuid	ok
set	Enumerable	#	to_set	ok
set	Set	#	&	ok
set	Set	#	intersection	ok
set	Set	#	+	ok
set	Set	#	union	ok
set	Set	#	|	ok
set	Set	#	-	ok
set	Set	#	difference	ok
set	Set	#	<	ok
set	Set	#	<=	ok
set	Set	#	proper_subset?	ok
set	Set	#	subset?	ok
set	Set	#	<<	ok
set	Set	#	add	ok
set	Set	#	add?	ok
set	Set	#	==	ok
set	Set	#	===	ok
set	Set	#	include?	ok
set	Set	#	member?	ok
set	Set	#	>	ok
set	Set	#	>=	ok
set	Set	#	proper_superset?	ok
set	Set	#	superset?	ok
set	Set	#	^	ok
set	Set	#	classify	ok
set	Set	#	clear	ok
set	Set	#	clone	ok
set	Set	#	dup	ok
set	Set	#	collect!	ok
set	Set	#	map!	ok
set	Set	#	compare_by_identity	ok
set	Set	#	compare_by_identity?	ok
set	Set	#	delete	ok
set	Set	#	delete?	ok
set	Set	#	delete_if	ok
set	Set	#	reject!	ok
set	Set	#	disjoint?	ok
set	Set	#	divide	ok
set	Set	#	each	ok
set	Set	#	empty?	ok
set	Set	#	filter!	ok
set	Set	#	select!	ok
set	Set	#	flatten	ok
set	Set	#	flatten!	ok
set	Set	#	inspect	ok
set	Set	#	to_s	ok
set	Set	#	intersect?	ok
set	Set	#	join	ok
set	Set	#	keep_if	ok
set	Set	#	length	ok
set	Set	#	size	ok
set	Set	#	merge	ok
set	Set	#	replace	ok
set	Set	#	reset	ok
set	Set	#	subtract	ok
set	Set	#	to_a	ok
set	Set	.	[]	ok
set	Set	.	new	ok
shellwords	Array	#	shelljoin	ok
shellwords	Shellwords	.#	shellescape	ok
shellwords	Shellwords	.#	shelljoin	ok
shellwords	Shellwords	.#	shellsplit	ok
shellwords	Shellwords	.#	shellwords	ok
shellwords	Shellwords	.	escape	ok
shellwords	Shellwords	.	join	ok
shellwords	Shellwords	.	split	ok
shellwords	String	#	shellescape	ok
shellwords	String	#	shellsplit	ok
singleton	Singleton	#	clone	ok
singleton	Singleton	#	dup	ok
singleton	Singleton	.	instance	no-method
socket	Addrinfo	#	afamily	ok
socket	Addrinfo	#	bind	ok
socket	Addrinfo	#	canonname	ok
socket	Addrinfo	#	connect	ok
socket	Addrinfo	#	connect_from	ok
socket	Addrinfo	#	connect_to	ok
socket	Addrinfo	#	family_addrinfo	ok
socket	Addrinfo	#	getnameinfo	ok
socket	Addrinfo	#	inspect_sockaddr	ok
socket	Addrinfo	#	ip?	ok
socket	Addrinfo	#	ip_address	ok
socket	Addrinfo	#	ip_port	ok
socket	Addrinfo	#	ip_unpack	ok
socket	Addrinfo	#	ipv4?	ok
socket	Addrinfo	#	ipv4_loopback?	ok
socket	Addrinfo	#	ipv4_multicast?	ok
socket	Addrinfo	#	ipv4_private?	ok
socket	Addrinfo	#	ipv6?	ok
socket	Addrinfo	#	ipv6_linklocal?	ok
socket	Addrinfo	#	ipv6_loopback?	ok
socket	Addrinfo	#	ipv6_mc_global?	ok
socket	Addrinfo	#	ipv6_mc_linklocal?	ok
socket	Addrinfo	#	ipv6_mc_nodelocal?	ok
socket	Addrinfo	#	ipv6_mc_orglocal?	ok
socket	Addrinfo	#	ipv6_mc_sitelocal?	ok
socket	Addrinfo	#	ipv6_multicast?	ok
socket	Addrinfo	#	ipv6_sitelocal?	ok
socket	Addrinfo	#	ipv6_to_ipv4	ok
socket	Addrinfo	#	ipv6_unique_local?	ok
socket	Addrinfo	#	ipv6_unspecified?	ok
socket	Addrinfo	#	ipv6_v4compat?	ok
socket	Addrinfo	#	ipv6_v4mapped?	ok
socket	Addrinfo	#	listen	ok
socket	Addrinfo	#	pfamily	ok
socket	Addrinfo	#	protocol	ok
socket	Addrinfo	#	socktype	ok
socket	Addrinfo	#	to_s	ok
socket	Addrinfo	#	to_sockaddr	ok
socket	Addrinfo	#	unix?	ok
socket	Addrinfo	#	unix_path	ok
socket	Addrinfo	.	foreach	ok
socket	Addrinfo	.	getaddrinfo	ok
socket	Addrinfo	.	ip	ok
socket	Addrinfo	.	new	ok
socket	Addrinfo	.	tcp	ok
socket	Addrinfo	.	udp	ok
socket	Addrinfo	.	unix	ok
socket	BasicSocket	#	connect_address	ok
socket	BasicSocket	#	do_not_reverse_lookup	ok
socket	BasicSocket	#	do_not_reverse_lookup=	ok
socket	BasicSocket	#	getpeereid	ok
socket	BasicSocket	#	getpeername	ok
socket	BasicSocket	#	getsockname	ok
socket	BasicSocket	#	getsockopt	ok
socket	BasicSocket	#	local_address	ok
socket	BasicSocket	#	recv	ok
socket	BasicSocket	#	recv_nonblock	ok
socket	BasicSocket	#	recvmsg	ok
socket	BasicSocket	#	recvmsg_nonblock	ok
socket	BasicSocket	#	remote_address	ok
socket	BasicSocket	#	send	ok
socket	BasicSocket	#	sendmsg	ok
socket	BasicSocket	#	sendmsg_nonblock	ok
socket	BasicSocket	#	setsockopt	ok
socket	BasicSocket	#	shutdown	ok
socket	BasicSocket	.	do_not_reverse_lookup	ok
socket	BasicSocket	.	do_not_reverse_lookup=	ok
socket	BasicSocket	.	for_fd	ok
socket	IPSocket	#	addr	ok
socket	IPSocket	#	peeraddr	ok
socket	IPSocket	#	recvfrom	ok
socket	IPSocket	.	getaddress	ok
socket	SOCKSSocket	#	close	no-class
socket	SOCKSSocket	.	new	no-class
socket	SOCKSSocket	.	open	no-class
socket	Socket	::	AF_APPLETALK	ok
socket	Socket	::	PF_APPLETALK	ok
socket	Socket	::	AF_ATM	no-method
socket	Socket	::	PF_ATM	no-method
socket	Socket	::	AF_AX25	ok
socket	Socket	::	PF_AX25	ok
socket	Socket	::	AF_CCITT	no-method
socket	Socket	::	PF_CCITT	no-method
socket	Socket	::	AF_CHAOS	no-method
socket	Socket	::	PF_CHAOS	no-method
socket	Socket	::	AF_CNT	no-method
socket	Socket	::	PF_CNT	no-method
socket	Socket	::	AF_COIP	no-method
socket	Socket	::	PF_COIP	no-method
socket	Socket	::	AF_DATAKIT	no-method
socket	Socket	::	PF_DATAKIT	no-method
socket	Socket	::	AF_DEC	no-method
socket	Socket	::	PF_DEC	no-method
socket	Socket	::	AF_DLI	no-method
socket	Socket	::	PF_DLI	no-method
socket	Socket	::	AF_E164	no-method
socket	Socket	::	AF_ECMA	no-method
socket	Socket	::	PF_ECMA	no-method
socket	Socket	::	AF_HYLINK	no-method
socket	Socket	::	PF_HYLINK	no-method
socket	Socket	::	AF_IMPLINK	no-method
socket	Socket	::	PF_IMPLINK	no-method
socket	Socket	::	AF_INET	ok
socket	Socket	::	PF_INET	ok
socket	Socket	::	AF_INET6	ok
socket	Socket	::	PF_INET6	ok
socket	Socket	::	AF_IPX	ok
socket	Socket	::	PF_IPX	ok
socket	Socket	::	AF_ISDN	ok
socket	Socket	::	PF_ISDN	ok
socket	Socket	::	AF_ISO	no-method
socket	Socket	::	AF_OSI	no-method
socket	Socket	::	PF_ISO	no-method
socket	Socket	::	PF_OSI	no-method
socket	Socket	::	AF_LAT	no-method
socket	Socket	::	PF_LAT	no-method
socket	Socket	::	AF_LINK	no-method
socket	Socket	::	PF_LINK	no-method
socket	Socket	::	AF_LOCAL	ok
socket	Socket	::	AF_UNIX	ok
socket	Socket	::	PF_LOCAL	ok
socket	Socket	::	PF_UNIX	ok
socket	Socket	::	AF_MAX	ok
socket	Socket	::	AF_NATM	no-method
socket	Socket	::	PF_NATM	no-method
socket	Socket	::	AF_NDRV	no-method
socket	Socket	::	PF_NDRV	no-method
socket	Socket	::	AF_NETBIOS	no-method
socket	Socket	::	PF_NETBIOS	no-method
socket	Socket	::	AF_NETGRAPH	no-method
socket	Socket	::	PF_NETGRAPH	no-method
socket	Socket	::	AF_NS	no-method
socket	Socket	::	PF_NS	no-method
socket	Socket	::	AF_PACKET	ok
socket	Socket	::	PF_PACKET	ok
socket	Socket	::	AF_PPP	no-method
socket	Socket	::	PF_PPP	no-method
socket	Socket	::	AF_PUP	no-method
socket	Socket	::	PF_PUP	no-method
socket	Socket	::	AF_ROUTE	ok
socket	Socket	::	PF_ROUTE	ok
socket	Socket	::	AF_SIP	no-method
socket	Socket	::	PF_SIP	no-method
socket	Socket	::	AF_SNA	ok
socket	Socket	::	PF_SNA	ok
socket	Socket	::	AF_SYSTEM	no-method
socket	Socket	::	PF_SYSTEM	no-method
socket	Socket	::	AF_UNSPEC	ok
socket	Socket	::	AI_ADDRCONFIG	ok
socket	Socket	::	AI_ALL	ok
socket	Socket	::	AI_CANONNAME	ok
socket	Socket	::	AI_DEFAULT	no-method
socket	Socket	::	AI_MASK	no-method
socket	Socket	::	AI_NUMERICHOST	ok
socket	Socket	::	AI_NUMERICSERV	ok
socket	Socket	::	AI_PASSIVE	ok
socket	Socket	::	AI_V4MAPPED	ok
socket	Socket	::	AI_V4MAPPED_CFG	no-method
socket	Socket	::	EAI_ADDRFAMILY	ok
socket	Socket	::	EAI_AGAIN	ok
socket	Socket	::	EAI_BADFLAGS	ok
socket	Socket	::	EAI_BADHINTS	no-method
socket	Socket	::	EAI_FAIL	ok
socket	Socket	::	EAI_FAMILY	ok
socket	Socket	::	EAI_MAX	no-method
socket	Socket	::	EAI_MEMORY	ok
socket	Socket	::	EAI_NODATA	ok
socket	Socket	::	EAI_NONAME	ok
socket	Socket	::	EAI_OVERFLOW	ok
socket	Socket	::	EAI_PROTOCOL	no-method
socket	Socket	::	EAI_SERVICE	ok
socket	Socket	::	EAI_SOCKTYPE	ok
socket	Socket	::	EAI_SYSTEM	ok
socket	Socket	::	IFF_802_1Q_VLAN	no-method
socket	Socket	::	IFF_ALLMULTI	ok
socket	Socket	::	IFF_ALTPHYS	no-method
socket	Socket	::	IFF_AUTOMEDIA	ok
socket	Socket	::	IFF_BONDING	no-method
socket	Socket	::	IFF_BRIDGE_PORT	no-method
socket	Socket	::	IFF_BROADCAST	ok
socket	Socket	::	IFF_CANTCHANGE	no-method
socket	Socket	::	IFF_CANTCONFIG	no-method
socket	Socket	::	IFF_DEBUG	ok
socket	Socket	::	IFF_DISABLE_NETPOLL	no-method
socket	Socket	::	IFF_DONT_BRIDGE	no-method
socket	Socket	::	IFF_DORMANT	no-method
socket	Socket	::	IFF_DRV_OACTIVE	no-method
socket	Socket	::	IFF_DRV_RUNNING	no-method
socket	Socket	::	IFF_DYING	no-method
socket	Socket	::	IFF_DYNAMIC	ok
socket	Socket	::	IFF_EBRIDGE	no-method
socket	Socket	::	IFF_ECHO	no-method
socket	Socket	::	IFF_ISATAP	no-method
socket	Socket	::	IFF_LINK0	no-method
socket	Socket	::	IFF_LINK1	no-method
socket	Socket	::	IFF_LINK2	no-method
socket	Socket	::	IFF_LIVE_ADDR_CHANGE	no-method
socket	Socket	::	IFF_LOOPBACK	ok
socket	Socket	::	IFF_LOWER_UP	no-method
socket	Socket	::	IFF_MACVLAN_PORT	no-method
socket	Socket	::	IFF_MASTER	ok
socket	Socket	::	IFF_MASTER_8023AD	no-method
socket	Socket	::	IFF_MASTER_ALB	no-method
socket	Socket	::	IFF_MASTER_ARPMON	no-method
socket	Socket	::	IFF_MONITOR	no-method
socket	Socket	::	IFF_MULTICAST	ok
socket	Socket	::	IFF_NOARP	ok
socket	Socket	::	IFF_NOTRAILERS	ok
socket	Socket	::	IFF_OACTIVE	no-method
socket	Socket	::	IFF_OVS_DATAPATH	no-method
socket	Socket	::	IFF_POINTOPOINT	ok
socket	Socket	::	IFF_PORTSEL	ok
socket	Socket	::	IFF_PPROMISC	no-method
socket	Socket	::	IFF_PROMISC	ok
socket	Socket	::	IFF_RENAMING	no-method
socket	Socket	::	IFF_ROUTE	no-method
socket	Socket	::	IFF_RUNNING	ok
socket	Socket	::	IFF_SIMPLEX	no-method
socket	Socket	::	IFF_SLAVE	ok
socket	Socket	::	IFF_SLAVE_INACTIVE	no-method
socket	Socket	::	IFF_SLAVE_NEEDARP	no-method
socket	Socket	::	IFF_SMART	no-method
socket	Socket	::	IFF_STATICARP	no-method
socket	Socket	::	IFF_SUPP_NOFCS	no-method
socket	Socket	::	IFF_TEAM_PORT	no-method
socket	Socket	::	IFF_TX_SKB_SHARING	no-method
socket	Socket	::	IFF_UNICAST_FLT	no-method
socket	Socket	::	IFF_UP	ok
socket	Socket	::	IFF_VOLATILE	no-method
socket	Socket	::	IFF_WAN_HDLC	no-method
socket	Socket	::	IFF_XMIT_DST_RELEASE	no-method
socket	Socket	::	IFNAMSIZ	ok
socket	Socket	::	IF_NAMESIZE	ok
socket	Socket	::	INADDR_ALLHOSTS_GROUP	ok
socket	Socket	::	INADDR_ANY	ok
socket	Socket	::	INADDR_BROADCAST	ok
socket	Socket	::	INADDR_LOOPBACK	ok
socket	Socket	::	INADDR_MAX_LOCAL_GROUP	ok
socket	Socket	::	INADDR_NONE	ok
socket	Socket	::	INADDR_UNSPEC_GROUP	ok
socket	Socket	::	INET6_ADDRSTRLEN	ok
socket	Socket	::	INET_ADDRSTRLEN	ok
socket	Socket	::	IPPORT_RESERVED	ok
socket	Socket	::	IPPORT_USERRESERVED	ok
socket	Socket	::	IPPROTO_AH	ok
socket	Socket	::	IPPROTO_BIP	no-method
socket	Socket	::	IPPROTO_DSTOPTS	ok
socket	Socket	::	IPPROTO_EGP	ok
socket	Socket	::	IPPROTO_EON	no-method
socket	Socket	::	IPPROTO_ESP	ok
socket	Socket	::	IPPROTO_FRAGMENT	ok
socket	Socket	::	IPPROTO_GGP	no-method
socket	Socket	::	IPPROTO_HELLO	no-method
socket	Socket	::	IPPROTO_HOPOPTS	ok
socket	Socket	::	IPPROTO_ICMP	ok
socket	Socket	::	IPPROTO_ICMPV6	ok
socket	Socket	::	IPPROTO_IDP	ok
socket	Socket	::	IPPROTO_IGMP	ok
socket	Socket	::	IPPROTO_IP	ok
socket	Socket	::	IPPROTO_IPV6	ok
socket	Socket	::	IPPROTO_MAX	no-method
socket	Socket	::	IPPROTO_ND	no-method
socket	Socket	::	IPPROTO_NONE	ok
socket	Socket	::	IPPROTO_PUP	ok
socket	Socket	::	IPPROTO_RAW	ok
socket	Socket	::	IPPROTO_ROUTING	ok
socket	Socket	::	IPPROTO_TCP	ok
socket	Socket	::	IPPROTO_TP	ok
socket	Socket	::	IPPROTO_UDP	ok
socket	Socket	::	IPPROTO_XTP	no-method
socket	Socket	::	IPV6_CHECKSUM	ok
socket	Socket	::	IPV6_DONTFRAG	ok
socket	Socket	::	IPV6_DSTOPTS	ok
socket	Socket	::	IPV6_HOPLIMIT	ok
socket	Socket	::	IPV6_HOPOPTS	ok
socket	Socket	::	IPV6_JOIN_GROUP	ok
socket	Socket	::	IPV6_LEAVE_GROUP	ok
socket	Socket	::	IPV6_MULTICAST_HOPS	ok
socket	Socket	::	IPV6_MULTICAST_IF	ok
socket	Socket	::	IPV6_MULTICAST_LOOP	ok
socket	Socket	::	IPV6_NEXTHOP	ok
socket	Socket	::	IPV6_PATHMTU	ok
socket	Socket	::	IPV6_PKTINFO	ok
socket	Socket	::	IPV6_RECVDSTOPTS	ok
socket	Socket	::	IPV6_RECVHOPLIMIT	ok
socket	Socket	::	IPV6_RECVHOPOPTS	ok
socket	Socket	::	IPV6_RECVPATHMTU	ok
socket	Socket	::	IPV6_RECVPKTINFO	ok
socket	Socket	::	IPV6_RECVRTHDR	ok
socket	Socket	::	IPV6_RECVTCLASS	ok
socket	Socket	::	IPV6_RTHDR	ok
socket	Socket	::	IPV6_RTHDRDSTOPTS	ok
socket	Socket	::	IPV6_RTHDR_TYPE_0	ok
socket	Socket	::	IPV6_TCLASS	ok
socket	Socket	::	IPV6_UNICAST_HOPS	ok
socket	Socket	::	IPV6_USE_MIN_MTU	no-method
socket	Socket	::	IPV6_V6ONLY	ok
socket	Socket	::	IPX_TYPE	no-method
socket	Socket	::	IP_ADD_MEMBERSHIP	ok
socket	Socket	::	IP_ADD_SOURCE_MEMBERSHIP	ok
socket	Socket	::	IP_BLOCK_SOURCE	ok
socket	Socket	::	IP_DEFAULT_MULTICAST_LOOP	ok
socket	Socket	::	IP_DEFAULT_MULTICAST_TTL	ok
socket	Socket	::	IP_DONTFRAG	no-method
socket	Socket	::	IP_DROP_MEMBERSHIP	ok
socket	Socket	::	IP_DROP_SOURCE_MEMBERSHIP	ok
socket	Socket	::	IP_FREEBIND	ok
socket	Socket	::	IP_HDRINCL	ok
socket	Socket	::	IP_IPSEC_POLICY	ok
socket	Socket	::	IP_MAX_MEMBERSHIPS	ok
socket	Socket	::	IP_MINTTL	ok
socket	Socket	::	IP_MSFILTER	ok
socket	Socket	::	IP_MTU	ok
socket	Socket	::	IP_MTU_DISCOVER	ok
socket	Socket	::	IP_MULTICAST_IF	ok
socket	Socket	::	IP_MULTICAST_LOOP	ok
socket	Socket	::	IP_MULTICAST_TTL	ok
socket	Socket	::	IP_ONESBCAST	no-method
socket	Socket	::	IP_OPTIONS	ok
socket	Socket	::	IP_PASSSEC	ok
socket	Socket	::	IP_PKTINFO	ok
socket	Socket	::	IP_PKTOPTIONS	ok
socket	Socket	::	IP_PMTUDISC_DO	ok
socket	Socket	::	IP_PMTUDISC_DONT	ok
socket	Socket	::	IP_PMTUDISC_WANT	ok
socket	Socket	::	IP_PORTRANGE	no-method
socket	Socket	::	IP_RECVDSTADDR	no-method
socket	Socket	::	IP_RECVERR	ok
socket	Socket	::	IP_RECVIF	no-method
socket	Socket	::	IP_RECVOPTS	ok
socket	Socket	::	IP_RECVRETOPTS	ok
socket	Socket	::	IP_RECVSLLA	no-method
socket	Socket	::	IP_RECVTOS	ok
socket	Socket	::	IP_RECVTTL	ok
socket	Socket	::	IP_RETOPTS	ok
socket	Socket	::	IP_ROUTER_ALERT	ok
socket	Socket	::	IP_SENDSRCADDR	no-method
socket	Socket	::	IP_TOS	ok
socket	Socket	::	IP_TTL	ok
socket	Socket	::	IP_UNBLOCK_SOURCE	ok
socket	Socket	::	IP_XFRM_POLICY	ok
socket	Socket	::	LOCAL_CONNWAIT	no-method
socket	Socket	::	LOCAL_CREDS	no-method
socket	Socket	::	LOCAL_PEERCRED	no-method
socket	Socket	::	MCAST_BLOCK_SOURCE	ok
socket	Socket	::	MCAST_EXCLUDE	ok
socket	Socket	::	MCAST_INCLUDE	ok
socket	Socket	::	MCAST_JOIN_GROUP	ok
socket	Socket	::	MCAST_JOIN_SOURCE_GROUP	ok
socket	Socket	::	MCAST_LEAVE_GROUP	ok
socket	Socket	::	MCAST_LEAVE_SOURCE_GROUP	ok
socket	Socket	::	MCAST_MSFILTER	ok
socket	Socket	::	MCAST_UNBLOCK_SOURCE	ok
socket	Socket	::	MSG_COMPAT	no-method
socket	Socket	::	MSG_CONFIRM	ok
socket	Socket	::	MSG_CTRUNC	ok
socket	Socket	::	MSG_DONTROUTE	ok
socket	Socket	::	MSG_DONTWAIT	ok
socket	Socket	::	MSG_EOF	no-method
socket	Socket	::	MSG_EOR	ok
socket	Socket	::	MSG_ERRQUEUE	ok
socket	Socket	::	MSG_FIN	ok
socket	Socket	::	MSG_FLUSH	no-method
socket	Socket	::	MSG_HAVEMORE	no-method
socket	Socket	::	MSG_HOLD	no-method
socket	Socket	::	MSG_MORE	ok
socket	Socket	::	MSG_NOSIGNAL	ok
socket	Socket	::	MSG_OOB	ok
socket	Socket	::	MSG_PEEK	ok
socket	Socket	::	MSG_PROXY	ok
socket	Socket	::	MSG_RCVMORE	no-method
socket	Socket	::	MSG_RST	ok
socket	Socket	::	MSG_SEND	no-method
socket	Socket	::	MSG_SYN	ok
socket	Socket	::	MSG_TRUNC	ok
socket	Socket	::	MSG_WAITALL	ok
socket	Socket	::	NI_DGRAM	ok
socket	Socket	::	NI_MAXHOST	ok
socket	Socket	::	NI_MAXSERV	ok
socket	Socket	::	NI_NAMEREQD	ok
socket	Socket	::	NI_NOFQDN	ok
socket	Socket	::	NI_NUMERICHOST	ok
socket	Socket	::	NI_NUMERICSERV	ok
socket	Socket	::	PF_KEY	ok
socket	Socket	::	PF_MAX	ok
socket	Socket	::	PF_PIP	no-method
socket	Socket	::	PF_RTIP	no-method
socket	Socket	::	PF_UNSPEC	ok
socket	Socket	::	PF_XTP	no-method
socket	Socket	::	SCM_BINTIME	no-method
socket	Socket	::	SCM_CREDENTIALS	ok
socket	Socket	::	SCM_CREDS	no-method
socket	Socket	::	SCM_RIGHTS	ok
socket	Socket	::	SCM_TIMESTAMP	ok
socket	Socket	::	SCM_TIMESTAMPNS	ok
socket	Socket	::	SCM_UCRED	no-method
socket	Socket	::	SHUT_RD	ok
socket	Socket	::	SHUT_RDWR	ok
socket	Socket	::	SHUT_WR	ok
socket	Socket	::	SOCK_DGRAM	ok
socket	Socket	::	SOCK_PACKET	ok
socket	Socket	::	SOCK_RAW	ok
socket	Socket	::	SOCK_RDM	ok
socket	Socket	::	SOCK_SEQPACKET	ok
socket	Socket	::	SOCK_STREAM	ok
socket	Socket	::	SOL_ATALK	no-method
socket	Socket	::	SOL_AX25	no-method
socket	Socket	::	SOL_IP	ok
socket	Socket	::	SOL_IPX	no-method
socket	Socket	::	SOL_SOCKET	ok
socket	Socket	::	SOL_TCP	ok
socket	Socket	::	SOL_UDP	ok
socket	Socket	::	SOMAXCONN	ok
socket	Socket	::	SOPRI_BACKGROUND	no-method
socket	Socket	::	SOPRI_INTERACTIVE	no-method
socket	Socket	::	SOPRI_NORMAL	no-method
socket	Socket	::	SO_ACCEPTCONN	ok
socket	Socket	::	SO_ACCEPTFILTER	no-method
socket	Socket	::	SO_ALLZONES	no-method
socket	Socket	::	SO_ATTACH_FILTER	ok
socket	Socket	::	SO_BINDTODEVICE	ok
socket	Socket	::	SO_BINTIME	no-method
socket	Socket	::	SO_BROADCAST	ok
socket	Socket	::	SO_DEBUG	ok
socket	Socket	::	SO_DETACH_FILTER	ok
socket	Socket	::	SO_DONTROUTE	ok
socket	Socket	::	SO_DONTTRUNC	no-method
socket	Socket	::	SO_ERROR	ok
socket	Socket	::	SO_KEEPALIVE	ok
socket	Socket	::	SO_LINGER	ok
socket	Socket	::	SO_MAC_EXEMPT	no-method
socket	Socket	::	SO_NKE	no-method
socket	Socket	::	SO_NOSIGPIPE	no-method
socket	Socket	::	SO_NO_CHECK	ok
socket	Socket	::	SO_NREAD	no-method
socket	Socket	::	SO_OOBINLINE	ok
socket	Socket	::	SO_PASSCRED	ok
socket	Socket	::	SO_PEERCRED	ok
socket	Socket	::	SO_PEERNAME	ok
socket	Socket	::	SO_PRIORITY	ok
socket	Socket	::	SO_RCVBUF	ok
socket	Socket	::	SO_RCVLOWAT	ok
socket	Socket	::	SO_RCVTIMEO	ok
socket	Socket	::	SO_RECVUCRED	no-method
socket	Socket	::	SO_REUSEADDR	ok
socket	Socket	::	SO_REUSEPORT	ok
socket	Socket	::	SO_SECURITY_AUTHENTICATION	ok
socket	Socket	::	SO_SECURITY_ENCRYPTION_NETWORK	ok
socket	Socket	::	SO_SECURITY_ENCRYPTION_TRANSPORT	ok
socket	Socket	::	SO_SNDBUF	ok
socket	Socket	::	SO_SNDLOWAT	ok
socket	Socket	::	SO_SNDTIMEO	ok
socket	Socket	::	SO_TIMESTAMP	ok
socket	Socket	::	SO_TIMESTAMPNS	ok
socket	Socket	::	SO_TYPE	ok
socket	Socket	::	SO_USELOOPBACK	no-method
socket	Socket	::	SO_WANTMORE	no-method
socket	Socket	::	SO_WANTOOBFLAG	no-method
socket	Socket	::	TCP_CORK	ok
socket	Socket	::	TCP_DEFER_ACCEPT	ok
socket	Socket	::	TCP_INFO	ok
socket	Socket	::	TCP_KEEPCNT	ok
socket	Socket	::	TCP_KEEPIDLE	ok
socket	Socket	::	TCP_KEEPINTVL	ok
socket	Socket	::	TCP_LINGER2	ok
socket	Socket	::	TCP_MAXSEG	ok
socket	Socket	::	TCP_MD5SIG	ok
socket	Socket	::	TCP_NODELAY	ok
socket	Socket	::	TCP_NOOPT	no-method
socket	Socket	::	TCP_NOPUSH	no-method
socket	Socket	::	TCP_QUICKACK	ok
socket	Socket	::	TCP_SYNCNT	ok
socket	Socket	::	TCP_WINDOW_CLAMP	ok
socket	Socket	::	UDP_CORK	ok
socket	Socket	#	accept	ok
socket	Socket	#	accept_nonblock	ok
socket	Socket	#	bind	ok
socket	Socket	#	connect	ok
socket	Socket	#	connect_nonblock	ok
socket	Socket	#	ipv6only!	ok
socket	Socket	#	listen	ok
socket	Socket	#	recvfrom	ok
socket	Socket	#	recvfrom_nonblock	ok
socket	Socket	#	sysaccept	ok
socket	Socket	.	accept_loop	ok
socket	Socket	.	getaddrinfo	ok
socket	Socket	.	gethostbyaddr	ok
socket	Socket	.	gethostbyname	ok
socket	Socket	.	gethostname	ok
socket	Socket	.	getifaddrs	ok
socket	Socket	.	getnameinfo	ok
socket	Socket	.	getservbyname	ok
socket	Socket	.	getservbyport	ok
socket	Socket	.	ip_address_list	ok
socket	Socket	.	new	ok
socket	Socket	.	open	ok
socket	Socket	.	pack_sockaddr_in	ok
socket	Socket	.	sockaddr_in	ok
socket	Socket	.	pack_sockaddr_un	ok
socket	Socket	.	sockaddr_un	ok
socket	Socket	.	pair	ok
socket	Socket	.	socketpair	ok
socket	Socket	.	tcp	ok
socket	Socket	.	tcp_server_loop	ok
socket	Socket	.	tcp_server_sockets	ok
socket	Socket	.	udp_server_loop	ok
socket	Socket	.	udp_server_loop_on	ok
socket	Socket	.	udp_server_recv	ok
socket	Socket	.	udp_server_sockets	ok
socket	Socket	.	unix	ok
socket	Socket	.	unix_server_loop	ok
socket	Socket	.	unix_server_socket	ok
socket	Socket	.	unpack_sockaddr_in	ok
socket	Socket	.	unpack_sockaddr_un	ok
socket	Socket::AncillaryData	#	cmsg_is?	ok
socket	Socket::AncillaryData	#	data	ok
socket	Socket::AncillaryData	#	family	ok
socket	Socket::AncillaryData	#	int	ok
socket	Socket::AncillaryData	#	ip_pktinfo	ok
socket	Socket::AncillaryData	#	ipv6_pktinfo	ok
socket	Socket::AncillaryData	#	ipv6_pktinfo_addr	ok
socket	Socket::AncillaryData	#	ipv6_pktinfo_ifindex	ok
socket	Socket::AncillaryData	#	level	ok
socket	Socket::AncillaryData	#	timestamp	ok
socket	Socket::AncillaryData	#	type	ok
socket	Socket::AncillaryData	#	unix_rights	ok
socket	Socket::AncillaryData	.	int	ok
socket	Socket::AncillaryData	.	ip_pktinfo	ok
socket	Socket::AncillaryData	.	ipv6_pktinfo	ok
socket	Socket::AncillaryData	.	new	ok
socket	Socket::AncillaryData	.	unix_rights	ok
socket	Socket::Constants	::	AF_APPLETALK	ok
socket	Socket::Constants	::	PF_APPLETALK	ok
socket	Socket::Constants	::	AF_ATM	no-method
socket	Socket::Constants	::	PF_ATM	no-method
socket	Socket::Constants	::	AF_AX25	ok
socket	Socket::Constants	::	PF_AX25	ok
socket	Socket::Constants	::	AF_CCITT	no-method
socket	Socket::Constants	::	PF_CCITT	no-method
socket	Socket::Constants	::	AF_CHAOS	no-method
socket	Socket::Constants	::	PF_CHAOS	no-method
socket	Socket::Constants	::	AF_CNT	no-method
socket	Socket::Constants	::	PF_CNT	no-method
socket	Socket::Constants	::	AF_COIP	no-method
socket	Socket::Constants	::	PF_COIP	no-method
socket	Socket::Constants	::	AF_DATAKIT	no-method
socket	Socket::Constants	::	PF_DATAKIT	no-method
socket	Socket::Constants	::	AF_DEC	no-method
socket	Socket::Constants	::	PF_DEC	no-method
socket	Socket::Constants	::	AF_DLI	no-method
socket	Socket::Constants	::	PF_DLI	no-method
socket	Socket::Constants	::	AF_E164	no-method
socket	Socket::Constants	::	AF_ECMA	no-method
socket	Socket::Constants	::	PF_ECMA	no-method
socket	Socket::Constants	::	AF_HYLINK	no-method
socket	Socket::Constants	::	PF_HYLINK	no-method
socket	Socket::Constants	::	AF_IMPLINK	no-method
socket	Socket::Constants	::	PF_IMPLINK	no-method
socket	Socket::Constants	::	AF_INET	ok
socket	Socket::Constants	::	PF_INET	ok
socket	Socket::Constants	::	AF_INET6	ok
socket	Socket::Constants	::	PF_INET6	ok
socket	Socket::Constants	::	AF_IPX	ok
socket	Socket::Constants	::	PF_IPX	ok
socket	Socket::Constants	::	AF_ISDN	ok
socket	Socket::Constants	::	PF_ISDN	ok
socket	Socket::Constants	::	AF_ISO	no-method
socket	Socket::Constants	::	AF_OSI	no-method
socket	Socket::Constants	::	PF_ISO	no-method
socket	Socket::Constants	::	PF_OSI	no-method
socket	Socket::Constants	::	AF_LAT	no-method
socket	Socket::Constants	::	PF_LAT	no-method
socket	Socket::Constants	::	AF_LINK	no-method
socket	Socket::Constants	::	PF_LINK	no-method
socket	Socket::Constants	::	AF_LOCAL	ok
socket	Socket::Constants	::	AF_UNIX	ok
socket	Socket::Constants	::	PF_LOCAL	ok
socket	Socket::Constants	::	PF_UNIX	ok
socket	Socket::Constants	::	AF_MAX	ok
socket	Socket::Constants	::	AF_NATM	no-method
socket	Socket::Constants	::	PF_NATM	no-method
socket	Socket::Constants	::	AF_NDRV	no-method
socket	Socket::Constants	::	PF_NDRV	no-method
socket	Socket::Constants	::	AF_NETBIOS	no-method
socket	Socket::Constants	::	PF_NETBIOS	no-method
socket	Socket::Constants	::	AF_NETGRAPH	no-method
socket	Socket::Constants	::	PF_NETGRAPH	no-method
socket	Socket::Constants	::	AF_NS	no-method
socket	Socket::Constants	::	PF_NS	no-method
socket	Socket::Constants	::	AF_PACKET	ok
socket	Socket::Constants	::	PF_PACKET	ok
socket	Socket::Constants	::	AF_PPP	no-method
socket	Socket::Constants	::	PF_PPP	no-method
socket	Socket::Constants	::	AF_PUP	no-method
socket	Socket::Constants	::	PF_PUP	no-method
socket	Socket::Constants	::	AF_ROUTE	ok
socket	Socket::Constants	::	PF_ROUTE	ok
socket	Socket::Constants	::	AF_SIP	no-method
socket	Socket::Constants	::	PF_SIP	no-method
socket	Socket::Constants	::	AF_SNA	ok
socket	Socket::Constants	::	PF_SNA	ok
socket	Socket::Constants	::	AF_SYSTEM	no-method
socket	Socket::Constants	::	PF_SYSTEM	no-method
socket	Socket::Constants	::	AF_UNSPEC	ok
socket	Socket::Constants	::	AI_ADDRCONFIG	ok
socket	Socket::Constants	::	AI_ALL	ok
socket	Socket::Constants	::	AI_CANONNAME	ok
socket	Socket::Constants	::	AI_DEFAULT	no-method
socket	Socket::Constants	::	AI_MASK	no-method
socket	Socket::Constants	::	AI_NUMERICHOST	ok
socket	Socket::Constants	::	AI_NUMERICSERV	ok
socket	Socket::Constants	::	AI_PASSIVE	ok
socket	Socket::Constants	::	AI_V4MAPPED	ok
socket	Socket::Constants	::	AI_V4MAPPED_CFG	no-method
socket	Socket::Constants	::	EAI_ADDRFAMILY	ok
socket	Socket::Constants	::	EAI_AGAIN	ok
socket	Socket::Constants	::	EAI_BADFLAGS	ok
socket	Socket::Constants	::	EAI_BADHINTS	no-method
socket	Socket::Constants	::	EAI_FAIL	ok
socket	Socket::Constants	::	EAI_FAMILY	ok
socket	Socket::Constants	::	EAI_MAX	no-method
socket	Socket::Constants	::	EAI_MEMORY	ok
socket	Socket::Constants	::	EAI_NODATA	ok
socket	Socket::Constants	::	EAI_NONAME	ok
socket	Socket::Constants	::	EAI_OVERFLOW	ok
socket	Socket::Constants	::	EAI_PROTOCOL	no-method
socket	Socket::Constants	::	EAI_SERVICE	ok
socket	Socket::Constants	::	EAI_SOCKTYPE	ok
socket	Socket::Constants	::	EAI_SYSTEM	ok
socket	Socket::Constants	::	IFF_802_1Q_VLAN	no-method
socket	Socket::Constants	::	IFF_ALLMULTI	ok
socket	Socket::Constants	::	IFF_ALTPHYS	no-method
socket	Socket::Constants	::	IFF_AUTOMEDIA	ok
socket	Socket::Constants	::	IFF_BONDING	no-method
socket	Socket::Constants	::	IFF_BRIDGE_PORT	no-method
socket	Socket::Constants	::	IFF_BROADCAST	ok
socket	Socket::Constants	::	IFF_CANTCHANGE	no-method
socket	Socket::Constants	::	IFF_CANTCONFIG	no-method
socket	Socket::Constants	::	IFF_DEBUG	ok
socket	Socket::Constants	::	IFF_DISABLE_NETPOLL	no-method
socket	Socket::Constants	::	IFF_DONT_BRIDGE	no-method
socket	Socket::Constants	::	IFF_DORMANT	no-method
socket	Socket::Constants	::	IFF_DRV_OACTIVE	no-method
socket	Socket::Constants	::	IFF_DRV_RUNNING	no-method
socket	Socket::Constants	::	IFF_DYING	no-method
socket	Socket::Constants	::	IFF_DYNAMIC	ok
socket	Socket::Constants	::	IFF_EBRIDGE	no-method
socket	Socket::Constants	::	IFF_ECHO	no-method
socket	Socket::Constants	::	IFF_ISATAP	no-method
socket	Socket::Constants	::	IFF_LINK0	no-method
socket	Socket::Constants	::	IFF_LINK1	no-method
socket	Socket::Constants	::	IFF_LINK2	no-method
socket	Socket::Constants	::	IFF_LIVE_ADDR_CHANGE	no-method
socket	Socket::Constants	::	IFF_LOOPBACK	ok
socket	Socket::Constants	::	IFF_LOWER_UP	no-method
socket	Socket::Constants	::	IFF_MACVLAN_PORT	no-method
socket	Socket::Constants	::	IFF_MASTER	ok
socket	Socket::Constants	::	IFF_MASTER_8023AD	no-method
socket	Socket::Constants	::	IFF_MASTER_ALB	no-method
socket	Socket::Constants	::	IFF_MASTER_ARPMON	no-method
socket	Socket::Constants	::	IFF_MONITOR	no-method
socket	Socket::Constants	::	IFF_MULTICAST	ok
socket	Socket::Constants	::	IFF_NOARP	ok
socket	Socket::Constants	::	IFF_NOTRAILERS	ok
socket	Socket::Constants	::	IFF_OACTIVE	no-method
socket	Socket::Constants	::	IFF_OVS_DATAPATH	no-method
socket	Socket::Constants	::	IFF_POINTOPOINT	ok
socket	Socket::Constants	::	IFF_PORTSEL	ok
socket	Socket::Constants	::	IFF_PPROMISC	no-method
socket	Socket::Constants	::	IFF_PROMISC	ok
socket	Socket::Constants	::	IFF_RENAMING	no-method
socket	Socket::Constants	::	IFF_ROUTE	no-method
socket	Socket::Constants	::	IFF_RUNNING	ok
socket	Socket::Constants	::	IFF_SIMPLEX	no-method
socket	Socket::Constants	::	IFF_SLAVE	ok
socket	Socket::Constants	::	IFF_SLAVE_INACTIVE	no-method
socket	Socket::Constants	::	IFF_SLAVE_NEEDARP	no-method
socket	Socket::Constants	::	IFF_SMART	no-method
socket	Socket::Constants	::	IFF_STATICARP	no-method
socket	Socket::Constants	::	IFF_SUPP_NOFCS	no-method
socket	Socket::Constants	::	IFF_TEAM_PORT	no-method
socket	Socket::Constants	::	IFF_TX_SKB_SHARING	no-method
socket	Socket::Constants	::	IFF_UNICAST_FLT	no-method
socket	Socket::Constants	::	IFF_UP	ok
socket	Socket::Constants	::	IFF_VOLATILE	no-method
socket	Socket::Constants	::	IFF_WAN_HDLC	no-method
socket	Socket::Constants	::	IFF_XMIT_DST_RELEASE	no-method
socket	Socket::Constants	::	IFNAMSIZ	ok
socket	Socket::Constants	::	IF_NAMESIZE	ok
socket	Socket::Constants	::	INADDR_ALLHOSTS_GROUP	ok
socket	Socket::Constants	::	INADDR_ANY	ok
socket	Socket::Constants	::	INADDR_BROADCAST	ok
socket	Socket::Constants	::	INADDR_LOOPBACK	ok
socket	Socket::Constants	::	INADDR_MAX_LOCAL_GROUP	ok
socket	Socket::Constants	::	INADDR_NONE	ok
socket	Socket::Constants	::	INADDR_UNSPEC_GROUP	ok
socket	Socket::Constants	::	INET6_ADDRSTRLEN	ok
socket	Socket::Constants	::	INET_ADDRSTRLEN	ok
socket	Socket::Constants	::	IPPORT_RESERVED	ok
socket	Socket::Constants	::	IPPORT_USERRESERVED	ok
socket	Socket::Constants	::	IPPROTO_AH	ok
socket	Socket::Constants	::	IPPROTO_BIP	no-method
socket	Socket::Constants	::	IPPROTO_DSTOPTS	ok
socket	Socket::Constants	::	IPPROTO_EGP	ok
socket	Socket::Constants	::	IPPROTO_EON	no-method
socket	Socket::Constants	::	IPPROTO_ESP	ok
socket	Socket::Constants	::	IPPROTO_FRAGMENT	ok
socket	Socket::Constants	::	IPPROTO_GGP	no-method
socket	Socket::Constants	::	IPPROTO_HELLO	no-method
socket	Socket::Constants	::	IPPROTO_HOPOPTS	ok
socket	Socket::Constants	::	IPPROTO_ICMP	ok
socket	Socket::Constants	::	IPPROTO_ICMPV6	ok
socket	Socket::Constants	::	IPPROTO_IDP	ok
socket	Socket::Constants	::	IPPROTO_IGMP	ok
socket	Socket::Constants	::	IPPROTO_IP	ok
socket	Socket::Constants	::	IPPROTO_IPV6	ok
socket	Socket::Constants	::	IPPROTO_MAX	no-method
socket	Socket::Constants	::	IPPROTO_ND	no-method
socket	Socket::Constants	::	IPPROTO_NONE	ok
socket	Socket::Constants	::	IPPROTO_PUP	ok
socket	Socket::Constants	::	IPPROTO_RAW	ok
socket	Socket::Constants	::	IPPROTO_ROUTING	ok
socket	Socket::Constants	::	IPPROTO_TCP	ok
socket	Socket::Constants	::	IPPROTO_TP	ok
socket	Socket::Constants	::	IPPROTO_UDP	ok
socket	Socket::Constants	::	IPPROTO_XTP	no-method
socket	Socket::Constants	::	IPV6_CHECKSUM	ok
socket	Socket::Constants	::	IPV6_DONTFRAG	ok
socket	Socket::Constants	::	IPV6_DSTOPTS	ok
socket	Socket::Constants	::	IPV6_HOPLIMIT	ok
socket	Socket::Constants	::	IPV6_HOPOPTS	ok
socket	Socket::Constants	::	IPV6_JOIN_GROUP	ok
socket	Socket::Constants	::	IPV6_LEAVE_GROUP	ok
socket	Socket::Constants	::	IPV6_MULTICAST_HOPS	ok
socket	Socket::Constants	::	IPV6_MULTICAST_IF	ok
socket	Socket::Constants	::	IPV6_MULTICAST_LOOP	ok
socket	Socket::Constants	::	IPV6_NEXTHOP	ok
socket	Socket::Constants	::	IPV6_PATHMTU	ok
socket	Socket::Constants	::	IPV6_PKTINFO	ok
socket	Socket::Constants	::	IPV6_RECVDSTOPTS	ok
socket	Socket::Constants	::	IPV6_RECVHOPLIMIT	ok
socket	Socket::Constants	::	IPV6_RECVHOPOPTS	ok
socket	Socket::Constants	::	IPV6_RECVPATHMTU	ok
socket	Socket::Constants	::	IPV6_RECVPKTINFO	ok
socket	Socket::Constants	::	IPV6_RECVRTHDR	ok
socket	Socket::Constants	::	IPV6_RECVTCLASS	ok
socket	Socket::Constants	::	IPV6_RTHDR	ok
socket	Socket::Constants	::	IPV6_RTHDRDSTOPTS	ok
socket	Socket::Constants	::	IPV6_RTHDR_TYPE_0	ok
socket	Socket::Constants	::	IPV6_TCLASS	ok
socket	Socket::Constants	::	IPV6_UNICAST_HOPS	ok
socket	Socket::Constants	::	IPV6_USE_MIN_MTU	no-method
socket	Socket::Constants	::	IPV6_V6ONLY	ok
socket	Socket::Constants	::	IPX_TYPE	no-method
socket	Socket::Constants	::	IP_ADD_MEMBERSHIP	ok
socket	Socket::Constants	::	IP_ADD_SOURCE_MEMBERSHIP	ok
socket	Socket::Constants	::	IP_BLOCK_SOURCE	ok
socket	Socket::Constants	::	IP_DEFAULT_MULTICAST_LOOP	ok
socket	Socket::Constants	::	IP_DEFAULT_MULTICAST_TTL	ok
socket	Socket::Constants	::	IP_DONTFRAG	no-method
socket	Socket::Constants	::	IP_DROP_MEMBERSHIP	ok
socket	Socket::Constants	::	IP_DROP_SOURCE_MEMBERSHIP	ok
socket	Socket::Constants	::	IP_FREEBIND	ok
socket	Socket::Constants	::	IP_HDRINCL	ok
socket	Socket::Constants	::	IP_IPSEC_POLICY	ok
socket	Socket::Constants	::	IP_MAX_MEMBERSHIPS	ok
socket	Socket::Constants	::	IP_MINTTL	ok
socket	Socket::Constants	::	IP_MSFILTER	ok
socket	Socket::Constants	::	IP_MTU	ok
socket	Socket::Constants	::	IP_MTU_DISCOVER	ok
socket	Socket::Constants	::	IP_MULTICAST_IF	ok
socket	Socket::Constants	::	IP_MULTICAST_LOOP	ok
socket	Socket::Constants	::	IP_MULTICAST_TTL	ok
socket	Socket::Constants	::	IP_ONESBCAST	no-method
socket	Socket::Constants	::	IP_OPTIONS	ok
socket	Socket::Constants	::	IP_PASSSEC	ok
socket	Socket::Constants	::	IP_PKTINFO	ok
socket	Socket::Constants	::	IP_PKTOPTIONS	ok
socket	Socket::Constants	::	IP_PMTUDISC_DO	ok
socket	Socket::Constants	::	IP_PMTUDISC_DONT	ok
socket	Socket::Constants	::	IP_PMTUDISC_WANT	ok
socket	Socket::Constants	::	IP_PORTRANGE	no-method
socket	Socket::Constants	::	IP_RECVDSTADDR	no-method
socket	Socket::Constants	::	IP_RECVERR	ok
socket	Socket::Constants	::	IP_RECVIF	no-method
socket	Socket::Constants	::	IP_RECVOPTS	ok
socket	Socket::Constants	::	IP_RECVRETOPTS	ok
socket	Socket::Constants	::	IP_RECVSLLA	no-method
socket	Socket::Constants	::	IP_RECVTOS	ok
socket	Socket::Constants	::	IP_RECVTTL	ok
socket	Socket::Constants	::	IP_RETOPTS	ok
socket	Socket::Constants	::	IP_ROUTER_ALERT	ok
socket	Socket::Constants	::	IP_SENDSRCADDR	no-method
socket	Socket::Constants	::	IP_TOS	ok
socket	Socket::Constants	::	IP_TTL	ok
socket	Socket::Constants	::	IP_UNBLOCK_SOURCE	ok
socket	Socket::Constants	::	IP_XFRM_POLICY	ok
socket	Socket::Constants	::	LOCAL_CONNWAIT	no-method
socket	Socket::Constants	::	LOCAL_CREDS	no-method
socket	Socket::Constants	::	LOCAL_PEERCRED	no-method
socket	Socket::Constants	::	MCAST_BLOCK_SOURCE	ok
socket	Socket::Constants	::	MCAST_EXCLUDE	ok
socket	Socket::Constants	::	MCAST_INCLUDE	ok
socket	Socket::Constants	::	MCAST_JOIN_GROUP	ok
socket	Socket::Constants	::	MCAST_JOIN_SOURCE_GROUP	ok
socket	Socket::Constants	::	MCAST_LEAVE_GROUP	ok
socket	Socket::Constants	::	MCAST_LEAVE_SOURCE_GROUP	ok
socket	Socket::Constants	::	MCAST_MSFILTER	ok
socket	Socket::Constants	::	MCAST_UNBLOCK_SOURCE	ok
socket	Socket::Constants	::	MSG_COMPAT	no-method
socket	Socket::Constants	::	MSG_CONFIRM	ok
socket	Socket::Constants	::	MSG_CTRUNC	ok
socket	Socket::Constants	::	MSG_DONTROUTE	ok
socket	Socket::Constants	::	MSG_DONTWAIT	ok
socket	Socket::Constants	::	MSG_EOF	no-method
socket	Socket::Constants	::	MSG_EOR	ok
socket	Socket::Constants	::	MSG_ERRQUEUE	ok
socket	Socket::Constants	::	MSG_FIN	ok
socket	Socket::Constants	::	MSG_FLUSH	no-method
socket	Socket::Constants	::	MSG_HAVEMORE	no-method
socket	Socket::Constants	::	MSG_HOLD	no-method
socket	Socket::Constants	::	MSG_MORE	ok
socket	Socket::Constants	::	MSG_NOSIGNAL	ok
socket	Socket::Constants	::	MSG_OOB	ok
socket	Socket::Constants	::	MSG_PEEK	ok
socket	Socket::Constants	::	MSG_PROXY	ok
socket	Socket::Constants	::	MSG_RCVMORE	no-method
socket	Socket::Constants	::	MSG_RST	ok
socket	Socket::Constants	::	MSG_SEND	no-method
socket	Socket::Constants	::	MSG_SYN	ok
socket	Socket::Constants	::	MSG_TRUNC	ok
socket	Socket::Constants	::	MSG_WAITALL	ok
socket	Socket::Constants	::	NI_DGRAM	ok
socket	Socket::Constants	::	NI_MAXHOST	ok
socket	Socket::Constants	::	NI_MAXSERV	ok
socket	Socket::Constants	::	NI_NAMEREQD	ok
socket	Socket::Constants	::	NI_NOFQDN	ok
socket	Socket::Constants	::	NI_NUMERICHOST	ok
socket	Socket::Constants	::	NI_NUMERICSERV	ok
socket	Socket::Constants	::	PF_KEY	ok
socket	Socket::Constants	::	PF_MAX	ok
socket	Socket::Constants	::	PF_PIP	no-method
socket	Socket::Constants	::	PF_RTIP	no-method
socket	Socket::Constants	::	PF_UNSPEC	ok
socket	Socket::Constants	::	PF_XTP	no-method
socket	Socket::Constants	::	SCM_BINTIME	no-method
socket	Socket::Constants	::	SCM_CREDENTIALS	ok
socket	Socket::Constants	::	SCM_CREDS	no-method
socket	Socket::Constants	::	SCM_RIGHTS	ok
socket	Socket::Constants	::	SCM_TIMESTAMP	ok
socket	Socket::Constants	::	SCM_TIMESTAMPNS	ok
socket	Socket::Constants	::	SCM_UCRED	no-method
socket	Socket::Constants	::	SHUT_RD	ok
socket	Socket::Constants	::	SHUT_RDWR	ok
socket	Socket::Constants	::	SHUT_WR	ok
socket	Socket::Constants	::	SOCK_DGRAM	ok
socket	Socket::Constants	::	SOCK_PACKET	ok
socket	Socket::Constants	::	SOCK_RAW	ok
socket	Socket::Constants	::	SOCK_RDM	ok
socket	Socket::Constants	::	SOCK_SEQPACKET	ok
socket	Socket::Constants	::	SOCK_STREAM	ok
socket	Socket::Constants	::	SOL_ATALK	no-method
socket	Socket::Constants	::	SOL_AX25	no-method
socket	Socket::Constants	::	SOL_IP	ok
socket	Socket::Constants	::	SOL_IPX	no-method
socket	Socket::Constants	::	SOL_SOCKET	ok
socket	Socket::Constants	::	SOL_TCP	ok
socket	Socket::Constants	::	SOL_UDP	ok
socket	Socket::Constants	::	SOMAXCONN	ok
socket	Socket::Constants	::	SOPRI_BACKGROUND	no-method
socket	Socket::Constants	::	SOPRI_INTERACTIVE	no-method
socket	Socket::Constants	::	SOPRI_NORMAL	no-method
socket	Socket::Constants	::	SO_ACCEPTCONN	ok
socket	Socket::Constants	::	SO_ACCEPTFILTER	no-method
socket	Socket::Constants	::	SO_ALLZONES	no-method
socket	Socket::Constants	::	SO_ATTACH_FILTER	ok
socket	Socket::Constants	::	SO_BINDTODEVICE	ok
socket	Socket::Constants	::	SO_BINTIME	no-method
socket	Socket::Constants	::	SO_BROADCAST	ok
socket	Socket::Constants	::	SO_DEBUG	ok
socket	Socket::Constants	::	SO_DETACH_FILTER	ok
socket	Socket::Constants	::	SO_DONTROUTE	ok
socket	Socket::Constants	::	SO_DONTTRUNC	no-method
socket	Socket::Constants	::	SO_ERROR	ok
socket	Socket::Constants	::	SO_KEEPALIVE	ok
socket	Socket::Constants	::	SO_LINGER	ok
socket	Socket::Constants	::	SO_MAC_EXEMPT	no-method
socket	Socket::Constants	::	SO_NKE	no-method
socket	Socket::Constants	::	SO_NOSIGPIPE	no-method
socket	Socket::Constants	::	SO_NO_CHECK	ok
socket	Socket::Constants	::	SO_NREAD	no-method
socket	Socket::Constants	::	SO_OOBINLINE	ok
socket	Socket::Constants	::	SO_PASSCRED	ok
socket	Socket::Constants	::	SO_PEERCRED	ok
socket	Socket::Constants	::	SO_PEERNAME	ok
socket	Socket::Constants	::	SO_PRIORITY	ok
socket	Socket::Constants	::	SO_RCVBUF	ok
socket	Socket::Constants	::	SO_RCVLOWAT	ok
socket	Socket::Constants	::	SO_RCVTIMEO	ok
socket	Socket::Constants	::	SO_RECVUCRED	no-method
socket	Socket::Constants	::	SO_REUSEADDR	ok
socket	Socket::Constants	::	SO_REUSEPORT	ok
socket	Socket::Constants	::	SO_SECURITY_AUTHENTICATION	ok
socket	Socket::Constants	::	SO_SECURITY_ENCRYPTION_NETWORK	ok
socket	Socket::Constants	::	SO_SECURITY_ENCRYPTION_TRANSPORT	ok
socket	Socket::Constants	::	SO_SNDBUF	ok
socket	Socket::Constants	::	SO_SNDLOWAT	ok
socket	Socket::Constants	::	SO_SNDTIMEO	ok
socket	Socket::Constants	::	SO_TIMESTAMP	ok
socket	Socket::Constants	::	SO_TIMESTAMPNS	ok
socket	Socket::Constants	::	SO_TYPE	ok
socket	Socket::Constants	::	SO_USELOOPBACK	no-method
socket	Socket::Constants	::	SO_WANTMORE	no-method
socket	Socket::Constants	::	SO_WANTOOBFLAG	no-method
socket	Socket::Constants	::	TCP_CORK	ok
socket	Socket::Constants	::	TCP_DEFER_ACCEPT	ok
socket	Socket::Constants	::	TCP_INFO	ok
socket	Socket::Constants	::	TCP_KEEPCNT	ok
socket	Socket::Constants	::	TCP_KEEPIDLE	ok
socket	Socket::Constants	::	TCP_KEEPINTVL	ok
socket	Socket::Constants	::	TCP_LINGER2	ok
socket	Socket::Constants	::	TCP_MAXSEG	ok
socket	Socket::Constants	::	TCP_MD5SIG	ok
socket	Socket::Constants	::	TCP_NODELAY	ok
socket	Socket::Constants	::	TCP_NOOPT	no-method
socket	Socket::Constants	::	TCP_NOPUSH	no-method
socket	Socket::Constants	::	TCP_QUICKACK	ok
socket	Socket::Constants	::	TCP_SYNCNT	ok
socket	Socket::Constants	::	TCP_WINDOW_CLAMP	ok
socket	Socket::Constants	::	UDP_CORK	ok
socket	Socket::Ifaddr	#	addr	ok
socket	Socket::Ifaddr	#	broadaddr	ok
socket	Socket::Ifaddr	#	dstaddr	ok
socket	Socket::Ifaddr	#	flags	ok
socket	Socket::Ifaddr	#	ifindex	ok
socket	Socket::Ifaddr	#	inspect	ok
socket	Socket::Ifaddr	#	name	ok
socket	Socket::Ifaddr	#	netmask	ok
socket	Socket::Ifaddr	#	vhid	no-method
socket	Socket::Option	#	bool	ok
socket	Socket::Option	#	data	ok
socket	Socket::Option	#	to_s	ok
socket	Socket::Option	#	family	ok
socket	Socket::Option	#	int	ok
socket	Socket::Option	#	level	ok
socket	Socket::Option	#	linger	ok
socket	Socket::Option	#	optname	ok
socket	Socket::Option	#	unpack	ok
socket	Socket::Option	.	bool	ok
socket	Socket::Option	.	int	ok
socket	Socket::Option	.	linger	ok
socket	Socket::Option	.	new	ok
socket	Socket::UDPSource	#	local_address	ok
socket	Socket::UDPSource	#	remote_address	ok
socket	Socket::UDPSource	#	reply	ok
socket	Socket::UDPSource	.	new	ok
socket	TCPServer	#	accept	ok
socket	TCPServer	#	accept_nonblock	ok
socket	TCPServer	#	listen	ok
socket	TCPServer	#	sysaccept	ok
socket	TCPServer	.	new	ok
socket	TCPServer	.	open	ok
socket	TCPSocket	.	gethostbyname	ok
socket	TCPSocket	.	new	ok
socket	TCPSocket	.	open	ok
socket	UDPSocket	#	bind	ok
socket	UDPSocket	#	connect	ok
socket	UDPSocket	#	recvfrom_nonblock	ok
socket	UDPSocket	#	send	ok
socket	UDPSocket	.	new	ok
socket	UDPSocket	.	open	ok
socket	UNIXServer	#	accept	ok
socket	UNIXServer	#	accept_nonblock	ok
socket	UNIXServer	#	listen	ok
socket	UNIXServer	#	sysaccept	ok
socket	UNIXServer	.	new	ok
socket	UNIXServer	.	open	ok
socket	UNIXSocket	#	addr	ok
socket	UNIXSocket	#	path	ok
socket	UNIXSocket	#	peeraddr	ok
socket	UNIXSocket	#	recv_io	ok
socket	UNIXSocket	#	recvfrom	ok
socket	UNIXSocket	#	send_io	ok
socket	UNIXSocket	.	new	ok
socket	UNIXSocket	.	open	ok
socket	UNIXSocket	.	pair	ok
socket	UNIXSocket	.	socketpair	ok
stringio	StringIO	#	<<	ok
stringio	StringIO	#	binmode	ok
stringio	StringIO	#	close	ok
stringio	StringIO	#	close_read	ok
stringio	StringIO	#	close_write	ok
stringio	StringIO	#	closed?	ok
stringio	StringIO	#	closed_read?	ok
stringio	StringIO	#	closed_write?	ok
stringio	StringIO	#	each	ok
stringio	StringIO	#	each_line	ok
stringio	StringIO	#	each_byte	ok
stringio	StringIO	#	each_char	ok
stringio	StringIO	#	each_codepoint	ok
stringio	StringIO	#	eof	ok
stringio	StringIO	#	eof?	ok
stringio	StringIO	#	external_encoding	ok
stringio	StringIO	#	fcntl	ok
stringio	StringIO	#	fileno	ok
stringio	StringIO	#	flush	ok
stringio	StringIO	#	fsync	ok
stringio	StringIO	#	getbyte	ok
stringio	StringIO	#	getc	ok
stringio	StringIO	#	gets	ok
stringio	StringIO	#	internal_encoding	ok
stringio	StringIO	#	isatty	ok
stringio	StringIO	#	length	ok
stringio	StringIO	#	size	ok
stringio	StringIO	#	lineno	ok
stringio	StringIO	#	lineno=	ok
stringio	StringIO	#	pid	ok
stringio	StringIO	#	pos	ok
stringio	StringIO	#	tell	ok
stringio	StringIO	#	pos=	ok
stringio	StringIO	#	print	ok
stringio	StringIO	#	printf	ok
stringio	StringIO	#	putc	ok
stringio	StringIO	#	puts	ok
stringio	StringIO	#	read	ok
stringio	StringIO	#	read_nonblock	ok
stringio	StringIO	#	readbyte	ok
stringio	StringIO	#	readchar	ok
stringio	StringIO	#	readline	ok
stringio	StringIO	#	readlines	ok
stringio	StringIO	#	readpartial	ok
stringio	StringIO	#	sysread	ok
stringio	StringIO	#	reopen	ok
stringio	StringIO	#	rewind	ok
stringio	StringIO	#	seek	ok
stringio	StringIO	#	set_encoding	ok
stringio	StringIO	#	string	ok
stringio	StringIO	#	string=	ok
stringio	StringIO	#	sync	ok
stringio	StringIO	#	sync=	ok
stringio	StringIO	#	syswrite	ok
stringio	StringIO	#	write_nonblock	ok
stringio	StringIO	#	truncate	ok
stringio	StringIO	#	tty?	ok
stringio	StringIO	#	ungetbyte	ok
stringio	StringIO	#	ungetc	ok
stringio	StringIO	#	write	ok
stringio	StringIO	.	new	ok
stringio	StringIO	.	open	ok
strscan	StringScanner	::	Id	ok
strscan	StringScanner	::	Version	ok
strscan	StringScanner	#	<<	ok
strscan	StringScanner	#	concat	ok
strscan	StringScanner	#	[]	ok
strscan	StringScanner	#	beginning_of_line?	ok
strscan	StringScanner	#	bol?	ok
strscan	StringScanner	#	charpos	ok
strscan	StringScanner	#	check	ok
strscan	StringScanner	#	check_until	ok
strscan	StringScanner	#	clear	ok
strscan	StringScanner	#	terminate	ok
strscan	StringScanner	#	empty?	ok
strscan	StringScanner	#	eos?	ok
strscan	StringScanner	#	exist?	ok
strscan	StringScanner	#	get_byte	ok
strscan	StringScanner	#	getbyte	ok
strscan	StringScanner	#	getch	ok
strscan	StringScanner	#	inspect	ok
strscan	StringScanner	#	match?	ok
strscan	StringScanner	#	matched	ok
strscan	StringScanner	#	matched?	ok
strscan	StringScanner	#	matched_size	ok
strscan	StringScanner	#	matchedsize	no-method
strscan	StringScanner	#	peek	ok
strscan	StringScanner	#	peep	ok
strscan	StringScanner	#	pointer	ok
strscan	StringScanner	#	pos	ok
strscan	StringScanner	#	pointer=	ok
strscan	StringScanner	#	pos=	ok
strscan	StringScanner	#	post_match	ok
strscan	StringScanner	#	pre_match	ok
strscan	StringScanner	#	reset	ok
strscan	StringScanner	#	rest	ok
strscan	StringScanner	#	rest?	ok
strscan	StringScanner	#	rest_size	ok
strscan	StringScanner	#	restsize	ok
strscan	StringScanner	#	scan	ok
strscan	StringScanner	#	scan_full	ok
strscan	StringScanner	#	scan_until	ok
strscan	StringScanner	#	search_full	ok
strscan	StringScanner	#	skip	ok
strscan	StringScanner	#	skip_until	ok
strscan	StringScanner	#	string	ok
strscan	StringScanner	#	string=	ok
strscan	StringScanner	#	unscan	ok
strscan	StringScanner	.	must_C_version	ok
strscan	StringScanner	.	new	ok
syslog	Syslog	.#	alert	ok
syslog	Syslog	.#	crit	ok
syslog	Syslog	.#	debug	ok
syslog	Syslog	.#	emerg	ok
syslog	Syslog	.#	err	ok
syslog	Syslog	.#	info	ok
syslog	Syslog	.#	notice	ok
syslog	Syslog	.#	warning	ok
syslog	Syslog	.#	close	ok
syslog	Syslog	.#	facility	ok
syslog	Syslog	.#	ident	ok
syslog	Syslog	.#	options	ok
syslog	Syslog	.#	instance	ok
syslog	Syslog	.#	log	ok
syslog	Syslog	.#	mask	ok
syslog	Syslog	.#	mask=	ok
syslog	Syslog	.#	open	ok
syslog	Syslog	.#	open!	ok
syslog	Syslog	.#	reopen	ok
syslog	Syslog	.#	opened?	ok
syslog	Syslog::Facility	::	LOG_AUTH	ok
syslog	Syslog::Facility	::	LOG_AUTHPRIV	ok
syslog	Syslog::Facility	::	LOG_CONSOLE	no-method
syslog	Syslog::Facility	::	LOG_CRON	ok
syslog	Syslog::Facility	::	LOG_DAEMON	ok
syslog	Syslog::Facility	::	LOG_FTP	ok
syslog	Syslog::Facility	::	LOG_KERN	ok
syslog	Syslog::Facility	::	LOG_LOCAL0	ok
syslog	Syslog::Facility	::	LOG_LOCAL1	ok
syslog	Syslog::Facility	::	LOG_LOCAL2	ok
syslog	Syslog::Facility	::	LOG_LOCAL3	ok
syslog	Syslog::Facility	::	LOG_LOCAL4	ok
syslog	Syslog::Facility	::	LOG_LOCAL5	ok
syslog	Syslog::Facility	::	LOG_LOCAL6	ok
syslog	Syslog::Facility	::	LOG_LOCAL7	ok
syslog	Syslog::Facility	::	LOG_LPR	ok
syslog	Syslog::Facility	::	LOG_MAIL	ok
syslog	Syslog::Facility	::	LOG_NEWS	ok
syslog	Syslog::Facility	::	LOG_NTP	no-method
syslog	Syslog::Facility	::	LOG_SECURITY	no-method
syslog	Syslog::Facility	::	LOG_SYSLOG	ok
syslog	Syslog::Facility	::	LOG_USER	ok
syslog	Syslog::Facility	::	LOG_UUCP	ok
syslog	Syslog::Level	::	LOG_ALERT	ok
syslog	Syslog::Level	::	LOG_CRIT	ok
syslog	Syslog::Level	::	LOG_DEBUG	ok
syslog	Syslog::Level	::	LOG_EMERG	ok
syslog	Syslog::Level	::	LOG_ERR	ok
syslog	Syslog::Level	::	LOG_INFO	ok
syslog	Syslog::Level	::	LOG_NOTICE	ok
syslog	Syslog::Level	::	LOG_WARNING	ok
syslog	Syslog::Macros	.#	LOG_MASK	ok
syslog	Syslog::Macros	.#	LOG_UPTO	ok
syslog	Syslog::Option	::	LOG_CONS	ok
syslog	Syslog::Option	::	LOG_NDELAY	ok
syslog	Syslog::Option	::	LOG_NOWAIT	ok
syslog	Syslog::Option	::	LOG_ODELAY	ok
syslog	Syslog::Option	::	LOG_PERROR	ok
syslog	Syslog::Option	::	LOG_PID	ok
syslog/logger	Syslog::Logger	::	LEVEL_MAP	ok
syslog/logger	Syslog::Logger	::	VERSION	ok
syslog/logger	Syslog::Logger	#	add	ok
syslog/logger	Syslog::Logger	#	debug	ok
syslog/logger	Syslog::Logger	#	debug?	ok
syslog/logger	Syslog::Logger	#	error	ok
syslog/logger	Syslog::Logger	#	error?	ok
syslog/logger	Syslog::Logger	#	fatal	ok
syslog/logger	Syslog::Logger	#	fatal?	ok
syslog/logger	Syslog::Logger	#	formatter	ok
syslog/logger	Syslog::Logger	#	formatter=	ok
syslog/logger	Syslog::Logger	#	info	ok
syslog/logger	Syslog::Logger	#	info?	ok
syslog/logger	Syslog::Logger	#	level	ok
syslog/logger	Syslog::Logger	#	level=	ok
syslog/logger	Syslog::Logger	#	unknown	ok
syslog/logger	Syslog::Logger	#	unknown?	ok
syslog/logger	Syslog::Logger	#	warn	ok
syslog/logger	Syslog::Logger	#	warn?	ok
syslog/logger	Syslog::Logger	.	make_methods	ok
syslog/logger	Syslog::Logger	.	new	ok
syslog/logger	Syslog::Logger	.	syslog	ok
syslog/logger	Syslog::Logger	.	syslog=	ok
syslog/logger	Syslog::Logger::Formatter	#	call	ok
tempfile	Tempfile	#	close	ok
tempfile	Tempfile	#	close!	ok
tempfile	Tempfile	#	delete	ok
tempfile	Tempfile	#	unlink	ok
tempfile	Tempfile	#	length	ok
tempfile	Tempfile	#	size	ok
tempfile	Tempfile	#	open	ok
tempfile	Tempfile	#	path	ok
tempfile	Tempfile	.	create	ok
tempfile	Tempfile	.	new	ok
tempfile	Tempfile	.	open	ok
time	Time	#	httpdate	ok
time	Time	#	iso8601	ok
time	Time	#	xmlschema	ok
time	Time	#	rfc2822	ok
time	Time	#	rfc822	ok
time	Time	.	httpdate	ok
time	Time	.	iso8601	ok
time	Time	.	xmlschema	ok
time	Time	.	parse	ok
time	Time	.	rfc2822	ok
time	Time	.	rfc822	ok
time	Time	.	strptime	ok
timeout	Kernel	#	timeout	ok
timeout	Timeout	.#	timeout	ok
tmpdir	Dir	.	mktmpdir	ok
tmpdir	Dir	.	tmpdir	ok
tracer	Tracer	::	EVENT_SYMBOL	ok
tracer	Tracer	::	Single	ok
tracer	Tracer	#	add_filter	ok
tracer	Tracer	#	get_line	ok
tracer	Tracer	#	get_thread_no	ok
tracer	Tracer	#	off	ok
tracer	Tracer	#	on	ok
tracer	Tracer	#	set_get_line_procs	ok
tracer	Tracer	#	stdout	ok
tracer	Tracer	#	trace_func	ok
tracer	Tracer	.	add_filter	ok
tracer	Tracer	.	display_c_call	ok
tracer	Tracer	.	display_c_call?	ok
tracer	Tracer	.	display_c_call=	ok
tracer	Tracer	.	display_process_id	ok
tracer	Tracer	.	display_process_id?	ok
tracer	Tracer	.	display_process_id=	ok
tracer	Tracer	.	display_thread_id	ok
tracer	Tracer	.	display_thread_id?	ok
tracer	Tracer	.	display_thread_id=	ok
tracer	Tracer	.	new	ok
tracer	Tracer	.	off	ok
tracer	Tracer	.	on	ok
tracer	Tracer	.	set_get_line_procs	ok
tracer	Tracer	.	stdout	ok
tracer	Tracer	.	stdout=	ok
tracer	Tracer	.	stdout_mutex	ok
tracer	Tracer	.	verbose	ok
tracer	Tracer	.	verbose?	ok
tracer	Tracer	.	verbose=	ok
tsort	TSort	#	each_strongly_connected_component	ok
tsort	TSort	#	each_strongly_connected_component_from	ok
tsort	TSort	#	strongly_connected_components	ok
tsort	TSort	#	tsort	ok
tsort	TSort	#	tsort_each	ok
tsort	TSort	#	tsort_each_child	ok
tsort	TSort	#	tsort_each_node	ok
tsort	TSort	.	each_strongly_connected_component	ok
tsort	TSort	.	each_strongly_connected_component_from	ok
tsort	TSort	.	strongly_connected_components	ok
tsort	TSort	.	tsort	ok
tsort	TSort	.	tsort_each	ok
un	Kernel	#	chmod	ok
un	Kernel	#	cp	ok
un	Kernel	#	help	ok
un	Kernel	#	httpd	ok
un	Kernel	#	install	ok
un	Kernel	#	ln	ok
un	Kernel	#	mkdir	ok
un	Kernel	#	mkmf	ok
un	Kernel	#	mv	ok
un	Kernel	#	rm	ok
un	Kernel	#	rmdir	ok
un	Kernel	#	touch	ok
un	Kernel	#	wait_writable	ok
uri	Kernel	.#	URI	ok
uri	URI	::	UNSAFE	ok
uri	URI	.	decode_www_form	ok
uri	URI	.	decode_www_form_component	ok
uri	URI	.	encode_www_form	ok
uri	URI	.	encode_www_form_component	ok
uri	URI	.	extract	ok
uri	URI	.	join	ok
uri	URI	.	parse	ok
uri	URI	.	regexp	ok
uri	URI	.	split	ok
uri	URI::FTP	#	typecode	ok
uri	URI::FTP	#	typecode=	ok
uri	URI::FTP	.	build	ok
uri	URI::FTP	.	new	ok
uri	URI::FTP	.	new2	ok
uri	URI::Generic	::	COMPONENT	ok
uri	URI::Generic	::	DEFAULT_PORT	ok
uri	URI::Generic	#	+	ok
uri	URI::Generic	#	merge	ok
uri	URI::Generic	#	-	ok
uri	URI::Generic	#	route_from	ok
uri	URI::Generic	#	==	ok
uri	URI::Generic	#	absolute	ok
uri	URI::Generic	#	absolute?	ok
uri	URI::Generic	#	coerce	ok
uri	URI::Generic	#	component	ok
uri	URI::Generic	#	default_port	ok
uri	URI::Generic	#	find_proxy	ok
uri	URI::Generic	#	fragment	ok
uri	URI::Generic	#	fragment=	ok
uri	URI::Generic	#	hierarchical?	ok
uri	URI::Generic	#	host	ok
uri	URI::Generic	#	host=	ok
uri	URI::Generic	#	hostname	ok
uri	URI::Generic	#	hostname=	ok
uri	URI::Generic	#	merge!	ok
uri	URI::Generic	#	normalize	ok
uri	URI::Generic	#	normalize!	ok
uri	URI::Generic	#	opaque	ok
uri	URI::Generic	#	opaque=	ok
uri	URI::Generic	#	parser	ok
uri	URI::Generic	#	password	ok
uri	URI::Generic	#	password=	ok
uri	URI::Generic	#	path	ok
uri	URI::Generic	#	path=	ok
uri	URI::Generic	#	port	ok
uri	URI::Generic	#	port=	ok
uri	URI::Generic	#	query	ok
uri	URI::Generic	#	query=	ok
uri	URI::Generic	#	registry	ok
uri	URI::Generic	#	registry=	ok
uri	URI::Generic	#	relative?	ok
uri	URI::Generic	#	route_to	ok
uri	URI::Generic	#	scheme	ok
uri	URI::Generic	#	scheme=	ok
uri	URI::Generic	#	select	ok
uri	URI::Generic	#	to_s	ok
uri	URI::Generic	#	user	ok
uri	URI::Generic	#	user=	ok
uri	URI::Generic	#	userinfo	ok
uri	URI::Generic	#	userinfo=	ok
uri	URI::Generic	.	build	ok
uri	URI::Generic	.	build2	ok
uri	URI::Generic	.	component	ok
uri	URI::Generic	.	default_port	ok
uri	URI::Generic	.	new	ok
uri	URI::Generic	.	use_registry	ok
uri	URI::HTTP	#	request_uri	ok
uri	URI::HTTP	.	build	ok
uri	URI::HTTP	.	new	ok
uri	URI::LDAP	#	attributes	ok
uri	URI::LDAP	#	attributes=	ok
uri	URI::LDAP	#	dn	ok
uri	URI::LDAP	#	dn=	ok
uri	URI::LDAP	#	extensions	ok
uri	URI::LDAP	#	extensions=	ok
uri	URI::LDAP	#	filter	ok
uri	URI::LDAP	#	filter=	ok
uri	URI::LDAP	#	scope	ok
uri	URI::LDAP	#	scope=	ok
uri	URI::LDAP	.	build	ok
uri	URI::LDAP	.	new	ok
uri	URI::LDAPS	::	DEFAULT_PORT	ok
uri	URI::MailTo	#	headers	ok
uri	URI::MailTo	#	headers=	ok
uri	URI::MailTo	#	to	ok
uri	URI::MailTo	#	to=	ok
uri	URI::MailTo	#	to_mailtext	ok
uri	URI::MailTo	#	to_rfc822text	ok
uri	URI::MailTo	.	build	ok
uri	URI::MailTo	.	new	ok
weakref	WeakRef	#	__getobj__	ok
weakref	WeakRef	#	__setobj__	ok
weakref	WeakRef	#	weakref_alive?	ok
weakref	WeakRef	.	new	ok
yaml/dbm	YAML::DBM	::	VERSION	lib-require-failed
yaml/dbm	YAML::DBM	#	[]	lib-require-failed
yaml/dbm	YAML::DBM	#	[]=	lib-require-failed
yaml/dbm	YAML::DBM	#	store	lib-require-failed
yaml/dbm	YAML::DBM	#	delete	lib-require-failed
yaml/dbm	YAML::DBM	#	delete_if	lib-require-failed
yaml/dbm	YAML::DBM	#	each	lib-require-failed
yaml/dbm	YAML::DBM	#	each_pair	lib-require-failed
yaml/dbm	YAML::DBM	#	each_value	lib-require-failed
yaml/dbm	YAML::DBM	#	fetch	lib-require-failed
yaml/dbm	YAML::DBM	#	has_value?	lib-require-failed
yaml/dbm	YAML::DBM	#	index	lib-require-failed
yaml/dbm	YAML::DBM	#	invert	lib-require-failed
yaml/dbm	YAML::DBM	#	key	lib-require-failed
yaml/dbm	YAML::DBM	#	reject	lib-require-failed
yaml/dbm	YAML::DBM	#	replace	lib-require-failed
yaml/dbm	YAML::DBM	#	select	lib-require-failed
yaml/dbm	YAML::DBM	#	shift	lib-require-failed
yaml/dbm	YAML::DBM	#	to_a	lib-require-failed
yaml/dbm	YAML::DBM	#	to_hash	lib-require-failed
yaml/dbm	YAML::DBM	#	update	lib-require-failed
yaml/dbm	YAML::DBM	#	values	lib-require-failed
yaml/dbm	YAML::DBM	#	values_at	lib-require-failed
yaml/store	YAML::Store	.	new	ok
zlib	Zlib	::	ASCII	ok
zlib	Zlib	::	BEST_COMPRESSION	ok
zlib	Zlib	::	BEST_SPEED	ok
zlib	Zlib	::	BINARY	ok
zlib	Zlib	::	DEFAULT_COMPRESSION	ok
zlib	Zlib	::	DEFAULT_STRATEGY	ok
zlib	Zlib	::	DEF_MEM_LEVEL	ok
zlib	Zlib	::	FILTERED	ok
zlib	Zlib	::	FINISH	ok
zlib	Zlib	::	FULL_FLUSH	ok
zlib	Zlib	::	HUFFMAN_ONLY	ok
zlib	Zlib	::	MAX_MEM_LEVEL	ok
zlib	Zlib	::	MAX_WBITS	ok
zlib	Zlib	::	NO_COMPRESSION	ok
zlib	Zlib	::	NO_FLUSH	ok
zlib	Zlib	::	OS_AMIGA	ok
zlib	Zlib	::	OS_ATARI	ok
zlib	Zlib	::	OS_CODE	ok
zlib	Zlib	::	OS_CPM	ok
zlib	Zlib	::	OS_MACOS	ok
zlib	Zlib	::	OS_MSDOS	ok
zlib	Zlib	::	OS_OS2	ok
zlib	Zlib	::	OS_QDOS	ok
zlib	Zlib	::	OS_RISCOS	ok
zlib	Zlib	::	OS_TOPS20	ok
zlib	Zlib	::	OS_UNIX	ok
zlib	Zlib	::	OS_UNKNOWN	ok
zlib	Zlib	::	OS_VMCMS	ok
zlib	Zlib	::	OS_VMS	ok
zlib	Zlib	::	OS_WIN32	ok
zlib	Zlib	::	OS_ZSYSTEM	ok
zlib	Zlib	::	SYNC_FLUSH	ok
zlib	Zlib	::	UNKNOWN	ok
zlib	Zlib	::	VERSION	ok
zlib	Zlib	::	ZLIB_VERSION	ok
zlib	Zlib	.#	adler32	ok
zlib	Zlib	.#	adler32_combine	ok
zlib	Zlib	.#	crc32	ok
zlib	Zlib	.#	crc32_combine	ok
zlib	Zlib	.#	crc_table	ok
zlib	Zlib	.#	deflate	ok
zlib	Zlib	.#	inflate	ok
zlib	Zlib	.#	zlib_version	ok
zlib	Zlib::Deflate	#	<<	ok
zlib	Zlib::Deflate	#	deflate	ok
zlib	Zlib::Deflate	#	finish	ok
zlib	Zlib::Deflate	#	flush	ok
zlib	Zlib::Deflate	#	params	ok
zlib	Zlib::Deflate	#	set_dictionary	ok
zlib	Zlib::Deflate	.	deflate	ok
zlib	Zlib::Deflate	.	new	ok
zlib	Zlib::GzipFile	#	close	ok
zlib	Zlib::GzipFile	#	closed?	ok
zlib	Zlib::GzipFile	#	to_io	ok
zlib	Zlib::GzipFile	#	comment	ok
zlib	Zlib::GzipFile	#	crc	ok
zlib	Zlib::GzipFile	#	finish	ok
zlib	Zlib::GzipFile	#	level	ok
zlib	Zlib::GzipFile	#	mtime	ok
zlib	Zlib::GzipFile	#	orig_name	ok
zlib	Zlib::GzipFile	#	os_code	ok
zlib	Zlib::GzipFile	#	path	no-method
zlib	Zlib::GzipFile	#	sync	ok
zlib	Zlib::GzipFile	#	sync=	ok
zlib	Zlib::GzipFile	.	new	ok
zlib	Zlib::GzipFile	.	open	ok
zlib	Zlib::GzipFile	.	wrap	ok
zlib	Zlib::GzipFile::Error	#	input	ok
zlib	Zlib::GzipFile::Error	#	inspect	ok
zlib	Zlib::GzipReader	#	each	ok
zlib	Zlib::GzipReader	#	each_line	ok
zlib	Zlib::GzipReader	#	each_byte	ok
zlib	Zlib::GzipReader	#	eof	ok
zlib	Zlib::GzipReader	#	eof?	ok
zlib	Zlib::GzipReader	#	getc	ok
zlib	Zlib::GzipReader	#	gets	ok
zlib	Zlib::GzipReader	#	lineno	ok
zlib	Zlib::GzipReader	#	lineno=	ok
zlib	Zlib::GzipReader	#	pos	ok
zlib	Zlib::GzipReader	#	tell	ok
zlib	Zlib::GzipReader	#	read	ok
zlib	Zlib::GzipReader	#	readchar	ok
zlib	Zlib::GzipReader	#	readline	ok
zlib	Zlib::GzipReader	#	readlines	ok
zlib	Zlib::GzipReader	#	readpartial	ok
zlib	Zlib::GzipReader	#	rewind	ok
zlib	Zlib::GzipReader	#	ungetc	ok
zlib	Zlib::GzipReader	#	unused	ok
zlib	Zlib::GzipReader	.	new	ok
zlib	Zlib::GzipReader	.	open	ok
zlib	Zlib::GzipReader	.	wrap	ok
zlib	Zlib::GzipWriter	#	<<	ok
zlib	Zlib::GzipWriter	#	close	ok
zlib	Zlib::GzipWriter	#	finish	ok
zlib	Zlib::GzipWriter	#	comment=	ok
zlib	Zlib::GzipWriter	#	flush	ok
zlib	Zlib::GzipWriter	#	mtime=	ok
zlib	Zlib::GzipWriter	#	orig_name=	ok
zlib	Zlib::GzipWriter	#	pos	ok
zlib	Zlib::GzipWriter	#	tell	ok
zlib	Zlib::GzipWriter	#	print	ok
zlib	Zlib::GzipWriter	#	printf	ok
zlib	Zlib::GzipWriter	#	putc	ok
zlib	Zlib::GzipWriter	#	puts	ok
zlib	Zlib::GzipWriter	#	write	ok
zlib	Zlib::GzipWriter	.	new	ok
zlib	Zlib::GzipWriter	.	open	ok
zlib	Zlib::GzipWriter	.	wrap	ok
zlib	Zlib::Inflate	#	<<	ok
zlib	Zlib::Inflate	#	finish	ok
zlib	Zlib::Inflate	#	inflate	ok
zlib	Zlib::Inflate	#	set_dictionary	ok
zlib	Zlib::Inflate	#	sync	ok
zlib	Zlib::Inflate	#	sync_point?	ok
zlib	Zlib::Inflate	.	inflate	ok
zlib	Zlib::Inflate	.	new	ok
zlib	Zlib::ZStream	#	adler	ok
zlib	Zlib::ZStream	#	avail_in	ok
zlib	Zlib::ZStream	#	avail_out	ok
zlib	Zlib::ZStream	#	avail_out=	ok
zlib	Zlib::ZStream	#	close	ok
zlib	Zlib::ZStream	#	end	ok
zlib	Zlib::ZStream	#	closed?	ok
zlib	Zlib::ZStream	#	ended?	ok
zlib	Zlib::ZStream	#	data_type	ok
zlib	Zlib::ZStream	#	finish	ok
zlib	Zlib::ZStream	#	finished?	ok
zlib	Zlib::ZStream	#	stream_end?	ok
zlib	Zlib::ZStream	#	flush_next_in	ok
zlib	Zlib::ZStream	#	flush_next_out	ok
zlib	Zlib::ZStream	#	reset	ok
zlib	Zlib::ZStream	#	total_in	ok
zlib	Zlib::ZStream	#	total_out	ok
zlib	Zlib::ZStream	.	new	ok
