V	3.4.0	ruby 3.4.0dev (2024-12-25 master f450108330) +PRISM [x86_64-linux]
A	Object	class	BasicObject	Object,Kernel,BasicObject
A	Refinement	class	Module	Refinement,Module,Object,Kernel,BasicObject
A	Kernel	module	-	Kernel
A	Symbol	class	Object	Symbol,Comparable,Object,Kernel,BasicObject
A	Exception	class	Object	Exception,Object,Kernel,BasicObject
A	Range	class	Object	Range,Enumerable,Object,Kernel,BasicObject
A	IOError	class	StandardError	IOError,StandardError,Exception,Object,Kernel,BasicObject
A	EOFError	class	IOError	EOFError,IOError,StandardError,Exception,Object,Kernel,BasicObject
A	SystemExit	class	Exception	SystemExit,Exception,Object,Kernel,BasicObject
A	StopIteration	class	IndexError	StopIteration,IndexError,StandardError,Exception,Object,Kernel,BasicObject
A	SignalException	class	Exception	SignalException,Exception,Object,Kernel,BasicObject
A	Interrupt	class	SignalException	Interrupt,SignalException,Exception,Object,Kernel,BasicObject
A	StandardError	class	Exception	StandardError,Exception,Object,Kernel,BasicObject
A	TypeError	class	StandardError	ErrorHighlight::CoreExt,TypeError,StandardError,Exception,Object,Kernel,BasicObject
A	ArgumentError	class	StandardError	ErrorHighlight::CoreExt,ArgumentError,StandardError,Exception,Object,Kernel,BasicObject
A	IndexError	class	StandardError	IndexError,StandardError,Exception,Object,Kernel,BasicObject
A	KeyError	class	IndexError	DidYouMean::Correctable,KeyError,IndexError,StandardError,Exception,Object,Kernel,BasicObject
A	String	class	Object	String,Comparable,Object,Kernel,BasicObject
A	Array	class	Object	Array,Enumerable,Object,Kernel,BasicObject
A	RangeError	class	StandardError	RangeError,StandardError,Exception,Object,Kernel,BasicObject
A	NilClass	class	Object	NilClass,Object,Kernel,BasicObject
A	ScriptError	class	Exception	ScriptError,Exception,Object,Kernel,BasicObject
A	SyntaxError	class	ScriptError	SyntaxError,ScriptError,Exception,Object,Kernel,BasicObject
A	LoadError	class	ScriptError	DidYouMean::Correctable,LoadError,ScriptError,Exception,Object,Kernel,BasicObject
A	NotImplementedError	class	ScriptError	NotImplementedError,ScriptError,Exception,Object,Kernel,BasicObject
A	NameError	class	StandardError	DidYouMean::Correctable,ErrorHighlight::CoreExt,NameError,StandardError,Exception,Object,Kernel,BasicObject
A	Fiber	class	Object	Fiber,Object,Kernel,BasicObject
A	NoMethodError	class	NameError	NoMethodError,DidYouMean::Correctable,ErrorHighlight::CoreExt,NameError,StandardError,Exception,Object,Kernel,BasicObject
A	Thread	class	Object	Thread,Object,Kernel,BasicObject
A	Hash	class	Object	Hash,Enumerable,Object,Kernel,BasicObject
A	RuntimeError	class	StandardError	RuntimeError,StandardError,Exception,Object,Kernel,BasicObject
A	FrozenError	class	RuntimeError	FrozenError,RuntimeError,StandardError,Exception,Object,Kernel,BasicObject
A	SecurityError	class	Exception	SecurityError,Exception,Object,Kernel,BasicObject
A	NoMemoryError	class	Exception	NoMemoryError,Exception,Object,Kernel,BasicObject
A	EncodingError	class	StandardError	EncodingError,StandardError,Exception,Object,Kernel,BasicObject
A	Ractor	class	Object	Ractor,Object,Kernel,BasicObject
A	NoMatchingPatternError	class	StandardError	NoMatchingPatternError,StandardError,Exception,Object,Kernel,BasicObject
A	NoMatchingPatternKeyError	class	NoMatchingPatternError	DidYouMean::Correctable,NoMatchingPatternKeyError,NoMatchingPatternError,StandardError,Exception,Object,Kernel,BasicObject
A	Rational	class	Numeric	Rational,Numeric,Comparable,Object,Kernel,BasicObject
A	SystemCallError	class	StandardError	SystemCallError,StandardError,Exception,Object,Kernel,BasicObject
A	IO	class	Object	IO,File::Constants,Enumerable,Object,Kernel,BasicObject
A	Errno	module	-	Errno
A	Warning	module	-	Warning
A	RubyVM	class	Object	RubyVM,Object,Kernel,BasicObject
A	Gem	module	-	Gem
A	FiberError	class	StandardError	FiberError,StandardError,Exception,Object,Kernel,BasicObject
A	Dir	class	Object	Dir,Enumerable,Object,Kernel,BasicObject
A	Complex	class	Numeric	Complex,Numeric,Comparable,Object,Kernel,BasicObject
A	DidYouMean	module	-	DidYouMean
A	SyntaxSuggest	module	-	SyntaxSuggest
A	ErrorHighlight	module	-	ErrorHighlight
A	RbConfig	module	-	RbConfig
A	TrueClass	class	Object	TrueClass,Object,Kernel,BasicObject
A	FalseClass	class	Object	FalseClass,Object,Kernel,BasicObject
A	Encoding	class	Object	Encoding,Object,Kernel,BasicObject
A	TracePoint	class	Object	TracePoint,Object,Kernel,BasicObject
A	Comparable	module	-	Comparable
A	Enumerable	module	-	Enumerable
A	Time	class	Object	Time,Comparable,Object,Kernel,BasicObject
A	UncaughtThrowError	class	ArgumentError	UncaughtThrowError,ErrorHighlight::CoreExt,ArgumentError,StandardError,Exception,Object,Kernel,BasicObject
A	ThreadGroup	class	Object	ThreadGroup,Object,Kernel,BasicObject
A	ThreadError	class	StandardError	ThreadError,StandardError,Exception,Object,Kernel,BasicObject
A	Thread::Mutex	class	Object	Thread::Mutex,Object,Kernel,BasicObject
A	Monitor	class	Object	Monitor,Object,Kernel,BasicObject
A	Thread::Queue	class	Object	Thread::Queue,Object,Kernel,BasicObject
A	ClosedQueueError	class	StopIteration	ClosedQueueError,StopIteration,IndexError,StandardError,Exception,Object,Kernel,BasicObject
A	ZeroDivisionError	class	StandardError	ZeroDivisionError,StandardError,Exception,Object,Kernel,BasicObject
A	FloatDomainError	class	RangeError	FloatDomainError,RangeError,StandardError,Exception,Object,Kernel,BasicObject
A	Numeric	class	Object	Numeric,Comparable,Object,Kernel,BasicObject
A	Thread::SizedQueue	class	Thread::Queue	Thread::SizedQueue,Thread::Queue,Object,Kernel,BasicObject
A	FileTest	module	-	FileTest
A	File	class	IO	File,IO,File::Constants,Enumerable,Object,Kernel,BasicObject
A	Random	class	Random::Base	Random,Random::Base,Random::Formatter,Object,Kernel,BasicObject
A	Thread::ConditionVariable	class	Object	Thread::ConditionVariable,Object,Kernel,BasicObject
A	Signal	module	-	Signal
A	MonitorMixin	module	-	MonitorMixin
A	Integer	class	Numeric	Integer,Numeric,Comparable,Object,Kernel,BasicObject
A	Struct	class	Object	Struct,Enumerable,Object,Kernel,BasicObject
A	Proc	class	Object	Proc,Object,Kernel,BasicObject
A	Data	class	Object	Data,Object,Kernel,BasicObject
A	Float	class	Numeric	Float,Numeric,Comparable,Object,Kernel,BasicObject
A	RegexpError	class	StandardError	RegexpError,StandardError,Exception,Object,Kernel,BasicObject
A	LocalJumpError	class	StandardError	LocalJumpError,StandardError,Exception,Object,Kernel,BasicObject
A	Regexp	class	Object	Regexp,Object,Kernel,BasicObject
A	SystemStackError	class	Exception	SystemStackError,Exception,Object,Kernel,BasicObject
A	Method	class	Object	Method,Object,Kernel,BasicObject
A	UnboundMethod	class	Object	UnboundMethod,Object,Kernel,BasicObject
A	Set	class	Object	Set,Enumerable,Object,Kernel,BasicObject
A	Binding	class	Object	Binding,Object,Kernel,BasicObject
A	MatchData	class	Object	MatchData,Object,Kernel,BasicObject
A	Process	module	-	Process
A	Math	module	-	Math
A	GC	module	-	GC
A	ObjectSpace	module	-	ObjectSpace
A	Enumerator	class	Object	Enumerator,Enumerable,Object,Kernel,BasicObject
A	Marshal	module	-	Marshal
A	UnicodeNormalize	module	-	UnicodeNormalize
A	BasicObject	class	-	BasicObject
A	Module	class	Object	Module,Object,Kernel,BasicObject
A	Class	class	Module	Class,Module,Object,Kernel,BasicObject
A	Thread::Backtrace	class	Object	Thread::Backtrace,Object,Kernel,BasicObject
A	Ractor::Error	class	RuntimeError	Ractor::Error,RuntimeError,StandardError,Exception,Object,Kernel,BasicObject
A	Ractor::IsolationError	class	Ractor::Error	Ractor::IsolationError,Ractor::Error,RuntimeError,StandardError,Exception,Object,Kernel,BasicObject
A	Ractor::RemoteError	class	Ractor::Error	Ractor::RemoteError,Ractor::Error,RuntimeError,StandardError,Exception,Object,Kernel,BasicObject
A	Ractor::MovedError	class	Ractor::Error	Ractor::MovedError,Ractor::Error,RuntimeError,StandardError,Exception,Object,Kernel,BasicObject
A	Ractor::ClosedError	class	StopIteration	Ractor::ClosedError,StopIteration,IndexError,StandardError,Exception,Object,Kernel,BasicObject
A	Ractor::UnsafeError	class	Ractor::Error	Ractor::UnsafeError,Ractor::Error,RuntimeError,StandardError,Exception,Object,Kernel,BasicObject
A	Ractor::MovedObject	class	BasicObject	Ractor::MovedObject,BasicObject
A	IO::WaitWritable	module	-	IO::WaitWritable
A	IO::EAGAINWaitReadable	class	Errno::EAGAIN	IO::EAGAINWaitReadable,IO::WaitReadable,Errno::EAGAIN,SystemCallError,StandardError,Exception,Object,Kernel,BasicObject
A	IO::EAGAINWaitWritable	class	Errno::EAGAIN	IO::EAGAINWaitWritable,IO::WaitWritable,Errno::EAGAIN,SystemCallError,StandardError,Exception,Object,Kernel,BasicObject
A	IO::TimeoutError	class	IOError	IO::TimeoutError,IOError,StandardError,Exception,Object,Kernel,BasicObject
A	IO::EINPROGRESSWaitReadable	class	Errno::EINPROGRESS	IO::EINPROGRESSWaitReadable,IO::WaitReadable,Errno::EINPROGRESS,SystemCallError,StandardError,Exception,Object,Kernel,BasicObject
A	IO::EINPROGRESSWaitWritable	class	Errno::EINPROGRESS	IO::EINPROGRESSWaitWritable,IO::WaitWritable,Errno::EINPROGRESS,SystemCallError,StandardError,Exception,Object,Kernel,BasicObject
A	IO::Buffer	class	Object	IO::Buffer,Comparable,Object,Kernel,BasicObject
A	IO::WaitReadable	module	-	IO::WaitReadable
A	Errno::ENOLINK	class	SystemCallError	Errno::ENOLINK,SystemCallError,StandardError,Exception,Object,Kernel,BasicObject
A	Errno::ENOMEDIUM	class	SystemCallError	Errno::ENOMEDIUM,SystemCallError,StandardError,Exception,Object,Kernel,BasicObject
A	Errno::ENOMEM	class	SystemCallError	Errno::ENOMEM,SystemCallError,StandardError,Exception,Object,Kernel,BasicObject
A	Errno::ENOMSG	class	SystemCallError	Errno::ENOMSG,SystemCallError,StandardError,Exception,Object,Kernel,BasicObject
A	Errno::ENONET	class	SystemCallError	Errno::ENONET,SystemCallError,StandardError,Exception,Object,Kernel,BasicObject
A	Errno::ENOPKG	class	SystemCallError	Errno::ENOPKG,SystemCallError,StandardError,Exception,Object,Kernel,BasicObject
A	Errno::NOERROR	class	SystemCallError	Errno::NOERROR,SystemCallError,StandardError,Exception,Object,Kernel,BasicObject
A	Errno::ENOPROTOOPT	class	SystemCallError	Errno::ENOPROTOOPT,SystemCallError,StandardError,Exception,Object,Kernel,BasicObject
A	Errno::ENOSPC	class	SystemCallError	Errno::ENOSPC,SystemCallError,StandardError,Exception,Object,Kernel,BasicObject
A	Errno::ENOSR	class	SystemCallError	Errno::ENOSR,SystemCallError,StandardError,Exception,Object,Kernel,BasicObject
A	Errno::ENOSTR	class	SystemCallError	Errno::ENOSTR,SystemCallError,StandardError,Exception,Object,Kernel,BasicObject
A	Errno::ENOSYS	class	SystemCallError	Errno::ENOSYS,SystemCallError,StandardError,Exception,Object,Kernel,BasicObject
A	Errno::ENOTBLK	class	SystemCallError	Errno::ENOTBLK,SystemCallError,StandardError,Exception,Object,Kernel,BasicObject
A	Errno::ENOTCONN	class	SystemCallError	Errno::ENOTCONN,SystemCallError,StandardError,Exception,Object,Kernel,BasicObject
A	Errno::ENOTDIR	class	SystemCallError	Errno::ENOTDIR,SystemCallError,StandardError,Exception,Object,Kernel,BasicObject
A	Errno::ENOTEMPTY	class	SystemCallError	Errno::ENOTEMPTY,SystemCallError,StandardError,Exception,Object,Kernel,BasicObject
A	Errno::ENOTNAM	class	SystemCallError	Errno::ENOTNAM,SystemCallError,StandardError,Exception,Object,Kernel,BasicObject
A	Errno::ENOTRECOVERABLE	class	SystemCallError	Errno::ENOTRECOVERABLE,SystemCallError,StandardError,Exception,Object,Kernel,BasicObject
A	Errno::ENOTSOCK	class	SystemCallError	Errno::ENOTSOCK,SystemCallError,StandardError,Exception,Object,Kernel,BasicObject
A	Errno::ENOTSUP	class	SystemCallError	Errno::ENOTSUP,SystemCallError,StandardError,Exception,Object,Kernel,BasicObject
A	Errno::ENOTTY	class	SystemCallError	Errno::ENOTTY,SystemCallError,StandardError,Exception,Object,Kernel,BasicObject
A	Errno::ENOTUNIQ	class	SystemCallError	Errno::ENOTUNIQ,SystemCallError,StandardError,Exception,Object,Kernel,BasicObject
A	Errno::ENXIO	class	SystemCallError	Errno::ENXIO,SystemCallError,StandardError,Exception,Object,Kernel,BasicObject
A	Errno::EOVERFLOW	class	SystemCallError	Errno::EOVERFLOW,SystemCallError,StandardError,Exception,Object,Kernel,BasicObject
A	Errno::EOWNERDEAD	class	SystemCallError	Errno::EOWNERDEAD,SystemCallError,StandardError,Exception,Object,Kernel,BasicObject
A	Errno::EPERM	class	SystemCallError	Errno::EPERM,SystemCallError,StandardError,Exception,Object,Kernel,BasicObject
A	Errno::EPFNOSUPPORT	class	SystemCallError	Errno::EPFNOSUPPORT,SystemCallError,StandardError,Exception,Object,Kernel,BasicObject
A	Errno::EPIPE	class	SystemCallError	Errno::EPIPE,SystemCallError,StandardError,Exception,Object,Kernel,BasicObject
A	Errno::EPROTO	class	SystemCallError	Errno::EPROTO,SystemCallError,StandardError,Exception,Object,Kernel,BasicObject
A	Errno::EPROTONOSUPPORT	class	SystemCallError	Errno::EPROTONOSUPPORT,SystemCallError,StandardError,Exception,Object,Kernel,BasicObject
A	Errno::EPROTOTYPE	class	SystemCallError	Errno::EPROTOTYPE,SystemCallError,StandardError,Exception,Object,Kernel,BasicObject
A	Errno::ERANGE	class	SystemCallError	Errno::ERANGE,SystemCallError,StandardError,Exception,Object,Kernel,BasicObject
A	Errno::EREMCHG	class	SystemCallError	Errno::EREMCHG,SystemCallError,StandardError,Exception,Object,Kernel,BasicObject
A	Errno::EREMOTE	class	SystemCallError	Errno::EREMOTE,SystemCallError,StandardError,Exception,Object,Kernel,BasicObject
A	Errno::EREMOTEIO	class	SystemCallError	Errno::EREMOTEIO,SystemCallError,StandardError,Exception,Object,Kernel,BasicObject
A	Errno::ERESTART	class	SystemCallError	Errno::ERESTART,SystemCallError,StandardError,Exception,Object,Kernel,BasicObject
A	Errno::ERFKILL	class	SystemCallError	Errno::ERFKILL,SystemCallError,StandardError,Exception,Object,Kernel,BasicObject
A	Errno::EROFS	class	SystemCallError	Errno::EROFS,SystemCallError,StandardError,Exception,Object,Kernel,BasicObject
A	Errno::ESHUTDOWN	class	SystemCallError	Errno::ESHUTDOWN,SystemCallError,StandardError,Exception,Object,Kernel,BasicObject
A	Errno::ESOCKTNOSUPPORT	class	SystemCallError	Errno::ESOCKTNOSUPPORT,SystemCallError,StandardError,Exception,Object,Kernel,BasicObject
A	Errno::ESPIPE	class	SystemCallError	Errno::ESPIPE,SystemCallError,StandardError,Exception,Object,Kernel,BasicObject
A	Errno::ESRCH	class	SystemCallError	Errno::ESRCH,SystemCallError,StandardError,Exception,Object,Kernel,BasicObject
A	Errno::ESRMNT	class	SystemCallError	Errno::ESRMNT,SystemCallError,StandardError,Exception,Object,Kernel,BasicObject
A	Errno::ESTALE	class	SystemCallError	Errno::ESTALE,SystemCallError,StandardError,Exception,Object,Kernel,BasicObject
A	Errno::ESTRPIPE	class	SystemCallError	Errno::ESTRPIPE,SystemCallError,StandardError,Exception,Object,Kernel,BasicObject
A	Errno::ETIME	class	SystemCallError	Errno::ETIME,SystemCallError,StandardError,Exception,Object,Kernel,BasicObject
A	Errno::ETIMEDOUT	class	SystemCallError	Errno::ETIMEDOUT,SystemCallError,StandardError,Exception,Object,Kernel,BasicObject
A	Errno::ETOOMANYREFS	class	SystemCallError	Errno::ETOOMANYREFS,SystemCallError,StandardError,Exception,Object,Kernel,BasicObject
A	Errno::ETXTBSY	class	SystemCallError	Errno::ETXTBSY,SystemCallError,StandardError,Exception,Object,Kernel,BasicObject
A	Errno::EUCLEAN	class	SystemCallError	Errno::EUCLEAN,SystemCallError,StandardError,Exception,Object,Kernel,BasicObject
A	Errno::EUNATCH	class	SystemCallError	Errno::EUNATCH,SystemCallError,StandardError,Exception,Object,Kernel,BasicObject
A	Errno::EUSERS	class	SystemCallError	Errno::EUSERS,SystemCallError,StandardError,Exception,Object,Kernel,BasicObject
A	Errno::EAGAIN	class	SystemCallError	Errno::EAGAIN,SystemCallError,StandardError,Exception,Object,Kernel,BasicObject
A	Errno::EXDEV	class	SystemCallError	Errno::EXDEV,SystemCallError,StandardError,Exception,Object,Kernel,BasicObject
A	Errno::EXFULL	class	SystemCallError	Errno::EXFULL,SystemCallError,StandardError,Exception,Object,Kernel,BasicObject
A	Errno::E2BIG	class	SystemCallError	Errno::E2BIG,SystemCallError,StandardError,Exception,Object,Kernel,BasicObject
A	Errno::EACCES	class	SystemCallError	Errno::EACCES,SystemCallError,StandardError,Exception,Object,Kernel,BasicObject
A	Errno::EADDRINUSE	class	SystemCallError	Errno::EADDRINUSE,SystemCallError,StandardError,Exception,Object,Kernel,BasicObject
A	Errno::EADDRNOTAVAIL	class	SystemCallError	Errno::EADDRNOTAVAIL,SystemCallError,StandardError,Exception,Object,Kernel,BasicObject
A	Errno::EADV	class	SystemCallError	Errno::EADV,SystemCallError,StandardError,Exception,Object,Kernel,BasicObject
A	Errno::EAFNOSUPPORT	class	SystemCallError	Errno::EAFNOSUPPORT,SystemCallError,StandardError,Exception,Object,Kernel,BasicObject
A	Errno::EALREADY	class	SystemCallError	Errno::EALREADY,SystemCallError,StandardError,Exception,Object,Kernel,BasicObject
A	Errno::EBADE	class	SystemCallError	Errno::EBADE,SystemCallError,StandardError,Exception,Object,Kernel,BasicObject
A	Errno::EBADF	class	SystemCallError	Errno::EBADF,SystemCallError,StandardError,Exception,Object,Kernel,BasicObject
A	Errno::EBADFD	class	SystemCallError	Errno::EBADFD,SystemCallError,StandardError,Exception,Object,Kernel,BasicObject
A	Errno::EBADMSG	class	SystemCallError	Errno::EBADMSG,SystemCallError,StandardError,Exception,Object,Kernel,BasicObject
A	Errno::EBADR	class	SystemCallError	Errno::EBADR,SystemCallError,StandardError,Exception,Object,Kernel,BasicObject
A	Errno::EBADRQC	class	SystemCallError	Errno::EBADRQC,SystemCallError,StandardError,Exception,Object,Kernel,BasicObject
A	Errno::EBADSLT	class	SystemCallError	Errno::EBADSLT,SystemCallError,StandardError,Exception,Object,Kernel,BasicObject
A	Errno::EBFONT	class	SystemCallError	Errno::EBFONT,SystemCallError,StandardError,Exception,Object,Kernel,BasicObject
A	Errno::EBUSY	class	SystemCallError	Errno::EBUSY,SystemCallError,StandardError,Exception,Object,Kernel,BasicObject
A	Errno::ECANCELED	class	SystemCallError	Errno::ECANCELED,SystemCallError,StandardError,Exception,Object,Kernel,BasicObject
A	Errno::ECHILD	class	SystemCallError	Errno::ECHILD,SystemCallError,StandardError,Exception,Object,Kernel,BasicObject
A	Errno::ECHRNG	class	SystemCallError	Errno::ECHRNG,SystemCallError,StandardError,Exception,Object,Kernel,BasicObject
A	Errno::ECOMM	class	SystemCallError	Errno::ECOMM,SystemCallError,StandardError,Exception,Object,Kernel,BasicObject
A	Errno::ECONNABORTED	class	SystemCallError	Errno::ECONNABORTED,SystemCallError,StandardError,Exception,Object,Kernel,BasicObject
A	Errno::ECONNREFUSED	class	SystemCallError	Errno::ECONNREFUSED,SystemCallError,StandardError,Exception,Object,Kernel,BasicObject
A	Errno::ECONNRESET	class	SystemCallError	Errno::ECONNRESET,SystemCallError,StandardError,Exception,Object,Kernel,BasicObject
A	Errno::EDEADLK	class	SystemCallError	Errno::EDEADLK,SystemCallError,StandardError,Exception,Object,Kernel,BasicObject
A	Errno::EDESTADDRREQ	class	SystemCallError	Errno::EDESTADDRREQ,SystemCallError,StandardError,Exception,Object,Kernel,BasicObject
A	Errno::EDOM	class	SystemCallError	Errno::EDOM,SystemCallError,StandardError,Exception,Object,Kernel,BasicObject
A	Errno::EDOTDOT	class	SystemCallError	Errno::EDOTDOT,SystemCallError,StandardError,Exception,Object,Kernel,BasicObject
A	Errno::EDQUOT	class	SystemCallError	Errno::EDQUOT,SystemCallError,StandardError,Exception,Object,Kernel,BasicObject
A	Errno::EEXIST	class	SystemCallError	Errno::EEXIST,SystemCallError,StandardError,Exception,Object,Kernel,BasicObject
A	Errno::EFAULT	class	SystemCallError	Errno::EFAULT,SystemCallError,StandardError,Exception,Object,Kernel,BasicObject
A	Errno::EFBIG	class	SystemCallError	Errno::EFBIG,SystemCallError,StandardError,Exception,Object,Kernel,BasicObject
A	Errno::EHOSTDOWN	class	SystemCallError	Errno::EHOSTDOWN,SystemCallError,StandardError,Exception,Object,Kernel,BasicObject
A	Errno::EHOSTUNREACH	class	SystemCallError	Errno::EHOSTUNREACH,SystemCallError,StandardError,Exception,Object,Kernel,BasicObject
A	Errno::EHWPOISON	class	SystemCallError	Errno::EHWPOISON,SystemCallError,StandardError,Exception,Object,Kernel,BasicObject
A	Errno::EIDRM	class	SystemCallError	Errno::EIDRM,SystemCallError,StandardError,Exception,Object,Kernel,BasicObject
A	Errno::EILSEQ	class	SystemCallError	Errno::EILSEQ,SystemCallError,StandardError,Exception,Object,Kernel,BasicObject
A	Errno::EINPROGRESS	class	SystemCallError	Errno::EINPROGRESS,SystemCallError,StandardError,Exception,Object,Kernel,BasicObject
A	Errno::EINTR	class	SystemCallError	Errno::EINTR,SystemCallError,StandardError,Exception,Object,Kernel,BasicObject
A	Errno::EINVAL	class	SystemCallError	Errno::EINVAL,SystemCallError,StandardError,Exception,Object,Kernel,BasicObject
A	Errno::EIO	class	SystemCallError	Errno::EIO,SystemCallError,StandardError,Exception,Object,Kernel,BasicObject
A	Errno::EISCONN	class	SystemCallError	Errno::EISCONN,SystemCallError,StandardError,Exception,Object,Kernel,BasicObject
A	Errno::EISDIR	class	SystemCallError	Errno::EISDIR,SystemCallError,StandardError,Exception,Object,Kernel,BasicObject
A	Errno::EISNAM	class	SystemCallError	Errno::EISNAM,SystemCallError,StandardError,Exception,Object,Kernel,BasicObject
A	Errno::EKEYEXPIRED	class	SystemCallError	Errno::EKEYEXPIRED,SystemCallError,StandardError,Exception,Object,Kernel,BasicObject
A	Errno::EKEYREJECTED	class	SystemCallError	Errno::EKEYREJECTED,SystemCallError,StandardError,Exception,Object,Kernel,BasicObject
A	Errno::EKEYREVOKED	class	SystemCallError	Errno::EKEYREVOKED,SystemCallError,StandardError,Exception,Object,Kernel,BasicObject
A	Errno::EL2HLT	class	SystemCallError	Errno::EL2HLT,SystemCallError,StandardError,Exception,Object,Kernel,BasicObject
A	Errno::EL2NSYNC	class	SystemCallError	Errno::EL2NSYNC,SystemCallError,StandardError,Exception,Object,Kernel,BasicObject
A	Errno::EL3HLT	class	SystemCallError	Errno::EL3HLT,SystemCallError,StandardError,Exception,Object,Kernel,BasicObject
A	Errno::EL3RST	class	SystemCallError	Errno::EL3RST,SystemCallError,StandardError,Exception,Object,Kernel,BasicObject
A	Errno::ELIBACC	class	SystemCallError	Errno::ELIBACC,SystemCallError,StandardError,Exception,Object,Kernel,BasicObject
A	Errno::ELIBBAD	class	SystemCallError	Errno::ELIBBAD,SystemCallError,StandardError,Exception,Object,Kernel,BasicObject
A	Errno::ELIBEXEC	class	SystemCallError	Errno::ELIBEXEC,SystemCallError,StandardError,Exception,Object,Kernel,BasicObject
A	Errno::ELIBMAX	class	SystemCallError	Errno::ELIBMAX,SystemCallError,StandardError,Exception,Object,Kernel,BasicObject
A	Errno::ELIBSCN	class	SystemCallError	Errno::ELIBSCN,SystemCallError,StandardError,Exception,Object,Kernel,BasicObject
A	Errno::ELNRNG	class	SystemCallError	Errno::ELNRNG,SystemCallError,StandardError,Exception,Object,Kernel,BasicObject
A	Errno::ELOOP	class	SystemCallError	Errno::ELOOP,SystemCallError,StandardError,Exception,Object,Kernel,BasicObject
A	Errno::EMEDIUMTYPE	class	SystemCallError	Errno::EMEDIUMTYPE,SystemCallError,StandardError,Exception,Object,Kernel,BasicObject
A	Errno::EMFILE	class	SystemCallError	Errno::EMFILE,SystemCallError,StandardError,Exception,Object,Kernel,BasicObject
A	Errno::EMLINK	class	SystemCallError	Errno::EMLINK,SystemCallError,StandardError,Exception,Object,Kernel,BasicObject
A	Errno::EMSGSIZE	class	SystemCallError	Errno::EMSGSIZE,SystemCallError,StandardError,Exception,Object,Kernel,BasicObject
A	Errno::EMULTIHOP	class	SystemCallError	Errno::EMULTIHOP,SystemCallError,StandardError,Exception,Object,Kernel,BasicObject
A	Errno::ENAMETOOLONG	class	SystemCallError	Errno::ENAMETOOLONG,SystemCallError,StandardError,Exception,Object,Kernel,BasicObject
A	Errno::ENAVAIL	class	SystemCallError	Errno::ENAVAIL,SystemCallError,StandardError,Exception,Object,Kernel,BasicObject
A	Errno::ENETDOWN	class	SystemCallError	Errno::ENETDOWN,SystemCallError,StandardError,Exception,Object,Kernel,BasicObject
A	Errno::ENETRESET	class	SystemCallError	Errno::ENETRESET,SystemCallError,StandardError,Exception,Object,Kernel,BasicObject
A	Errno::ENETUNREACH	class	SystemCallError	Errno::ENETUNREACH,SystemCallError,StandardError,Exception,Object,Kernel,BasicObject
A	Errno::ENFILE	class	SystemCallError	Errno::ENFILE,SystemCallError,StandardError,Exception,Object,Kernel,BasicObject
A	Errno::ENOANO	class	SystemCallError	Errno::ENOANO,SystemCallError,StandardError,Exception,Object,Kernel,BasicObject
A	Errno::ENOBUFS	class	SystemCallError	Errno::ENOBUFS,SystemCallError,StandardError,Exception,Object,Kernel,BasicObject
A	Errno::ENOCSI	class	SystemCallError	Errno::ENOCSI,SystemCallError,StandardError,Exception,Object,Kernel,BasicObject
A	Errno::ENODATA	class	SystemCallError	Errno::ENODATA,SystemCallError,StandardError,Exception,Object,Kernel,BasicObject
A	Errno::ENODEV	class	SystemCallError	Errno::ENODEV,SystemCallError,StandardError,Exception,Object,Kernel,BasicObject
A	Errno::ENOENT	class	SystemCallError	Errno::ENOENT,SystemCallError,StandardError,Exception,Object,Kernel,BasicObject
A	Errno::ENOEXEC	class	SystemCallError	Errno::ENOEXEC,SystemCallError,StandardError,Exception,Object,Kernel,BasicObject
A	Errno::ENOKEY	class	SystemCallError	Errno::ENOKEY,SystemCallError,StandardError,Exception,Object,Kernel,BasicObject
A	Errno::ENOLCK	class	SystemCallError	Errno::ENOLCK,SystemCallError,StandardError,Exception,Object,Kernel,BasicObject
A	RubyVM::AbstractSyntaxTree	module	-	RubyVM::AbstractSyntaxTree
A	RubyVM::RJIT	module	-	RubyVM::RJIT
A	RubyVM::InstructionSequence	class	Object	RubyVM::InstructionSequence,Object,Kernel,BasicObject
A	Gem::TargetRbConfig	class	Object	Gem::TargetRbConfig,Object,Kernel,BasicObject
A	Gem::MissingSpecError	class	Gem::LoadError	Gem::MissingSpecError,Gem::LoadError,DidYouMean::Correctable,LoadError,ScriptError,Exception,Object,Kernel,BasicObject
A	Gem::Exception	class	RuntimeError	Gem::Exception,RuntimeError,StandardError,Exception,Object,Kernel,BasicObject
A	Gem::Platform	class	Object	Gem::Platform,Object,Kernel,BasicObject
A	Gem::List	class	Object	Gem::List,Enumerable,Object,Kernel,BasicObject
A	Gem::MissingSpecVersionError	class	Gem::MissingSpecError	Gem::MissingSpecVersionError,Gem::MissingSpecError,Gem::LoadError,DidYouMean::Correctable,LoadError,ScriptError,Exception,Object,Kernel,BasicObject
A	Gem::ConflictError	class	Gem::LoadError	Gem::ConflictError,Gem::LoadError,DidYouMean::Correctable,LoadError,ScriptError,Exception,Object,Kernel,BasicObject
A	Gem::BUNDLED_GEMS	module	-	Gem::BUNDLED_GEMS
A	Gem::ErrorReason	class	Object	Gem::ErrorReason,Object,Kernel,BasicObject
A	Gem::PlatformMismatch	class	Gem::ErrorReason	Gem::PlatformMismatch,Gem::ErrorReason,Object,Kernel,BasicObject
A	Gem::RemoteError	class	Gem::Exception	Gem::RemoteError,Gem::Exception,RuntimeError,StandardError,Exception,Object,Kernel,BasicObject
A	Gem::SourceFetchProblem	class	Gem::ErrorReason	Gem::SourceFetchProblem,Gem::ErrorReason,Object,Kernel,BasicObject
A	Gem::Util	module	-	Gem::Util
A	Gem::LoadError	class	LoadError	Gem::LoadError,DidYouMean::Correctable,LoadError,ScriptError,Exception,Object,Kernel,BasicObject
A	Gem::CommandLineError	class	Gem::Exception	Gem::CommandLineError,Gem::Exception,RuntimeError,StandardError,Exception,Object,Kernel,BasicObject
A	Gem::UnknownCommandError	class	Gem::Exception	Gem::UnknownCommandError,Gem::Exception,RuntimeError,StandardError,Exception,Object,Kernel,BasicObject
A	Gem::UnknownCommandSpellChecker	class	Object	Gem::UnknownCommandSpellChecker,Object,Kernel,BasicObject
A	Gem::DependencyError	class	Gem::Exception	Gem::DependencyError,Gem::Exception,RuntimeError,StandardError,Exception,Object,Kernel,BasicObject
A	Gem::CIDetector	module	-	Gem::CIDetector
A	Gem::DependencyList	class	Object	Gem::DependencyList,Gem::TSort,Enumerable,Object,Kernel,BasicObject
A	Gem::Installer	class	Object	Gem::Installer,Gem::InstallerUninstallerUtils,Gem::UserInteraction,Gem::DefaultUserInteraction,Gem::Text,Object,Kernel,BasicObject
A	Gem::Licenses	class	Object	Gem::Licenses,Object,Kernel,BasicObject
A	Gem::NameTuple	class	Object	Gem::NameTuple,Comparable,Object,Kernel,BasicObject
A	Gem::Resolver	class	Object	Gem::Resolver,Gem::Molinillo::SpecificationProvider,Gem::Molinillo::UI,Object,Kernel,BasicObject
A	Gem::Source	class	Object	Gem::Source,Gem::Text,Comparable,Object,Kernel,BasicObject
A	Gem::SpecificationPolicy	class	Object	Gem::SpecificationPolicy,Gem::UserInteraction,Gem::DefaultUserInteraction,Gem::Text,Object,Kernel,BasicObject
A	Gem::GemNotInHomeException	class	Gem::Exception	Gem::GemNotInHomeException,Gem::Exception,RuntimeError,StandardError,Exception,Object,Kernel,BasicObject
A	Gem::DependencyRemovalException	class	Gem::Exception	Gem::DependencyRemovalException,Gem::Exception,RuntimeError,StandardError,Exception,Object,Kernel,BasicObject
A	Gem::DependencyResolutionError	class	Gem::DependencyError	Gem::DependencyResolutionError,Gem::DependencyError,Gem::Exception,RuntimeError,StandardError,Exception,Object,Kernel,BasicObject
A	Gem::EndOfYAMLException	class	Gem::Exception	Gem::EndOfYAMLException,Gem::Exception,RuntimeError,StandardError,Exception,Object,Kernel,BasicObject
A	Gem::UninstallError	class	Gem::Exception	Gem::UninstallError,Gem::Exception,RuntimeError,StandardError,Exception,Object,Kernel,BasicObject
A	Gem::DocumentError	class	Gem::Exception	Gem::DocumentError,Gem::Exception,RuntimeError,StandardError,Exception,Object,Kernel,BasicObject
A	Gem::FormatException	class	Gem::Exception	Gem::FormatException,Gem::Exception,RuntimeError,StandardError,Exception,Object,Kernel,BasicObject
A	Gem::FilePermissionError	class	Gem::Exception	Gem::FilePermissionError,Gem::Exception,RuntimeError,StandardError,Exception,Object,Kernel,BasicObject
A	Gem::ImpossibleDependenciesError	class	Gem::Exception	Gem::ImpossibleDependenciesError,Gem::Exception,RuntimeError,StandardError,Exception,Object,Kernel,BasicObject
A	Gem::StubSpecification	class	Gem::BasicSpecification	Gem::StubSpecification,Gem::BasicSpecification,Object,Kernel,BasicObject
A	Gem::SpecificGemNotFoundException	class	Gem::GemNotFoundException	Gem::SpecificGemNotFoundException,Gem::GemNotFoundException,Gem::Exception,RuntimeError,StandardError,Exception,Object,Kernel,BasicObject
A	Gem::InstallError	class	Gem::Exception	Gem::InstallError,Gem::Exception,RuntimeError,StandardError,Exception,Object,Kernel,BasicObject
A	Gem::RuntimeRequirementNotMetError	class	Gem::InstallError	Gem::RuntimeRequirementNotMetError,Gem::InstallError,Gem::Exception,RuntimeError,StandardError,Exception,Object,Kernel,BasicObject
A	Gem::RequestSet	class	Object	Gem::RequestSet,Gem::TSort,Object,Kernel,BasicObject
A	Gem::InvalidSpecificationException	class	Gem::Exception	Gem::InvalidSpecificationException,Gem::Exception,RuntimeError,StandardError,Exception,Object,Kernel,BasicObject
A	Gem::OperationNotSupportedError	class	Gem::Exception	Gem::OperationNotSupportedError,Gem::Exception,RuntimeError,StandardError,Exception,Object,Kernel,BasicObject
A	Gem::RemoteInstallationCancelled	class	Gem::Exception	Gem::RemoteInstallationCancelled,Gem::Exception,RuntimeError,StandardError,Exception,Object,Kernel,BasicObject
A	Gem::RemoteInstallationSkipped	class	Gem::Exception	Gem::RemoteInstallationSkipped,Gem::Exception,RuntimeError,StandardError,Exception,Object,Kernel,BasicObject
A	Gem::RemoteSourceException	class	Gem::Exception	Gem::RemoteSourceException,Gem::Exception,RuntimeError,StandardError,Exception,Object,Kernel,BasicObject
A	Gem::RubyVersionMismatch	class	Gem::Exception	Gem::RubyVersionMismatch,Gem::Exception,RuntimeError,StandardError,Exception,Object,Kernel,BasicObject
A	Gem::Dependency	class	Object	Gem::Dependency,Object,Kernel,BasicObject
A	Gem::SpecFetcher	class	Object	Gem::SpecFetcher,Gem::UserInteraction,Gem::DefaultUserInteraction,Gem::Text,Object,Kernel,BasicObject
A	Gem::SystemExitException	class	SystemExit	Gem::SystemExitException,SystemExit,Exception,Object,Kernel,BasicObject
A	Gem::VerificationError	class	Gem::Exception	Gem::VerificationError,Gem::Exception,RuntimeError,StandardError,Exception,Object,Kernel,BasicObject
A	Gem::WebauthnVerificationError	class	Gem::Exception	Gem::WebauthnVerificationError,Gem::Exception,RuntimeError,StandardError,Exception,Object,Kernel,BasicObject
A	Gem::SpecificationRecord	class	Object	Gem::SpecificationRecord,Enumerable,Object,Kernel,BasicObject
A	Gem::Requirement	class	Object	Gem::Requirement,Object,Kernel,BasicObject
A	Gem::UnsatisfiableDependencyError	class	Gem::DependencyError	Gem::UnsatisfiableDependencyError,Gem::DependencyError,Gem::Exception,RuntimeError,StandardError,Exception,Object,Kernel,BasicObject
A	Gem::Version	class	Object	Gem::Version,Comparable,Object,Kernel,BasicObject
A	Gem::Specification	class	Gem::BasicSpecification	Gem::Specification,Gem::BasicSpecification,Object,Kernel,BasicObject
A	Gem::SourceList	class	Object	Gem::SourceList,Enumerable,Object,Kernel,BasicObject
A	Gem::GemNotFoundException	class	Gem::Exception	Gem::GemNotFoundException,Gem::Exception,RuntimeError,StandardError,Exception,Object,Kernel,BasicObject
A	Gem::BasicSpecification	class	Object	Gem::BasicSpecification,Object,Kernel,BasicObject
A	Gem::ConfigFile	class	Object	Gem::ConfigFile,Gem::UserInteraction,Gem::DefaultUserInteraction,Gem::Text,Object,Kernel,BasicObject
A	Gem::PathSupport	class	Object	Gem::PathSupport,Object,Kernel,BasicObject
A	Gem::Deprecate	module	-	Gem::Deprecate
A	DidYouMean::ClassNameChecker	class	Object	DidYouMean::ClassNameChecker,Object,Kernel,BasicObject
A	DidYouMean::VariableNameChecker	class	Object	DidYouMean::VariableNameChecker,Object,Kernel,BasicObject
A	DidYouMean::Formatter	class	Object	DidYouMean::Formatter,Object,Kernel,BasicObject
A	DidYouMean::SpellChecker	class	Object	DidYouMean::SpellChecker,Object,Kernel,BasicObject
A	DidYouMean::JaroWinkler	module	-	DidYouMean::JaroWinkler
A	DidYouMean::Levenshtein	module	-	DidYouMean::Levenshtein
A	DidYouMean::Correctable	module	-	DidYouMean::Correctable
A	DidYouMean::Jaro	module	-	DidYouMean::Jaro
A	DidYouMean::NullChecker	class	Object	DidYouMean::NullChecker,Object,Kernel,BasicObject
A	DidYouMean::KeyErrorChecker	class	Object	DidYouMean::KeyErrorChecker,Object,Kernel,BasicObject
A	DidYouMean::MethodNameChecker	class	Object	DidYouMean::MethodNameChecker,Object,Kernel,BasicObject
A	DidYouMean::TreeSpellChecker	class	Object	DidYouMean::TreeSpellChecker,Object,Kernel,BasicObject
A	DidYouMean::RequirePathChecker	class	Object	DidYouMean::RequirePathChecker,Object,Kernel,BasicObject
A	DidYouMean::PatternKeyNameChecker	class	Object	DidYouMean::PatternKeyNameChecker,Object,Kernel,BasicObject
A	ErrorHighlight::DefaultFormatter	class	Object	ErrorHighlight::DefaultFormatter,Object,Kernel,BasicObject
A	ErrorHighlight::CoreExt	module	-	ErrorHighlight::CoreExt
A	Encoding::CompatibilityError	class	EncodingError	Encoding::CompatibilityError,EncodingError,StandardError,Exception,Object,Kernel,BasicObject
A	Encoding::UndefinedConversionError	class	EncodingError	Encoding::UndefinedConversionError,EncodingError,StandardError,Exception,Object,Kernel,BasicObject
A	Encoding::InvalidByteSequenceError	class	EncodingError	Encoding::InvalidByteSequenceError,EncodingError,StandardError,Exception,Object,Kernel,BasicObject
A	Encoding::ConverterNotFoundError	class	EncodingError	Encoding::ConverterNotFoundError,EncodingError,StandardError,Exception,Object,Kernel,BasicObject
A	Encoding::Converter	class	Object	Encoding::Converter,Object,Kernel,BasicObject
A	File::Constants	module	-	File::Constants
A	File::Stat	class	Object	File::Stat,Comparable,Object,Kernel,BasicObject
A	Random::Base	class	Object	Random::Base,Random::Formatter,Object,Kernel,BasicObject
A	Random::Formatter	module	-	Random::Formatter
A	MonitorMixin::ConditionVariable	class	Object	MonitorMixin::ConditionVariable,Object,Kernel,BasicObject
A	Regexp::TimeoutError	class	RegexpError	Regexp::TimeoutError,RegexpError,StandardError,Exception,Object,Kernel,BasicObject
A	Process::UID	module	-	Process::UID
A	Process::GID	module	-	Process::GID
A	Process::Sys	module	-	Process::Sys
A	Process::Waiter	class	Thread	Process::Waiter,Thread,Object,Kernel,BasicObject
A	Process::Status	class	Object	Process::Status,Object,Kernel,BasicObject
A	Process::Tms	class	Struct	Process::Tms,Struct,Enumerable,Object,Kernel,BasicObject
A	Math::DomainError	class	StandardError	Math::DomainError,StandardError,Exception,Object,Kernel,BasicObject
A	GC::Profiler	module	-	GC::Profiler
A	ObjectSpace::WeakMap	class	Object	ObjectSpace::WeakMap,Enumerable,Object,Kernel,BasicObject
A	ObjectSpace::WeakKeyMap	class	Object	ObjectSpace::WeakKeyMap,Object,Kernel,BasicObject
A	Enumerator::Yielder	class	Object	Enumerator::Yielder,Object,Kernel,BasicObject
A	Enumerator::Producer	class	Object	Enumerator::Producer,Object,Kernel,BasicObject
A	Enumerator::Chain	class	Enumerator	Enumerator::Chain,Enumerator,Enumerable,Object,Kernel,BasicObject
A	Enumerator::Product	class	Enumerator	Enumerator::Product,Enumerator,Enumerable,Object,Kernel,BasicObject
A	Enumerator::ArithmeticSequence	class	Enumerator	Enumerator::ArithmeticSequence,Enumerator,Enumerable,Object,Kernel,BasicObject
A	Enumerator::Lazy	class	Enumerator	Enumerator::Lazy,Enumerator,Enumerable,Object,Kernel,BasicObject
A	Enumerator::Generator	class	Object	Enumerator::Generator,Enumerable,Object,Kernel,BasicObject
A	Thread::Backtrace::Location	class	Object	Thread::Backtrace::Location,Object,Kernel,BasicObject
A	IO::Buffer::LockedError	class	RuntimeError	IO::Buffer::LockedError,RuntimeError,StandardError,Exception,Object,Kernel,BasicObject
A	IO::Buffer::AllocationError	class	RuntimeError	IO::Buffer::AllocationError,RuntimeError,StandardError,Exception,Object,Kernel,BasicObject
A	IO::Buffer::AccessError	class	RuntimeError	IO::Buffer::AccessError,RuntimeError,StandardError,Exception,Object,Kernel,BasicObject
A	IO::Buffer::InvalidatedError	class	RuntimeError	IO::Buffer::InvalidatedError,RuntimeError,StandardError,Exception,Object,Kernel,BasicObject
A	IO::Buffer::MaskError	class	ArgumentError	IO::Buffer::MaskError,ErrorHighlight::CoreExt,ArgumentError,StandardError,Exception,Object,Kernel,BasicObject
A	RubyVM::AbstractSyntaxTree::Node	class	Object	RubyVM::AbstractSyntaxTree::Node,Object,Kernel,BasicObject
A	RubyVM::AbstractSyntaxTree::Location	class	Object	RubyVM::AbstractSyntaxTree::Location,Object,Kernel,BasicObject
A	Gem::Installer::FakePackage	class	Object	Gem::Installer::FakePackage,Object,Kernel,BasicObject
A	Gem::Ext::BuildError	class	Gem::InstallError	Gem::Ext::BuildError,Gem::InstallError,Gem::Exception,RuntimeError,StandardError,Exception,Object,Kernel,BasicObject
A	Gem::Resolver::APISet	class	Gem::Resolver::Set	Gem::Resolver::APISet,Gem::Resolver::Set,Object,Kernel,BasicObject
A	Gem::Resolver::Specification	class	Object	Gem::Resolver::Specification,Object,Kernel,BasicObject
A	Gem::Resolver::LocalSpecification	class	Gem::Resolver::SpecSpecification	Gem::Resolver::LocalSpecification,Gem::Resolver::SpecSpecification,Gem::Resolver::Specification,Object,Kernel,BasicObject
A	Gem::Resolver::InstalledSpecification	class	Gem::Resolver::SpecSpecification	Gem::Resolver::InstalledSpecification,Gem::Resolver::SpecSpecification,Gem::Resolver::Specification,Object,Kernel,BasicObject
A	Gem::Resolver::APISpecification	class	Gem::Resolver::Specification	Gem::Resolver::APISpecification,Gem::Resolver::Specification,Object,Kernel,BasicObject
A	Gem::Resolver::LockSet	class	Gem::Resolver::Set	Gem::Resolver::LockSet,Gem::Resolver::Set,Object,Kernel,BasicObject
A	Gem::Resolver::BestSet	class	Gem::Resolver::ComposedSet	Gem::Resolver::BestSet,Gem::Resolver::ComposedSet,Gem::Resolver::Set,Object,Kernel,BasicObject
A	Gem::Resolver::ComposedSet	class	Gem::Resolver::Set	Gem::Resolver::ComposedSet,Gem::Resolver::Set,Object,Kernel,BasicObject
A	Gem::Resolver::VendorSet	class	Gem::Resolver::Set	Gem::Resolver::VendorSet,Gem::Resolver::Set,Object,Kernel,BasicObject
A	Gem::Resolver::CurrentSet	class	Gem::Resolver::Set	Gem::Resolver::CurrentSet,Gem::Resolver::Set,Object,Kernel,BasicObject
A	Gem::Resolver::SourceSet	class	Gem::Resolver::Set	Gem::Resolver::SourceSet,Gem::Resolver::Set,Object,Kernel,BasicObject
A	Gem::Resolver::GitSet	class	Gem::Resolver::Set	Gem::Resolver::GitSet,Gem::Resolver::Set,Object,Kernel,BasicObject
A	Gem::Resolver::IndexSet	class	Gem::Resolver::Set	Gem::Resolver::IndexSet,Gem::Resolver::Set,Object,Kernel,BasicObject
A	Gem::Resolver::SpecSpecification	class	Gem::Resolver::Specification	Gem::Resolver::SpecSpecification,Gem::Resolver::Specification,Object,Kernel,BasicObject
A	Gem::Resolver::Stats	class	Object	Gem::Resolver::Stats,Object,Kernel,BasicObject
A	Gem::Resolver::LockSpecification	class	Gem::Resolver::Specification	Gem::Resolver::LockSpecification,Gem::Resolver::Specification,Object,Kernel,BasicObject
A	Gem::Resolver::GitSpecification	class	Gem::Resolver::SpecSpecification	Gem::Resolver::GitSpecification,Gem::Resolver::SpecSpecification,Gem::Resolver::Specification,Object,Kernel,BasicObject
A	Gem::Resolver::ActivationRequest	class	Object	Gem::Resolver::ActivationRequest,Object,Kernel,BasicObject
A	Gem::Resolver::Set	class	Object	Gem::Resolver::Set,Object,Kernel,BasicObject
A	Gem::Resolver::DependencyRequest	class	Object	Gem::Resolver::DependencyRequest,Object,Kernel,BasicObject
A	Gem::Resolver::VendorSpecification	class	Gem::Resolver::SpecSpecification	Gem::Resolver::VendorSpecification,Gem::Resolver::SpecSpecification,Gem::Resolver::Specification,Object,Kernel,BasicObject
A	Gem::Resolver::IndexSpecification	class	Gem::Resolver::Specification	Gem::Resolver::IndexSpecification,Gem::Resolver::Specification,Object,Kernel,BasicObject
A	Gem::Resolver::InstallerSet	class	Gem::Resolver::Set	Gem::Resolver::InstallerSet,Gem::Resolver::Set,Object,Kernel,BasicObject
A	Gem::Resolver::Conflict	class	Object	Gem::Resolver::Conflict,Object,Kernel,BasicObject
A	Gem::Resolver::RequirementList	class	Object	Gem::Resolver::RequirementList,Enumerable,Object,Kernel,BasicObject
A	Gem::Source::Git	class	Gem::Source	Gem::Source::Git,Gem::Source,Gem::Text,Comparable,Object,Kernel,BasicObject
A	Gem::Source::Installed	class	Gem::Source	Gem::Source::Installed,Gem::Source,Gem::Text,Comparable,Object,Kernel,BasicObject
A	Gem::Source::Lock	class	Gem::Source	Gem::Source::Lock,Gem::Source,Gem::Text,Comparable,Object,Kernel,BasicObject
A	Gem::Source::Local	class	Gem::Source	Gem::Source::Local,Gem::Source,Gem::Text,Comparable,Object,Kernel,BasicObject
A	Gem::Source::Vendor	class	Gem::Source::Installed	Gem::Source::Vendor,Gem::Source::Installed,Gem::Source,Gem::Text,Comparable,Object,Kernel,BasicObject
A	Gem::Source::SpecificFile	class	Gem::Source	Gem::Source::SpecificFile,Gem::Source,Gem::Text,Comparable,Object,Kernel,BasicObject
A	Gem::StubSpecification::StubLine	class	Object	Gem::StubSpecification::StubLine,Object,Kernel,BasicObject
A	Gem::RequestSet::GemDependencyAPI	class	Object	Gem::RequestSet::GemDependencyAPI,Object,Kernel,BasicObject
A	Gem::RequestSet::Lockfile	class	Object	Gem::RequestSet::Lockfile,Object,Kernel,BasicObject
A	Gem::Requirement::BadRequirementError	class	ArgumentError	Gem::Requirement::BadRequirementError,ErrorHighlight::CoreExt,ArgumentError,StandardError,Exception,Object,Kernel,BasicObject
A	Gem::Resolver::APISet::GemParser	class	Object	Gem::Resolver::APISet::GemParser,Object,Kernel,BasicObject
A	Gem::RequestSet::Lockfile::Parser	class	Object	Gem::RequestSet::Lockfile::Parser,Object,Kernel,BasicObject
A	Gem::RequestSet::Lockfile::Tokenizer	class	Object	Gem::RequestSet::Lockfile::Tokenizer,Object,Kernel,BasicObject
A	Gem::RequestSet::Lockfile::ParseError	class	Gem::Exception	Gem::RequestSet::Lockfile::ParseError,Gem::Exception,RuntimeError,StandardError,Exception,Object,Kernel,BasicObject
A	Gem::RequestSet::Lockfile::Tokenizer::Token	class	Struct	Gem::RequestSet::Lockfile::Tokenizer::Token,Struct,Enumerable,Object,Kernel,BasicObject
A	ARGF.class	class	Object	ARGF.class,Enumerable,Object,Kernel,BasicObject
A	ENV	object	-	-
A	main	object	-	-
M	Object	i	priv	Digest	-	digest
M	Refinement	i	pub	target	-	-
M	Refinement	i	priv	import_methods	-	-
M	Kernel	s	pub	Integer	-	-
M	Kernel	s	pub	load	-	-
M	Kernel	s	pub	require	-	-
M	Kernel	s	pub	require_relative	-	-
M	Kernel	s	pub	autoload	-	-
M	Kernel	s	pub	autoload?	-	-
M	Kernel	s	pub	syscall	-	-
M	Kernel	s	pub	open	-	-
M	Kernel	s	pub	printf	-	-
M	Kernel	s	pub	print	-	-
M	Kernel	s	pub	putc	-	-
M	Kernel	s	pub	puts	-	-
M	Kernel	s	pub	sprintf	-	-
M	Kernel	s	pub	format	-	-
M	Kernel	s	pub	String	-	-
M	Kernel	s	pub	Array	-	-
M	Kernel	s	pub	Hash	-	-
M	Kernel	s	pub	p	-	-
M	Kernel	s	pub	readline	-	-
M	Kernel	s	pub	readlines	-	-
M	Kernel	s	pub	Float	-	-
M	Kernel	s	pub	local_variables	-	-
M	Kernel	s	pub	binding	-	-
M	Kernel	s	pub	exec	-	-
M	Kernel	s	pub	exit!	-	-
M	Kernel	s	pub	system	-	-
M	Kernel	s	pub	spawn	-	-
M	Kernel	s	pub	abort	-	-
M	Kernel	s	pub	Rational	-	-
M	Kernel	s	pub	caller	-	-
M	Kernel	s	pub	caller_locations	-	-
M	Kernel	s	pub	warn	-	-
M	Kernel	s	pub	Complex	-	-
M	Kernel	s	pub	loop	-	-
M	Kernel	s	pub	gets	-	-
M	Kernel	s	pub	raise	-	-
M	Kernel	s	pub	fail	-	-
M	Kernel	s	pub	global_variables	-	-
M	Kernel	s	pub	__method__	-	-
M	Kernel	s	pub	__callee__	-	-
M	Kernel	s	pub	__dir__	-	-
M	Kernel	s	pub	proc	-	-
M	Kernel	s	pub	lambda	-	-
M	Kernel	s	pub	fork	-	-
M	Kernel	s	pub	test	-	-
M	Kernel	s	pub	set_trace_func	-	-
M	Kernel	s	pub	exit	-	-
M	Kernel	s	pub	eval	-	-
M	Kernel	s	pub	iterator?	-	-
M	Kernel	s	pub	block_given?	-	-
M	Kernel	s	pub	catch	-	-
M	Kernel	s	pub	throw	-	-
M	Kernel	s	pub	select	-	-
M	Kernel	s	pub	`	-	-
M	Kernel	s	pub	trace_var	-	-
M	Kernel	s	pub	untrace_var	-	-
M	Kernel	s	pub	sleep	-	-
M	Kernel	s	pub	at_exit	-	-
M	Kernel	s	pub	rand	-	-
M	Kernel	s	pub	srand	-	-
M	Kernel	s	pub	trap	-	-
M	Kernel	i	pub	singleton_class	-	-
M	Kernel	i	pub	dup	-	-
M	Kernel	i	pub	itself	-	-
M	Kernel	i	pub	methods	-	-
M	Kernel	i	pub	singleton_methods	-	-
M	Kernel	i	pub	protected_methods	-	-
M	Kernel	i	pub	private_methods	-	-
M	Kernel	i	pub	public_methods	-	-
M	Kernel	i	pub	instance_variables	-	-
M	Kernel	i	pub	instance_variable_get	-	-
M	Kernel	i	pub	instance_variable_set	-	-
M	Kernel	i	pub	instance_variable_defined?	-	-
M	Kernel	i	pub	remove_instance_variable	-	-
M	Kernel	i	pub	instance_of?	-	-
M	Kernel	i	pub	kind_of?	-	-
M	Kernel	i	pub	is_a?	-	-
M	Kernel	i	pub	display	-	-
M	Kernel	i	pub	class	-	-
M	Kernel	i	pub	frozen?	-	-
M	Kernel	i	pub	tap	-	-
M	Kernel	i	pub	then	-	-
M	Kernel	i	pub	yield_self	then	-
M	Kernel	i	pub	public_send	-	-
M	Kernel	i	pub	extend	-	-
M	Kernel	i	pub	clone	-	-
M	Kernel	i	pub	<=>	-	-
M	Kernel	i	pub	===	-	-
M	Kernel	i	pub	!~	-	-
M	Kernel	i	pub	nil?	-	-
M	Kernel	i	pub	eql?	-	-
M	Kernel	i	pub	respond_to?	-	-
M	Kernel	i	pub	method	-	-
M	Kernel	i	pub	public_method	-	-
M	Kernel	i	pub	singleton_method	-	-
M	Kernel	i	pub	define_singleton_method	-	-
M	Kernel	i	pub	hash	-	-
M	Kernel	i	pub	freeze	-	-
M	Kernel	i	pub	inspect	-	-
M	Kernel	i	pub	object_id	-	-
M	Kernel	i	pub	send	-	-
M	Kernel	i	pub	to_s	-	-
M	Kernel	i	pub	to_enum	-	-
M	Kernel	i	pub	enum_for	-	-
M	Kernel	i	priv	sprintf	-	-
M	Kernel	i	priv	format	-	-
M	Kernel	i	priv	String	-	-
M	Kernel	i	priv	Array	-	-
M	Kernel	i	priv	Hash	-	-
M	Kernel	i	priv	open	-	-
M	Kernel	i	priv	printf	-	-
M	Kernel	i	priv	readlines	-	-
M	Kernel	i	priv	putc	-	-
M	Kernel	i	priv	puts	-	-
M	Kernel	i	priv	readline	-	-
M	Kernel	i	priv	local_variables	-	-
M	Kernel	i	priv	print	-	-
M	Kernel	i	priv	syscall	-	-
M	Kernel	i	priv	p	-	-
M	Kernel	i	priv	Rational	-	-
M	Kernel	i	priv	caller	-	-
M	Kernel	i	priv	caller_locations	-	-
M	Kernel	i	priv	warn	-	-
M	Kernel	i	priv	Complex	-	-
M	Kernel	i	priv	loop	-	-
M	Kernel	i	priv	raise	-	-
M	Kernel	i	priv	fail	-	-
M	Kernel	i	priv	global_variables	-	-
M	Kernel	i	priv	__method__	-	-
M	Kernel	i	priv	__callee__	-	-
M	Kernel	i	priv	__dir__	-	-
M	Kernel	i	priv	fork	-	-
M	Kernel	i	priv	set_trace_func	-	-
M	Kernel	i	priv	exit	-	-
M	Kernel	i	priv	eval	-	-
M	Kernel	i	priv	iterator?	-	-
M	Kernel	i	priv	block_given?	-	-
M	Kernel	i	priv	catch	-	-
M	Kernel	i	priv	throw	-	-
M	Kernel	i	priv	select	-	-
M	Kernel	i	priv	`	-	-
M	Kernel	i	priv	trace_var	-	-
M	Kernel	i	priv	untrace_var	-	-
M	Kernel	i	priv	sleep	-	-
M	Kernel	i	priv	at_exit	-	-
M	Kernel	i	priv	gem_original_require	require	-
M	Kernel	i	priv	rand	-	-
M	Kernel	i	priv	srand	-	-
M	Kernel	i	priv	trap	-	-
M	Kernel	i	priv	Integer	-	-
M	Kernel	i	priv	load	-	-
M	Kernel	i	priv	require	-	-
M	Kernel	i	priv	require_relative	-	-
M	Kernel	i	priv	autoload?	-	-
M	Kernel	i	priv	Float	-	-
M	Kernel	i	priv	autoload	-	-
M	Kernel	i	priv	binding	-	-
M	Kernel	i	priv	gem	-	rubygems/core_ext/kernel_gem
M	Kernel	i	priv	respond_to_missing?	-	-
M	Kernel	i	priv	pp	-	-
M	Kernel	i	priv	exec	-	-
M	Kernel	i	priv	exit!	-	-
M	Kernel	i	priv	system	-	-
M	Kernel	i	priv	spawn	-	-
M	Kernel	i	priv	abort	-	-
M	Kernel	i	priv	gets	-	-
M	Kernel	i	priv	proc	-	-
M	Kernel	i	priv	lambda	-	-
M	Kernel	i	priv	initialize_copy	-	-
M	Kernel	i	priv	initialize_clone	-	-
M	Kernel	i	priv	initialize_dup	-	-
M	Kernel	i	priv	test	-	-
M	Symbol	s	pub	all_symbols	-	-
M	Symbol	i	pub	<=>	-	-
M	Symbol	i	pub	==	-	-
M	Symbol	i	pub	===	-	-
M	Symbol	i	pub	start_with?	-	-
M	Symbol	i	pub	next	-	-
M	Symbol	i	pub	=~	-	-
M	Symbol	i	pub	[]	-	-
M	Symbol	i	pub	to_proc	-	-
M	Symbol	i	pub	to_s	-	-
M	Symbol	i	pub	end_with?	-	-
M	Symbol	i	pub	to_sym	-	-
M	Symbol	i	pub	empty?	-	-
M	Symbol	i	pub	casecmp	-	-
M	Symbol	i	pub	casecmp?	-	-
M	Symbol	i	pub	match	-	-
M	Symbol	i	pub	match?	-	-
M	Symbol	i	pub	name	-	-
M	Symbol	i	pub	id2name	to_s	-
M	Symbol	i	pub	inspect	-	-
M	Symbol	i	pub	intern	to_sym	-
M	Symbol	i	pub	slice	-	-
M	Symbol	i	pub	encoding	-	-
M	Symbol	i	pub	upcase	-	-
M	Symbol	i	pub	downcase	-	-
M	Symbol	i	pub	capitalize	-	-
M	Symbol	i	pub	swapcase	-	-
M	Symbol	i	pub	length	-	-
M	Symbol	i	pub	size	-	-
M	Symbol	i	pub	succ	-	-
M	Exception	s	pub	exception	-	-
M	Exception	s	pub	to_tty?	-	-
M	Exception	i	pub	message	-	-
M	Exception	i	pub	detailed_message	-	-
M	Exception	i	pub	full_message	-	-
M	Exception	i	pub	backtrace	-	-
M	Exception	i	pub	backtrace_locations	-	-
M	Exception	i	pub	==	-	-
M	Exception	i	pub	set_backtrace	-	-
M	Exception	i	pub	cause	-	-
M	Exception	i	pub	inspect	-	-
M	Exception	i	pub	to_s	-	-
M	Exception	i	pub	exception	-	-
M	Exception	i	pub	respond_to?	-	-
M	Exception	i	priv	initialize	-	-
M	Exception	i	priv	method_missing	-	-
M	Exception	i	priv	respond_to_missing?	-	-
M	Range	i	pub	each	-	-
M	Range	i	pub	step	-	-
M	Range	i	pub	exclude_end?	-	-
M	Range	i	pub	last	-	-
M	Range	i	pub	overlap?	-	-
M	Range	i	pub	cover?	-	-
M	Range	i	pub	==	-	-
M	Range	i	pub	===	-	-
M	Range	i	pub	to_a	-	-
M	Range	i	pub	to_s	-	-
M	Range	i	pub	entries	-	-
M	Range	i	pub	include?	-	-
M	Range	i	pub	eql?	-	-
M	Range	i	pub	count	-	-
M	Range	i	pub	%	-	-
M	Range	i	pub	bsearch	-	-
M	Range	i	pub	max	-	-
M	Range	i	pub	min	-	-
M	Range	i	pub	hash	-	-
M	Range	i	pub	first	-	-
M	Range	i	pub	inspect	-	-
M	Range	i	pub	begin	-	-
M	Range	i	pub	end	-	-
M	Range	i	pub	minmax	-	-
M	Range	i	pub	member?	-	-
M	Range	i	pub	reverse_each	-	-
M	Range	i	pub	size	-	-
M	Range	i	priv	initialize	-	-
M	Range	i	priv	initialize_copy	-	-
M	SystemExit	i	pub	success?	-	-
M	SystemExit	i	pub	status	-	-
M	SystemExit	i	priv	initialize	-	-
M	StopIteration	i	pub	result	-	-
M	SignalException	i	pub	signo	-	-
M	SignalException	i	pub	signm	message	-
M	SignalException	i	priv	initialize	-	-
M	Interrupt	i	priv	initialize	-	-
M	KeyError	i	pub	receiver	-	-
M	KeyError	i	pub	key	-	-
M	KeyError	i	priv	initialize	-	-
M	String	s	pub	try_convert	-	-
M	String	s	pub	new	-	-
M	String	i	pub	encoding	-	-
M	String	i	pub	each_grapheme_cluster	-	-
M	String	i	pub	slice	-	-
M	String	i	pub	valid_encoding?	-	-
M	String	i	pub	ascii_only?	-	-
M	String	i	pub	unicode_normalize!	-	-
M	String	i	pub	force_encoding	-	-
M	String	i	pub	b	-	-
M	String	i	pub	dup	-	-
M	String	i	pub	unicode_normalized?	-	-
M	String	i	pub	to_r	-	-
M	String	i	pub	unicode_normalize	-	-
M	String	i	pub	encode	-	-
M	String	i	pub	encode!	-	-
M	String	i	pub	unpack1	-	-
M	String	i	pub	unpack	-	-
M	String	i	pub	%	-	-
M	String	i	pub	*	-	-
M	String	i	pub	+	-	-
M	String	i	pub	to_c	-	-
M	String	i	pub	count	-	-
M	String	i	pub	partition	-	-
M	String	i	pub	+@	-	-
M	String	i	pub	-@	-	-
M	String	i	pub	<=>	-	-
M	String	i	pub	<<	-	-
M	String	i	pub	sum	-	-
M	String	i	pub	==	-	-
M	String	i	pub	===	-	-
M	String	i	pub	=~	-	-
M	String	i	pub	next	-	-
M	String	i	pub	[]	-	-
M	String	i	pub	[]=	-	-
M	String	i	pub	include?	-	-
M	String	i	pub	empty?	-	-
M	String	i	pub	casecmp	-	-
M	String	i	pub	casecmp?	-	-
M	String	i	pub	bytesize	-	-
M	String	i	pub	match	-	-
M	String	i	pub	match?	-	-
M	String	i	pub	succ!	-	-
M	String	i	pub	eql?	-	-
M	String	i	pub	insert	-	-
M	String	i	pub	upto	-	-
M	String	i	pub	next!	-	-
M	String	i	pub	byteindex	-	-
M	String	i	pub	index	-	-
M	String	i	pub	byterindex	-	-
M	String	i	pub	rindex	-	-
M	String	i	pub	chr	-	-
M	String	i	pub	getbyte	-	-
M	String	i	pub	clear	-	-
M	String	i	pub	byteslice	-	-
M	String	i	pub	hash	-	-
M	String	i	pub	bytesplice	-	-
M	String	i	pub	scrub!	-	-
M	String	i	pub	dedup	-@	-
M	String	i	pub	replace	-	-
M	String	i	pub	dump	-	-
M	String	i	pub	undump	-	-
M	String	i	pub	scrub	-	-
M	String	i	pub	setbyte	-	-
M	String	i	pub	intern	-	-
M	String	i	pub	upcase	-	-
M	String	i	pub	freeze	-	-
M	String	i	pub	inspect	-	-
M	String	i	pub	swapcase	-	-
M	String	i	pub	downcase	-	-
M	String	i	pub	length	-	-
M	String	i	pub	size	-	-
M	String	i	pub	upcase!	-	-
M	String	i	pub	succ	-	-
M	String	i	pub	hex	-	-
M	String	i	pub	swapcase!	-	-
M	String	i	pub	downcase!	-	-
M	String	i	pub	capitalize	-	-
M	String	i	pub	bytes	-	-
M	String	i	pub	lines	-	-
M	String	i	pub	reverse	-	-
M	String	i	pub	grapheme_clusters	-	-
M	String	i	pub	oct	-	-
M	String	i	pub	split	-	-
M	String	i	pub	to_str	-	-
M	String	i	pub	crypt	-	-
M	String	i	pub	chars	-	-
M	String	i	pub	codepoints	-	-
M	String	i	pub	end_with?	-	-
M	String	i	pub	prepend	-	-
M	String	i	pub	to_s	-	-
M	String	i	pub	to_i	-	-
M	String	i	pub	to_f	-	-
M	String	i	pub	sub	-	-
M	String	i	pub	scan	-	-
M	String	i	pub	reverse!	-	-
M	String	i	pub	concat	-	-
M	String	i	pub	capitalize!	-	-
M	String	i	pub	chomp	-	-
M	String	i	pub	ljust	-	-
M	String	i	pub	to_sym	-	-
M	String	i	pub	start_with?	-	-
M	String	i	pub	strip	-	-
M	String	i	pub	append_as_bytes	-	-
M	String	i	pub	chop	-	-
M	String	i	pub	rjust	-	-
M	String	i	pub	ord	-	-
M	String	i	pub	lstrip	-	-
M	String	i	pub	gsub	-	-
M	String	i	pub	delete_prefix	-	-
M	String	i	pub	delete_suffix	-	-
M	String	i	pub	sub!	-	-
M	String	i	pub	center	-	-
M	String	i	pub	rstrip	-	-
M	String	i	pub	chomp!	-	-
M	String	i	pub	strip!	-	-
M	String	i	pub	lstrip!	-	-
M	String	i	pub	gsub!	-	-
M	String	i	pub	chop!	-	-
M	String	i	pub	delete_suffix!	-	-
M	String	i	pub	tr	-	-
M	String	i	pub	tr_s	-	-
M	String	i	pub	rstrip!	-	-
M	String	i	pub	delete_prefix!	-	-
M	String	i	pub	tr!	-	-
M	String	i	pub	tr_s!	-	-
M	String	i	pub	delete!	-	-
M	String	i	pub	delete	-	-
M	String	i	pub	squeeze	-	-
M	String	i	pub	each_byte	-	-
M	String	i	pub	each_char	-	-
M	String	i	pub	each_codepoint	-	-
M	String	i	pub	squeeze!	-	-
M	String	i	pub	each_line	-	-
M	String	i	pub	slice!	-	-
M	String	i	pub	rpartition	-	-
M	String	i	priv	initialize	-	-
M	String	i	priv	initialize_copy	-	-
M	Array	s	pub	try_convert	-	-
M	Array	s	pub	[]	-	-
M	Array	s	pub	new	-	-
M	Array	i	pub	last	-	-
M	Array	i	pub	to_h	-	-
M	Array	i	pub	&	-	-
M	Array	i	pub	*	-	-
M	Array	i	pub	+	-	-
M	Array	i	pub	-	-	-
M	Array	i	pub	at	-	-
M	Array	i	pub	fetch	-	-
M	Array	i	pub	union	-	-
M	Array	i	pub	difference	-	-
M	Array	i	pub	intersection	-	-
M	Array	i	pub	intersect?	-	-
M	Array	i	pub	push	-	-
M	Array	i	pub	append	push	-
M	Array	i	pub	pop	-	-
M	Array	i	pub	shift	-	-
M	Array	i	pub	unshift	-	-
M	Array	i	pub	each_index	-	-
M	Array	i	pub	join	-	-
M	Array	i	pub	rotate	-	-
M	Array	i	pub	rotate!	-	-
M	Array	i	pub	sort!	-	-
M	Array	i	pub	sort_by!	-	-
M	Array	i	pub	collect!	-	-
M	Array	i	pub	map!	-	-
M	Array	i	pub	select!	-	-
M	Array	i	pub	filter!	-	-
M	Array	i	pub	keep_if	-	-
M	Array	i	pub	sort	-	-
M	Array	i	pub	delete_at	-	-
M	Array	i	pub	delete_if	-	-
M	Array	i	pub	values_at	-	-
M	Array	i	pub	count	-	-
M	Array	i	pub	fill	-	-
M	Array	i	pub	find_index	-	-
M	Array	i	pub	rassoc	-	-
M	Array	i	pub	select	-	-
M	Array	i	pub	filter	-	-
M	Array	i	pub	compact!	-	-
M	Array	i	pub	reject	-	-
M	Array	i	pub	collect	-	-
M	Array	i	pub	map	-	-
M	Array	i	pub	uniq!	-	-
M	Array	i	pub	permutation	-	-
M	Array	i	pub	flatten	-	-
M	Array	i	pub	flatten!	-	-
M	Array	i	pub	reject!	-	-
M	Array	i	pub	transpose	-	-
M	Array	i	pub	repeated_permutation	-	-
M	Array	i	pub	assoc	-	-
M	Array	i	pub	product	-	-
M	Array	i	pub	combination	-	-
M	Array	i	pub	bsearch_index	-	-
M	Array	i	pub	repeated_combination	-	-
M	Array	i	pub	minmax	-	-
M	Array	i	pub	bsearch	-	-
M	Array	i	pub	all?	-	-
M	Array	i	pub	any?	-	-
M	Array	i	pub	one?	-	-
M	Array	i	pub	none?	-	-
M	Array	i	pub	reverse_each	-	-
M	Array	i	pub	deconstruct	-	-
M	Array	i	pub	fetch_values	-	-
M	Array	i	pub	|	-	-
M	Array	i	pub	zip	-	-
M	Array	i	pub	take	-	-
M	Array	i	pub	take_while	-	-
M	Array	i	pub	drop	-	-
M	Array	i	pub	drop_while	-	-
M	Array	i	pub	cycle	-	-
M	Array	i	pub	<=>	-	-
M	Array	i	pub	<<	-	-
M	Array	i	pub	uniq	-	-
M	Array	i	pub	compact	-	-
M	Array	i	pub	sum	-	-
M	Array	i	pub	==	-	-
M	Array	i	pub	[]	-	-
M	Array	i	pub	[]=	-	-
M	Array	i	pub	include?	-	-
M	Array	i	pub	empty?	-	-
M	Array	i	pub	eql?	-	-
M	Array	i	pub	insert	-	-
M	Array	i	pub	shuffle!	-	-
M	Array	i	pub	shuffle	-	-
M	Array	i	pub	sample	-	-
M	Array	i	pub	index	-	-
M	Array	i	pub	first	-	-
M	Array	i	pub	rindex	-	-
M	Array	i	pub	replace	-	-
M	Array	i	pub	clear	-	-
M	Array	i	pub	max	-	-
M	Array	i	pub	min	-	-
M	Array	i	pub	hash	-	-
M	Array	i	pub	freeze	-	-
M	Array	i	pub	inspect	-	-
M	Array	i	pub	length	-	-
M	Array	i	pub	size	-	-
M	Array	i	pub	each	-	-
M	Array	i	pub	reverse	-	-
M	Array	i	pub	concat	-	-
M	Array	i	pub	to_ary	-	-
M	Array	i	pub	prepend	unshift	-
M	Array	i	pub	reverse!	-	-
M	Array	i	pub	to_a	-	-
M	Array	i	pub	to_s	inspect	-
M	Array	i	pub	pack	-	-
M	Array	i	pub	delete	-	-
M	Array	i	pub	slice	-	-
M	Array	i	pub	slice!	-	-
M	Array	i	pub	dig	-	-
M	Array	i	priv	initialize	-	-
M	Array	i	priv	initialize_copy	-	-
M	NilClass	i	pub	to_c	-	-
M	NilClass	i	pub	&	-	-
M	NilClass	i	pub	===	-	-
M	NilClass	i	pub	rationalize	-	-
M	NilClass	i	pub	inspect	-	-
M	NilClass	i	pub	=~	-	-
M	NilClass	i	pub	to_a	-	-
M	NilClass	i	pub	to_s	-	-
M	NilClass	i	pub	to_i	-	-
M	NilClass	i	pub	to_f	-	-
M	NilClass	i	pub	to_r	-	-
M	NilClass	i	pub	nil?	-	-
M	NilClass	i	pub	|	-	-
M	NilClass	i	pub	to_h	-	-
M	NilClass	i	pub	^	-	-
M	SyntaxError	i	pub	path	-	-
M	SyntaxError	i	priv	initialize	-	-
M	LoadError	i	pub	path	-	-
M	LoadError	i	pub	message	-	bundled_gems
M	NameError	i	pub	receiver	-	-
M	NameError	i	pub	local_variables	-	-
M	NameError	i	pub	name	-	-
M	NameError	i	priv	initialize	-	-
M	Fiber	s	pub	yield	-	-
M	Fiber	s	pub	[]	-	-
M	Fiber	s	pub	[]=	-	-
M	Fiber	s	pub	blocking?	-	-
M	Fiber	s	pub	scheduler	-	-
M	Fiber	s	pub	set_scheduler	-	-
M	Fiber	s	pub	current_scheduler	-	-
M	Fiber	s	pub	schedule	-	-
M	Fiber	s	pub	current	-	-
M	Fiber	s	pub	blocking	-	-
M	Fiber	i	pub	blocking?	-	-
M	Fiber	i	pub	storage=	-	-
M	Fiber	i	pub	resume	-	-
M	Fiber	i	pub	raise	-	-
M	Fiber	i	pub	alive?	-	-
M	Fiber	i	pub	backtrace	-	-
M	Fiber	i	pub	backtrace_locations	-	-
M	Fiber	i	pub	kill	-	-
M	Fiber	i	pub	inspect	to_s	-
M	Fiber	i	pub	to_s	-	-
M	Fiber	i	pub	transfer	-	-
M	Fiber	i	pub	storage	-	-
M	Fiber	i	priv	initialize	-	-
M	NoMethodError	i	pub	args	-	-
M	NoMethodError	i	pub	private_call?	-	-
M	NoMethodError	i	priv	initialize	-	-
M	Thread	s	pub	list	-	-
M	Thread	s	pub	start	-	-
M	Thread	s	pub	fork	-	-
M	Thread	s	pub	main	-	-
M	Thread	s	pub	current	-	-
M	Thread	s	pub	stop	-	-
M	Thread	s	pub	kill	-	-
M	Thread	s	pub	exit	-	-
M	Thread	s	pub	pass	-	-
M	Thread	s	pub	abort_on_exception	-	-
M	Thread	s	pub	abort_on_exception=	-	-
M	Thread	s	pub	report_on_exception	-	-
M	Thread	s	pub	each_caller_location	-	-
M	Thread	s	pub	report_on_exception=	-	-
M	Thread	s	pub	ignore_deadlock	-	-
M	Thread	s	pub	ignore_deadlock=	-	-
M	Thread	s	pub	handle_interrupt	-	-
M	Thread	s	pub	pending_interrupt?	-	-
M	Thread	s	pub	new	-	-
M	Thread	i	pub	raise	-	-
M	Thread	i	pub	fetch	-	-
M	Thread	i	pub	key?	-	-
M	Thread	i	pub	backtrace	-	-
M	Thread	i	pub	backtrace_locations	-	-
M	Thread	i	pub	join	-	-
M	Thread	i	pub	exit	-	-
M	Thread	i	pub	status	-	-
M	Thread	i	pub	[]	-	-
M	Thread	i	pub	[]=	-	-
M	Thread	i	pub	abort_on_exception=	-	-
M	Thread	i	pub	kill	-	-
M	Thread	i	pub	report_on_exception=	-	-
M	Thread	i	pub	report_on_exception	-	-
M	Thread	i	pub	abort_on_exception	-	-
M	Thread	i	pub	pending_interrupt?	-	-
M	Thread	i	pub	terminate	-	-
M	Thread	i	pub	run	-	-
M	Thread	i	pub	wakeup	-	-
M	Thread	i	pub	priority	-	-
M	Thread	i	pub	priority=	-	-
M	Thread	i	pub	value	-	-
M	Thread	i	pub	thread_variable_set	-	-
M	Thread	i	pub	thread_variables	-	-
M	Thread	i	pub	thread_variable?	-	-
M	Thread	i	pub	alive?	-	-
M	Thread	i	pub	stop?	-	-
M	Thread	i	pub	thread_variable_get	-	-
M	Thread	i	pub	group	-	-
M	Thread	i	pub	name	-	-
M	Thread	i	pub	native_thread_id	-	-
M	Thread	i	pub	name=	-	-
M	Thread	i	pub	set_trace_func	-	-
M	Thread	i	pub	add_trace_func	-	-
M	Thread	i	pub	to_s	-	-
M	Thread	i	pub	inspect	to_s	-
M	Thread	i	pub	keys	-	-
M	Thread	i	priv	initialize	-	-
M	Hash	s	pub	ruby2_keywords_hash?	-	-
M	Hash	s	pub	[]	-	-
M	Hash	s	pub	try_convert	-	-
M	Hash	s	pub	ruby2_keywords_hash	-	-
M	Hash	i	pub	merge!	-	-
M	Hash	i	pub	update	-	-
M	Hash	i	pub	has_key?	-	-
M	Hash	i	pub	merge	-	-
M	Hash	i	pub	key?	-	-
M	Hash	i	pub	member?	-	-
M	Hash	i	pub	compare_by_identity	-	-
M	Hash	i	pub	value?	-	-
M	Hash	i	pub	has_value?	-	-
M	Hash	i	pub	compare_by_identity?	-	-
M	Hash	i	pub	compact	-	-
M	Hash	i	pub	any?	-	-
M	Hash	i	pub	==	-	-
M	Hash	i	pub	<=	-	-
M	Hash	i	pub	>=	-	-
M	Hash	i	pub	dig	-	-
M	Hash	i	pub	[]	-	-
M	Hash	i	pub	[]=	-	-
M	Hash	i	pub	deconstruct_keys	-	-
M	Hash	i	pub	include?	-	-
M	Hash	i	pub	key	-	-
M	Hash	i	pub	eql?	-	-
M	Hash	i	pub	to_h	-	-
M	Hash	i	pub	empty?	-	-
M	Hash	i	pub	replace	-	-
M	Hash	i	pub	clear	-	-
M	Hash	i	pub	hash	-	-
M	Hash	i	pub	freeze	-	-
M	Hash	i	pub	inspect	-	-
M	Hash	i	pub	length	-	-
M	Hash	i	pub	size	-	-
M	Hash	i	pub	>	-	-
M	Hash	i	pub	<	-	-
M	Hash	i	pub	each	-	-
M	Hash	i	pub	fetch	-	-
M	Hash	i	pub	shift	-	-
M	Hash	i	pub	to_hash	-	-
M	Hash	i	pub	to_proc	-	-
M	Hash	i	pub	to_a	-	-
M	Hash	i	pub	to_s	inspect	-
M	Hash	i	pub	select!	-	-
M	Hash	i	pub	filter!	-	-
M	Hash	i	pub	keep_if	-	-
M	Hash	i	pub	values_at	-	-
M	Hash	i	pub	delete_if	-	-
M	Hash	i	pub	reject!	-	-
M	Hash	i	pub	assoc	-	-
M	Hash	i	pub	rassoc	-	-
M	Hash	i	pub	select	-	-
M	Hash	i	pub	filter	-	-
M	Hash	i	pub	flatten	-	-
M	Hash	i	pub	reject	-	-
M	Hash	i	pub	compact!	-	-
M	Hash	i	pub	delete	-	-
M	Hash	i	pub	rehash	-	-
M	Hash	i	pub	store	-	-
M	Hash	i	pub	default=	-	-
M	Hash	i	pub	default_proc	-	-
M	Hash	i	pub	default_proc=	-	-
M	Hash	i	pub	default	-	-
M	Hash	i	pub	each_key	-	-
M	Hash	i	pub	each_pair	-	-
M	Hash	i	pub	each_value	-	-
M	Hash	i	pub	transform_keys!	-	-
M	Hash	i	pub	transform_values	-	-
M	Hash	i	pub	transform_keys	-	-
M	Hash	i	pub	transform_values!	-	-
M	Hash	i	pub	values	-	-
M	Hash	i	pub	fetch_values	-	-
M	Hash	i	pub	keys	-	-
M	Hash	i	pub	slice	-	-
M	Hash	i	pub	invert	-	-
M	Hash	i	pub	except	-	-
M	Hash	i	priv	initialize	-	-
M	Hash	i	priv	initialize_copy	-	-
M	FrozenError	i	pub	receiver	-	-
M	FrozenError	i	priv	initialize	-	-
M	Ractor	s	pub	select	-	-
M	Ractor	s	pub	shareable?	-	-
M	Ractor	s	pub	make_shareable	-	-
M	Ractor	s	pub	store_if_absent	-	-
M	Ractor	s	pub	main?	-	-
M	Ractor	s	pub	_require	-	-
M	Ractor	s	pub	main	-	-
M	Ractor	s	pub	current	-	-
M	Ractor	s	pub	yield	-	-
M	Ractor	s	pub	[]	-	-
M	Ractor	s	pub	[]=	-	-
M	Ractor	s	pub	receive	-	-
M	Ractor	s	pub	recv	receive	-
M	Ractor	s	pub	receive_if	-	-
M	Ractor	s	pub	count	-	-
M	Ractor	s	pub	new	-	-
M	Ractor	s	priv	_activated	-	-
M	Ractor	i	pub	close_outgoing	-	-
M	Ractor	i	pub	send	-	-
M	Ractor	i	pub	name	-	-
M	Ractor	i	pub	<<	send	-
M	Ractor	i	pub	inspect	-	-
M	Ractor	i	pub	[]	-	-
M	Ractor	i	pub	to_s	inspect	-
M	Ractor	i	pub	[]=	-	-
M	Ractor	i	pub	take	-	-
M	Ractor	i	pub	close_incoming	-	-
M	Ractor	i	priv	receive	-	-
M	Ractor	i	priv	recv	receive	-
M	Ractor	i	priv	receive_if	-	-
M	NoMatchingPatternKeyError	i	pub	key	-	-
M	NoMatchingPatternKeyError	i	pub	matchee	-	-
M	NoMatchingPatternKeyError	i	priv	initialize	-	-
M	Rational	s	priv	convert	-	-
M	Rational	i	pub	floor	-	-
M	Rational	i	pub	ceil	-	-
M	Rational	i	pub	round	-	-
M	Rational	i	pub	truncate	-	-
M	Rational	i	pub	-@	-	-
M	Rational	i	pub	**	-	-
M	Rational	i	pub	<=>	-	-
M	Rational	i	pub	negative?	-	-
M	Rational	i	pub	positive?	-	-
M	Rational	i	pub	==	-	-
M	Rational	i	pub	to_s	-	-
M	Rational	i	pub	to_i	-	-
M	Rational	i	pub	to_f	-	-
M	Rational	i	pub	to_r	-	-
M	Rational	i	pub	fdiv	-	-
M	Rational	i	pub	quo	-	-
M	Rational	i	pub	*	-	-
M	Rational	i	pub	+	-	-
M	Rational	i	pub	numerator	-	-
M	Rational	i	pub	-	-	-
M	Rational	i	pub	denominator	-	-
M	Rational	i	pub	/	-	-
M	Rational	i	pub	hash	-	-
M	Rational	i	pub	rationalize	-	-
M	Rational	i	pub	inspect	-	-
M	Rational	i	pub	coerce	-	-
M	Rational	i	pub	abs	-	-
M	Rational	i	pub	magnitude	-	-
M	Rational	i	priv	marshal_dump	-	-
M	SystemCallError	s	pub	===	-	-
M	SystemCallError	i	pub	errno	-	-
M	SystemCallError	i	priv	initialize	-	-
M	IO	s	pub	select	-	-
M	IO	s	pub	sysopen	-	-
M	IO	s	pub	for_fd	-	-
M	IO	s	pub	popen	-	-
M	IO	s	pub	foreach	-	-
M	IO	s	pub	binread	-	-
M	IO	s	pub	binwrite	-	-
M	IO	s	pub	pipe	-	-
M	IO	s	pub	copy_stream	-	-
M	IO	s	pub	open	-	-
M	IO	s	pub	write	-	-
M	IO	s	pub	readlines	-	-
M	IO	s	pub	try_convert	-	-
M	IO	s	pub	new	-	-
M	IO	s	pub	read	-	-
M	IO	i	pub	<<	-	-
M	IO	i	pub	nread	-	-
M	IO	i	pub	ready?	-	-
M	IO	i	pub	getc	-	-
M	IO	i	pub	flush	-	-
M	IO	i	pub	readpartial	-	-
M	IO	i	pub	set_encoding	-	-
M	IO	i	pub	fileno	-	-
M	IO	i	pub	printf	-	-
M	IO	i	pub	print	-	-
M	IO	i	pub	putc	-	-
M	IO	i	pub	puts	-	-
M	IO	i	pub	stat	-	-
M	IO	i	pub	readlines	-	-
M	IO	i	pub	nonblock?	-	-
M	IO	i	pub	readline	-	-
M	IO	i	pub	nonblock	-	-
M	IO	i	pub	nonblock=	-	-
M	IO	i	pub	timeout	-	-
M	IO	i	pub	timeout=	-	-
M	IO	i	pub	getbyte	-	-
M	IO	i	pub	inspect	-	-
M	IO	i	pub	reopen	-	-
M	IO	i	pub	syswrite	-	-
M	IO	i	pub	sysread	-	-
M	IO	i	pub	pread	-	-
M	IO	i	pub	pwrite	-	-
M	IO	i	pub	fsync	-	-
M	IO	i	pub	fdatasync	-	-
M	IO	i	pub	sync	-	-
M	IO	i	pub	sync=	-	-
M	IO	i	pub	lineno	-	-
M	IO	i	pub	lineno=	-	-
M	IO	i	pub	gets	-	-
M	IO	i	pub	readbyte	-	-
M	IO	i	pub	each	-	-
M	IO	i	pub	ungetbyte	-	-
M	IO	i	pub	tell	-	-
M	IO	i	pub	seek	-	-
M	IO	i	pub	readchar	-	-
M	IO	i	pub	pathconf	-	-
M	IO	i	pub	rewind	-	-
M	IO	i	pub	write	-	-
M	IO	i	pub	ungetc	-	-
M	IO	i	pub	pos=	-	-
M	IO	i	pub	pos	-	-
M	IO	i	pub	eof?	-	-
M	IO	i	pub	eof	-	-
M	IO	i	pub	to_io	-	-
M	IO	i	pub	close_on_exec?	-	-
M	IO	i	pub	close_on_exec=	-	-
M	IO	i	pub	to_i	fileno	-
M	IO	i	pub	closed?	-	-
M	IO	i	pub	close_read	-	-
M	IO	i	pub	close	-	-
M	IO	i	pub	isatty	-	-
M	IO	i	pub	tty?	-	-
M	IO	i	pub	close_write	-	-
M	IO	i	pub	sysseek	-	-
M	IO	i	pub	advise	-	-
M	IO	i	pub	binmode?	-	-
M	IO	i	pub	fcntl	-	-
M	IO	i	pub	pid	-	-
M	IO	i	pub	ioctl	-	-
M	IO	i	pub	external_encoding	-	-
M	IO	i	pub	internal_encoding	-	-
M	IO	i	pub	to_path	-	-
M	IO	i	pub	autoclose?	-	-
M	IO	i	pub	autoclose=	-	-
M	IO	i	pub	path	-	-
M	IO	i	pub	wait_readable	-	-
M	IO	i	pub	wait_writable	-	-
M	IO	i	pub	wait	-	-
M	IO	i	pub	set_encoding_by_bom	-	-
M	IO	i	pub	wait_priority	-	-
M	IO	i	pub	each_line	-	-
M	IO	i	pub	each_byte	-	-
M	IO	i	pub	each_char	-	-
M	IO	i	pub	each_codepoint	-	-
M	IO	i	pub	read_nonblock	-	-
M	IO	i	pub	write_nonblock	-	-
M	IO	i	pub	read	-	-
M	IO	i	pub	binmode	-	-
M	IO	i	priv	initialize	-	-
M	IO	i	priv	initialize_copy	-	-
M	Warning	s	pub	[]	-	-
M	Warning	s	pub	[]=	-	-
M	Warning	s	pub	categories	-	-
M	Warning	i	pub	warn	-	-
M	RubyVM	s	pub	keep_script_lines=	-	-
M	RubyVM	s	pub	stat	-	-
M	RubyVM	s	pub	keep_script_lines	-	-
M	Gem	s	pub	paths=	-	rubygems
M	Gem	s	pub	spec_cache_dir	-	rubygems
M	Gem	s	pub	target_rbconfig	-	rubygems
M	Gem	s	pub	URI	-	rubygems/vendor/uri/lib/uri/common
M	Gem	s	pub	platforms	-	rubygems
M	Gem	s	pub	set_target_rbconfig	-	rubygems
M	Gem	s	pub	ensure_subdirectories	-	rubygems
M	Gem	s	pub	ensure_gem_subdirectories	-	rubygems
M	Gem	s	pub	ensure_default_gem_subdirectories	-	rubygems
M	Gem	s	pub	ruby_api_version	-	rubygems
M	Gem	s	pub	extension_api_version	-	rubygems
M	Gem	s	pub	find_files_from_load_path	-	rubygems
M	Gem	s	pub	suffix_pattern	-	rubygems
M	Gem	s	pub	find_files	-	rubygems
M	Gem	s	pub	find_latest_files	-	rubygems
M	Gem	s	pub	install	-	rubygems
M	Gem	s	pub	disable_system_update_message=	-	rubygems
M	Gem	s	pub	host	-	rubygems
M	Gem	s	pub	host=	-	rubygems
M	Gem	s	pub	discover_gems_on_require=	-	rubygems
M	Gem	s	pub	load_path_insert_index	-	rubygems
M	Gem	s	pub	activated_gem_paths	-	rubygems
M	Gem	s	pub	add_to_load_path	-	rubygems
M	Gem	s	pub	load_yaml	-	rubygems
M	Gem	s	pub	load_safe_marshal	-	rubygems
M	Gem	s	pub	location_of_caller	-	rubygems
M	Gem	s	pub	marshal_version	-	rubygems
M	Gem	s	pub	platforms=	-	rubygems
M	Gem	s	pub	post_build	-	rubygems
M	Gem	s	pub	post_install	-	rubygems
M	Gem	s	pub	done_installing	-	rubygems
M	Gem	s	pub	post_reset	-	rubygems
M	Gem	s	pub	post_uninstall	-	rubygems
M	Gem	s	pub	pre_install	-	rubygems
M	Gem	s	pub	pre_reset	-	rubygems
M	Gem	s	pub	pre_uninstall	-	rubygems
M	Gem	s	pub	prefix	-	rubygems
M	Gem	s	pub	refresh	-	rubygems
M	Gem	s	pub	read_binary	-	rubygems
M	Gem	s	pub	write_binary	-	rubygems
M	Gem	s	pub	open_file	-	rubygems
M	Gem	s	pub	open_file_with_flock	-	rubygems
M	Gem	s	pub	open_file_with_lock	-	rubygems
M	Gem	s	pub	ruby	-	rubygems
M	Gem	s	pub	env_requirement	-	rubygems
M	Gem	s	pub	latest_spec_for	-	rubygems
M	Gem	s	pub	latest_version_for	-	rubygems
M	Gem	s	pub	latest_rubygems_version	-	rubygems
M	Gem	s	pub	ruby_version	-	rubygems
M	Gem	s	pub	rubygems_version	-	rubygems
M	Gem	s	pub	sources	-	rubygems
M	Gem	s	pub	default_sources	-	rubygems/defaults
M	Gem	s	pub	sources=	-	rubygems
M	Gem	s	pub	suffixes	-	rubygems
M	Gem	s	pub	suffix_regexp	-	rubygems
M	Gem	s	pub	plugin_suffix_pattern	-	rubygems
M	Gem	s	pub	plugin_suffix_regexp	-	rubygems
M	Gem	s	pub	dynamic_library_suffixes	-	rubygems
M	Gem	s	pub	dir	-	rubygems
M	Gem	s	pub	ui	-	rubygems
M	Gem	s	pub	use_paths	-	rubygems
M	Gem	s	pub	win_platform?	-	rubygems
M	Gem	s	pub	java_platform?	-	rubygems
M	Gem	s	pub	solaris_platform?	-	rubygems
M	Gem	s	pub	freebsd_platform?	-	rubygems
M	Gem	s	pub	load_plugin_files	-	rubygems
M	Gem	s	pub	load_plugins	-	rubygems
M	Gem	s	pub	load_env_plugins	-	rubygems
M	Gem	s	pub	use_gemdeps	-	rubygems
M	Gem	s	pub	source_date_epoch_string	-	rubygems
M	Gem	s	pub	source_date_epoch	-	rubygems
M	Gem	s	pub	register_default_spec	-	rubygems
M	Gem	s	pub	find_default_spec	-	rubygems
M	Gem	s	pub	find_unresolved_default_spec	-	rubygems
M	Gem	s	pub	clear_default_specs	-	rubygems
M	Gem	s	pub	time	-	rubygems
M	Gem	s	pub	disable_system_update_message	-	rubygems
M	Gem	s	pub	discover_gems_on_require	-	rubygems
M	Gem	s	pub	gemdeps	-	rubygems
M	Gem	s	pub	post_build_hooks	-	rubygems
M	Gem	s	pub	post_install_hooks	-	rubygems
M	Gem	s	pub	done_installing_hooks	-	rubygems
M	Gem	s	pub	post_reset_hooks	-	rubygems
M	Gem	s	pub	post_uninstall_hooks	-	rubygems
M	Gem	s	pub	pre_install_hooks	-	rubygems
M	Gem	s	pub	pre_reset_hooks	-	rubygems
M	Gem	s	pub	pre_uninstall_hooks	-	rubygems
M	Gem	s	pub	try_activate	-	rubygems
M	Gem	s	pub	finish_resolve	-	rubygems
M	Gem	s	pub	default_spec_cache_dir	-	rubygems/defaults
M	Gem	s	pub	user_home	-	rubygems/defaults
M	Gem	s	pub	cache_home	-	rubygems/defaults
M	Gem	s	pub	needs	-	rubygems
M	Gem	s	pub	loaded_specs	-	rubygems
M	Gem	s	pub	default_ext_dir_for	-	rubygems/defaults
M	Gem	s	pub	default_rubygems_dirs	-	rubygems/defaults
M	Gem	s	pub	default_specifications_dir	-	rubygems/defaults
M	Gem	s	pub	data_home	-	rubygems/defaults
M	Gem	s	pub	ruby_engine	-	rubygems/defaults
M	Gem	s	pub	user_dir	-	rubygems/defaults
M	Gem	s	pub	bin_path	-	rubygems
M	Gem	s	pub	config_home	-	rubygems/defaults
M	Gem	s	pub	find_config_file	-	rubygems/defaults
M	Gem	s	pub	config_file	-	rubygems/defaults
M	Gem	s	pub	state_home	-	rubygems/defaults
M	Gem	s	pub	state_file	-	rubygems/defaults
M	Gem	s	pub	activate_bin_path	-	rubygems
M	Gem	s	pub	binary_mode	-	rubygems
M	Gem	s	pub	path	-	rubygems
M	Gem	s	pub	default_dir	-	rubygems/defaults
M	Gem	s	pub	path_separator	-	rubygems/defaults
M	Gem	s	pub	default_path	-	rubygems/defaults
M	Gem	s	pub	bindir	-	rubygems
M	Gem	s	pub	default_exec_format	-	rubygems/defaults
M	Gem	s	pub	default_key_path	-	rubygems/defaults
M	Gem	s	pub	default_cert_path	-	rubygems/defaults
M	Gem	s	pub	default_bindir	-	rubygems/defaults
M	Gem	s	pub	default_user_install	-	rubygems/defaults
M	Gem	s	pub	install_extension_in_lib	-	rubygems/defaults
M	Gem	s	pub	operating_system_defaults	-	rubygems/defaults
M	Gem	s	pub	vendor_dir	-	rubygems/defaults
M	Gem	s	pub	configuration=	-	rubygems
M	Gem	s	pub	platform_defaults	-	rubygems/defaults
M	Gem	s	pub	clear_paths	-	rubygems
M	Gem	s	pub	deflate	-	rubygems
M	Gem	s	pub	configuration	-	rubygems
M	Gem	s	pub	paths	-	rubygems
M	Gem	s	pub	plugindir	-	rubygems
M	Gem	s	priv	already_loaded?	-	rubygems
M	Gem	s	priv	default_gem_load_paths	-	rubygems
M	Gem	s	priv	find_home	-	rubygems/defaults
M	Gem	s	priv	find_spec_for_exe	-	rubygems
M	Gem	i	priv	URI	-	rubygems/vendor/uri/lib/uri/common
M	Dir	s	pub	unlink	-	-
M	Dir	s	pub	for_fd	-	-
M	Dir	s	pub	delete	-	-
M	Dir	s	pub	foreach	-	-
M	Dir	s	pub	each_child	-	-
M	Dir	s	pub	children	-	-
M	Dir	s	pub	chdir	-	-
M	Dir	s	pub	fchdir	-	-
M	Dir	s	pub	getwd	-	-
M	Dir	s	pub	pwd	-	-
M	Dir	s	pub	chroot	-	-
M	Dir	s	pub	mkdir	-	-
M	Dir	s	pub	rmdir	-	-
M	Dir	s	pub	home	-	-
M	Dir	s	pub	entries	-	-
M	Dir	s	pub	open	-	-
M	Dir	s	pub	glob	-	-
M	Dir	s	pub	empty?	-	-
M	Dir	s	pub	[]	-	-
M	Dir	s	pub	exist?	-	-
M	Dir	i	pub	each	-	-
M	Dir	i	pub	tell	-	-
M	Dir	i	pub	seek	-	-
M	Dir	i	pub	path	-	-
M	Dir	i	pub	rewind	-	-
M	Dir	i	pub	pos	-	-
M	Dir	i	pub	pos=	-	-
M	Dir	i	pub	each_child	-	-
M	Dir	i	pub	children	-	-
M	Dir	i	pub	inspect	-	-
M	Dir	i	pub	fileno	-	-
M	Dir	i	pub	close	-	-
M	Dir	i	pub	chdir	-	-
M	Dir	i	pub	to_path	-	-
M	Dir	i	pub	read	-	-
M	Dir	i	priv	initialize	-	-
M	Complex	s	pub	rectangular	-	-
M	Complex	s	pub	rect	-	-
M	Complex	s	pub	polar	-	-
M	Complex	s	priv	convert	-	-
M	Complex	i	pub	-@	-	-
M	Complex	i	pub	**	-	-
M	Complex	i	pub	<=>	-	-
M	Complex	i	pub	==	-	-
M	Complex	i	pub	eql?	-	-
M	Complex	i	pub	infinite?	-	-
M	Complex	i	pub	finite?	-	-
M	Complex	i	pub	*	-	-
M	Complex	i	pub	+	-	-
M	Complex	i	pub	numerator	-	-
M	Complex	i	pub	-	-	-
M	Complex	i	pub	denominator	-	-
M	Complex	i	pub	/	-	-
M	Complex	i	pub	hash	-	-
M	Complex	i	pub	rationalize	-	-
M	Complex	i	pub	inspect	-	-
M	Complex	i	pub	arg	-	-
M	Complex	i	pub	real?	-	-
M	Complex	i	pub	rectangular	-	-
M	Complex	i	pub	rect	-	-
M	Complex	i	pub	polar	-	-
M	Complex	i	pub	real	-	-
M	Complex	i	pub	imaginary	-	-
M	Complex	i	pub	imag	-	-
M	Complex	i	pub	angle	-	-
M	Complex	i	pub	phase	-	-
M	Complex	i	pub	conjugate	-	-
M	Complex	i	pub	conj	-	-
M	Complex	i	pub	to_c	-	-
M	Complex	i	pub	abs2	-	-
M	Complex	i	pub	to_s	-	-
M	Complex	i	pub	to_i	-	-
M	Complex	i	pub	to_r	-	-
M	Complex	i	pub	to_f	-	-
M	Complex	i	pub	fdiv	-	-
M	Complex	i	pub	quo	-	-
M	Complex	i	pub	coerce	-	-
M	Complex	i	pub	abs	-	-
M	Complex	i	pub	magnitude	-	-
M	Complex	i	priv	marshal_dump	-	-
M	DidYouMean	s	pub	spell_checkers	-	did_you_mean
M	DidYouMean	s	pub	formatter=	-	did_you_mean
M	DidYouMean	s	pub	correct_error	-	did_you_mean
M	DidYouMean	s	pub	formatter	-	did_you_mean
M	SyntaxSuggest	s	pub	module_for_detailed_message	-	syntax_suggest/core_ext
M	ErrorHighlight	s	pub	spot	-	error_highlight/base
M	ErrorHighlight	s	pub	formatter=	-	error_highlight/formatter
M	ErrorHighlight	s	pub	formatter	-	error_highlight/formatter
M	ErrorHighlight	s	priv	prism_find	-	error_highlight/base
M	RbConfig	s	pub	fire_update!	-	rbconfig
M	RbConfig	s	pub	ruby	-	rbconfig
M	RbConfig	s	pub	expand	-	rbconfig
M	TrueClass	i	pub	^	-	-
M	TrueClass	i	pub	to_s	-	-
M	TrueClass	i	pub	|	-	-
M	TrueClass	i	pub	===	-	-
M	TrueClass	i	pub	&	-	-
M	TrueClass	i	pub	inspect	to_s	-
M	FalseClass	i	pub	^	-	-
M	FalseClass	i	pub	to_s	-	-
M	FalseClass	i	pub	|	-	-
M	FalseClass	i	pub	===	-	-
M	FalseClass	i	pub	&	-	-
M	FalseClass	i	pub	inspect	to_s	-
M	Encoding	s	pub	list	-	-
M	Encoding	s	pub	name_list	-	-
M	Encoding	s	pub	aliases	-	-
M	Encoding	s	pub	find	-	-
M	Encoding	s	pub	compatible?	-	-
M	Encoding	s	pub	_load	-	-
M	Encoding	s	pub	default_external	-	-
M	Encoding	s	pub	default_external=	-	-
M	Encoding	s	pub	default_internal	-	-
M	Encoding	s	pub	default_internal=	-	-
M	Encoding	s	pub	locale_charmap	-	-
M	Encoding	i	pub	to_s	-	-
M	Encoding	i	pub	name	-	-
M	Encoding	i	pub	names	-	-
M	Encoding	i	pub	dummy?	-	-
M	Encoding	i	pub	ascii_compatible?	-	-
M	Encoding	i	pub	_dump	-	-
M	Encoding	i	pub	inspect	-	-
M	TracePoint	s	pub	allow_reentry	-	-
M	TracePoint	s	pub	stat	-	-
M	TracePoint	s	pub	trace	-	-
M	TracePoint	s	pub	new	-	-
M	TracePoint	i	pub	enabled?	-	-
M	TracePoint	i	pub	enable	-	-
M	TracePoint	i	pub	disable	-	-
M	TracePoint	i	pub	path	-	-
M	TracePoint	i	pub	inspect	-	-
M	TracePoint	i	pub	event	-	-
M	TracePoint	i	pub	method_id	-	-
M	TracePoint	i	pub	callee_id	-	-
M	TracePoint	i	pub	defined_class	-	-
M	TracePoint	i	pub	binding	-	-
M	TracePoint	i	pub	self	-	-
M	TracePoint	i	pub	parameters	-	-
M	TracePoint	i	pub	raised_exception	-	-
M	TracePoint	i	pub	return_value	-	-
M	TracePoint	i	pub	instruction_sequence	-	-
M	TracePoint	i	pub	eval_script	-	-
M	TracePoint	i	pub	lineno	-	-
M	Comparable	i	pub	between?	-	-
M	Comparable	i	pub	clamp	-	-
M	Comparable	i	pub	<=	-	-
M	Comparable	i	pub	>=	-	-
M	Comparable	i	pub	==	-	-
M	Comparable	i	pub	<	-	-
M	Comparable	i	pub	>	-	-
M	Enumerable	i	pub	drop	-	-
M	Enumerable	i	pub	drop_while	-	-
M	Enumerable	i	pub	cycle	-	-
M	Enumerable	i	pub	chunk	-	-
M	Enumerable	i	pub	slice_before	-	-
M	Enumerable	i	pub	slice_after	-	-
M	Enumerable	i	pub	slice_when	-	-
M	Enumerable	i	pub	chunk_while	-	-
M	Enumerable	i	pub	sum	-	-
M	Enumerable	i	pub	uniq	-	-
M	Enumerable	i	pub	compact	-	-
M	Enumerable	i	pub	chain	-	-
M	Enumerable	i	pub	lazy	-	-
M	Enumerable	i	pub	include?	-	-
M	Enumerable	i	pub	to_h	-	-
M	Enumerable	i	pub	to_set	-	-
M	Enumerable	i	pub	max	-	-
M	Enumerable	i	pub	min	-	-
M	Enumerable	i	pub	find	-	-
M	Enumerable	i	pub	to_a	-	-
M	Enumerable	i	pub	entries	-	-
M	Enumerable	i	pub	sort	-	-
M	Enumerable	i	pub	sort_by	-	-
M	Enumerable	i	pub	grep	-	-
M	Enumerable	i	pub	grep_v	-	-
M	Enumerable	i	pub	count	-	-
M	Enumerable	i	pub	detect	-	-
M	Enumerable	i	pub	find_index	-	-
M	Enumerable	i	pub	find_all	-	-
M	Enumerable	i	pub	select	-	-
M	Enumerable	i	pub	filter	-	-
M	Enumerable	i	pub	filter_map	-	-
M	Enumerable	i	pub	reject	-	-
M	Enumerable	i	pub	collect	-	-
M	Enumerable	i	pub	map	-	-
M	Enumerable	i	pub	flat_map	-	-
M	Enumerable	i	pub	collect_concat	-	-
M	Enumerable	i	pub	inject	-	-
M	Enumerable	i	pub	reduce	-	-
M	Enumerable	i	pub	partition	-	-
M	Enumerable	i	pub	group_by	-	-
M	Enumerable	i	pub	tally	-	-
M	Enumerable	i	pub	first	-	-
M	Enumerable	i	pub	all?	-	-
M	Enumerable	i	pub	any?	-	-
M	Enumerable	i	pub	one?	-	-
M	Enumerable	i	pub	none?	-	-
M	Enumerable	i	pub	minmax	-	-
M	Enumerable	i	pub	min_by	-	-
M	Enumerable	i	pub	max_by	-	-
M	Enumerable	i	pub	minmax_by	-	-
M	Enumerable	i	pub	member?	-	-
M	Enumerable	i	pub	each_with_index	-	-
M	Enumerable	i	pub	reverse_each	-	-
M	Enumerable	i	pub	each_entry	-	-
M	Enumerable	i	pub	each_slice	-	-
M	Enumerable	i	pub	each_cons	-	-
M	Enumerable	i	pub	each_with_object	-	-
M	Enumerable	i	pub	zip	-	-
M	Enumerable	i	pub	take	-	-
M	Enumerable	i	pub	take_while	-	-
M	Time	s	pub	at	-	-
M	Time	s	pub	utc	-	-
M	Time	s	pub	local	-	-
M	Time	s	pub	gm	utc	-
M	Time	s	pub	mktime	local	-
M	Time	s	pub	now	-	-
M	Time	s	priv	_load	-	-
M	Time	i	pub	floor	-	-
M	Time	i	pub	ceil	-	-
M	Time	i	pub	round	-	-
M	Time	i	pub	<=>	-	-
M	Time	i	pub	deconstruct_keys	-	-
M	Time	i	pub	ctime	-	-
M	Time	i	pub	eql?	-	-
M	Time	i	pub	+	-	-
M	Time	i	pub	min	-	-
M	Time	i	pub	hash	-	-
M	Time	i	pub	-	-	-
M	Time	i	pub	inspect	-	-
M	Time	i	pub	zone	-	-
M	Time	i	pub	usec	-	-
M	Time	i	pub	nsec	-	-
M	Time	i	pub	year	-	-
M	Time	i	pub	mon	-	-
M	Time	i	pub	mday	-	-
M	Time	i	pub	hour	-	-
M	Time	i	pub	sec	-	-
M	Time	i	pub	isdst	-	-
M	Time	i	pub	to_a	-	-
M	Time	i	pub	to_s	-	-
M	Time	i	pub	to_i	-	-
M	Time	i	pub	to_f	-	-
M	Time	i	pub	to_r	-	-
M	Time	i	pub	day	-	-
M	Time	i	pub	wday	-	-
M	Time	i	pub	month	-	-
M	Time	i	pub	utc	-	-
M	Time	i	pub	subsec	-	-
M	Time	i	pub	localtime	-	-
M	Time	i	pub	gmtime	-	-
M	Time	i	pub	getlocal	-	-
M	Time	i	pub	getgm	-	-
M	Time	i	pub	getutc	-	-
M	Time	i	pub	asctime	-	-
M	Time	i	pub	dst?	-	-
M	Time	i	pub	gmtoff	-	-
M	Time	i	pub	gmt_offset	-	-
M	Time	i	pub	utc_offset	-	-
M	Time	i	pub	utc?	-	-
M	Time	i	pub	yday	-	-
M	Time	i	pub	gmt?	-	-
M	Time	i	pub	sunday?	-	-
M	Time	i	pub	monday?	-	-
M	Time	i	pub	tuesday?	-	-
M	Time	i	pub	wednesday?	-	-
M	Time	i	pub	thursday?	-	-
M	Time	i	pub	friday?	-	-
M	Time	i	pub	saturday?	-	-
M	Time	i	pub	tv_sec	-	-
M	Time	i	pub	tv_usec	-	-
M	Time	i	pub	tv_nsec	-	-
M	Time	i	pub	strftime	-	-
M	Time	i	pub	xmlschema	-	-
M	Time	i	pub	iso8601	xmlschema	-
M	Time	i	priv	initialize	-	-
M	Time	i	priv	initialize_copy	-	-
M	Time	i	priv	_dump	-	-
M	UncaughtThrowError	i	pub	to_s	-	-
M	UncaughtThrowError	i	pub	tag	-	-
M	UncaughtThrowError	i	pub	value	-	-
M	UncaughtThrowError	i	priv	initialize	-	-
M	ThreadGroup	i	pub	enclose	-	-
M	ThreadGroup	i	pub	enclosed?	-	-
M	ThreadGroup	i	pub	add	-	-
M	ThreadGroup	i	pub	list	-	-
M	Thread::Mutex	i	pub	unlock	-	-
M	Thread::Mutex	i	pub	sleep	-	-
M	Thread::Mutex	i	pub	synchronize	-	-
M	Thread::Mutex	i	pub	locked?	-	-
M	Thread::Mutex	i	pub	owned?	-	-
M	Thread::Mutex	i	pub	try_lock	-	-
M	Thread::Mutex	i	pub	lock	-	-
M	Thread::Mutex	i	priv	initialize	-	-
M	Monitor	i	pub	wait_for_cond	-	-
M	Monitor	i	pub	try_enter	-	-
M	Monitor	i	pub	mon_try_enter	try_enter	-
M	Monitor	i	pub	enter	-	-
M	Monitor	i	pub	mon_enter	enter	-
M	Monitor	i	pub	mon_exit	exit	-
M	Monitor	i	pub	mon_locked?	-	-
M	Monitor	i	pub	mon_owned?	-	-
M	Monitor	i	pub	mon_synchronize	synchronize	-
M	Monitor	i	pub	new_cond	-	monitor
M	Monitor	i	pub	exit	-	-
M	Monitor	i	pub	try_mon_enter	try_enter	-
M	Monitor	i	pub	synchronize	-	-
M	Monitor	i	pub	mon_check_owner	-	-
M	Thread::Queue	i	pub	push	-	-
M	Thread::Queue	i	pub	clear	-	-
M	Thread::Queue	i	pub	pop	-	-
M	Thread::Queue	i	pub	<<	push	-
M	Thread::Queue	i	pub	shift	pop	-
M	Thread::Queue	i	pub	freeze	-	-
M	Thread::Queue	i	pub	deq	pop	-
M	Thread::Queue	i	pub	close	-	-
M	Thread::Queue	i	pub	closed?	-	-
M	Thread::Queue	i	pub	num_waiting	-	-
M	Thread::Queue	i	pub	enq	push	-
M	Thread::Queue	i	pub	marshal_dump	-	-
M	Thread::Queue	i	pub	empty?	-	-
M	Thread::Queue	i	pub	length	-	-
M	Thread::Queue	i	pub	size	length	-
M	Thread::Queue	i	priv	initialize	-	-
M	Numeric	i	pub	nonzero?	-	-
M	Numeric	i	pub	floor	-	-
M	Numeric	i	pub	ceil	-	-
M	Numeric	i	pub	round	-	-
M	Numeric	i	pub	truncate	-	-
M	Numeric	i	pub	-@	-	-
M	Numeric	i	pub	step	-	-
M	Numeric	i	pub	<=>	-	-
M	Numeric	i	pub	negative?	-	-
M	Numeric	i	pub	positive?	-	-
M	Numeric	i	pub	+@	-	-
M	Numeric	i	pub	dup	-	-
M	Numeric	i	pub	eql?	-	-
M	Numeric	i	pub	infinite?	-	-
M	Numeric	i	pub	finite?	-	-
M	Numeric	i	pub	%	-	-
M	Numeric	i	pub	integer?	-	-
M	Numeric	i	pub	numerator	-	-
M	Numeric	i	pub	denominator	-	-
M	Numeric	i	pub	arg	-	-
M	Numeric	i	pub	real?	-	-
M	Numeric	i	pub	singleton_method_added	-	-
M	Numeric	i	pub	rectangular	-	-
M	Numeric	i	pub	rect	-	-
M	Numeric	i	pub	polar	-	-
M	Numeric	i	pub	real	-	-
M	Numeric	i	pub	imaginary	-	-
M	Numeric	i	pub	imag	imaginary	-
M	Numeric	i	pub	abs2	-	-
M	Numeric	i	pub	angle	-	-
M	Numeric	i	pub	phase	-	-
M	Numeric	i	pub	conjugate	-	-
M	Numeric	i	pub	conj	conjugate	-
M	Numeric	i	pub	to_c	-	-
M	Numeric	i	pub	to_int	-	-
M	Numeric	i	pub	div	-	-
M	Numeric	i	pub	divmod	-	-
M	Numeric	i	pub	fdiv	-	-
M	Numeric	i	pub	quo	-	-
M	Numeric	i	pub	coerce	-	-
M	Numeric	i	pub	clone	-	-
M	Numeric	i	pub	i	-	-
M	Numeric	i	pub	modulo	-	-
M	Numeric	i	pub	remainder	-	-
M	Numeric	i	pub	abs	-	-
M	Numeric	i	pub	magnitude	-	-
M	Numeric	i	pub	zero?	-	-
M	Thread::SizedQueue	i	pub	clear	-	-
M	Thread::SizedQueue	i	pub	push	-	-
M	Thread::SizedQueue	i	pub	pop	-	-
M	Thread::SizedQueue	i	pub	max	-	-
M	Thread::SizedQueue	i	pub	shift	pop	-
M	Thread::SizedQueue	i	pub	<<	push	-
M	Thread::SizedQueue	i	pub	deq	pop	-
M	Thread::SizedQueue	i	pub	close	-	-
M	Thread::SizedQueue	i	pub	num_waiting	-	-
M	Thread::SizedQueue	i	pub	enq	push	-
M	Thread::SizedQueue	i	pub	max=	-	-
M	Thread::SizedQueue	i	pub	empty?	-	-
M	Thread::SizedQueue	i	pub	length	-	-
M	Thread::SizedQueue	i	pub	size	length	-
M	Thread::SizedQueue	i	priv	initialize	-	-
M	FileTest	s	pub	readable_real?	-	-
M	FileTest	s	pub	world_readable?	-	-
M	FileTest	s	pub	writable?	-	-
M	FileTest	s	pub	writable_real?	-	-
M	FileTest	s	pub	world_writable?	-	-
M	FileTest	s	pub	executable?	-	-
M	FileTest	s	pub	executable_real?	-	-
M	FileTest	s	pub	file?	-	-
M	FileTest	s	pub	size?	-	-
M	FileTest	s	pub	owned?	-	-
M	FileTest	s	pub	grpowned?	-	-
M	FileTest	s	pub	pipe?	-	-
M	FileTest	s	pub	symlink?	-	-
M	FileTest	s	pub	socket?	-	-
M	FileTest	s	pub	blockdev?	-	-
M	FileTest	s	pub	chardev?	-	-
M	FileTest	s	pub	setuid?	-	-
M	FileTest	s	pub	setgid?	-	-
M	FileTest	s	pub	sticky?	-	-
M	FileTest	s	pub	exist?	-	-
M	FileTest	s	pub	readable?	-	-
M	FileTest	s	pub	identical?	-	-
M	FileTest	s	pub	empty?	-	-
M	FileTest	s	pub	size	-	-
M	FileTest	s	pub	directory?	-	-
M	FileTest	s	pub	zero?	-	-
M	FileTest	i	priv	readable_real?	-	-
M	FileTest	i	priv	world_readable?	-	-
M	FileTest	i	priv	writable?	-	-
M	FileTest	i	priv	writable_real?	-	-
M	FileTest	i	priv	world_writable?	-	-
M	FileTest	i	priv	executable?	-	-
M	FileTest	i	priv	executable_real?	-	-
M	FileTest	i	priv	file?	-	-
M	FileTest	i	priv	size?	-	-
M	FileTest	i	priv	owned?	-	-
M	FileTest	i	priv	grpowned?	-	-
M	FileTest	i	priv	pipe?	-	-
M	FileTest	i	priv	symlink?	-	-
M	FileTest	i	priv	socket?	-	-
M	FileTest	i	priv	blockdev?	-	-
M	FileTest	i	priv	chardev?	-	-
M	FileTest	i	priv	setuid?	-	-
M	FileTest	i	priv	setgid?	-	-
M	FileTest	i	priv	sticky?	-	-
M	FileTest	i	priv	exist?	-	-
M	FileTest	i	priv	readable?	-	-
M	FileTest	i	priv	identical?	-	-
M	FileTest	i	priv	empty?	-	-
M	FileTest	i	priv	size	-	-
M	FileTest	i	priv	directory?	-	-
M	FileTest	i	priv	zero?	-	-
M	File	s	pub	readable_real?	-	-
M	File	s	pub	world_readable?	-	-
M	File	s	pub	writable?	-	-
M	File	s	pub	writable_real?	-	-
M	File	s	pub	world_writable?	-	-
M	File	s	pub	executable?	-	-
M	File	s	pub	executable_real?	-	-
M	File	s	pub	file?	-	-
M	File	s	pub	size?	-	-
M	File	s	pub	owned?	-	-
M	File	s	pub	grpowned?	-	-
M	File	s	pub	pipe?	-	-
M	File	s	pub	symlink?	-	-
M	File	s	pub	socket?	-	-
M	File	s	pub	blockdev?	-	-
M	File	s	pub	chardev?	-	-
M	File	s	pub	setuid?	-	-
M	File	s	pub	setgid?	-	-
M	File	s	pub	sticky?	-	-
M	File	s	pub	identical?	-	-
M	File	s	pub	stat	-	-
M	File	s	pub	lstat	-	-
M	File	s	pub	ftype	-	-
M	File	s	pub	atime	-	-
M	File	s	pub	mtime	-	-
M	File	s	pub	ctime	-	-
M	File	s	pub	empty?	-	-
M	File	s	pub	birthtime	-	-
M	File	s	pub	utime	-	-
M	File	s	pub	chmod	-	-
M	File	s	pub	chown	-	-
M	File	s	pub	lchmod	-	-
M	File	s	pub	lchown	-	-
M	File	s	pub	lutime	-	-
M	File	s	pub	link	-	-
M	File	s	pub	symlink	-	-
M	File	s	pub	readlink	-	-
M	File	s	pub	unlink	-	-
M	File	s	pub	rename	-	-
M	File	s	pub	umask	-	-
M	File	s	pub	truncate	-	-
M	File	s	pub	expand_path	-	-
M	File	s	pub	mkfifo	-	-
M	File	s	pub	absolute_path?	-	-
M	File	s	pub	zero?	-	-
M	File	s	pub	realdirpath	-	-
M	File	s	pub	realpath	-	-
M	File	s	pub	absolute_path	-	-
M	File	s	pub	basename	-	-
M	File	s	pub	dirname	-	-
M	File	s	pub	extname	-	-
M	File	s	pub	fnmatch	-	-
M	File	s	pub	fnmatch?	-	-
M	File	s	pub	size	-	-
M	File	s	pub	split	-	-
M	File	s	pub	join	-	-
M	File	s	pub	path	-	-
M	File	s	pub	delete	-	-
M	File	s	pub	directory?	-	-
M	File	s	pub	exist?	-	-
M	File	s	pub	readable?	-	-
M	File	i	pub	flock	-	-
M	File	i	pub	truncate	-	-
M	File	i	pub	lstat	-	-
M	File	i	pub	atime	-	-
M	File	i	pub	mtime	-	-
M	File	i	pub	ctime	-	-
M	File	i	pub	birthtime	-	-
M	File	i	pub	chmod	-	-
M	File	i	pub	size	-	-
M	File	i	pub	chown	-	-
M	File	i	priv	initialize	-	-
M	Random	s	pub	new_seed	-	-
M	Random	s	pub	urandom	-	-
M	Random	s	pub	bytes	-	-
M	Random	s	pub	rand	-	-
M	Random	s	pub	srand	-	-
M	Random	s	pub	seed	-	-
M	Random	s	priv	state	-	-
M	Random	s	priv	left	-	-
M	Random	i	pub	==	-	-
M	Random	i	priv	left	-	-
M	Random	i	priv	marshal_dump	-	-
M	Random	i	priv	marshal_load	-	-
M	Random	i	priv	state	-	-
M	Random	i	priv	initialize_copy	-	-
M	Thread::ConditionVariable	i	pub	marshal_dump	-	-
M	Thread::ConditionVariable	i	pub	wait	-	-
M	Thread::ConditionVariable	i	pub	signal	-	-
M	Thread::ConditionVariable	i	pub	broadcast	-	-
M	Thread::ConditionVariable	i	priv	initialize	-	-
M	Signal	s	pub	trap	-	-
M	Signal	s	pub	signame	-	-
M	Signal	s	pub	list	-	-
M	Signal	i	priv	trap	-	-
M	Signal	i	priv	signame	-	-
M	Signal	i	priv	list	-	-
M	MonitorMixin	s	pub	extend_object	-	monitor
M	MonitorMixin	i	pub	mon_try_enter	-	monitor
M	MonitorMixin	i	pub	mon_enter	-	monitor
M	MonitorMixin	i	pub	mon_exit	-	monitor
M	MonitorMixin	i	pub	mon_locked?	-	monitor
M	MonitorMixin	i	pub	mon_owned?	-	monitor
M	MonitorMixin	i	pub	mon_synchronize	-	monitor
M	MonitorMixin	i	pub	new_cond	-	monitor
M	MonitorMixin	i	pub	try_mon_enter	mon_try_enter	monitor
M	MonitorMixin	i	pub	synchronize	mon_synchronize	monitor
M	MonitorMixin	i	priv	initialize	-	monitor
M	MonitorMixin	i	priv	mon_initialize	-	monitor
M	MonitorMixin	i	priv	mon_check_owner	-	monitor
M	Integer	s	pub	try_convert	-	-
M	Integer	s	pub	sqrt	-	-
M	Integer	i	pub	abs	-	-
M	Integer	i	pub	floor	-	-
M	Integer	i	pub	ceil	-	-
M	Integer	i	pub	round	-	-
M	Integer	i	pub	truncate	-	-
M	Integer	i	pub	-@	-	-
M	Integer	i	pub	**	-	-
M	Integer	i	pub	<=>	-	-
M	Integer	i	pub	<<	-	-
M	Integer	i	pub	>>	-	-
M	Integer	i	pub	allbits?	-	-
M	Integer	i	pub	anybits?	-	-
M	Integer	i	pub	nobits?	-	-
M	Integer	i	pub	downto	-	-
M	Integer	i	pub	pred	-	-
M	Integer	i	pub	next	-	-
M	Integer	i	pub	pow	-	-
M	Integer	i	pub	>=	-	-
M	Integer	i	pub	==	-	-
M	Integer	i	pub	===	-	-
M	Integer	i	pub	[]	-	-
M	Integer	i	pub	digits	-	-
M	Integer	i	pub	<=	-	-
M	Integer	i	pub	zero?	-	-
M	Integer	i	pub	upto	-	-
M	Integer	i	pub	%	-	-
M	Integer	i	pub	&	-	-
M	Integer	i	pub	integer?	-	-
M	Integer	i	pub	chr	-	-
M	Integer	i	pub	*	-	-
M	Integer	i	pub	+	-	-
M	Integer	i	pub	numerator	-	-
M	Integer	i	pub	-	-	-
M	Integer	i	pub	rationalize	-	-
M	Integer	i	pub	inspect	to_s	-
M	Integer	i	pub	/	-	-
M	Integer	i	pub	gcd	-	-
M	Integer	i	pub	lcm	-	-
M	Integer	i	pub	gcdlcm	-	-
M	Integer	i	pub	denominator	-	-
M	Integer	i	pub	to_bn	-	openssl/bn
M	Integer	i	pub	<	-	-
M	Integer	i	pub	size	-	-
M	Integer	i	pub	>	-	-
M	Integer	i	pub	succ	-	-
M	Integer	i	pub	to_int	-	-
M	Integer	i	pub	ord	-	-
M	Integer	i	pub	to_s	-	-
M	Integer	i	pub	to_i	-	-
M	Integer	i	pub	to_f	-	-
M	Integer	i	pub	to_r	-	-
M	Integer	i	pub	^	-	-
M	Integer	i	pub	div	-	-
M	Integer	i	pub	divmod	-	-
M	Integer	i	pub	fdiv	-	-
M	Integer	i	pub	bit_length	-	-
M	Integer	i	pub	even?	-	-
M	Integer	i	pub	odd?	-	-
M	Integer	i	pub	times	-	-
M	Integer	i	pub	ceildiv	-	-
M	Integer	i	pub	coerce	-	-
M	Integer	i	pub	modulo	-	-
M	Integer	i	pub	|	-	-
M	Integer	i	pub	remainder	-	-
M	Integer	i	pub	~	-	-
M	Integer	i	pub	magnitude	abs	-
M	Struct	s	pub	new	-	-
M	Struct	i	pub	each	-	-
M	Struct	i	pub	deconstruct_keys	-	-
M	Struct	i	pub	==	-	-
M	Struct	i	pub	members	-	-
M	Struct	i	pub	to_a	-	-
M	Struct	i	pub	to_s	inspect	-
M	Struct	i	pub	[]=	-	-
M	Struct	i	pub	[]	-	-
M	Struct	i	pub	values_at	-	-
M	Struct	i	pub	eql?	-	-
M	Struct	i	pub	to_h	-	-
M	Struct	i	pub	select	-	-
M	Struct	i	pub	filter	-	-
M	Struct	i	pub	deconstruct	-	-
M	Struct	i	pub	hash	-	-
M	Struct	i	pub	inspect	-	-
M	Struct	i	pub	each_pair	-	-
M	Struct	i	pub	dig	-	-
M	Struct	i	pub	values	-	-
M	Struct	i	pub	length	-	-
M	Struct	i	pub	size	-	-
M	Struct	i	priv	initialize	-	-
M	Struct	i	priv	initialize_copy	-	-
M	Proc	s	pub	new	-	-
M	Proc	i	pub	parameters	-	-
M	Proc	i	pub	ruby2_keywords	-	-
M	Proc	i	pub	dup	-	-
M	Proc	i	pub	<<	-	-
M	Proc	i	pub	>>	-	-
M	Proc	i	pub	==	-	-
M	Proc	i	pub	===	-	-
M	Proc	i	pub	hash	-	-
M	Proc	i	pub	inspect	to_s	-
M	Proc	i	pub	yield	-	-
M	Proc	i	pub	[]	-	-
M	Proc	i	pub	arity	-	-
M	Proc	i	pub	to_s	-	-
M	Proc	i	pub	binding	-	-
M	Proc	i	pub	to_proc	-	-
M	Proc	i	pub	source_location	-	-
M	Proc	i	pub	curry	-	-
M	Proc	i	pub	call	-	-
M	Proc	i	pub	clone	-	-
M	Proc	i	pub	eql?	-	-
M	Proc	i	pub	lambda?	-	-
M	Data	s	pub	define	-	-
M	Data	i	pub	deconstruct_keys	-	-
M	Data	i	pub	deconstruct	-	-
M	Data	i	pub	==	-	-
M	Data	i	pub	hash	-	-
M	Data	i	pub	members	-	-
M	Data	i	pub	inspect	-	-
M	Data	i	pub	to_s	inspect	-
M	Data	i	pub	with	-	-
M	Data	i	pub	eql?	-	-
M	Data	i	pub	to_h	-	-
M	Data	i	priv	initialize	-	-
M	Data	i	priv	initialize_copy	-	-
M	Float	i	pub	floor	-	-
M	Float	i	pub	ceil	-	-
M	Float	i	pub	round	-	-
M	Float	i	pub	truncate	-	-
M	Float	i	pub	-@	-	-
M	Float	i	pub	**	-	-
M	Float	i	pub	<=>	-	-
M	Float	i	pub	negative?	-	-
M	Float	i	pub	positive?	-	-
M	Float	i	pub	<=	-	-
M	Float	i	pub	>=	-	-
M	Float	i	pub	==	-	-
M	Float	i	pub	===	-	-
M	Float	i	pub	eql?	-	-
M	Float	i	pub	nan?	-	-
M	Float	i	pub	infinite?	-	-
M	Float	i	pub	finite?	-	-
M	Float	i	pub	next_float	-	-
M	Float	i	pub	prev_float	-	-
M	Float	i	pub	%	-	-
M	Float	i	pub	*	-	-
M	Float	i	pub	+	-	-
M	Float	i	pub	numerator	-	-
M	Float	i	pub	hash	-	-
M	Float	i	pub	-	-	-
M	Float	i	pub	/	-	-
M	Float	i	pub	inspect	to_s	-
M	Float	i	pub	rationalize	-	-
M	Float	i	pub	arg	-	-
M	Float	i	pub	denominator	-	-
M	Float	i	pub	<	-	-
M	Float	i	pub	>	-	-
M	Float	i	pub	angle	-	-
M	Float	i	pub	phase	-	-
M	Float	i	pub	to_int	-	-
M	Float	i	pub	to_s	-	-
M	Float	i	pub	to_i	-	-
M	Float	i	pub	to_f	-	-
M	Float	i	pub	to_r	-	-
M	Float	i	pub	divmod	-	-
M	Float	i	pub	fdiv	-	-
M	Float	i	pub	quo	-	-
M	Float	i	pub	coerce	-	-
M	Float	i	pub	modulo	-	-
M	Float	i	pub	abs	-	-
M	Float	i	pub	magnitude	abs	-
M	Float	i	pub	zero?	-	-
M	LocalJumpError	i	pub	exit_value	-	-
M	LocalJumpError	i	pub	reason	-	-
M	Regexp	s	pub	union	-	-
M	Regexp	s	pub	timeout	-	-
M	Regexp	s	pub	timeout=	-	-
M	Regexp	s	pub	try_convert	-	-
M	Regexp	s	pub	compile	-	-
M	Regexp	s	pub	quote	-	-
M	Regexp	s	pub	escape	-	-
M	Regexp	s	pub	last_match	-	-
M	Regexp	s	pub	linear_time?	-	-
M	Regexp	i	pub	source	-	-
M	Regexp	i	pub	match	-	-
M	Regexp	i	pub	options	-	-
M	Regexp	i	pub	casefold?	-	-
M	Regexp	i	pub	names	-	-
M	Regexp	i	pub	fixed_encoding?	-	-
M	Regexp	i	pub	named_captures	-	-
M	Regexp	i	pub	timeout	-	-
M	Regexp	i	pub	==	-	-
M	Regexp	i	pub	hash	-	-
M	Regexp	i	pub	===	-	-
M	Regexp	i	pub	=~	-	-
M	Regexp	i	pub	inspect	-	-
M	Regexp	i	pub	to_s	-	-
M	Regexp	i	pub	encoding	-	-
M	Regexp	i	pub	eql?	-	-
M	Regexp	i	pub	~	-	-
M	Regexp	i	pub	match?	-	-
M	Regexp	i	priv	initialize	-	-
M	Regexp	i	priv	initialize_copy	-	-
M	Method	i	pub	<<	-	-
M	Method	i	pub	dup	-	-
M	Method	i	pub	>>	-	-
M	Method	i	pub	==	-	-
M	Method	i	pub	===	-	-
M	Method	i	pub	to_proc	-	-
M	Method	i	pub	[]	-	-
M	Method	i	pub	arity	-	-
M	Method	i	pub	to_s	-	-
M	Method	i	pub	curry	-	-
M	Method	i	pub	source_location	-	-
M	Method	i	pub	parameters	-	-
M	Method	i	pub	call	-	-
M	Method	i	pub	receiver	-	-
M	Method	i	pub	eql?	-	-
M	Method	i	pub	original_name	-	-
M	Method	i	pub	owner	-	-
M	Method	i	pub	unbind	-	-
M	Method	i	pub	super_method	-	-
M	Method	i	pub	name	-	-
M	Method	i	pub	hash	-	-
M	Method	i	pub	inspect	-	-
M	Method	i	pub	clone	-	-
M	UnboundMethod	i	pub	name	-	-
M	UnboundMethod	i	pub	bind	-	-
M	UnboundMethod	i	pub	bind_call	-	-
M	UnboundMethod	i	pub	dup	-	-
M	UnboundMethod	i	pub	==	-	-
M	UnboundMethod	i	pub	hash	-	-
M	UnboundMethod	i	pub	inspect	-	-
M	UnboundMethod	i	pub	arity	-	-
M	UnboundMethod	i	pub	to_s	-	-
M	UnboundMethod	i	pub	source_location	-	-
M	UnboundMethod	i	pub	parameters	-	-
M	UnboundMethod	i	pub	clone	-	-
M	UnboundMethod	i	pub	eql?	-	-
M	UnboundMethod	i	pub	original_name	-	-
M	UnboundMethod	i	pub	owner	-	-
M	UnboundMethod	i	pub	super_method	-	-
M	Set	s	pub	[]	-	set
M	Set	i	pub	merge	-	set
M	Set	i	pub	classify	-	set
M	Set	i	pub	compare_by_identity	-	set
M	Set	i	pub	compare_by_identity?	-	set
M	Set	i	pub	<=>	-	set
M	Set	i	pub	<<	add	set
M	Set	i	pub	pretty_print_cycle	-	set
M	Set	i	pub	<=	subset?	set
M	Set	i	pub	>=	superset?	set
M	Set	i	pub	==	-	set
M	Set	i	pub	===	include?	set
M	Set	i	pub	divide	-	set
M	Set	i	pub	pretty_print	-	set
M	Set	i	pub	include?	-	set
M	Set	i	pub	empty?	-	set
M	Set	i	pub	eql?	-	set
M	Set	i	pub	&	-	set
M	Set	i	pub	replace	-	set
M	Set	i	pub	clear	-	set
M	Set	i	pub	to_set	-	set
M	Set	i	pub	+	|	set
M	Set	i	pub	-	-	set
M	Set	i	pub	freeze	-	set
M	Set	i	pub	inspect	-	set
M	Set	i	pub	hash	-	set
M	Set	i	pub	length	size	set
M	Set	i	pub	size	-	set
M	Set	i	pub	>	proper_superset?	set
M	Set	i	pub	<	proper_subset?	set
M	Set	i	pub	each	-	set
M	Set	i	pub	union	|	set
M	Set	i	pub	difference	-	set
M	Set	i	pub	intersect?	-	set
M	Set	i	pub	intersection	&	set
M	Set	i	pub	join	-	set
M	Set	i	pub	to_a	-	set
M	Set	i	pub	to_s	inspect	set
M	Set	i	pub	collect!	-	set
M	Set	i	pub	map!	collect!	set
M	Set	i	pub	select!	-	set
M	Set	i	pub	filter!	select!	set
M	Set	i	pub	keep_if	-	set
M	Set	i	pub	delete_if	-	set
M	Set	i	pub	reject!	-	set
M	Set	i	pub	^	-	set
M	Set	i	pub	flatten	-	set
M	Set	i	pub	flatten!	-	set
M	Set	i	pub	delete	-	set
M	Set	i	pub	add	-	set
M	Set	i	pub	reset	-	set
M	Set	i	pub	member?	include?	set
M	Set	i	pub	proper_superset?	-	set
M	Set	i	pub	subset?	-	set
M	Set	i	pub	superset?	-	set
M	Set	i	pub	proper_subset?	-	set
M	Set	i	pub	add?	-	set
M	Set	i	pub	delete?	-	set
M	Set	i	pub	disjoint?	-	set
M	Set	i	pub	subtract	-	set
M	Set	i	pub	|	-	set
M	Set	i	priv	initialize	-	set
M	Set	i	priv	initialize_clone	-	set
M	Set	i	priv	initialize_dup	-	set
M	Set	i	priv	do_with_enum	-	set
M	Set	i	prot	flatten_merge	-	set
M	Binding	i	pub	eval	-	-
M	Binding	i	pub	local_variables	-	-
M	Binding	i	pub	irb	-	-
M	Binding	i	pub	source_location	-	-
M	Binding	i	pub	dup	-	-
M	Binding	i	pub	clone	-	-
M	Binding	i	pub	receiver	-	-
M	Binding	i	pub	local_variable_get	-	-
M	Binding	i	pub	local_variable_set	-	-
M	Binding	i	pub	local_variable_defined?	-	-
M	MatchData	i	pub	hash	-	-
M	MatchData	i	pub	names	-	-
M	MatchData	i	pub	deconstruct_keys	-	-
M	MatchData	i	pub	==	-	-
M	MatchData	i	pub	to_a	-	-
M	MatchData	i	pub	[]	-	-
M	MatchData	i	pub	to_s	-	-
M	MatchData	i	pub	values_at	-	-
M	MatchData	i	pub	eql?	-	-
M	MatchData	i	pub	match	-	-
M	MatchData	i	pub	named_captures	-	-
M	MatchData	i	pub	deconstruct	captures	-
M	MatchData	i	pub	regexp	-	-
M	MatchData	i	pub	offset	-	-
M	MatchData	i	pub	byteoffset	-	-
M	MatchData	i	pub	bytebegin	-	-
M	MatchData	i	pub	byteend	-	-
M	MatchData	i	pub	begin	-	-
M	MatchData	i	pub	end	-	-
M	MatchData	i	pub	match_length	-	-
M	MatchData	i	pub	captures	-	-
M	MatchData	i	pub	pre_match	-	-
M	MatchData	i	pub	post_match	-	-
M	MatchData	i	pub	string	-	-
M	MatchData	i	pub	inspect	-	-
M	MatchData	i	pub	length	-	-
M	MatchData	i	pub	size	-	-
M	MatchData	i	priv	initialize_copy	-	-
M	Process	s	pub	exec	-	-
M	Process	s	pub	exit!	-	-
M	Process	s	pub	spawn	-	-
M	Process	s	pub	abort	-	-
M	Process	s	pub	last_status	-	-
M	Process	s	pub	_fork	-	-
M	Process	s	pub	wait2	-	-
M	Process	s	pub	waitpid	-	-
M	Process	s	pub	waitpid2	-	-
M	Process	s	pub	waitall	-	-
M	Process	s	pub	detach	-	-
M	Process	s	pub	ppid	-	-
M	Process	s	pub	getpgrp	-	-
M	Process	s	pub	setpgrp	-	-
M	Process	s	pub	getpgid	-	-
M	Process	s	pub	setpgid	-	-
M	Process	s	pub	getsid	-	-
M	Process	s	pub	setsid	-	-
M	Process	s	pub	getpriority	-	-
M	Process	s	pub	setpriority	-	-
M	Process	s	pub	warmup	-	-
M	Process	s	pub	fork	-	-
M	Process	s	pub	getrlimit	-	-
M	Process	s	pub	kill	-	-
M	Process	s	pub	exit	-	-
M	Process	s	pub	setrlimit	-	-
M	Process	s	pub	uid	-	-
M	Process	s	pub	gid	-	-
M	Process	s	pub	pid	-	-
M	Process	s	pub	argv0	-	-
M	Process	s	pub	setproctitle	-	-
M	Process	s	pub	uid=	-	-
M	Process	s	pub	wait	-	-
M	Process	s	pub	gid=	-	-
M	Process	s	pub	euid	-	-
M	Process	s	pub	euid=	-	-
M	Process	s	pub	egid	-	-
M	Process	s	pub	egid=	-	-
M	Process	s	pub	initgroups	-	-
M	Process	s	pub	groups	-	-
M	Process	s	pub	maxgroups	-	-
M	Process	s	pub	maxgroups=	-	-
M	Process	s	pub	groups=	-	-
M	Process	s	pub	times	-	-
M	Process	s	pub	daemon	-	-
M	Process	s	pub	clock_gettime	-	-
M	Process	s	pub	clock_getres	-	-
M	Process	i	priv	ppid	-	-
M	Process	i	priv	getpgrp	-	-
M	Process	i	priv	setpgrp	-	-
M	Process	i	priv	getpgid	-	-
M	Process	i	priv	setpgid	-	-
M	Process	i	priv	getsid	-	-
M	Process	i	priv	setsid	-	-
M	Process	i	priv	getpriority	-	-
M	Process	i	priv	setpriority	-	-
M	Process	i	priv	warmup	-	-
M	Process	i	priv	getrlimit	-	-
M	Process	i	priv	kill	-	-
M	Process	i	priv	setrlimit	-	-
M	Process	i	priv	uid	-	-
M	Process	i	priv	gid	-	-
M	Process	i	priv	pid	-	-
M	Process	i	priv	argv0	-	-
M	Process	i	priv	setproctitle	-	-
M	Process	i	priv	uid=	-	-
M	Process	i	priv	wait	-	-
M	Process	i	priv	gid=	-	-
M	Process	i	priv	euid	-	-
M	Process	i	priv	euid=	-	-
M	Process	i	priv	egid	-	-
M	Process	i	priv	egid=	-	-
M	Process	i	priv	initgroups	-	-
M	Process	i	priv	groups	-	-
M	Process	i	priv	groups=	-	-
M	Process	i	priv	maxgroups	-	-
M	Process	i	priv	maxgroups=	-	-
M	Process	i	priv	daemon	-	-
M	Process	i	priv	times	-	-
M	Process	i	priv	wait2	-	-
M	Process	i	priv	waitpid	-	-
M	Process	i	priv	waitpid2	-	-
M	Process	i	priv	waitall	-	-
M	Process	i	priv	detach	-	-
M	Process	i	priv	clock_getres	-	-
M	Process	i	priv	clock_gettime	-	-
M	Math	s	pub	log2	-	-
M	Math	s	pub	log10	-	-
M	Math	s	pub	cbrt	-	-
M	Math	s	pub	frexp	-	-
M	Math	s	pub	ldexp	-	-
M	Math	s	pub	hypot	-	-
M	Math	s	pub	erf	-	-
M	Math	s	pub	erfc	-	-
M	Math	s	pub	gamma	-	-
M	Math	s	pub	sqrt	-	-
M	Math	s	pub	lgamma	-	-
M	Math	s	pub	atan2	-	-
M	Math	s	pub	cos	-	-
M	Math	s	pub	sin	-	-
M	Math	s	pub	tan	-	-
M	Math	s	pub	acos	-	-
M	Math	s	pub	asin	-	-
M	Math	s	pub	atan	-	-
M	Math	s	pub	cosh	-	-
M	Math	s	pub	sinh	-	-
M	Math	s	pub	tanh	-	-
M	Math	s	pub	acosh	-	-
M	Math	s	pub	asinh	-	-
M	Math	s	pub	atanh	-	-
M	Math	s	pub	exp	-	-
M	Math	s	pub	log	-	-
M	Math	i	priv	log2	-	-
M	Math	i	priv	log10	-	-
M	Math	i	priv	cbrt	-	-
M	Math	i	priv	frexp	-	-
M	Math	i	priv	ldexp	-	-
M	Math	i	priv	hypot	-	-
M	Math	i	priv	erf	-	-
M	Math	i	priv	erfc	-	-
M	Math	i	priv	gamma	-	-
M	Math	i	priv	sqrt	-	-
M	Math	i	priv	lgamma	-	-
M	Math	i	priv	atan2	-	-
M	Math	i	priv	cos	-	-
M	Math	i	priv	sin	-	-
M	Math	i	priv	tan	-	-
M	Math	i	priv	acos	-	-
M	Math	i	priv	asin	-	-
M	Math	i	priv	atan	-	-
M	Math	i	priv	cosh	-	-
M	Math	i	priv	sinh	-	-
M	Math	i	priv	tanh	-	-
M	Math	i	priv	acosh	-	-
M	Math	i	priv	asinh	-	-
M	Math	i	priv	atanh	-	-
M	Math	i	priv	exp	-	-
M	Math	i	priv	log	-	-
M	GC	s	pub	enable	-	-
M	GC	s	pub	disable	-	-
M	GC	s	pub	stress	-	-
M	GC	s	pub	stress=	-	-
M	GC	s	pub	start	-	-
M	GC	s	pub	compact	-	-
M	GC	s	pub	count	-	-
M	GC	s	pub	config	-	-
M	GC	s	pub	stat_heap	-	-
M	GC	s	pub	latest_gc_info	-	-
M	GC	s	pub	measure_total_time=	-	-
M	GC	s	pub	measure_total_time	-	-
M	GC	s	pub	stat	-	-
M	GC	s	pub	total_time	-	-
M	GC	s	pub	auto_compact	-	-
M	GC	s	pub	auto_compact=	-	-
M	GC	s	pub	latest_compact_info	-	-
M	GC	s	pub	verify_compaction_references	-	-
M	GC	s	pub	verify_internal_consistency	-	-
M	GC	i	pub	garbage_collect	-	-
M	ObjectSpace	s	pub	count_objects	-	-
M	ObjectSpace	s	pub	garbage_collect	-	-
M	ObjectSpace	s	pub	each_object	-	-
M	ObjectSpace	s	pub	define_finalizer	-	-
M	ObjectSpace	s	pub	undefine_finalizer	-	-
M	ObjectSpace	s	pub	_id2ref	-	-
M	ObjectSpace	i	priv	count_objects	-	-
M	ObjectSpace	i	priv	garbage_collect	-	-
M	ObjectSpace	i	priv	each_object	-	-
M	ObjectSpace	i	priv	define_finalizer	-	-
M	ObjectSpace	i	priv	undefine_finalizer	-	-
M	ObjectSpace	i	priv	_id2ref	-	-
M	Enumerator	s	pub	product	-	-
M	Enumerator	s	pub	produce	-	-
M	Enumerator	i	pub	each	-	-
M	Enumerator	i	pub	rewind	-	-
M	Enumerator	i	pub	+	-	-
M	Enumerator	i	pub	next	-	-
M	Enumerator	i	pub	inspect	-	-
M	Enumerator	i	pub	with_index	-	-
M	Enumerator	i	pub	with_object	-	-
M	Enumerator	i	pub	next_values	-	-
M	Enumerator	i	pub	peek_values	-	-
M	Enumerator	i	pub	peek	-	-
M	Enumerator	i	pub	each_with_index	-	-
M	Enumerator	i	pub	feed	-	-
M	Enumerator	i	pub	each_with_object	-	-
M	Enumerator	i	pub	size	-	-
M	Enumerator	i	priv	initialize	-	-
M	Enumerator	i	priv	initialize_copy	-	-
M	Marshal	s	pub	restore	load	-
M	Marshal	s	pub	dump	-	-
M	Marshal	s	pub	load	-	-
M	Marshal	i	priv	dump	-	-
M	BasicObject	i	pub	equal?	-	-
M	BasicObject	i	pub	!	-	-
M	BasicObject	i	pub	__send__	-	-
M	BasicObject	i	pub	==	-	-
M	BasicObject	i	pub	!=	-	-
M	BasicObject	i	pub	__id__	-	-
M	BasicObject	i	pub	instance_eval	-	-
M	BasicObject	i	pub	instance_exec	-	-
M	BasicObject	i	priv	initialize	-	-
M	BasicObject	i	priv	singleton_method_added	-	-
M	BasicObject	i	priv	method_missing	-	-
M	BasicObject	i	priv	singleton_method_removed	-	-
M	BasicObject	i	priv	singleton_method_undefined	-	-
M	Module	s	pub	used_modules	-	-
M	Module	s	pub	used_refinements	-	-
M	Module	s	pub	nesting	-	-
M	Module	s	pub	constants	-	-
M	Module	i	pub	<=>	-	-
M	Module	i	pub	<=	-	-
M	Module	i	pub	>=	-	-
M	Module	i	pub	==	-	-
M	Module	i	pub	===	-	-
M	Module	i	pub	autoload	-	-
M	Module	i	pub	autoload?	-	-
M	Module	i	pub	include?	-	-
M	Module	i	pub	included_modules	-	-
M	Module	i	pub	set_temporary_name	-	-
M	Module	i	pub	ancestors	-	-
M	Module	i	pub	attr	-	-
M	Module	i	pub	attr_reader	-	-
M	Module	i	pub	attr_writer	-	-
M	Module	i	pub	attr_accessor	-	-
M	Module	i	pub	instance_method	-	-
M	Module	i	pub	instance_methods	-	-
M	Module	i	pub	public_instance_methods	-	-
M	Module	i	pub	protected_instance_methods	-	-
M	Module	i	pub	private_instance_methods	-	-
M	Module	i	pub	undefined_instance_methods	-	-
M	Module	i	pub	constants	-	-
M	Module	i	pub	const_get	-	-
M	Module	i	pub	freeze	-	-
M	Module	i	pub	inspect	to_s	-
M	Module	i	pub	const_defined?	-	-
M	Module	i	pub	const_set	-	-
M	Module	i	pub	const_missing	-	-
M	Module	i	pub	class_variables	-	-
M	Module	i	pub	class_variable_get	-	-
M	Module	i	pub	remove_class_variable	-	-
M	Module	i	pub	class_variable_set	-	-
M	Module	i	pub	<	-	-
M	Module	i	pub	public_constant	-	-
M	Module	i	pub	>	-	-
M	Module	i	pub	const_source_location	-	-
M	Module	i	pub	class_variable_defined?	-	-
M	Module	i	pub	private_constant	-	-
M	Module	i	pub	deprecate_constant	-	-
M	Module	i	pub	singleton_class?	-	-
M	Module	i	pub	include	-	-
M	Module	i	pub	prepend	-	-
M	Module	i	pub	refinements	-	-
M	Module	i	pub	to_s	-	-
M	Module	i	pub	public_instance_method	-	-
M	Module	i	pub	define_method	-	-
M	Module	i	pub	module_exec	-	-
M	Module	i	pub	class_exec	-	-
M	Module	i	pub	module_eval	-	-
M	Module	i	pub	class_eval	-	-
M	Module	i	pub	remove_method	-	-
M	Module	i	pub	undef_method	-	-
M	Module	i	pub	alias_method	-	-
M	Module	i	pub	name	-	-
M	Module	i	pub	method_defined?	-	-
M	Module	i	pub	public_method_defined?	-	-
M	Module	i	pub	private_method_defined?	-	-
M	Module	i	pub	protected_method_defined?	-	-
M	Module	i	pub	public_class_method	-	-
M	Module	i	pub	private_class_method	-	-
M	Module	i	priv	included	-	-
M	Module	i	priv	extended	-	-
M	Module	i	priv	prepended	-	-
M	Module	i	priv	remove_const	-	-
M	Module	i	priv	const_added	-	-
M	Module	i	priv	method_added	-	-
M	Module	i	priv	method_removed	-	-
M	Module	i	priv	method_undefined	-	-
M	Module	i	priv	extend_object	-	-
M	Module	i	priv	append_features	-	-
M	Module	i	priv	initialize	-	-
M	Module	i	priv	initialize_copy	-	-
M	Module	i	priv	initialize_clone	-	-
M	Module	i	priv	refine	-	-
M	Module	i	priv	using	-	-
M	Module	i	priv	prepend_features	-	-
M	Module	i	priv	module_function	-	-
M	Module	i	priv	public	-	-
M	Module	i	priv	protected	-	-
M	Module	i	priv	private	-	-
M	Module	i	priv	ruby2_keywords	-	-
M	Class	s	pub	allocate	-	-
M	Class	i	pub	allocate	-	-
M	Class	i	pub	superclass	-	-
M	Class	i	pub	subclasses	-	-
M	Class	i	pub	attached_object	-	-
M	Class	i	pub	new	-	-
M	Class	i	priv	inherited	-	-
M	Class	i	priv	initialize	-	-
M	Thread::Backtrace	s	pub	limit	-	-
M	Ractor::RemoteError	i	pub	ractor	-	-
M	Ractor::MovedObject	i	pub	equal?	-	-
M	Ractor::MovedObject	i	pub	!	-	-
M	Ractor::MovedObject	i	pub	__id__	-	-
M	Ractor::MovedObject	i	pub	__send__	-	-
M	Ractor::MovedObject	i	pub	method_missing	-	-
M	Ractor::MovedObject	i	pub	instance_eval	-	-
M	Ractor::MovedObject	i	pub	instance_exec	-	-
M	Ractor::MovedObject	i	pub	==	-	-
M	Ractor::MovedObject	i	pub	!=	-	-
M	IO::Buffer	s	pub	string	-	-
M	IO::Buffer	s	pub	size_of	-	-
M	IO::Buffer	s	pub	for	-	-
M	IO::Buffer	s	pub	map	-	-
M	IO::Buffer	i	pub	null?	-	-
M	IO::Buffer	i	pub	external?	-	-
M	IO::Buffer	i	pub	internal?	-	-
M	IO::Buffer	i	pub	mapped?	-	-
M	IO::Buffer	i	pub	shared?	-	-
M	IO::Buffer	i	pub	locked?	-	-
M	IO::Buffer	i	pub	private?	-	-
M	IO::Buffer	i	pub	readonly?	-	-
M	IO::Buffer	i	pub	locked	-	-
M	IO::Buffer	i	pub	resize	-	-
M	IO::Buffer	i	pub	free	-	-
M	IO::Buffer	i	pub	<=>	-	-
M	IO::Buffer	i	pub	empty?	-	-
M	IO::Buffer	i	pub	get_value	-	-
M	IO::Buffer	i	pub	get_values	-	-
M	IO::Buffer	i	pub	set_value	-	-
M	IO::Buffer	i	pub	set_values	-	-
M	IO::Buffer	i	pub	copy	-	-
M	IO::Buffer	i	pub	get_string	-	-
M	IO::Buffer	i	pub	set_string	-	-
M	IO::Buffer	i	pub	clear	-	-
M	IO::Buffer	i	pub	&	-	-
M	IO::Buffer	i	pub	or!	-	-
M	IO::Buffer	i	pub	and!	-	-
M	IO::Buffer	i	pub	not!	-	-
M	IO::Buffer	i	pub	xor!	-	-
M	IO::Buffer	i	pub	inspect	-	-
M	IO::Buffer	i	pub	write	-	-
M	IO::Buffer	i	pub	pread	-	-
M	IO::Buffer	i	pub	pwrite	-	-
M	IO::Buffer	i	pub	size	-	-
M	IO::Buffer	i	pub	each	-	-
M	IO::Buffer	i	pub	to_s	-	-
M	IO::Buffer	i	pub	^	-	-
M	IO::Buffer	i	pub	each_byte	-	-
M	IO::Buffer	i	pub	slice	-	-
M	IO::Buffer	i	pub	hexdump	-	-
M	IO::Buffer	i	pub	valid?	-	-
M	IO::Buffer	i	pub	transfer	-	-
M	IO::Buffer	i	pub	values	-	-
M	IO::Buffer	i	pub	|	-	-
M	IO::Buffer	i	pub	~	-	-
M	IO::Buffer	i	pub	read	-	-
M	IO::Buffer	i	priv	initialize	-	-
M	IO::Buffer	i	priv	initialize_copy	-	-
M	RubyVM::AbstractSyntaxTree	s	pub	parse	-	-
M	RubyVM::AbstractSyntaxTree	s	pub	of	-	-
M	RubyVM::AbstractSyntaxTree	s	pub	parse_file	-	-
M	RubyVM::AbstractSyntaxTree	s	pub	node_id_for_backtrace_location	-	-
M	RubyVM::RJIT	s	pub	enabled?	-	-
M	RubyVM::RJIT	s	pub	enable	-	-
M	RubyVM::InstructionSequence	s	pub	compile_file	-	-
M	RubyVM::InstructionSequence	s	pub	compile_option	-	-
M	RubyVM::InstructionSequence	s	pub	compile_option=	-	-
M	RubyVM::InstructionSequence	s	pub	of	-	-
M	RubyVM::InstructionSequence	s	pub	compile_file_prism	-	-
M	RubyVM::InstructionSequence	s	pub	disasm	-	-
M	RubyVM::InstructionSequence	s	pub	disassemble	-	-
M	RubyVM::InstructionSequence	s	pub	load_from_binary	-	-
M	RubyVM::InstructionSequence	s	pub	load_from_binary_extra_data	-	-
M	RubyVM::InstructionSequence	s	pub	compile	-	-
M	RubyVM::InstructionSequence	s	pub	compile_parsey	-	-
M	RubyVM::InstructionSequence	s	pub	new	-	-
M	RubyVM::InstructionSequence	s	pub	compile_prism	-	-
M	RubyVM::InstructionSequence	i	pub	script_lines	-	-
M	RubyVM::InstructionSequence	i	pub	path	-	-
M	RubyVM::InstructionSequence	i	pub	absolute_path	-	-
M	RubyVM::InstructionSequence	i	pub	each_child	-	-
M	RubyVM::InstructionSequence	i	pub	inspect	-	-
M	RubyVM::InstructionSequence	i	pub	eval	-	-
M	RubyVM::InstructionSequence	i	pub	to_a	-	-
M	RubyVM::InstructionSequence	i	pub	base_label	-	-
M	RubyVM::InstructionSequence	i	pub	label	-	-
M	RubyVM::InstructionSequence	i	pub	disasm	-	-
M	RubyVM::InstructionSequence	i	pub	disassemble	-	-
M	RubyVM::InstructionSequence	i	pub	to_binary	-	-
M	RubyVM::InstructionSequence	i	pub	first_lineno	-	-
M	RubyVM::InstructionSequence	i	pub	trace_points	-	-
M	Gem::TargetRbConfig	s	pub	from_path	-	rubygems/target_rbconfig
M	Gem::TargetRbConfig	s	pub	for_running_ruby	-	rubygems/target_rbconfig
M	Gem::TargetRbConfig	i	pub	[]	-	rubygems/target_rbconfig
M	Gem::TargetRbConfig	i	pub	path	-	rubygems/target_rbconfig
M	Gem::TargetRbConfig	i	priv	initialize	-	rubygems/target_rbconfig
M	Gem::MissingSpecError	i	pub	message	-	rubygems/errors
M	Gem::MissingSpecError	i	priv	build_message	-	rubygems/errors
M	Gem::MissingSpecError	i	priv	initialize	-	rubygems/errors
M	Gem::Platform	s	pub	new	-	rubygems/platform
M	Gem::Platform	s	pub	_deprecated_match	match	rubygems/platform
M	Gem::Platform	s	pub	match_gem?	-	rubygems/platform
M	Gem::Platform	s	pub	match_spec?	-	rubygems/platform
M	Gem::Platform	s	pub	local	-	rubygems/platform
M	Gem::Platform	s	pub	installable?	-	rubygems/platform
M	Gem::Platform	s	pub	match	-	rubygems/deprecate
M	Gem::Platform	s	pub	sort_priority	-	rubygems/platform
M	Gem::Platform	s	priv	match_platforms?	-	rubygems/platform
M	Gem::Platform	i	pub	version=	-	rubygems/platform
M	Gem::Platform	i	pub	==	-	rubygems/platform
M	Gem::Platform	i	pub	hash	-	rubygems/platform
M	Gem::Platform	i	pub	===	-	rubygems/platform
M	Gem::Platform	i	pub	=~	-	rubygems/platform
M	Gem::Platform	i	pub	cpu	-	rubygems/platform
M	Gem::Platform	i	pub	os	-	rubygems/platform
M	Gem::Platform	i	pub	to_a	-	rubygems/platform
M	Gem::Platform	i	pub	to_s	-	rubygems/platform
M	Gem::Platform	i	pub	cpu=	-	rubygems/platform
M	Gem::Platform	i	pub	os=	-	rubygems/platform
M	Gem::Platform	i	pub	version	-	rubygems/platform
M	Gem::Platform	i	pub	normalized_linux_version	-	rubygems/platform
M	Gem::Platform	i	pub	eql?	==	rubygems/platform
M	Gem::Platform	i	priv	initialize	-	rubygems/platform
M	Gem::List	s	pub	prepend	-	rubygems/util/list
M	Gem::List	i	pub	each	-	rubygems/util/list
M	Gem::List	i	pub	to_a	-	rubygems/util/list
M	Gem::List	i	pub	prepend	-	rubygems/util/list
M	Gem::List	i	pub	tail	-	rubygems/util/list
M	Gem::List	i	pub	pretty_print	-	rubygems/util/list
M	Gem::List	i	pub	value=	-	rubygems/util/list
M	Gem::List	i	pub	tail=	-	rubygems/util/list
M	Gem::List	i	pub	value	-	rubygems/util/list
M	Gem::List	i	priv	initialize	-	rubygems/util/list
M	Gem::MissingSpecVersionError	i	pub	specs	-	rubygems/errors
M	Gem::MissingSpecVersionError	i	priv	initialize	-	rubygems/errors
M	Gem::MissingSpecVersionError	i	priv	build_message	-	rubygems/errors
M	Gem::ConflictError	i	pub	target	-	rubygems/errors
M	Gem::ConflictError	i	pub	conflicts	-	rubygems/errors
M	Gem::ConflictError	i	priv	initialize	-	rubygems/errors
M	Gem::BUNDLED_GEMS	s	pub	uplevel	-	bundled_gems
M	Gem::BUNDLED_GEMS	s	pub	replace_require	-	bundled_gems
M	Gem::BUNDLED_GEMS	s	pub	build_message	-	bundled_gems
M	Gem::BUNDLED_GEMS	s	pub	warning?	-	bundled_gems
M	Gem::BUNDLED_GEMS	s	pub	find_gem	-	bundled_gems
M	Gem::PlatformMismatch	i	pub	platforms	-	rubygems/errors
M	Gem::PlatformMismatch	i	pub	add_platform	-	rubygems/errors
M	Gem::PlatformMismatch	i	pub	wordy	-	rubygems/errors
M	Gem::PlatformMismatch	i	pub	name	-	rubygems/errors
M	Gem::PlatformMismatch	i	pub	version	-	rubygems/errors
M	Gem::PlatformMismatch	i	priv	initialize	-	rubygems/errors
M	Gem::SourceFetchProblem	i	pub	wordy	-	rubygems/errors
M	Gem::SourceFetchProblem	i	pub	exception	error	rubygems/errors
M	Gem::SourceFetchProblem	i	pub	error	-	rubygems/errors
M	Gem::SourceFetchProblem	i	pub	source	-	rubygems/errors
M	Gem::SourceFetchProblem	i	priv	initialize	-	rubygems/errors
M	Gem::Util	s	pub	glob_files_in_dir	-	rubygems/util
M	Gem::Util	s	pub	gunzip	-	rubygems/util
M	Gem::Util	s	pub	gzip	-	rubygems/util
M	Gem::Util	s	pub	inflate	-	rubygems/util
M	Gem::Util	s	pub	popen	-	rubygems/util
M	Gem::Util	s	pub	silent_system	-	rubygems/deprecate
M	Gem::Util	s	pub	traverse_parents	-	rubygems/util
M	Gem::Util	s	pub	correct_for_windows_path	-	rubygems/util
M	Gem::Util	s	pub	_deprecated_silent_system	silent_system	rubygems/util
M	Gem::LoadError	i	pub	requirement=	-	rubygems/errors
M	Gem::LoadError	i	pub	name	-	rubygems/errors
M	Gem::LoadError	i	pub	name=	-	rubygems/errors
M	Gem::LoadError	i	pub	requirement	-	rubygems/errors
M	Gem::UnknownCommandError	s	pub	attach_correctable	-	rubygems/exceptions
M	Gem::UnknownCommandError	i	pub	unknown_command	-	rubygems/exceptions
M	Gem::UnknownCommandError	i	priv	initialize	-	rubygems/exceptions
M	Gem::UnknownCommandSpellChecker	i	pub	corrections	-	rubygems/unknown_command_spell_checker
M	Gem::UnknownCommandSpellChecker	i	pub	error	-	rubygems/unknown_command_spell_checker
M	Gem::UnknownCommandSpellChecker	i	priv	initialize	-	rubygems/unknown_command_spell_checker
M	Gem::UnknownCommandSpellChecker	i	priv	spell_checker	-	rubygems/unknown_command_spell_checker
M	Gem::CIDetector	s	pub	ci_strings	-	rubygems/ci_detector
M	Gem::CIDetector	s	pub	ci?	-	rubygems/ci_detector
M	Gem::DependencyList	s	pub	from_specs	-	rubygems/dependency_list
M	Gem::DependencyList	i	pub	each	-	rubygems/dependency_list
M	Gem::DependencyList	i	pub	specs	-	rubygems/dependency_list
M	Gem::DependencyList	i	pub	remove_specs_unsatisfied_by	-	rubygems/dependency_list
M	Gem::DependencyList	i	pub	ok_to_remove?	-	rubygems/dependency_list
M	Gem::DependencyList	i	pub	spec_predecessors	-	rubygems/dependency_list
M	Gem::DependencyList	i	pub	remove_by_name	-	rubygems/dependency_list
M	Gem::DependencyList	i	pub	tsort_each_child	-	rubygems/dependency_list
M	Gem::DependencyList	i	pub	clear	-	rubygems/dependency_list
M	Gem::DependencyList	i	pub	add	-	rubygems/dependency_list
M	Gem::DependencyList	i	pub	tsort_each_node	-	rubygems/dependency_list
M	Gem::DependencyList	i	pub	inspect	-	rubygems/dependency_list
M	Gem::DependencyList	i	pub	development	-	rubygems/dependency_list
M	Gem::DependencyList	i	pub	development=	-	rubygems/dependency_list
M	Gem::DependencyList	i	pub	dependency_order	-	rubygems/dependency_list
M	Gem::DependencyList	i	pub	find_name	-	rubygems/dependency_list
M	Gem::DependencyList	i	pub	why_not_ok?	-	rubygems/dependency_list
M	Gem::DependencyList	i	pub	ok?	-	rubygems/dependency_list
M	Gem::DependencyList	i	priv	initialize	-	rubygems/dependency_list
M	Gem::DependencyList	i	priv	active_count	-	rubygems/dependency_list
M	Gem::Installer	s	pub	for_spec	-	rubygems/installer
M	Gem::Installer	s	pub	at	-	rubygems/installer
M	Gem::Installer	s	pub	inherited	-	rubygems/installer
M	Gem::Installer	s	pub	exec_format=	-	rubygems/installer
M	Gem::Installer	s	pub	exec_format	-	rubygems/installer
M	Gem::Installer	i	pub	ensure_loadable_spec	-	rubygems/installer
M	Gem::Installer	i	pub	ensure_dependencies_met	-	rubygems/installer
M	Gem::Installer	i	pub	verify_gem_home	-	rubygems/installer
M	Gem::Installer	i	pub	verify_spec	-	rubygems/installer
M	Gem::Installer	i	pub	gemdeps_load	-	rubygems/installer
M	Gem::Installer	i	pub	explicit_version_requirement	-	rubygems/installer
M	Gem::Installer	i	pub	spec_file	-	rubygems/installer
M	Gem::Installer	i	pub	build_root	-	rubygems/installer
M	Gem::Installer	i	pub	unpack	-	rubygems/deprecate
M	Gem::Installer	i	pub	gem	-	rubygems/installer
M	Gem::Installer	i	pub	options	-	rubygems/installer
M	Gem::Installer	i	pub	install	-	rubygems/installer
M	Gem::Installer	i	pub	bin_dir	-	rubygems/installer
M	Gem::Installer	i	pub	build_extensions	-	rubygems/installer
M	Gem::Installer	i	pub	package	-	rubygems/installer
M	Gem::Installer	i	pub	extract_files	-	rubygems/installer
M	Gem::Installer	i	pub	spec	-	rubygems/installer
M	Gem::Installer	i	pub	process_options	-	rubygems/installer
M	Gem::Installer	i	pub	formatted_program_filename	-	rubygems/installer
M	Gem::Installer	i	pub	shebang	-	rubygems/installer
M	Gem::Installer	i	pub	check_executable_overwrite	-	rubygems/installer
M	Gem::Installer	i	pub	gem_home	-	rubygems/installer
M	Gem::Installer	i	pub	pre_install_checks	-	rubygems/installer
M	Gem::Installer	i	pub	run_pre_install_hooks	-	rubygems/installer
M	Gem::Installer	i	pub	default_spec_file	-	rubygems/installer
M	Gem::Installer	i	pub	gem_dir	-	rubygems/installer
M	Gem::Installer	i	pub	extract_bin	-	rubygems/installer
M	Gem::Installer	i	pub	write_default_spec	-	rubygems/installer
M	Gem::Installer	i	pub	write_build_info_file	-	rubygems/installer
M	Gem::Installer	i	pub	run_post_build_hooks	-	rubygems/installer
M	Gem::Installer	i	pub	generate_bin	-	rubygems/installer
M	Gem::Installer	i	pub	generate_plugins	-	rubygems/installer
M	Gem::Installer	i	pub	write_spec	-	rubygems/installer
M	Gem::Installer	i	pub	write_cache_file	-	rubygems/installer
M	Gem::Installer	i	pub	run_post_install_hooks	-	rubygems/installer
M	Gem::Installer	i	pub	installed_specs	-	rubygems/installer
M	Gem::Installer	i	pub	installation_satisfies_dependency?	-	rubygems/installer
M	Gem::Installer	i	pub	ensure_dependency	-	rubygems/installer
M	Gem::Installer	i	pub	windows_stub_script	-	rubygems/installer
M	Gem::Installer	i	pub	generate_windows_script	-	rubygems/installer
M	Gem::Installer	i	pub	check_that_user_bin_dir_is_in_path	-	rubygems/installer
M	Gem::Installer	i	pub	ensure_writable_dir	-	rubygems/installer
M	Gem::Installer	i	pub	generate_bin_script	-	rubygems/installer
M	Gem::Installer	i	pub	generate_bin_symlink	-	rubygems/installer
M	Gem::Installer	i	pub	dir	-	rubygems/installer
M	Gem::Installer	i	pub	app_script_text	-	rubygems/installer
M	Gem::Installer	i	pub	_deprecated_unpack	unpack	rubygems/installer
M	Gem::Installer	i	priv	bash_prolog_script	-	rubygems/installer
M	Gem::Installer	i	priv	user_install_dir	-	rubygems/installer
M	Gem::Installer	i	priv	rb_config	-	rubygems/installer
M	Gem::Installer	i	priv	build_args	-	rubygems/installer
M	Gem::Installer	i	priv	initialize	-	rubygems/installer
M	Gem::Installer	i	priv	load_relative_enabled?	-	rubygems/installer
M	Gem::Installer	i	priv	load_plugin	-	rubygems/installer
M	Gem::Installer	i	priv	ruby_install_name	-	rubygems/installer
M	Gem::Licenses	s	pub	deprecated_exception_id?	-	rubygems/util/licenses
M	Gem::Licenses	s	pub	match?	-	rubygems/util/licenses
M	Gem::Licenses	s	pub	suggestions	-	rubygems/util/licenses
M	Gem::Licenses	s	pub	deprecated_license_id?	-	rubygems/util/licenses
M	Gem::NameTuple	s	pub	from_list	-	rubygems/name_tuple
M	Gem::NameTuple	s	pub	to_basic	-	rubygems/name_tuple
M	Gem::NameTuple	s	pub	null	-	rubygems/name_tuple
M	Gem::NameTuple	i	pub	name	-	rubygems/name_tuple
M	Gem::NameTuple	i	pub	spec_name	-	rubygems/name_tuple
M	Gem::NameTuple	i	pub	prerelease?	-	rubygems/name_tuple
M	Gem::NameTuple	i	pub	<=>	-	rubygems/name_tuple
M	Gem::NameTuple	i	pub	==	-	rubygems/name_tuple
M	Gem::NameTuple	i	pub	hash	-	rubygems/name_tuple
M	Gem::NameTuple	i	pub	inspect	-	rubygems/name_tuple
M	Gem::NameTuple	i	pub	match_platform?	-	rubygems/name_tuple
M	Gem::NameTuple	i	pub	to_a	-	rubygems/name_tuple
M	Gem::NameTuple	i	pub	to_s	inspect	rubygems/name_tuple
M	Gem::NameTuple	i	pub	full_name	-	rubygems/name_tuple
M	Gem::NameTuple	i	pub	version	-	rubygems/name_tuple
M	Gem::NameTuple	i	pub	platform	-	rubygems/name_tuple
M	Gem::NameTuple	i	pub	eql?	==	rubygems/name_tuple
M	Gem::NameTuple	i	priv	initialize	-	rubygems/name_tuple
M	Gem::Resolver	s	pub	compose_sets	-	rubygems/resolver
M	Gem::Resolver	s	pub	for_current_gems	-	rubygems/resolver
M	Gem::Resolver	i	pub	dependencies_for	-	rubygems/resolver
M	Gem::Resolver	i	pub	requirement_satisfied_by?	-	rubygems/resolver
M	Gem::Resolver	i	pub	name_for	-	rubygems/resolver
M	Gem::Resolver	i	pub	allow_missing?	-	rubygems/resolver
M	Gem::Resolver	i	pub	sort_dependencies	-	rubygems/resolver
M	Gem::Resolver	i	pub	development_shallow	-	rubygems/resolver
M	Gem::Resolver	i	pub	soft_missing	-	rubygems/resolver
M	Gem::Resolver	i	pub	output	-	rubygems/resolver
M	Gem::Resolver	i	pub	ignore_dependencies	-	rubygems/resolver
M	Gem::Resolver	i	pub	explain	-	rubygems/resolver
M	Gem::Resolver	i	pub	explain_list	-	rubygems/resolver
M	Gem::Resolver	i	pub	development_shallow=	-	rubygems/resolver
M	Gem::Resolver	i	pub	ignore_dependencies=	-	rubygems/resolver
M	Gem::Resolver	i	pub	skip_gems=	-	rubygems/resolver
M	Gem::Resolver	i	pub	soft_missing=	-	rubygems/resolver
M	Gem::Resolver	i	pub	stats	-	rubygems/resolver
M	Gem::Resolver	i	pub	resolve	-	rubygems/resolver
M	Gem::Resolver	i	pub	activation_request	-	rubygems/resolver
M	Gem::Resolver	i	pub	requests	-	rubygems/resolver
M	Gem::Resolver	i	pub	development	-	rubygems/resolver
M	Gem::Resolver	i	pub	development=	-	rubygems/resolver
M	Gem::Resolver	i	pub	debug?	-	rubygems/resolver
M	Gem::Resolver	i	pub	skip_gems	-	rubygems/resolver
M	Gem::Resolver	i	pub	select_local_platforms	-	rubygems/resolver
M	Gem::Resolver	i	pub	find_possible	-	rubygems/resolver
M	Gem::Resolver	i	pub	search_for	-	rubygems/resolver
M	Gem::Resolver	i	priv	initialize	-	rubygems/resolver
M	Gem::Resolver	i	priv	amount_constrained	-	rubygems/resolver
M	Gem::Source	i	pub	uri	-	rubygems/source
M	Gem::Source	i	pub	<=>	-	rubygems/source
M	Gem::Source	i	pub	fetch_spec	-	rubygems/source
M	Gem::Source	i	pub	download	-	rubygems/source
M	Gem::Source	i	pub	==	-	rubygems/source
M	Gem::Source	i	pub	hash	-	rubygems/source
M	Gem::Source	i	pub	update_cache?	-	rubygems/source
M	Gem::Source	i	pub	load_specs	-	rubygems/source
M	Gem::Source	i	pub	dependency_resolver_set	-	rubygems/source
M	Gem::Source	i	pub	cache_dir	-	rubygems/source
M	Gem::Source	i	pub	pretty_print	-	rubygems/source
M	Gem::Source	i	pub	typo_squatting?	-	rubygems/source
M	Gem::Source	i	pub	eql?	==	rubygems/source
M	Gem::Source	i	priv	initialize	-	rubygems/source
M	Gem::Source	i	priv	enforce_trailing_slash	-	rubygems/source
M	Gem::SpecificationPolicy	i	pub	validate_required!	-	rubygems/specification_policy
M	Gem::SpecificationPolicy	i	pub	validate_required_metadata!	-	rubygems/specification_policy
M	Gem::SpecificationPolicy	i	pub	validate_optional	-	rubygems/specification_policy
M	Gem::SpecificationPolicy	i	pub	packaging	-	rubygems/specification_policy
M	Gem::SpecificationPolicy	i	pub	packaging=	-	rubygems/specification_policy
M	Gem::SpecificationPolicy	i	pub	validate_duplicate_dependencies	-	rubygems/specification_policy
M	Gem::SpecificationPolicy	i	pub	validate	-	rubygems/specification_policy
M	Gem::SpecificationPolicy	i	pub	validate_for_resolution	-	rubygems/specification_policy
M	Gem::SpecificationPolicy	i	pub	validate_metadata	-	rubygems/specification_policy
M	Gem::SpecificationPolicy	i	pub	validate_dependencies	-	rubygems/specification_policy
M	Gem::SpecificationPolicy	i	pub	validate_required_ruby_version	-	rubygems/specification_policy
M	Gem::SpecificationPolicy	i	pub	validate_permissions	-	rubygems/specification_policy
M	Gem::SpecificationPolicy	i	priv	validate_rake_extensions	-	rubygems/specification_policy
M	Gem::SpecificationPolicy	i	priv	validate_rust_extensions	-	rubygems/specification_policy
M	Gem::SpecificationPolicy	i	priv	initialize	-	rubygems/specification_policy
M	Gem::SpecificationPolicy	i	priv	validate_nil_attributes	-	rubygems/specification_policy
M	Gem::SpecificationPolicy	i	priv	validate_rubygems_version	-	rubygems/specification_policy
M	Gem::SpecificationPolicy	i	priv	validate_required_attributes	-	rubygems/specification_policy
M	Gem::SpecificationPolicy	i	priv	validate_name	-	rubygems/specification_policy
M	Gem::SpecificationPolicy	i	priv	validate_require_paths	-	rubygems/specification_policy
M	Gem::SpecificationPolicy	i	priv	validate_non_files	-	rubygems/specification_policy
M	Gem::SpecificationPolicy	i	priv	validate_self_inclusion_in_files_list	-	rubygems/specification_policy
M	Gem::SpecificationPolicy	i	priv	validate_specification_version	-	rubygems/specification_policy
M	Gem::SpecificationPolicy	i	priv	validate_platform	-	rubygems/specification_policy
M	Gem::SpecificationPolicy	i	priv	validate_array_attributes	-	rubygems/specification_policy
M	Gem::SpecificationPolicy	i	priv	validate_lazy_metadata	-	rubygems/specification_policy
M	Gem::SpecificationPolicy	i	priv	validate_authors_field	-	rubygems/specification_policy
M	Gem::SpecificationPolicy	i	priv	validate_licenses_length	-	rubygems/specification_policy
M	Gem::SpecificationPolicy	i	priv	validate_unique_links	-	rubygems/specification_policy
M	Gem::SpecificationPolicy	i	priv	validate_extensions	-	rubygems/specification_policy
M	Gem::SpecificationPolicy	i	priv	validate_licenses	-	rubygems/specification_policy
M	Gem::SpecificationPolicy	i	priv	validate_values	-	rubygems/specification_policy
M	Gem::SpecificationPolicy	i	priv	help_text	-	rubygems/specification_policy
M	Gem::SpecificationPolicy	i	priv	validate_removed_attributes	-	rubygems/specification_policy
M	Gem::SpecificationPolicy	i	priv	warning	-	rubygems/specification_policy
M	Gem::SpecificationPolicy	i	priv	error	-	rubygems/specification_policy
M	Gem::SpecificationPolicy	i	priv	validate_array_attribute	-	rubygems/specification_policy
M	Gem::SpecificationPolicy	i	priv	validate_attribute_present	-	rubygems/specification_policy
M	Gem::SpecificationPolicy	i	priv	validate_shebang_line_in	-	rubygems/specification_policy
M	Gem::GemNotInHomeException	i	pub	spec=	-	rubygems/exceptions
M	Gem::GemNotInHomeException	i	pub	spec	-	rubygems/exceptions
M	Gem::DependencyResolutionError	i	pub	conflicting_dependencies	-	rubygems/exceptions
M	Gem::DependencyResolutionError	i	pub	conflict	-	rubygems/exceptions
M	Gem::DependencyResolutionError	i	priv	initialize	-	rubygems/exceptions
M	Gem::UninstallError	i	pub	spec=	-	rubygems/exceptions
M	Gem::UninstallError	i	pub	spec	-	rubygems/exceptions
M	Gem::FormatException	i	pub	file_path	-	rubygems/exceptions
M	Gem::FormatException	i	pub	file_path=	-	rubygems/exceptions
M	Gem::FilePermissionError	i	pub	directory	-	rubygems/exceptions
M	Gem::FilePermissionError	i	priv	initialize	-	rubygems/exceptions
M	Gem::ImpossibleDependenciesError	i	pub	build_message	-	rubygems/exceptions
M	Gem::ImpossibleDependenciesError	i	pub	dependency	-	rubygems/exceptions
M	Gem::ImpossibleDependenciesError	i	pub	request	-	rubygems/exceptions
M	Gem::ImpossibleDependenciesError	i	pub	conflicts	-	rubygems/exceptions
M	Gem::ImpossibleDependenciesError	i	priv	initialize	-	rubygems/exceptions
M	Gem::StubSpecification	s	pub	default_gemspec_stub	-	rubygems/stub_specification
M	Gem::StubSpecification	s	pub	gemspec_stub	-	rubygems/stub_specification
M	Gem::StubSpecification	i	pub	spec	-	rubygems/stub_specification
M	Gem::StubSpecification	i	pub	sort_obj	-	rubygems/stub_specification
M	Gem::StubSpecification	i	pub	activated?	-	rubygems/stub_specification
M	Gem::StubSpecification	i	pub	<=>	-	rubygems/stub_specification
M	Gem::StubSpecification	i	pub	raw_require_paths	-	rubygems/stub_specification
M	Gem::StubSpecification	i	pub	==	-	rubygems/stub_specification
M	Gem::StubSpecification	i	pub	to_spec	spec	rubygems/stub_specification
M	Gem::StubSpecification	i	pub	base_dir	-	rubygems/stub_specification
M	Gem::StubSpecification	i	pub	full_name	-	rubygems/stub_specification
M	Gem::StubSpecification	i	pub	version	-	rubygems/stub_specification
M	Gem::StubSpecification	i	pub	platform	-	rubygems/stub_specification
M	Gem::StubSpecification	i	pub	eql?	==	rubygems/stub_specification
M	Gem::StubSpecification	i	pub	extensions	-	rubygems/stub_specification
M	Gem::StubSpecification	i	pub	name	-	rubygems/stub_specification
M	Gem::StubSpecification	i	pub	stubbed?	-	rubygems/stub_specification
M	Gem::StubSpecification	i	pub	default_gem?	-	rubygems/stub_specification
M	Gem::StubSpecification	i	pub	hash	-	rubygems/stub_specification
M	Gem::StubSpecification	i	pub	missing_extensions?	-	rubygems/stub_specification
M	Gem::StubSpecification	i	pub	build_extensions	-	rubygems/stub_specification
M	Gem::StubSpecification	i	pub	gems_dir	-	rubygems/stub_specification
M	Gem::StubSpecification	i	pub	valid?	-	rubygems/stub_specification
M	Gem::StubSpecification	i	priv	initialize	-	rubygems/stub_specification
M	Gem::StubSpecification	i	priv	loaded_spec	-	rubygems/stub_specification
M	Gem::StubSpecification	i	priv	data	-	rubygems/stub_specification
M	Gem::SpecificGemNotFoundException	i	pub	errors	-	rubygems/exceptions
M	Gem::SpecificGemNotFoundException	i	pub	name	-	rubygems/exceptions
M	Gem::SpecificGemNotFoundException	i	pub	version	-	rubygems/exceptions
M	Gem::SpecificGemNotFoundException	i	priv	initialize	-	rubygems/exceptions
M	Gem::RuntimeRequirementNotMetError	i	pub	message	-	rubygems/exceptions
M	Gem::RuntimeRequirementNotMetError	i	pub	suggestion	-	rubygems/exceptions
M	Gem::RuntimeRequirementNotMetError	i	pub	suggestion=	-	rubygems/exceptions
M	Gem::RequestSet	i	pub	tsort_each_child	-	rubygems/request_set
M	Gem::RequestSet	i	pub	errors	-	rubygems/request_set
M	Gem::RequestSet	i	pub	remote	-	rubygems/request_set
M	Gem::RequestSet	i	pub	remote=	-	rubygems/request_set
M	Gem::RequestSet	i	pub	always_install	-	rubygems/request_set
M	Gem::RequestSet	i	pub	tsort_each_node	-	rubygems/request_set
M	Gem::RequestSet	i	pub	development_shallow	-	rubygems/request_set
M	Gem::RequestSet	i	pub	soft_missing	-	rubygems/request_set
M	Gem::RequestSet	i	pub	sets	-	rubygems/request_set
M	Gem::RequestSet	i	pub	import	-	rubygems/request_set
M	Gem::RequestSet	i	pub	dependencies	-	rubygems/request_set
M	Gem::RequestSet	i	pub	install_into	-	rubygems/request_set
M	Gem::RequestSet	i	pub	sorted_requests	-	rubygems/request_set
M	Gem::RequestSet	i	pub	resolve_current	-	rubygems/request_set
M	Gem::RequestSet	i	pub	source_set	-	rubygems/request_set
M	Gem::RequestSet	i	pub	install_hooks	-	rubygems/request_set
M	Gem::RequestSet	i	pub	gem	-	rubygems/request_set
M	Gem::RequestSet	i	pub	load_gemdeps	-	rubygems/request_set
M	Gem::RequestSet	i	pub	ignore_dependencies	-	rubygems/request_set
M	Gem::RequestSet	i	pub	install_from_gemdeps	-	rubygems/request_set
M	Gem::RequestSet	i	pub	specs_in	-	rubygems/request_set
M	Gem::RequestSet	i	pub	specs	-	rubygems/request_set
M	Gem::RequestSet	i	pub	development_shallow=	-	rubygems/request_set
M	Gem::RequestSet	i	pub	ignore_dependencies=	-	rubygems/request_set
M	Gem::RequestSet	i	pub	prerelease	-	rubygems/request_set
M	Gem::RequestSet	i	pub	soft_missing=	-	rubygems/request_set
M	Gem::RequestSet	i	pub	install_dir	-	rubygems/request_set
M	Gem::RequestSet	i	pub	resolve	-	rubygems/request_set
M	Gem::RequestSet	i	pub	install	-	rubygems/request_set
M	Gem::RequestSet	i	pub	resolver	-	rubygems/request_set
M	Gem::RequestSet	i	pub	git_set	-	rubygems/request_set
M	Gem::RequestSet	i	pub	development	-	rubygems/request_set
M	Gem::RequestSet	i	pub	prerelease=	-	rubygems/request_set
M	Gem::RequestSet	i	pub	always_install=	-	rubygems/request_set
M	Gem::RequestSet	i	pub	development=	-	rubygems/request_set
M	Gem::RequestSet	i	pub	vendor_set	-	rubygems/request_set
M	Gem::RequestSet	i	pub	pretty_print	-	rubygems/request_set
M	Gem::RequestSet	i	priv	initialize	-	rubygems/request_set
M	Gem::Dependency	i	pub	merge	-	rubygems/dependency
M	Gem::Dependency	i	pub	type	-	rubygems/dependency
M	Gem::Dependency	i	pub	requirement	-	rubygems/dependency
M	Gem::Dependency	i	pub	<=>	-	rubygems/dependency
M	Gem::Dependency	i	pub	==	-	rubygems/dependency
M	Gem::Dependency	i	pub	requirements_list	-	rubygems/dependency
M	Gem::Dependency	i	pub	===	=~	rubygems/dependency
M	Gem::Dependency	i	pub	=~	-	rubygems/dependency
M	Gem::Dependency	i	pub	to_spec	-	rubygems/dependency
M	Gem::Dependency	i	pub	to_s	-	rubygems/dependency
M	Gem::Dependency	i	pub	encode_with	-	rubygems/dependency
M	Gem::Dependency	i	pub	to_specs	-	rubygems/dependency
M	Gem::Dependency	i	pub	match?	-	rubygems/dependency
M	Gem::Dependency	i	pub	matches_spec?	-	rubygems/dependency
M	Gem::Dependency	i	pub	matching_specs	-	rubygems/dependency
M	Gem::Dependency	i	pub	name	-	rubygems/dependency
M	Gem::Dependency	i	pub	name=	-	rubygems/dependency
M	Gem::Dependency	i	pub	prerelease?	-	rubygems/dependency
M	Gem::Dependency	i	pub	identity	-	rubygems/dependency
M	Gem::Dependency	i	pub	hash	-	rubygems/dependency
M	Gem::Dependency	i	pub	prerelease=	-	rubygems/dependency
M	Gem::Dependency	i	pub	inspect	-	rubygems/dependency
M	Gem::Dependency	i	pub	latest_version?	-	rubygems/dependency
M	Gem::Dependency	i	pub	pretty_print	-	rubygems/dependency
M	Gem::Dependency	i	pub	runtime?	-	rubygems/dependency
M	Gem::Dependency	i	pub	specific?	-	rubygems/dependency
M	Gem::Dependency	i	priv	initialize	-	rubygems/dependency
M	Gem::SpecFetcher	s	pub	fetcher	-	rubygems/spec_fetcher
M	Gem::SpecFetcher	s	pub	fetcher=	-	rubygems/spec_fetcher
M	Gem::SpecFetcher	i	pub	latest_specs	-	rubygems/spec_fetcher
M	Gem::SpecFetcher	i	pub	specs	-	rubygems/spec_fetcher
M	Gem::SpecFetcher	i	pub	sources	-	rubygems/spec_fetcher
M	Gem::SpecFetcher	i	pub	prerelease_specs	-	rubygems/spec_fetcher
M	Gem::SpecFetcher	i	pub	tuples_for	-	rubygems/spec_fetcher
M	Gem::SpecFetcher	i	pub	spec_for_dependency	-	rubygems/spec_fetcher
M	Gem::SpecFetcher	i	pub	search_for_dependency	-	rubygems/spec_fetcher
M	Gem::SpecFetcher	i	pub	available_specs	-	rubygems/spec_fetcher
M	Gem::SpecFetcher	i	pub	detect	-	rubygems/spec_fetcher
M	Gem::SpecFetcher	i	pub	suggest_gems_from_name	-	rubygems/spec_fetcher
M	Gem::SpecFetcher	i	priv	initialize	-	rubygems/spec_fetcher
M	Gem::SystemExitException	i	pub	exit_code	status	-
M	Gem::SystemExitException	i	priv	initialize	-	rubygems/exceptions
M	Gem::WebauthnVerificationError	i	priv	initialize	-	rubygems/exceptions
M	Gem::SpecificationRecord	s	pub	from_path	-	rubygems/specification_record
M	Gem::SpecificationRecord	s	pub	dirs_from	-	rubygems/specification_record
M	Gem::SpecificationRecord	i	pub	each	-	rubygems/specification_record
M	Gem::SpecificationRecord	i	pub	latest_specs	-	rubygems/specification_record
M	Gem::SpecificationRecord	i	pub	add_spec	-	rubygems/specification_record
M	Gem::SpecificationRecord	i	pub	remove_spec	-	rubygems/specification_record
M	Gem::SpecificationRecord	i	pub	all=	-	rubygems/specification_record
M	Gem::SpecificationRecord	i	pub	all_names	-	rubygems/specification_record
M	Gem::SpecificationRecord	i	pub	find_by_path	-	rubygems/specification_record
M	Gem::SpecificationRecord	i	pub	find_all_by_name	-	rubygems/specification_record
M	Gem::SpecificationRecord	i	pub	all	-	rubygems/specification_record
M	Gem::SpecificationRecord	i	pub	find_inactive_by_path	-	rubygems/specification_record
M	Gem::SpecificationRecord	i	pub	find_active_stub_by_path	-	rubygems/specification_record
M	Gem::SpecificationRecord	i	pub	stubs	-	rubygems/specification_record
M	Gem::SpecificationRecord	i	pub	latest_spec_for	-	rubygems/specification_record
M	Gem::SpecificationRecord	i	pub	stubs_for	-	rubygems/specification_record
M	Gem::SpecificationRecord	i	pub	stubs_for_pattern	-	rubygems/specification_record
M	Gem::SpecificationRecord	i	priv	initialize	-	rubygems/specification_record
M	Gem::SpecificationRecord	i	priv	map_stubs	-	rubygems/specification_record
M	Gem::SpecificationRecord	i	priv	installed_stubs	-	rubygems/specification_record
M	Gem::Requirement	s	pub	default_prerelease	-	rubygems/requirement
M	Gem::Requirement	s	pub	create	-	rubygems/requirement
M	Gem::Requirement	s	pub	default	-	rubygems/requirement
M	Gem::Requirement	s	pub	parse	-	rubygems/requirement
M	Gem::Requirement	s	pub	source_set	-	rubygems/requirement
M	Gem::Requirement	i	pub	as_list	-	rubygems/requirement
M	Gem::Requirement	i	pub	concat	-	rubygems/requirement
M	Gem::Requirement	i	pub	==	-	rubygems/requirement
M	Gem::Requirement	i	pub	===	satisfied_by?	rubygems/requirement
M	Gem::Requirement	i	pub	=~	satisfied_by?	rubygems/requirement
M	Gem::Requirement	i	pub	encode_with	-	rubygems/requirement
M	Gem::Requirement	i	pub	to_s	-	rubygems/requirement
M	Gem::Requirement	i	pub	requirements	-	rubygems/requirement
M	Gem::Requirement	i	pub	exact?	-	rubygems/requirement
M	Gem::Requirement	i	pub	for_lockfile	-	rubygems/requirement
M	Gem::Requirement	i	pub	yaml_initialize	-	rubygems/requirement
M	Gem::Requirement	i	pub	init_with	-	rubygems/requirement
M	Gem::Requirement	i	pub	prerelease?	-	rubygems/requirement
M	Gem::Requirement	i	pub	hash	-	rubygems/requirement
M	Gem::Requirement	i	pub	none?	-	rubygems/requirement
M	Gem::Requirement	i	pub	pretty_print	-	rubygems/requirement
M	Gem::Requirement	i	pub	marshal_dump	-	rubygems/requirement
M	Gem::Requirement	i	pub	marshal_load	-	rubygems/requirement
M	Gem::Requirement	i	pub	satisfied_by?	-	rubygems/requirement
M	Gem::Requirement	i	pub	specific?	-	rubygems/requirement
M	Gem::Requirement	i	priv	initialize	-	rubygems/requirement
M	Gem::Requirement	i	priv	initialize_copy	-	rubygems/requirement
M	Gem::Requirement	i	prot	_sorted_requirements	-	rubygems/requirement
M	Gem::Requirement	i	prot	_tilde_requirements	-	rubygems/requirement
M	Gem::UnsatisfiableDependencyError	i	pub	name	-	rubygems/exceptions
M	Gem::UnsatisfiableDependencyError	i	pub	errors	-	rubygems/exceptions
M	Gem::UnsatisfiableDependencyError	i	pub	dependency	-	rubygems/exceptions
M	Gem::UnsatisfiableDependencyError	i	pub	errors=	-	rubygems/exceptions
M	Gem::UnsatisfiableDependencyError	i	pub	version	-	rubygems/exceptions
M	Gem::UnsatisfiableDependencyError	i	priv	initialize	-	rubygems/exceptions
M	Gem::Version	s	pub	create	-	rubygems/version
M	Gem::Version	s	pub	correct?	-	rubygems/version
M	Gem::Version	s	pub	new	-	rubygems/version
M	Gem::Version	s	priv	nil_versions_are_discouraged!	-	rubygems/version
M	Gem::Version	i	pub	yaml_initialize	-	rubygems/version
M	Gem::Version	i	pub	init_with	-	rubygems/version
M	Gem::Version	i	pub	prerelease?	-	rubygems/version
M	Gem::Version	i	pub	release	-	rubygems/version
M	Gem::Version	i	pub	canonical_segments	-	rubygems/version
M	Gem::Version	i	pub	segments	-	rubygems/version
M	Gem::Version	i	pub	approximate_recommendation	-	rubygems/version
M	Gem::Version	i	pub	hash	-	rubygems/version
M	Gem::Version	i	pub	freeze	-	rubygems/version
M	Gem::Version	i	pub	inspect	-	rubygems/version
M	Gem::Version	i	pub	<=>	-	rubygems/version
M	Gem::Version	i	pub	to_s	version	rubygems/version
M	Gem::Version	i	pub	encode_with	-	rubygems/version
M	Gem::Version	i	pub	version	-	rubygems/version
M	Gem::Version	i	pub	bump	-	rubygems/version
M	Gem::Version	i	pub	marshal_dump	-	rubygems/version
M	Gem::Version	i	pub	marshal_load	-	rubygems/version
M	Gem::Version	i	pub	eql?	-	rubygems/version
M	Gem::Version	i	pub	pretty_print	-	rubygems/version
M	Gem::Version	i	priv	initialize	-	rubygems/version
M	Gem::Version	i	prot	_segments	-	rubygems/version
M	Gem::Version	i	prot	partition_segments	-	rubygems/version
M	Gem::Specification	s	pub	load	-	rubygems/specification
M	Gem::Specification	s	pub	stubs	-	rubygems/specification
M	Gem::Specification	s	pub	latest_specs	-	rubygems/specification
M	Gem::Specification	s	pub	load_defaults	-	rubygems/specification
M	Gem::Specification	s	pub	specification_record	-	rubygems/specification
M	Gem::Specification	s	pub	all	-	rubygems/specification
M	Gem::Specification	s	pub	_all	-	rubygems/specification
M	Gem::Specification	s	pub	each_gemspec	-	rubygems/specification
M	Gem::Specification	s	pub	gemspec_stubs_in	-	rubygems/specification
M	Gem::Specification	s	pub	each_spec	-	rubygems/specification
M	Gem::Specification	s	pub	default_stubs	-	rubygems/specification
M	Gem::Specification	s	pub	stubs_for	-	rubygems/specification
M	Gem::Specification	s	pub	stubs_for_pattern	-	rubygems/specification
M	Gem::Specification	s	pub	each	-	rubygems/specification
M	Gem::Specification	s	pub	_resort!	-	rubygems/specification
M	Gem::Specification	s	pub	add_spec	-	rubygems/specification
M	Gem::Specification	s	pub	remove_spec	-	rubygems/specification
M	Gem::Specification	s	pub	all=	-	rubygems/specification
M	Gem::Specification	s	pub	all_names	-	rubygems/specification
M	Gem::Specification	s	pub	array_attributes	-	rubygems/specification
M	Gem::Specification	s	pub	attribute_names	-	rubygems/specification
M	Gem::Specification	s	pub	find_by_name	-	rubygems/specification
M	Gem::Specification	s	pub	find_by_path	-	rubygems/specification
M	Gem::Specification	s	pub	find_all_by_name	-	rubygems/specification
M	Gem::Specification	s	pub	find_all_by_full_name	-	rubygems/specification
M	Gem::Specification	s	pub	_load	-	rubygems/specification
M	Gem::Specification	s	pub	find_by_full_name	-	rubygems/specification
M	Gem::Specification	s	pub	find_inactive_by_path	-	rubygems/specification
M	Gem::Specification	s	pub	find_active_stub_by_path	-	rubygems/specification
M	Gem::Specification	s	pub	unresolved_deps	-	rubygems/specification
M	Gem::Specification	s	pub	find_in_unresolved	-	rubygems/specification
M	Gem::Specification	s	pub	latest_spec_for	-	rubygems/specification
M	Gem::Specification	s	pub	find_in_unresolved_tree	-	rubygems/specification
M	Gem::Specification	s	pub	normalize_yaml_input	-	rubygems/specification
M	Gem::Specification	s	pub	from_yaml	-	rubygems/specification
M	Gem::Specification	s	pub	_latest_specs	-	rubygems/specification
M	Gem::Specification	s	pub	non_nil_attributes	-	rubygems/specification
M	Gem::Specification	s	pub	outdated_and_latest_version	-	rubygems/specification
M	Gem::Specification	s	pub	outdated	-	rubygems/specification
M	Gem::Specification	s	pub	reset	-	rubygems/specification
M	Gem::Specification	s	pub	required_attribute?	-	rubygems/specification
M	Gem::Specification	s	pub	required_attributes	-	rubygems/specification
M	Gem::Specification	s	pub	dirs	-	rubygems/specification
M	Gem::Specification	s	pub	dirs=	-	rubygems/specification
M	Gem::Specification	s	priv	gem_path	-	rubygems/specification
M	Gem::Specification	s	priv	clear_load_cache	-	rubygems/specification
M	Gem::Specification	s	priv	unresolved_specs	-	rubygems/specification
M	Gem::Specification	i	pub	date	-	rubygems/specification
M	Gem::Specification	i	pub	date=	-	rubygems/specification
M	Gem::Specification	i	pub	sort_obj	-	rubygems/specification
M	Gem::Specification	i	pub	raise_if_conflicts	-	rubygems/specification
M	Gem::Specification	i	pub	activate_dependencies	-	rubygems/specification
M	Gem::Specification	i	pub	add_self_to_load_path	-	rubygems/specification
M	Gem::Specification	i	pub	runtime_dependencies	-	rubygems/specification
M	Gem::Specification	i	pub	files	-	rubygems/specification
M	Gem::Specification	i	pub	spec_file	-	rubygems/specification
M	Gem::Specification	i	pub	files=	-	rubygems/specification
M	Gem::Specification	i	pub	test_files	-	rubygems/specification
M	Gem::Specification	i	pub	rdoc_options=	-	rubygems/specification
M	Gem::Specification	i	pub	extra_rdoc_files=	-	rubygems/specification
M	Gem::Specification	i	pub	cert_chain	-	rubygems/specification
M	Gem::Specification	i	pub	cert_chain=	-	rubygems/specification
M	Gem::Specification	i	pub	abbreviate	-	rubygems/specification
M	Gem::Specification	i	pub	summary	-	rubygems/specification
M	Gem::Specification	i	pub	sanitize_string	-	rubygems/specification
M	Gem::Specification	i	pub	summary=	-	rubygems/specification
M	Gem::Specification	i	pub	description	-	rubygems/specification
M	Gem::Specification	i	pub	description=	-	rubygems/specification
M	Gem::Specification	i	pub	post_install_message	-	rubygems/specification
M	Gem::Specification	i	pub	post_install_message=	-	rubygems/specification
M	Gem::Specification	i	pub	sanitize	-	rubygems/specification
M	Gem::Specification	i	pub	author	-	rubygems/specification
M	Gem::Specification	i	pub	bin_dir	-	rubygems/specification
M	Gem::Specification	i	pub	build_info_file	-	rubygems/specification
M	Gem::Specification	i	pub	build_args	-	rubygems/specification
M	Gem::Specification	i	pub	build_extensions	-	rubygems/specification
M	Gem::Specification	i	pub	build_info_dir	-	rubygems/specification
M	Gem::Specification	i	pub	cache_dir	-	rubygems/specification
M	Gem::Specification	i	pub	cache_file	-	rubygems/specification
M	Gem::Specification	i	pub	satisfies_requirement?	-	rubygems/specification
M	Gem::Specification	i	pub	default_executable	-	rubygems/deprecate
M	Gem::Specification	i	pub	default_value	-	rubygems/specification
M	Gem::Specification	i	pub	dependent_gems	-	rubygems/specification
M	Gem::Specification	i	pub	dependent_specs	-	rubygems/specification
M	Gem::Specification	i	pub	development_dependencies	-	rubygems/specification
M	Gem::Specification	i	pub	doc_dir	-	rubygems/specification
M	Gem::Specification	i	pub	original_platform	-	rubygems/specification
M	Gem::Specification	i	pub	encode_with	-	rubygems/specification
M	Gem::Specification	i	pub	executable	-	rubygems/specification
M	Gem::Specification	i	pub	executables=	-	rubygems/specification
M	Gem::Specification	i	pub	executable=	-	rubygems/specification
M	Gem::Specification	i	pub	extensions=	-	rubygems/specification
M	Gem::Specification	i	pub	file_name	-	rubygems/specification
M	Gem::Specification	i	pub	for_cache	-	rubygems/specification
M	Gem::Specification	i	pub	has_rdoc	-	rubygems/deprecate
M	Gem::Specification	i	pub	has_rdoc=	-	rubygems/deprecate
M	Gem::Specification	i	pub	rubygems_version	-	rubygems/specification
M	Gem::Specification	i	pub	has_unit_tests?	-	rubygems/specification
M	Gem::Specification	i	pub	init_with	-	rubygems/specification
M	Gem::Specification	i	pub	yaml_initialize	-	rubygems/specification
M	Gem::Specification	i	pub	name=	-	rubygems/specification
M	Gem::Specification	i	pub	version=	-	rubygems/specification
M	Gem::Specification	i	pub	required_ruby_version	-	rubygems/specification
M	Gem::Specification	i	pub	required_rubygems_version	-	rubygems/specification
M	Gem::Specification	i	pub	lib_files	-	rubygems/specification
M	Gem::Specification	i	pub	license	-	rubygems/specification
M	Gem::Specification	i	pub	internal_init	-	rubygems/specification
M	Gem::Specification	i	pub	missing_extensions?	-	rubygems/specification
M	Gem::Specification	i	pub	name_tuple	-	rubygems/specification
M	Gem::Specification	i	pub	pretty_print	-	rubygems/specification
M	Gem::Specification	i	pub	require_path	-	rubygems/specification
M	Gem::Specification	i	pub	require_path=	-	rubygems/specification
M	Gem::Specification	i	pub	requirements=	-	rubygems/specification
M	Gem::Specification	i	pub	ri_dir	-	rubygems/specification
M	Gem::Specification	i	pub	spec_dir	-	rubygems/specification
M	Gem::Specification	i	pub	spec_name	-	rubygems/specification
M	Gem::Specification	i	pub	test_file	-	rubygems/specification
M	Gem::Specification	i	pub	test_file=	-	rubygems/specification
M	Gem::Specification	i	pub	<=>	-	rubygems/specification
M	Gem::Specification	i	pub	raw_require_paths	-	rubygems/specification
M	Gem::Specification	i	pub	metadata	-	rubygems/specification
M	Gem::Specification	i	pub	signing_key	-	rubygems/specification
M	Gem::Specification	i	pub	==	-	rubygems/specification
M	Gem::Specification	i	pub	to_ruby_for_cache	-	rubygems/specification
M	Gem::Specification	i	pub	to_yaml	-	rubygems/specification
M	Gem::Specification	i	pub	eql?	-	rubygems/specification
M	Gem::Specification	i	pub	validate	-	rubygems/specification
M	Gem::Specification	i	pub	keep_only_files_and_directories	-	rubygems/specification
M	Gem::Specification	i	pub	validate_for_resolution	-	rubygems/specification
M	Gem::Specification	i	pub	validate_metadata	-	rubygems/deprecate
M	Gem::Specification	i	pub	validate_dependencies	-	rubygems/deprecate
M	Gem::Specification	i	pub	validate_permissions	-	rubygems/deprecate
M	Gem::Specification	i	pub	stubbed?	-	rubygems/specification
M	Gem::Specification	i	pub	autorequire	-	rubygems/specification
M	Gem::Specification	i	pub	email	-	rubygems/specification
M	Gem::Specification	i	pub	homepage	-	rubygems/specification
M	Gem::Specification	i	pub	hash	-	rubygems/specification
M	Gem::Specification	i	pub	inspect	-	rubygems/specification
M	Gem::Specification	i	pub	activated	-	rubygems/specification
M	Gem::Specification	i	pub	default_executable=	-	rubygems/deprecate
M	Gem::Specification	i	pub	add_runtime_dependency	add_dependency	rubygems/specification
M	Gem::Specification	i	pub	has_rdoc?	-	rubygems/deprecate
M	Gem::Specification	i	pub	has_test_suite?	has_unit_tests?	rubygems/specification
M	Gem::Specification	i	pub	method_missing	-	rubygems/specification
M	Gem::Specification	i	pub	base_dir	-	rubygems/specification
M	Gem::Specification	i	pub	to_s	-	rubygems/specification
M	Gem::Specification	i	pub	gem_dir	-	rubygems/specification
M	Gem::Specification	i	pub	name	-	rubygems/specification
M	Gem::Specification	i	pub	conflicts	-	rubygems/specification
M	Gem::Specification	i	pub	to_ruby	-	rubygems/specification
M	Gem::Specification	i	pub	dependencies	-	rubygems/specification
M	Gem::Specification	i	pub	full_name	-	rubygems/specification
M	Gem::Specification	i	pub	platform	-	rubygems/specification
M	Gem::Specification	i	pub	email=	-	rubygems/specification
M	Gem::Specification	i	pub	homepage=	-	rubygems/specification
M	Gem::Specification	i	pub	metadata=	-	rubygems/specification
M	Gem::Specification	i	pub	bindir=	-	rubygems/specification
M	Gem::Specification	i	pub	signing_key=	-	rubygems/specification
M	Gem::Specification	i	pub	rubygems_version=	-	rubygems/specification
M	Gem::Specification	i	pub	activated=	-	rubygems/specification
M	Gem::Specification	i	pub	autorequire=	-	rubygems/specification
M	Gem::Specification	i	pub	_deprecated_default_executable=	default_executable=	rubygems/specification
M	Gem::Specification	i	pub	original_platform=	-	rubygems/specification
M	Gem::Specification	i	pub	_deprecated_default_executable	default_executable	rubygems/specification
M	Gem::Specification	i	pub	_deprecated_has_rdoc	has_rdoc	rubygems/specification
M	Gem::Specification	i	pub	_deprecated_has_rdoc=	has_rdoc=	rubygems/specification
M	Gem::Specification	i	pub	_deprecated_has_rdoc?	has_rdoc	rubygems/deprecate
M	Gem::Specification	i	pub	_deprecated_validate_metadata	validate_metadata	rubygems/specification
M	Gem::Specification	i	pub	_deprecated_validate_dependencies	validate_dependencies	rubygems/specification
M	Gem::Specification	i	pub	_dump	-	rubygems/specification
M	Gem::Specification	i	pub	_deprecated_validate_permissions	validate_permissions	rubygems/specification
M	Gem::Specification	i	pub	removed_method_calls	-	rubygems/specification
M	Gem::Specification	i	pub	add_bindir	-	rubygems/specification
M	Gem::Specification	i	pub	authors=	-	rubygems/specification
M	Gem::Specification	i	pub	licenses	-	rubygems/specification
M	Gem::Specification	i	pub	licenses=	-	rubygems/specification
M	Gem::Specification	i	pub	license=	-	rubygems/specification
M	Gem::Specification	i	pub	authors	-	rubygems/specification
M	Gem::Specification	i	pub	author=	-	rubygems/specification
M	Gem::Specification	i	pub	platform=	-	rubygems/specification
M	Gem::Specification	i	pub	require_paths=	-	rubygems/specification
M	Gem::Specification	i	pub	add_development_dependency	-	rubygems/specification
M	Gem::Specification	i	pub	add_dependency	-	rubygems/specification
M	Gem::Specification	i	pub	extensions	-	rubygems/specification
M	Gem::Specification	i	pub	extra_rdoc_files	-	rubygems/specification
M	Gem::Specification	i	pub	source	-	rubygems/specification
M	Gem::Specification	i	pub	installed_by_version	-	rubygems/specification
M	Gem::Specification	i	pub	installed_by_version=	-	rubygems/specification
M	Gem::Specification	i	pub	rdoc_options	-	rubygems/specification
M	Gem::Specification	i	pub	original_name	-	rubygems/specification
M	Gem::Specification	i	pub	required_ruby_version=	-	rubygems/specification
M	Gem::Specification	i	pub	required_rubygems_version=	-	rubygems/specification
M	Gem::Specification	i	pub	test_files=	-	rubygems/specification
M	Gem::Specification	i	pub	extensions_dir	-	rubygems/specification
M	Gem::Specification	i	pub	gems_dir	-	rubygems/specification
M	Gem::Specification	i	pub	activated?	activated	rubygems/specification
M	Gem::Specification	i	pub	activate	-	rubygems/specification
M	Gem::Specification	i	pub	to_spec	-	rubygems/specification
M	Gem::Specification	i	pub	version	-	rubygems/specification
M	Gem::Specification	i	pub	has_conflicts?	-	rubygems/specification
M	Gem::Specification	i	pub	requirements	-	rubygems/specification
M	Gem::Specification	i	pub	conficts_when_loaded_with?	-	rubygems/specification
M	Gem::Specification	i	pub	traverse	-	rubygems/specification
M	Gem::Specification	i	pub	bin_file	-	rubygems/specification
M	Gem::Specification	i	pub	specification_version	-	rubygems/specification
M	Gem::Specification	i	pub	specification_version=	-	rubygems/specification
M	Gem::Specification	i	pub	reset_nil_attributes_to_default	-	rubygems/specification
M	Gem::Specification	i	pub	executables	-	rubygems/specification
M	Gem::Specification	i	pub	flatten_require_paths	-	rubygems/specification
M	Gem::Specification	i	pub	bindir	-	rubygems/specification
M	Gem::Specification	i	pub	normalize	-	rubygems/specification
M	Gem::Specification	i	priv	check_version_conflict	-	rubygems/specification
M	Gem::Specification	i	priv	find_all_satisfiers	-	rubygems/specification
M	Gem::Specification	i	priv	same_attributes?	-	rubygems/specification
M	Gem::Specification	i	priv	set_nil_attributes_to_nil	-	rubygems/specification
M	Gem::Specification	i	priv	set_not_nil_attributes_to_default_values	-	rubygems/specification
M	Gem::Specification	i	priv	ruby_code	-	rubygems/specification
M	Gem::Specification	i	priv	respond_to_missing?	-	rubygems/specification
M	Gem::Specification	i	priv	initialize	-	rubygems/specification
M	Gem::Specification	i	priv	initialize_copy	-	rubygems/specification
M	Gem::Specification	i	priv	invalidate_memoized_attributes	-	rubygems/specification
M	Gem::Specification	i	priv	add_dependency_with_type	-	rubygems/specification
M	Gem::SourceList	s	pub	from	-	rubygems/source_list
M	Gem::SourceList	i	pub	each	-	rubygems/source_list
M	Gem::SourceList	i	pub	sources	-	rubygems/source_list
M	Gem::SourceList	i	pub	replace	-	rubygems/source_list
M	Gem::SourceList	i	pub	<<	-	rubygems/source_list
M	Gem::SourceList	i	pub	clear	-	rubygems/source_list
M	Gem::SourceList	i	pub	to_ary	to_a	rubygems/source_list
M	Gem::SourceList	i	pub	==	-	rubygems/source_list
M	Gem::SourceList	i	pub	first	-	rubygems/source_list
M	Gem::SourceList	i	pub	delete	-	rubygems/source_list
M	Gem::SourceList	i	pub	to_a	-	rubygems/source_list
M	Gem::SourceList	i	pub	each_source	-	rubygems/source_list
M	Gem::SourceList	i	pub	include?	-	rubygems/source_list
M	Gem::SourceList	i	pub	empty?	-	rubygems/source_list
M	Gem::SourceList	i	priv	initialize	-	rubygems/source_list
M	Gem::SourceList	i	priv	initialize_copy	-	rubygems/source_list
M	Gem::BasicSpecification	s	pub	_deprecated_default_specifications_dir	default_specifications_dir	rubygems/basic_specification
M	Gem::BasicSpecification	s	pub	default_specifications_dir	-	rubygems/deprecate
M	Gem::BasicSpecification	i	pub	default_gem_priority	-	rubygems/basic_specification
M	Gem::BasicSpecification	i	pub	base_dir_priority	-	rubygems/basic_specification
M	Gem::BasicSpecification	i	pub	full_gem_path	-	rubygems/basic_specification
M	Gem::BasicSpecification	i	pub	full_name_with_location	-	rubygems/basic_specification
M	Gem::BasicSpecification	i	pub	activated?	-	rubygems/basic_specification
M	Gem::BasicSpecification	i	pub	datadir	-	rubygems/basic_specification
M	Gem::BasicSpecification	i	pub	raw_require_paths	-	rubygems/basic_specification
M	Gem::BasicSpecification	i	pub	to_fullpath	-	rubygems/basic_specification
M	Gem::BasicSpecification	i	pub	to_spec	-	rubygems/basic_specification
M	Gem::BasicSpecification	i	pub	source_paths	-	rubygems/basic_specification
M	Gem::BasicSpecification	i	pub	lib_dirs_glob	-	rubygems/basic_specification
M	Gem::BasicSpecification	i	pub	base_dir=	-	rubygems/basic_specification
M	Gem::BasicSpecification	i	pub	extension_dir=	-	rubygems/basic_specification
M	Gem::BasicSpecification	i	pub	ignored=	-	rubygems/basic_specification
M	Gem::BasicSpecification	i	pub	full_gem_path=	-	rubygems/basic_specification
M	Gem::BasicSpecification	i	pub	base_dir	-	rubygems/basic_specification
M	Gem::BasicSpecification	i	pub	contains_requirable_file?	-	rubygems/basic_specification
M	Gem::BasicSpecification	i	pub	full_name	-	rubygems/basic_specification
M	Gem::BasicSpecification	i	pub	gem_dir	-	rubygems/basic_specification
M	Gem::BasicSpecification	i	pub	platform	-	rubygems/basic_specification
M	Gem::BasicSpecification	i	pub	matches_for_glob	-	rubygems/basic_specification
M	Gem::BasicSpecification	i	pub	version	-	rubygems/basic_specification
M	Gem::BasicSpecification	i	pub	require_paths	-	rubygems/basic_specification
M	Gem::BasicSpecification	i	pub	name	-	rubygems/basic_specification
M	Gem::BasicSpecification	i	pub	stubbed?	-	rubygems/basic_specification
M	Gem::BasicSpecification	i	pub	default_gem?	-	rubygems/basic_specification
M	Gem::BasicSpecification	i	pub	loaded_from	-	rubygems/basic_specification
M	Gem::BasicSpecification	i	pub	loaded_from=	-	rubygems/basic_specification
M	Gem::BasicSpecification	i	pub	full_require_paths	-	rubygems/basic_specification
M	Gem::BasicSpecification	i	pub	this	-	rubygems/basic_specification
M	Gem::BasicSpecification	i	pub	extensions_dir	-	rubygems/basic_specification
M	Gem::BasicSpecification	i	pub	gem_build_complete_path	-	rubygems/basic_specification
M	Gem::BasicSpecification	i	pub	internal_init	-	rubygems/basic_specification
M	Gem::BasicSpecification	i	pub	gems_dir	-	rubygems/basic_specification
M	Gem::BasicSpecification	i	pub	extension_dir	-	rubygems/basic_specification
M	Gem::BasicSpecification	i	pub	ignored?	-	rubygems/basic_specification
M	Gem::BasicSpecification	i	pub	plugins	-	rubygems/basic_specification
M	Gem::BasicSpecification	i	priv	find_full_gem_path	-	rubygems/basic_specification
M	Gem::BasicSpecification	i	priv	initialize	-	rubygems/basic_specification
M	Gem::BasicSpecification	i	priv	have_extensions?	-	rubygems/basic_specification
M	Gem::BasicSpecification	i	priv	have_file?	-	rubygems/basic_specification
M	Gem::ConfigFile	s	pub	deep_transform_config_keys!	-	rubygems/config_file
M	Gem::ConfigFile	s	pub	load_with_rubygems_config_hash	-	rubygems/config_file
M	Gem::ConfigFile	s	pub	dump_with_rubygems_yaml	-	rubygems/config_file
M	Gem::ConfigFile	i	pub	disable_default_gem_server	-	rubygems/config_file
M	Gem::ConfigFile	i	pub	backtrace	-	rubygems/config_file
M	Gem::ConfigFile	i	pub	==	-	rubygems/config_file
M	Gem::ConfigFile	i	pub	[]	-	rubygems/config_file
M	Gem::ConfigFile	i	pub	[]=	-	rubygems/config_file
M	Gem::ConfigFile	i	pub	to_yaml	-	rubygems/config_file
M	Gem::ConfigFile	i	pub	path=	-	rubygems/config_file
M	Gem::ConfigFile	i	pub	ipv4_fallback_enabled	-	rubygems/config_file
M	Gem::ConfigFile	i	pub	args	-	rubygems/config_file
M	Gem::ConfigFile	i	pub	load_file	-	rubygems/config_file
M	Gem::ConfigFile	i	pub	write	-	rubygems/config_file
M	Gem::ConfigFile	i	pub	home	-	rubygems/config_file
M	Gem::ConfigFile	i	pub	each	-	rubygems/config_file
M	Gem::ConfigFile	i	pub	cert_expiration_length_days	-	rubygems/config_file
M	Gem::ConfigFile	i	pub	home=	-	rubygems/config_file
M	Gem::ConfigFile	i	pub	backtrace=	-	rubygems/config_file
M	Gem::ConfigFile	i	pub	bulk_threshold=	-	rubygems/config_file
M	Gem::ConfigFile	i	pub	verbose=	-	rubygems/config_file
M	Gem::ConfigFile	i	pub	concurrent_downloads	-	rubygems/config_file
M	Gem::ConfigFile	i	pub	ssl_verify_mode	-	rubygems/config_file
M	Gem::ConfigFile	i	pub	disable_default_gem_server=	-	rubygems/config_file
M	Gem::ConfigFile	i	pub	concurrent_downloads=	-	rubygems/config_file
M	Gem::ConfigFile	i	pub	ssl_ca_cert	-	rubygems/config_file
M	Gem::ConfigFile	i	pub	cert_expiration_length_days=	-	rubygems/config_file
M	Gem::ConfigFile	i	pub	ssl_ca_cert=	-	rubygems/config_file
M	Gem::ConfigFile	i	pub	ipv4_fallback_enabled=	-	rubygems/config_file
M	Gem::ConfigFile	i	pub	install_extension_in_lib=	-	rubygems/config_file
M	Gem::ConfigFile	i	pub	config_file_name	-	rubygems/config_file
M	Gem::ConfigFile	i	pub	sources	-	rubygems/config_file
M	Gem::ConfigFile	i	pub	ssl_client_cert	-	rubygems/config_file
M	Gem::ConfigFile	i	pub	path	-	rubygems/config_file
M	Gem::ConfigFile	i	pub	sources=	-	rubygems/config_file
M	Gem::ConfigFile	i	pub	update_sources=	-	rubygems/config_file
M	Gem::ConfigFile	i	pub	handle_arguments	-	rubygems/config_file
M	Gem::ConfigFile	i	pub	load_api_keys	-	rubygems/config_file
M	Gem::ConfigFile	i	pub	api_keys	-	rubygems/config_file
M	Gem::ConfigFile	i	pub	credentials_path	-	rubygems/config_file
M	Gem::ConfigFile	i	pub	really_verbose	-	rubygems/config_file
M	Gem::ConfigFile	i	pub	check_credentials_permissions	-	rubygems/config_file
M	Gem::ConfigFile	i	pub	rubygems_api_key	-	rubygems/config_file
M	Gem::ConfigFile	i	pub	set_api_key	-	rubygems/config_file
M	Gem::ConfigFile	i	pub	install_extension_in_lib	-	rubygems/config_file
M	Gem::ConfigFile	i	pub	rubygems_api_key=	-	rubygems/config_file
M	Gem::ConfigFile	i	pub	verbose	-	rubygems/config_file
M	Gem::ConfigFile	i	pub	unset_api_key!	-	rubygems/config_file
M	Gem::ConfigFile	i	pub	state_file_name	-	rubygems/config_file
M	Gem::ConfigFile	i	pub	state_file_writable?	-	rubygems/config_file
M	Gem::ConfigFile	i	pub	last_update_check	-	rubygems/config_file
M	Gem::ConfigFile	i	pub	last_update_check=	-	rubygems/config_file
M	Gem::ConfigFile	i	pub	bulk_threshold	-	rubygems/config_file
M	Gem::ConfigFile	i	pub	update_sources	-	rubygems/config_file
M	Gem::ConfigFile	i	priv	initialize	-	rubygems/config_file
M	Gem::ConfigFile	i	priv	set_config_file_name	-	rubygems/config_file
M	Gem::ConfigFile	i	prot	hash	-	rubygems/config_file
M	Gem::PathSupport	i	pub	spec_cache_dir	-	rubygems/path_support
M	Gem::PathSupport	i	pub	path	-	rubygems/path_support
M	Gem::PathSupport	i	pub	home	-	rubygems/path_support
M	Gem::PathSupport	i	priv	expand	-	rubygems/path_support
M	Gem::PathSupport	i	priv	initialize	-	rubygems/path_support
M	Gem::PathSupport	i	priv	default_path	-	rubygems/path_support
M	Gem::PathSupport	i	priv	normalize_home_dir	-	rubygems/path_support
M	Gem::PathSupport	i	priv	split_gem_path	-	rubygems/path_support
M	Gem::Deprecate	s	pub	rubygems_deprecate_command	-	rubygems/deprecate
M	Gem::Deprecate	s	pub	next_rubygems_major_version	-	rubygems/deprecate
M	Gem::Deprecate	s	pub	skip	-	rubygems/deprecate
M	Gem::Deprecate	s	pub	skip=	-	rubygems/deprecate
M	Gem::Deprecate	s	pub	rubygems_deprecate	-	rubygems/deprecate
M	Gem::Deprecate	s	pub	skip_during	-	rubygems/deprecate
M	Gem::Deprecate	i	pub	deprecate	-	rubygems/deprecate
M	Gem::Deprecate	i	priv	rubygems_deprecate_command	-	rubygems/deprecate
M	Gem::Deprecate	i	priv	rubygems_deprecate	-	rubygems/deprecate
M	Gem::Deprecate	i	priv	skip_during	-	rubygems/deprecate
M	DidYouMean::ClassNameChecker	i	pub	corrections	-	did_you_mean/spell_checkers/name_error_checkers/class_name_checker
M	DidYouMean::ClassNameChecker	i	pub	scopes	-	did_you_mean/spell_checkers/name_error_checkers/class_name_checker
M	DidYouMean::ClassNameChecker	i	pub	class_names	-	did_you_mean/spell_checkers/name_error_checkers/class_name_checker
M	DidYouMean::ClassNameChecker	i	pub	class_name	-	did_you_mean/spell_checkers/name_error_checkers/class_name_checker
M	DidYouMean::ClassNameChecker	i	priv	initialize	-	did_you_mean/spell_checkers/name_error_checkers/class_name_checker
M	DidYouMean::VariableNameChecker	i	pub	corrections	-	did_you_mean/spell_checkers/name_error_checkers/variable_name_checker
M	DidYouMean::VariableNameChecker	i	pub	name	-	did_you_mean/spell_checkers/name_error_checkers/variable_name_checker
M	DidYouMean::VariableNameChecker	i	pub	lvar_names	-	did_you_mean/spell_checkers/name_error_checkers/variable_name_checker
M	DidYouMean::VariableNameChecker	i	pub	method_names	-	did_you_mean/spell_checkers/name_error_checkers/variable_name_checker
M	DidYouMean::VariableNameChecker	i	pub	ivar_names	-	did_you_mean/spell_checkers/name_error_checkers/variable_name_checker
M	DidYouMean::VariableNameChecker	i	pub	cvar_names	-	did_you_mean/spell_checkers/name_error_checkers/variable_name_checker
M	DidYouMean::VariableNameChecker	i	priv	initialize	-	did_you_mean/spell_checkers/name_error_checkers/variable_name_checker
M	DidYouMean::Formatter	s	pub	message_for	-	did_you_mean/formatter
M	DidYouMean::Formatter	i	pub	message_for	-	did_you_mean/formatter
M	DidYouMean::SpellChecker	i	pub	correct	-	did_you_mean/spell_checker
M	DidYouMean::SpellChecker	i	priv	normalize	-	did_you_mean/spell_checker
M	DidYouMean::SpellChecker	i	priv	initialize	-	did_you_mean/spell_checker
M	DidYouMean::JaroWinkler	s	pub	distance	-	did_you_mean/jaro_winkler
M	DidYouMean::JaroWinkler	i	priv	distance	-	did_you_mean/jaro_winkler
M	DidYouMean::Levenshtein	s	pub	distance	-	did_you_mean/levenshtein
M	DidYouMean::Levenshtein	s	pub	min3	-	did_you_mean/levenshtein
M	DidYouMean::Levenshtein	i	priv	distance	-	did_you_mean/levenshtein
M	DidYouMean::Levenshtein	i	priv	min3	-	did_you_mean/levenshtein
M	DidYouMean::Correctable	i	pub	original_message	-	did_you_mean/core_ext/name_error
M	DidYouMean::Correctable	i	pub	detailed_message	-	did_you_mean/core_ext/name_error
M	DidYouMean::Correctable	i	pub	corrections	-	did_you_mean/core_ext/name_error
M	DidYouMean::Correctable	i	pub	spell_checker	-	did_you_mean/core_ext/name_error
M	DidYouMean::Jaro	s	pub	distance	-	did_you_mean/jaro_winkler
M	DidYouMean::Jaro	i	priv	distance	-	did_you_mean/jaro_winkler
M	DidYouMean::NullChecker	i	pub	corrections	-	did_you_mean/spell_checkers/null_checker
M	DidYouMean::NullChecker	i	priv	initialize	-	did_you_mean/spell_checkers/null_checker
M	DidYouMean::KeyErrorChecker	i	pub	corrections	-	did_you_mean/spell_checkers/key_error_checker
M	DidYouMean::KeyErrorChecker	i	priv	exact_matches	-	did_you_mean/spell_checkers/key_error_checker
M	DidYouMean::KeyErrorChecker	i	priv	initialize	-	did_you_mean/spell_checkers/key_error_checker
M	DidYouMean::KeyErrorChecker	i	priv	format_object	-	did_you_mean/spell_checkers/key_error_checker
M	DidYouMean::MethodNameChecker	i	pub	method_name	-	did_you_mean/spell_checkers/method_name_checker
M	DidYouMean::MethodNameChecker	i	pub	receiver	-	did_you_mean/spell_checkers/method_name_checker
M	DidYouMean::MethodNameChecker	i	pub	names_to_exclude	-	did_you_mean/spell_checkers/method_name_checker
M	DidYouMean::MethodNameChecker	i	pub	corrections	-	did_you_mean/spell_checkers/method_name_checker
M	DidYouMean::MethodNameChecker	i	pub	method_names	-	did_you_mean/spell_checkers/method_name_checker
M	DidYouMean::MethodNameChecker	i	priv	initialize	-	did_you_mean/spell_checkers/method_name_checker
M	DidYouMean::TreeSpellChecker	i	pub	correct	-	did_you_mean/tree_spell_checker
M	DidYouMean::TreeSpellChecker	i	pub	dictionary	-	did_you_mean/tree_spell_checker
M	DidYouMean::TreeSpellChecker	i	pub	plausible_dimensions	-	did_you_mean/tree_spell_checker
M	DidYouMean::TreeSpellChecker	i	pub	dictionary_without_leaves	-	did_you_mean/tree_spell_checker
M	DidYouMean::TreeSpellChecker	i	pub	tree_depth	-	did_you_mean/tree_spell_checker
M	DidYouMean::TreeSpellChecker	i	pub	dimensions	-	did_you_mean/tree_spell_checker
M	DidYouMean::TreeSpellChecker	i	pub	find_leaves	-	did_you_mean/tree_spell_checker
M	DidYouMean::TreeSpellChecker	i	pub	possible_paths	-	did_you_mean/tree_spell_checker
M	DidYouMean::TreeSpellChecker	i	pub	separator	-	did_you_mean/tree_spell_checker
M	DidYouMean::TreeSpellChecker	i	pub	augment	-	did_you_mean/tree_spell_checker
M	DidYouMean::TreeSpellChecker	i	priv	fall_back_to_normal_spell_check	-	did_you_mean/tree_spell_checker
M	DidYouMean::TreeSpellChecker	i	priv	initialize	-	did_you_mean/tree_spell_checker
M	DidYouMean::TreeSpellChecker	i	priv	find_suggestions	-	did_you_mean/tree_spell_checker
M	DidYouMean::TreeSpellChecker	i	priv	correct_element	-	did_you_mean/tree_spell_checker
M	DidYouMean::TreeSpellChecker	i	priv	find_ideas	-	did_you_mean/tree_spell_checker
M	DidYouMean::TreeSpellChecker	i	priv	ideas_to_paths	-	did_you_mean/tree_spell_checker
M	DidYouMean::TreeSpellChecker	i	priv	normalize	-	did_you_mean/tree_spell_checker
M	DidYouMean::RequirePathChecker	s	pub	requireables	-	did_you_mean/spell_checkers/require_path_checker
M	DidYouMean::RequirePathChecker	i	pub	corrections	-	did_you_mean/spell_checkers/require_path_checker
M	DidYouMean::RequirePathChecker	i	pub	path	-	did_you_mean/spell_checkers/require_path_checker
M	DidYouMean::RequirePathChecker	i	priv	initialize	-	did_you_mean/spell_checkers/require_path_checker
M	DidYouMean::PatternKeyNameChecker	i	pub	corrections	-	did_you_mean/spell_checkers/pattern_key_name_checker
M	DidYouMean::PatternKeyNameChecker	i	priv	exact_matches	-	did_you_mean/spell_checkers/pattern_key_name_checker
M	DidYouMean::PatternKeyNameChecker	i	priv	initialize	-	did_you_mean/spell_checkers/pattern_key_name_checker
M	DidYouMean::PatternKeyNameChecker	i	priv	format_object	-	did_you_mean/spell_checkers/pattern_key_name_checker
M	ErrorHighlight::DefaultFormatter	s	pub	message_for	-	error_highlight/formatter
M	ErrorHighlight::DefaultFormatter	s	pub	max_snippet_width	-	error_highlight/formatter
M	ErrorHighlight::DefaultFormatter	s	pub	terminal_width	-	error_highlight/formatter
M	ErrorHighlight::DefaultFormatter	s	pub	max_snippet_width=	-	error_highlight/formatter
M	ErrorHighlight::CoreExt	i	pub	detailed_message	-	error_highlight/core_ext
M	ErrorHighlight::CoreExt	i	priv	generate_snippet	-	error_highlight/core_ext
M	Encoding::UndefinedConversionError	i	pub	source_encoding	-	-
M	Encoding::UndefinedConversionError	i	pub	source_encoding_name	-	-
M	Encoding::UndefinedConversionError	i	pub	destination_encoding	-	-
M	Encoding::UndefinedConversionError	i	pub	destination_encoding_name	-	-
M	Encoding::UndefinedConversionError	i	pub	error_char	-	-
M	Encoding::InvalidByteSequenceError	i	pub	source_encoding	-	-
M	Encoding::InvalidByteSequenceError	i	pub	source_encoding_name	-	-
M	Encoding::InvalidByteSequenceError	i	pub	incomplete_input?	-	-
M	Encoding::InvalidByteSequenceError	i	pub	destination_encoding	-	-
M	Encoding::InvalidByteSequenceError	i	pub	destination_encoding_name	-	-
M	Encoding::InvalidByteSequenceError	i	pub	error_bytes	-	-
M	Encoding::InvalidByteSequenceError	i	pub	readagain_bytes	-	-
M	Encoding::Converter	s	pub	asciicompat_encoding	-	-
M	Encoding::Converter	s	pub	search_convpath	-	-
M	Encoding::Converter	i	pub	source_encoding	-	-
M	Encoding::Converter	i	pub	primitive_convert	-	-
M	Encoding::Converter	i	pub	finish	-	-
M	Encoding::Converter	i	pub	primitive_errinfo	-	-
M	Encoding::Converter	i	pub	convert	-	-
M	Encoding::Converter	i	pub	insert_output	-	-
M	Encoding::Converter	i	pub	last_error	-	-
M	Encoding::Converter	i	pub	putback	-	-
M	Encoding::Converter	i	pub	replacement=	-	-
M	Encoding::Converter	i	pub	replacement	-	-
M	Encoding::Converter	i	pub	==	-	-
M	Encoding::Converter	i	pub	inspect	-	-
M	Encoding::Converter	i	pub	destination_encoding	-	-
M	Encoding::Converter	i	pub	convpath	-	-
M	Encoding::Converter	i	priv	initialize	-	-
M	File::Stat	i	pub	readable_real?	-	-
M	File::Stat	i	pub	world_readable?	-	-
M	File::Stat	i	pub	writable?	-	-
M	File::Stat	i	pub	writable_real?	-	-
M	File::Stat	i	pub	world_writable?	-	-
M	File::Stat	i	pub	executable?	-	-
M	File::Stat	i	pub	executable_real?	-	-
M	File::Stat	i	pub	<=>	-	-
M	File::Stat	i	pub	file?	-	-
M	File::Stat	i	pub	size?	-	-
M	File::Stat	i	pub	owned?	-	-
M	File::Stat	i	pub	grpowned?	-	-
M	File::Stat	i	pub	symlink?	-	-
M	File::Stat	i	pub	socket?	-	-
M	File::Stat	i	pub	blockdev?	-	-
M	File::Stat	i	pub	chardev?	-	-
M	File::Stat	i	pub	setuid?	-	-
M	File::Stat	i	pub	pipe?	-	-
M	File::Stat	i	pub	setgid?	-	-
M	File::Stat	i	pub	sticky?	-	-
M	File::Stat	i	pub	readable?	-	-
M	File::Stat	i	pub	ftype	-	-
M	File::Stat	i	pub	atime	-	-
M	File::Stat	i	pub	mtime	-	-
M	File::Stat	i	pub	ctime	-	-
M	File::Stat	i	pub	birthtime	-	-
M	File::Stat	i	pub	inspect	-	-
M	File::Stat	i	pub	size	-	-
M	File::Stat	i	pub	dev	-	-
M	File::Stat	i	pub	dev_major	-	-
M	File::Stat	i	pub	dev_minor	-	-
M	File::Stat	i	pub	ino	-	-
M	File::Stat	i	pub	mode	-	-
M	File::Stat	i	pub	nlink	-	-
M	File::Stat	i	pub	uid	-	-
M	File::Stat	i	pub	gid	-	-
M	File::Stat	i	pub	rdev	-	-
M	File::Stat	i	pub	rdev_major	-	-
M	File::Stat	i	pub	rdev_minor	-	-
M	File::Stat	i	pub	blksize	-	-
M	File::Stat	i	pub	blocks	-	-
M	File::Stat	i	pub	directory?	-	-
M	File::Stat	i	pub	zero?	-	-
M	File::Stat	i	priv	initialize	-	-
M	File::Stat	i	priv	initialize_copy	-	-
M	Random::Base	i	pub	rand	-	-
M	Random::Base	i	pub	bytes	-	-
M	Random::Base	i	pub	seed	-	-
M	Random::Base	i	priv	initialize	-	-
M	Random::Formatter	i	pub	random_bytes	-	random/formatter
M	Random::Formatter	i	pub	random_number	-	-
M	Random::Formatter	i	pub	uuid_v7	-	random/formatter
M	Random::Formatter	i	pub	uuid_v4	uuid	random/formatter
M	Random::Formatter	i	pub	alphanumeric	-	random/formatter
M	Random::Formatter	i	pub	rand	-	-
M	Random::Formatter	i	pub	base64	-	random/formatter
M	Random::Formatter	i	pub	urlsafe_base64	-	random/formatter
M	Random::Formatter	i	pub	uuid	-	random/formatter
M	Random::Formatter	i	pub	hex	-	random/formatter
M	Random::Formatter	i	priv	gen_random	-	random/formatter
M	Random::Formatter	i	priv	choose	-	random/formatter
M	MonitorMixin::ConditionVariable	i	pub	wait_while	-	monitor
M	MonitorMixin::ConditionVariable	i	pub	wait	-	monitor
M	MonitorMixin::ConditionVariable	i	pub	wait_until	-	monitor
M	MonitorMixin::ConditionVariable	i	pub	broadcast	-	monitor
M	MonitorMixin::ConditionVariable	i	pub	signal	-	monitor
M	MonitorMixin::ConditionVariable	i	priv	initialize	-	monitor
M	Process::UID	s	pub	rid	-	-
M	Process::UID	s	pub	eid	-	-
M	Process::UID	s	pub	change_privilege	-	-
M	Process::UID	s	pub	grant_privilege	-	-
M	Process::UID	s	pub	eid=	grant_privilege	-
M	Process::UID	s	pub	re_exchange	-	-
M	Process::UID	s	pub	re_exchangeable?	-	-
M	Process::UID	s	pub	sid_available?	-	-
M	Process::UID	s	pub	switch	-	-
M	Process::UID	s	pub	from_name	-	-
M	Process::UID	i	priv	rid	-	-
M	Process::UID	i	priv	eid	-	-
M	Process::UID	i	priv	change_privilege	-	-
M	Process::UID	i	priv	grant_privilege	-	-
M	Process::UID	i	priv	re_exchange	-	-
M	Process::UID	i	priv	re_exchangeable?	-	-
M	Process::UID	i	priv	sid_available?	-	-
M	Process::UID	i	priv	switch	-	-
M	Process::UID	i	priv	from_name	-	-
M	Process::GID	s	pub	rid	-	-
M	Process::GID	s	pub	eid	-	-
M	Process::GID	s	pub	change_privilege	-	-
M	Process::GID	s	pub	grant_privilege	-	-
M	Process::GID	s	pub	eid=	grant_privilege	-
M	Process::GID	s	pub	re_exchange	-	-
M	Process::GID	s	pub	re_exchangeable?	-	-
M	Process::GID	s	pub	sid_available?	-	-
M	Process::GID	s	pub	switch	-	-
M	Process::GID	s	pub	from_name	-	-
M	Process::GID	i	priv	rid	-	-
M	Process::GID	i	priv	eid	-	-
M	Process::GID	i	priv	change_privilege	-	-
M	Process::GID	i	priv	grant_privilege	-	-
M	Process::GID	i	priv	re_exchange	-	-
M	Process::GID	i	priv	re_exchangeable?	-	-
M	Process::GID	i	priv	sid_available?	-	-
M	Process::GID	i	priv	switch	-	-
M	Process::GID	i	priv	from_name	-	-
M	Process::Sys	s	pub	getuid	-	-
M	Process::Sys	s	pub	geteuid	-	-
M	Process::Sys	s	pub	getgid	-	-
M	Process::Sys	s	pub	getegid	-	-
M	Process::Sys	s	pub	setuid	-	-
M	Process::Sys	s	pub	setgid	-	-
M	Process::Sys	s	pub	setruid	-	-
M	Process::Sys	s	pub	setrgid	-	-
M	Process::Sys	s	pub	seteuid	-	-
M	Process::Sys	s	pub	setegid	-	-
M	Process::Sys	s	pub	setreuid	-	-
M	Process::Sys	s	pub	setregid	-	-
M	Process::Sys	s	pub	setresuid	-	-
M	Process::Sys	s	pub	setresgid	-	-
M	Process::Sys	s	pub	issetugid	-	-
M	Process::Sys	i	priv	getuid	-	-
M	Process::Sys	i	priv	geteuid	-	-
M	Process::Sys	i	priv	getgid	-	-
M	Process::Sys	i	priv	getegid	-	-
M	Process::Sys	i	priv	setuid	-	-
M	Process::Sys	i	priv	setgid	-	-
M	Process::Sys	i	priv	setruid	-	-
M	Process::Sys	i	priv	setrgid	-	-
M	Process::Sys	i	priv	seteuid	-	-
M	Process::Sys	i	priv	setegid	-	-
M	Process::Sys	i	priv	setreuid	-	-
M	Process::Sys	i	priv	setregid	-	-
M	Process::Sys	i	priv	setresuid	-	-
M	Process::Sys	i	priv	setresgid	-	-
M	Process::Sys	i	priv	issetugid	-	-
M	Process::Waiter	i	pub	pid	-	-
M	Process::Status	s	pub	wait	-	-
M	Process::Status	i	pub	coredump?	-	-
M	Process::Status	i	pub	&	-	-
M	Process::Status	i	pub	>>	-	-
M	Process::Status	i	pub	==	-	-
M	Process::Status	i	pub	inspect	-	-
M	Process::Status	i	pub	success?	-	-
M	Process::Status	i	pub	to_s	-	-
M	Process::Status	i	pub	to_i	-	-
M	Process::Status	i	pub	stopped?	-	-
M	Process::Status	i	pub	stopsig	-	-
M	Process::Status	i	pub	pid	-	-
M	Process::Status	i	pub	termsig	-	-
M	Process::Status	i	pub	exited?	-	-
M	Process::Status	i	pub	signaled?	-	-
M	Process::Status	i	pub	exitstatus	-	-
M	Process::Tms	s	pub	inspect	-	-
M	Process::Tms	s	pub	[]	-	-
M	Process::Tms	s	pub	keyword_init?	-	-
M	Process::Tms	s	pub	new	-	-
M	Process::Tms	s	pub	members	-	-
M	Process::Tms	i	pub	cstime=	-	-
M	Process::Tms	i	pub	utime=	-	-
M	Process::Tms	i	pub	stime	-	-
M	Process::Tms	i	pub	utime	-	-
M	Process::Tms	i	pub	stime=	-	-
M	Process::Tms	i	pub	cutime	-	-
M	Process::Tms	i	pub	cutime=	-	-
M	Process::Tms	i	pub	cstime	-	-
M	GC::Profiler	s	pub	enabled?	-	-
M	GC::Profiler	s	pub	enable	-	-
M	GC::Profiler	s	pub	raw_data	-	-
M	GC::Profiler	s	pub	disable	-	-
M	GC::Profiler	s	pub	report	-	-
M	GC::Profiler	s	pub	total_time	-	-
M	GC::Profiler	s	pub	clear	-	-
M	GC::Profiler	s	pub	result	-	-
M	ObjectSpace::WeakMap	i	pub	each	-	-
M	ObjectSpace::WeakMap	i	pub	key?	-	-
M	ObjectSpace::WeakMap	i	pub	delete	-	-
M	ObjectSpace::WeakMap	i	pub	inspect	-	-
M	ObjectSpace::WeakMap	i	pub	[]	-	-
M	ObjectSpace::WeakMap	i	pub	[]=	-	-
M	ObjectSpace::WeakMap	i	pub	each_value	-	-
M	ObjectSpace::WeakMap	i	pub	each_pair	-	-
M	ObjectSpace::WeakMap	i	pub	member?	-	-
M	ObjectSpace::WeakMap	i	pub	include?	-	-
M	ObjectSpace::WeakMap	i	pub	each_key	-	-
M	ObjectSpace::WeakMap	i	pub	keys	-	-
M	ObjectSpace::WeakMap	i	pub	values	-	-
M	ObjectSpace::WeakMap	i	pub	length	-	-
M	ObjectSpace::WeakMap	i	pub	size	-	-
M	ObjectSpace::WeakKeyMap	i	pub	[]	-	-
M	ObjectSpace::WeakKeyMap	i	pub	[]=	-	-
M	ObjectSpace::WeakKeyMap	i	pub	key?	-	-
M	ObjectSpace::WeakKeyMap	i	pub	delete	-	-
M	ObjectSpace::WeakKeyMap	i	pub	clear	-	-
M	ObjectSpace::WeakKeyMap	i	pub	getkey	-	-
M	ObjectSpace::WeakKeyMap	i	pub	inspect	-	-
M	Enumerator::Yielder	i	pub	yield	-	-
M	Enumerator::Yielder	i	pub	<<	-	-
M	Enumerator::Yielder	i	pub	to_proc	-	-
M	Enumerator::Yielder	i	priv	initialize	-	-
M	Enumerator::Producer	i	pub	each	-	-
M	Enumerator::Chain	i	pub	each	-	-
M	Enumerator::Chain	i	pub	rewind	-	-
M	Enumerator::Chain	i	pub	size	-	-
M	Enumerator::Chain	i	pub	inspect	-	-
M	Enumerator::Chain	i	priv	initialize	-	-
M	Enumerator::Chain	i	priv	initialize_copy	-	-
M	Enumerator::Product	i	pub	each	-	-
M	Enumerator::Product	i	pub	rewind	-	-
M	Enumerator::Product	i	pub	size	-	-
M	Enumerator::Product	i	pub	inspect	-	-
M	Enumerator::Product	i	priv	initialize	-	-
M	Enumerator::Product	i	priv	initialize_copy	-	-
M	Enumerator::ArithmeticSequence	i	pub	each	-	-
M	Enumerator::ArithmeticSequence	i	pub	step	-	-
M	Enumerator::ArithmeticSequence	i	pub	last	-	-
M	Enumerator::ArithmeticSequence	i	pub	exclude_end?	-	-
M	Enumerator::ArithmeticSequence	i	pub	==	-	-
M	Enumerator::ArithmeticSequence	i	pub	hash	-	-
M	Enumerator::ArithmeticSequence	i	pub	first	-	-
M	Enumerator::ArithmeticSequence	i	pub	inspect	-	-
M	Enumerator::ArithmeticSequence	i	pub	===	-	-
M	Enumerator::ArithmeticSequence	i	pub	begin	-	-
M	Enumerator::ArithmeticSequence	i	pub	end	-	-
M	Enumerator::ArithmeticSequence	i	pub	eql?	-	-
M	Enumerator::ArithmeticSequence	i	pub	size	-	-
M	Enumerator::Lazy	i	pub	eager	-	-
M	Enumerator::Lazy	i	pub	slice_before	-	-
M	Enumerator::Lazy	i	pub	drop	-	-
M	Enumerator::Lazy	i	pub	slice_when	-	-
M	Enumerator::Lazy	i	pub	chunk_while	-	-
M	Enumerator::Lazy	i	pub	chunk	-	-
M	Enumerator::Lazy	i	pub	slice_after	-	-
M	Enumerator::Lazy	i	pub	drop_while	-	-
M	Enumerator::Lazy	i	pub	uniq	-	-
M	Enumerator::Lazy	i	pub	compact	-	-
M	Enumerator::Lazy	i	pub	grep	-	-
M	Enumerator::Lazy	i	pub	grep_v	-	-
M	Enumerator::Lazy	i	pub	find_all	-	-
M	Enumerator::Lazy	i	pub	select	-	-
M	Enumerator::Lazy	i	pub	filter	-	-
M	Enumerator::Lazy	i	pub	filter_map	-	-
M	Enumerator::Lazy	i	pub	reject	-	-
M	Enumerator::Lazy	i	pub	collect	-	-
M	Enumerator::Lazy	i	pub	map	-	-
M	Enumerator::Lazy	i	pub	flat_map	-	-
M	Enumerator::Lazy	i	pub	collect_concat	-	-
M	Enumerator::Lazy	i	pub	force	to_a	-
M	Enumerator::Lazy	i	pub	to_enum	-	-
M	Enumerator::Lazy	i	pub	enum_for	-	-
M	Enumerator::Lazy	i	pub	with_index	-	-
M	Enumerator::Lazy	i	pub	lazy	-	-
M	Enumerator::Lazy	i	pub	zip	-	-
M	Enumerator::Lazy	i	pub	take	-	-
M	Enumerator::Lazy	i	pub	take_while	-	-
M	Enumerator::Lazy	i	priv	_enumerable_find_all	find_all	-
M	Enumerator::Lazy	i	priv	_enumerable_filter	filter	-
M	Enumerator::Lazy	i	priv	_enumerable_filter_map	filter_map	-
M	Enumerator::Lazy	i	priv	_enumerable_reject	reject	-
M	Enumerator::Lazy	i	priv	_enumerable_grep	grep	-
M	Enumerator::Lazy	i	priv	_enumerable_grep_v	grep_v	-
M	Enumerator::Lazy	i	priv	_enumerable_zip	zip	-
M	Enumerator::Lazy	i	priv	_enumerable_take	take	-
M	Enumerator::Lazy	i	priv	_enumerable_take_while	take_while	-
M	Enumerator::Lazy	i	priv	_enumerable_drop	drop	-
M	Enumerator::Lazy	i	priv	_enumerable_drop_while	drop_while	-
M	Enumerator::Lazy	i	priv	_enumerable_uniq	uniq	-
M	Enumerator::Lazy	i	priv	_enumerable_with_index	-	-
M	Enumerator::Lazy	i	priv	_enumerable_collect_concat	collect_concat	-
M	Enumerator::Lazy	i	priv	_enumerable_flat_map	flat_map	-
M	Enumerator::Lazy	i	priv	_enumerable_select	select	-
M	Enumerator::Lazy	i	priv	initialize	-	-
M	Enumerator::Lazy	i	priv	_enumerable_map	map	-
M	Enumerator::Lazy	i	priv	_enumerable_collect	collect	-
M	Enumerator::Generator	i	pub	each	-	-
M	Enumerator::Generator	i	priv	initialize	-	-
M	Enumerator::Generator	i	priv	initialize_copy	-	-
M	Thread::Backtrace::Location	i	pub	label	-	-
M	Thread::Backtrace::Location	i	pub	base_label	-	-
M	Thread::Backtrace::Location	i	pub	to_s	-	-
M	Thread::Backtrace::Location	i	pub	path	-	-
M	Thread::Backtrace::Location	i	pub	absolute_path	-	-
M	Thread::Backtrace::Location	i	pub	lineno	-	-
M	Thread::Backtrace::Location	i	pub	inspect	-	-
M	RubyVM::AbstractSyntaxTree::Node	i	pub	type	-	-
M	RubyVM::AbstractSyntaxTree::Node	i	pub	first_column	-	-
M	RubyVM::AbstractSyntaxTree::Node	i	pub	last_lineno	-	-
M	RubyVM::AbstractSyntaxTree::Node	i	pub	last_column	-	-
M	RubyVM::AbstractSyntaxTree::Node	i	pub	tokens	-	-
M	RubyVM::AbstractSyntaxTree::Node	i	pub	all_tokens	-	-
M	RubyVM::AbstractSyntaxTree::Node	i	pub	script_lines	-	-
M	RubyVM::AbstractSyntaxTree::Node	i	pub	node_id	-	-
M	RubyVM::AbstractSyntaxTree::Node	i	pub	locations	-	-
M	RubyVM::AbstractSyntaxTree::Node	i	pub	children	-	-
M	RubyVM::AbstractSyntaxTree::Node	i	pub	inspect	-	-
M	RubyVM::AbstractSyntaxTree::Node	i	pub	first_lineno	-	-
M	RubyVM::AbstractSyntaxTree::Node	i	pub	source	-	-
M	RubyVM::AbstractSyntaxTree::Location	i	pub	first_column	-	-
M	RubyVM::AbstractSyntaxTree::Location	i	pub	last_lineno	-	-
M	RubyVM::AbstractSyntaxTree::Location	i	pub	first_lineno	-	-
M	RubyVM::AbstractSyntaxTree::Location	i	pub	last_column	-	-
M	RubyVM::AbstractSyntaxTree::Location	i	pub	inspect	-	-
M	Gem::Installer::FakePackage	i	pub	spec	-	rubygems/installer
M	Gem::Installer::FakePackage	i	pub	dir_mode	-	rubygems/installer
M	Gem::Installer::FakePackage	i	pub	dir_mode=	-	rubygems/installer
M	Gem::Installer::FakePackage	i	pub	prog_mode	-	rubygems/installer
M	Gem::Installer::FakePackage	i	pub	prog_mode=	-	rubygems/installer
M	Gem::Installer::FakePackage	i	pub	spec=	-	rubygems/installer
M	Gem::Installer::FakePackage	i	pub	data_mode	-	rubygems/installer
M	Gem::Installer::FakePackage	i	pub	data_mode=	-	rubygems/installer
M	Gem::Installer::FakePackage	i	pub	extract_files	-	rubygems/installer
M	Gem::Installer::FakePackage	i	pub	copy_to	-	rubygems/installer
M	Gem::Installer::FakePackage	i	priv	initialize	-	rubygems/installer
M	Gem::Resolver::APISet	i	pub	uri	-	rubygems/resolver/api_set
M	Gem::Resolver::APISet	i	pub	source	-	rubygems/resolver/api_set
M	Gem::Resolver::APISet	i	pub	dep_uri	-	rubygems/resolver/api_set
M	Gem::Resolver::APISet	i	pub	pretty_print	-	rubygems/resolver/api_set
M	Gem::Resolver::APISet	i	pub	prefetch_now	-	rubygems/resolver/api_set
M	Gem::Resolver::APISet	i	pub	prefetch	-	rubygems/resolver/api_set
M	Gem::Resolver::APISet	i	pub	versions	-	rubygems/resolver/api_set
M	Gem::Resolver::APISet	i	pub	find_all	-	rubygems/resolver/api_set
M	Gem::Resolver::APISet	i	priv	parse_gem	-	rubygems/resolver/api_set
M	Gem::Resolver::APISet	i	priv	lines	-	rubygems/resolver/api_set
M	Gem::Resolver::APISet	i	priv	initialize	-	rubygems/resolver/api_set
M	Gem::Resolver::Specification	i	pub	spec	-	rubygems/resolver/specification
M	Gem::Resolver::Specification	i	pub	name	-	rubygems/resolver/specification
M	Gem::Resolver::Specification	i	pub	install	-	rubygems/resolver/specification
M	Gem::Resolver::Specification	i	pub	fetch_development_dependencies	-	rubygems/resolver/specification
M	Gem::Resolver::Specification	i	pub	download	-	rubygems/resolver/specification
M	Gem::Resolver::Specification	i	pub	required_ruby_version	-	rubygems/resolver/specification
M	Gem::Resolver::Specification	i	pub	required_rubygems_version	-	rubygems/resolver/specification
M	Gem::Resolver::Specification	i	pub	installable_platform?	-	rubygems/resolver/specification
M	Gem::Resolver::Specification	i	pub	dependencies	-	rubygems/resolver/specification
M	Gem::Resolver::Specification	i	pub	set	-	rubygems/resolver/specification
M	Gem::Resolver::Specification	i	pub	version	-	rubygems/resolver/specification
M	Gem::Resolver::Specification	i	pub	full_name	-	rubygems/resolver/specification
M	Gem::Resolver::Specification	i	pub	platform	-	rubygems/resolver/specification
M	Gem::Resolver::Specification	i	pub	local?	-	rubygems/resolver/specification
M	Gem::Resolver::Specification	i	pub	source	-	rubygems/resolver/specification
M	Gem::Resolver::Specification	i	priv	initialize	-	rubygems/resolver/specification
M	Gem::Resolver::LocalSpecification	i	pub	local?	-	rubygems/resolver/local_specification
M	Gem::Resolver::LocalSpecification	i	pub	pretty_print	-	rubygems/resolver/local_specification
M	Gem::Resolver::LocalSpecification	i	pub	installable_platform?	-	rubygems/resolver/local_specification
M	Gem::Resolver::InstalledSpecification	i	pub	pretty_print	-	rubygems/resolver/installed_specification
M	Gem::Resolver::InstalledSpecification	i	pub	installable_platform?	-	rubygems/resolver/installed_specification
M	Gem::Resolver::InstalledSpecification	i	pub	==	-	rubygems/resolver/installed_specification
M	Gem::Resolver::InstalledSpecification	i	pub	install	-	rubygems/resolver/installed_specification
M	Gem::Resolver::InstalledSpecification	i	pub	source	-	rubygems/resolver/installed_specification
M	Gem::Resolver::APISpecification	s	pub	new	-	rubygems/resolver/api_specification
M	Gem::Resolver::APISpecification	i	pub	spec	-	rubygems/resolver/api_specification
M	Gem::Resolver::APISpecification	i	pub	fetch_development_dependencies	-	rubygems/resolver/api_specification
M	Gem::Resolver::APISpecification	i	pub	pretty_print	-	rubygems/resolver/api_specification
M	Gem::Resolver::APISpecification	i	pub	installable_platform?	-	rubygems/resolver/api_specification
M	Gem::Resolver::APISpecification	i	pub	==	-	rubygems/resolver/api_specification
M	Gem::Resolver::APISpecification	i	pub	hash	-	rubygems/resolver/api_specification
M	Gem::Resolver::APISpecification	i	pub	source	-	rubygems/resolver/api_specification
M	Gem::Resolver::APISpecification	i	priv	initialize	-	rubygems/resolver/api_specification
M	Gem::Resolver::LockSet	i	pub	pretty_print	-	rubygems/resolver/lock_set
M	Gem::Resolver::LockSet	i	pub	specs	-	rubygems/resolver/lock_set
M	Gem::Resolver::LockSet	i	pub	add	-	rubygems/resolver/lock_set
M	Gem::Resolver::LockSet	i	pub	load_spec	-	rubygems/resolver/lock_set
M	Gem::Resolver::LockSet	i	pub	find_all	-	rubygems/resolver/lock_set
M	Gem::Resolver::LockSet	i	priv	initialize	-	rubygems/resolver/lock_set
M	Gem::Resolver::BestSet	i	pub	pick_sets	-	rubygems/resolver/best_set
M	Gem::Resolver::BestSet	i	pub	pretty_print	-	rubygems/resolver/best_set
M	Gem::Resolver::BestSet	i	pub	prefetch	-	rubygems/resolver/best_set
M	Gem::Resolver::BestSet	i	pub	find_all	-	rubygems/resolver/best_set
M	Gem::Resolver::BestSet	i	priv	initialize	-	rubygems/resolver/best_set
M	Gem::Resolver::ComposedSet	i	pub	prerelease=	-	rubygems/resolver/composed_set
M	Gem::Resolver::ComposedSet	i	pub	sets	-	rubygems/resolver/composed_set
M	Gem::Resolver::ComposedSet	i	pub	errors	-	rubygems/resolver/composed_set
M	Gem::Resolver::ComposedSet	i	pub	remote=	-	rubygems/resolver/composed_set
M	Gem::Resolver::ComposedSet	i	pub	prefetch	-	rubygems/resolver/composed_set
M	Gem::Resolver::ComposedSet	i	pub	find_all	-	rubygems/resolver/composed_set
M	Gem::Resolver::ComposedSet	i	priv	initialize	-	rubygems/resolver/composed_set
M	Gem::Resolver::VendorSet	i	pub	find_all	-	rubygems/resolver/vendor_set
M	Gem::Resolver::VendorSet	i	pub	specs	-	rubygems/resolver/vendor_set
M	Gem::Resolver::VendorSet	i	pub	pretty_print	-	rubygems/resolver/vendor_set
M	Gem::Resolver::VendorSet	i	pub	load_spec	-	rubygems/resolver/vendor_set
M	Gem::Resolver::VendorSet	i	pub	add_vendor_gem	-	rubygems/resolver/vendor_set
M	Gem::Resolver::VendorSet	i	priv	initialize	-	rubygems/resolver/vendor_set
M	Gem::Resolver::CurrentSet	i	pub	find_all	-	rubygems/resolver/current_set
M	Gem::Resolver::SourceSet	i	pub	prefetch	-	rubygems/resolver/source_set
M	Gem::Resolver::SourceSet	i	pub	add_source_gem	-	rubygems/resolver/source_set
M	Gem::Resolver::SourceSet	i	pub	find_all	-	rubygems/resolver/source_set
M	Gem::Resolver::SourceSet	i	priv	get_set	-	rubygems/resolver/source_set
M	Gem::Resolver::SourceSet	i	priv	initialize	-	rubygems/resolver/source_set
M	Gem::Resolver::GitSet	i	pub	add_git_gem	-	rubygems/resolver/git_set
M	Gem::Resolver::GitSet	i	pub	specs	-	rubygems/resolver/git_set
M	Gem::Resolver::GitSet	i	pub	root_dir	-	rubygems/resolver/git_set
M	Gem::Resolver::GitSet	i	pub	root_dir=	-	rubygems/resolver/git_set
M	Gem::Resolver::GitSet	i	pub	add_git_spec	-	rubygems/resolver/git_set
M	Gem::Resolver::GitSet	i	pub	pretty_print	-	rubygems/resolver/git_set
M	Gem::Resolver::GitSet	i	pub	need_submodules	-	rubygems/resolver/git_set
M	Gem::Resolver::GitSet	i	pub	repositories	-	rubygems/resolver/git_set
M	Gem::Resolver::GitSet	i	pub	prefetch	-	rubygems/resolver/git_set
M	Gem::Resolver::GitSet	i	pub	find_all	-	rubygems/resolver/git_set
M	Gem::Resolver::GitSet	i	priv	initialize	-	rubygems/resolver/git_set
M	Gem::Resolver::IndexSet	i	pub	pretty_print	-	rubygems/resolver/index_set
M	Gem::Resolver::IndexSet	i	pub	find_all	-	rubygems/resolver/index_set
M	Gem::Resolver::IndexSet	i	priv	initialize	-	rubygems/resolver/index_set
M	Gem::Resolver::SpecSpecification	i	pub	name	-	rubygems/resolver/spec_specification
M	Gem::Resolver::SpecSpecification	i	pub	dependencies	-	rubygems/resolver/spec_specification
M	Gem::Resolver::SpecSpecification	i	pub	full_name	-	rubygems/resolver/spec_specification
M	Gem::Resolver::SpecSpecification	i	pub	platform	-	rubygems/resolver/spec_specification
M	Gem::Resolver::SpecSpecification	i	pub	required_ruby_version	-	rubygems/resolver/spec_specification
M	Gem::Resolver::SpecSpecification	i	pub	required_rubygems_version	-	rubygems/resolver/spec_specification
M	Gem::Resolver::SpecSpecification	i	pub	hash	-	rubygems/resolver/spec_specification
M	Gem::Resolver::SpecSpecification	i	pub	version	-	rubygems/resolver/spec_specification
M	Gem::Resolver::SpecSpecification	i	priv	initialize	-	rubygems/resolver/spec_specification
M	Gem::Resolver::Stats	i	pub	requirement!	-	rubygems/resolver/stats
M	Gem::Resolver::Stats	i	pub	display	-	rubygems/resolver/stats
M	Gem::Resolver::Stats	i	pub	record_requirements	-	rubygems/resolver/stats
M	Gem::Resolver::Stats	i	pub	record_depth	-	rubygems/resolver/stats
M	Gem::Resolver::Stats	i	pub	backtracking!	-	rubygems/resolver/stats
M	Gem::Resolver::Stats	i	pub	iteration!	-	rubygems/resolver/stats
M	Gem::Resolver::Stats	i	priv	initialize	-	rubygems/resolver/stats
M	Gem::Resolver::LockSpecification	i	pub	pretty_print	-	rubygems/resolver/lock_specification
M	Gem::Resolver::LockSpecification	i	pub	sources	-	rubygems/resolver/lock_specification
M	Gem::Resolver::LockSpecification	i	pub	spec	-	rubygems/resolver/lock_specification
M	Gem::Resolver::LockSpecification	i	pub	install	-	rubygems/resolver/lock_specification
M	Gem::Resolver::LockSpecification	i	pub	add_dependency	-	rubygems/resolver/lock_specification
M	Gem::Resolver::LockSpecification	i	priv	initialize	-	rubygems/resolver/lock_specification
M	Gem::Resolver::GitSpecification	i	pub	pretty_print	-	rubygems/resolver/git_specification
M	Gem::Resolver::GitSpecification	i	pub	==	-	rubygems/resolver/git_specification
M	Gem::Resolver::GitSpecification	i	pub	add_dependency	-	rubygems/resolver/git_specification
M	Gem::Resolver::GitSpecification	i	pub	install	-	rubygems/resolver/git_specification
M	Gem::Resolver::ActivationRequest	i	pub	spec	-	rubygems/resolver/activation_request
M	Gem::Resolver::ActivationRequest	i	pub	name	-	rubygems/resolver/activation_request
M	Gem::Resolver::ActivationRequest	i	pub	request	-	rubygems/resolver/activation_request
M	Gem::Resolver::ActivationRequest	i	pub	parent	-	rubygems/resolver/activation_request
M	Gem::Resolver::ActivationRequest	i	pub	development?	-	rubygems/resolver/activation_request
M	Gem::Resolver::ActivationRequest	i	pub	download	-	rubygems/resolver/activation_request
M	Gem::Resolver::ActivationRequest	i	pub	installed?	-	rubygems/resolver/activation_request
M	Gem::Resolver::ActivationRequest	i	pub	==	-	rubygems/resolver/activation_request
M	Gem::Resolver::ActivationRequest	i	pub	hash	-	rubygems/resolver/activation_request
M	Gem::Resolver::ActivationRequest	i	pub	inspect	-	rubygems/resolver/activation_request
M	Gem::Resolver::ActivationRequest	i	pub	to_s	full_name	rubygems/resolver/activation_request
M	Gem::Resolver::ActivationRequest	i	pub	full_name	-	rubygems/resolver/activation_request
M	Gem::Resolver::ActivationRequest	i	pub	version	-	rubygems/resolver/activation_request
M	Gem::Resolver::ActivationRequest	i	pub	full_spec	-	rubygems/resolver/activation_request
M	Gem::Resolver::ActivationRequest	i	pub	pretty_print	-	rubygems/resolver/activation_request
M	Gem::Resolver::ActivationRequest	i	pub	platform	-	rubygems/resolver/activation_request
M	Gem::Resolver::ActivationRequest	i	pub	eql?	-	rubygems/resolver/activation_request
M	Gem::Resolver::ActivationRequest	i	priv	initialize	-	rubygems/resolver/activation_request
M	Gem::Resolver::ActivationRequest	i	priv	name_tuple	-	rubygems/resolver/activation_request
M	Gem::Resolver::Set	i	pub	find_all	-	rubygems/resolver/set
M	Gem::Resolver::Set	i	pub	remote?	-	rubygems/resolver/set
M	Gem::Resolver::Set	i	pub	errors	-	rubygems/resolver/set
M	Gem::Resolver::Set	i	pub	remote	-	rubygems/resolver/set
M	Gem::Resolver::Set	i	pub	remote=	-	rubygems/resolver/set
M	Gem::Resolver::Set	i	pub	prerelease	-	rubygems/resolver/set
M	Gem::Resolver::Set	i	pub	prefetch	-	rubygems/resolver/set
M	Gem::Resolver::Set	i	pub	errors=	-	rubygems/resolver/set
M	Gem::Resolver::Set	i	pub	prerelease=	-	rubygems/resolver/set
M	Gem::Resolver::Set	i	priv	initialize	-	rubygems/resolver/set
M	Gem::Resolver::DependencyRequest	i	pub	matches_spec?	-	rubygems/resolver/dependency_request
M	Gem::Resolver::DependencyRequest	i	pub	type	-	rubygems/resolver/dependency_request
M	Gem::Resolver::DependencyRequest	i	pub	name	-	rubygems/resolver/dependency_request
M	Gem::Resolver::DependencyRequest	i	pub	requirement	-	rubygems/resolver/dependency_request
M	Gem::Resolver::DependencyRequest	i	pub	requester	-	rubygems/resolver/dependency_request
M	Gem::Resolver::DependencyRequest	i	pub	development?	-	rubygems/resolver/dependency_request
M	Gem::Resolver::DependencyRequest	i	pub	==	-	rubygems/resolver/dependency_request
M	Gem::Resolver::DependencyRequest	i	pub	to_s	-	rubygems/resolver/dependency_request
M	Gem::Resolver::DependencyRequest	i	pub	dependency	-	rubygems/resolver/dependency_request
M	Gem::Resolver::DependencyRequest	i	pub	implicit?	-	rubygems/resolver/dependency_request
M	Gem::Resolver::DependencyRequest	i	pub	pretty_print	-	rubygems/resolver/dependency_request
M	Gem::Resolver::DependencyRequest	i	pub	explicit?	-	rubygems/resolver/dependency_request
M	Gem::Resolver::DependencyRequest	i	pub	request_context	-	rubygems/resolver/dependency_request
M	Gem::Resolver::DependencyRequest	i	pub	match?	-	rubygems/resolver/dependency_request
M	Gem::Resolver::DependencyRequest	i	priv	initialize	-	rubygems/resolver/dependency_request
M	Gem::Resolver::VendorSpecification	i	pub	==	-	rubygems/resolver/vendor_specification
M	Gem::Resolver::VendorSpecification	i	pub	install	-	rubygems/resolver/vendor_specification
M	Gem::Resolver::IndexSpecification	i	pub	dependencies	-	rubygems/resolver/index_specification
M	Gem::Resolver::IndexSpecification	i	pub	spec	-	rubygems/resolver/index_specification
M	Gem::Resolver::IndexSpecification	i	pub	pretty_print	-	rubygems/resolver/index_specification
M	Gem::Resolver::IndexSpecification	i	pub	required_ruby_version	-	rubygems/resolver/index_specification
M	Gem::Resolver::IndexSpecification	i	pub	required_rubygems_version	-	rubygems/resolver/index_specification
M	Gem::Resolver::IndexSpecification	i	pub	==	-	rubygems/resolver/index_specification
M	Gem::Resolver::IndexSpecification	i	pub	hash	-	rubygems/resolver/index_specification
M	Gem::Resolver::IndexSpecification	i	pub	inspect	-	rubygems/resolver/index_specification
M	Gem::Resolver::IndexSpecification	i	priv	initialize	-	rubygems/resolver/index_specification
M	Gem::Resolver::InstallerSet	i	pub	add_local	-	rubygems/resolver/installer_set
M	Gem::Resolver::InstallerSet	i	pub	consider_local?	-	rubygems/resolver/installer_set
M	Gem::Resolver::InstallerSet	i	pub	consider_remote?	-	rubygems/resolver/installer_set
M	Gem::Resolver::InstallerSet	i	pub	errors	-	rubygems/resolver/installer_set
M	Gem::Resolver::InstallerSet	i	pub	remote=	-	rubygems/resolver/installer_set
M	Gem::Resolver::InstallerSet	i	pub	always_install	-	rubygems/resolver/installer_set
M	Gem::Resolver::InstallerSet	i	pub	ignore_installed	-	rubygems/resolver/installer_set
M	Gem::Resolver::InstallerSet	i	pub	remote_set	-	rubygems/resolver/installer_set
M	Gem::Resolver::InstallerSet	i	pub	ignore_installed=	-	rubygems/resolver/installer_set
M	Gem::Resolver::InstallerSet	i	pub	force=	-	rubygems/resolver/installer_set
M	Gem::Resolver::InstallerSet	i	pub	ignore_dependencies	-	rubygems/resolver/installer_set
M	Gem::Resolver::InstallerSet	i	pub	find_all	-	rubygems/resolver/installer_set
M	Gem::Resolver::InstallerSet	i	pub	ignore_dependencies=	-	rubygems/resolver/installer_set
M	Gem::Resolver::InstallerSet	i	pub	prefetch	-	rubygems/resolver/installer_set
M	Gem::Resolver::InstallerSet	i	pub	force	-	rubygems/resolver/installer_set
M	Gem::Resolver::InstallerSet	i	pub	load_spec	-	rubygems/resolver/installer_set
M	Gem::Resolver::InstallerSet	i	pub	prerelease=	-	rubygems/resolver/installer_set
M	Gem::Resolver::InstallerSet	i	pub	inspect	-	rubygems/resolver/installer_set
M	Gem::Resolver::InstallerSet	i	pub	local?	-	rubygems/resolver/installer_set
M	Gem::Resolver::InstallerSet	i	pub	pretty_print	-	rubygems/resolver/installer_set
M	Gem::Resolver::InstallerSet	i	pub	add_always_install	-	rubygems/resolver/installer_set
M	Gem::Resolver::InstallerSet	i	priv	initialize	-	rubygems/resolver/installer_set
M	Gem::Resolver::InstallerSet	i	priv	metadata_satisfied?	-	rubygems/resolver/installer_set
M	Gem::Resolver::InstallerSet	i	priv	ensure_required_ruby_version_met	-	rubygems/resolver/installer_set
M	Gem::Resolver::InstallerSet	i	priv	ensure_required_rubygems_version_met	-	rubygems/resolver/installer_set
M	Gem::Resolver::Conflict	i	pub	explain	-	rubygems/resolver/conflict
M	Gem::Resolver::Conflict	i	pub	requester	-	rubygems/resolver/conflict
M	Gem::Resolver::Conflict	i	pub	==	-	rubygems/resolver/conflict
M	Gem::Resolver::Conflict	i	pub	failed_dep	-	rubygems/resolver/conflict
M	Gem::Resolver::Conflict	i	pub	request_path	-	rubygems/resolver/conflict
M	Gem::Resolver::Conflict	i	pub	activated	-	rubygems/resolver/conflict
M	Gem::Resolver::Conflict	i	pub	for_spec?	-	rubygems/resolver/conflict
M	Gem::Resolver::Conflict	i	pub	dependency	-	rubygems/resolver/conflict
M	Gem::Resolver::Conflict	i	pub	conflicting_dependencies	-	rubygems/resolver/conflict
M	Gem::Resolver::Conflict	i	pub	explanation	-	rubygems/resolver/conflict
M	Gem::Resolver::Conflict	i	pub	pretty_print	-	rubygems/resolver/conflict
M	Gem::Resolver::Conflict	i	priv	initialize	-	rubygems/resolver/conflict
M	Gem::Resolver::RequirementList	i	pub	each	-	rubygems/resolver/requirement_list
M	Gem::Resolver::RequirementList	i	pub	remove	-	rubygems/resolver/requirement_list
M	Gem::Resolver::RequirementList	i	pub	next5	-	rubygems/resolver/requirement_list
M	Gem::Resolver::RequirementList	i	pub	add	-	rubygems/resolver/requirement_list
M	Gem::Resolver::RequirementList	i	pub	empty?	-	rubygems/resolver/requirement_list
M	Gem::Resolver::RequirementList	i	pub	size	-	rubygems/resolver/requirement_list
M	Gem::Resolver::RequirementList	i	priv	initialize	-	rubygems/resolver/requirement_list
M	Gem::Resolver::RequirementList	i	priv	initialize_copy	-	rubygems/resolver/requirement_list
M	Gem::Source::Git	i	pub	dir_shortref	-	rubygems/source/git
M	Gem::Source::Git	i	pub	uri_hash	-	rubygems/source/git
M	Gem::Source::Git	i	pub	remote	-	rubygems/source/git
M	Gem::Source::Git	i	pub	remote=	-	rubygems/source/git
M	Gem::Source::Git	i	pub	<=>	-	rubygems/source/git
M	Gem::Source::Git	i	pub	==	-	rubygems/source/git
M	Gem::Source::Git	i	pub	base_dir	-	rubygems/source/git
M	Gem::Source::Git	i	pub	repository	-	rubygems/source/git
M	Gem::Source::Git	i	pub	reference	-	rubygems/source/git
M	Gem::Source::Git	i	pub	specs	-	rubygems/source/git
M	Gem::Source::Git	i	pub	root_dir	-	rubygems/source/git
M	Gem::Source::Git	i	pub	name	-	rubygems/source/git
M	Gem::Source::Git	i	pub	root_dir=	-	rubygems/source/git
M	Gem::Source::Git	i	pub	cache	-	rubygems/source/git
M	Gem::Source::Git	i	pub	download	-	rubygems/source/git
M	Gem::Source::Git	i	pub	need_submodules	-	rubygems/source/git
M	Gem::Source::Git	i	pub	install_dir	-	rubygems/source/git
M	Gem::Source::Git	i	pub	pretty_print	-	rubygems/source/git
M	Gem::Source::Git	i	pub	git_command	-	rubygems/source/git
M	Gem::Source::Git	i	pub	repo_cache_dir	-	rubygems/source/git
M	Gem::Source::Git	i	pub	rev_parse	-	rubygems/source/git
M	Gem::Source::Git	i	pub	checkout	-	rubygems/source/git
M	Gem::Source::Git	i	priv	initialize	-	rubygems/source/git
M	Gem::Source::Installed	i	pub	download	-	rubygems/source/installed
M	Gem::Source::Installed	i	pub	pretty_print	-	rubygems/source/installed
M	Gem::Source::Installed	i	pub	<=>	-	rubygems/source/installed
M	Gem::Source::Installed	i	priv	initialize	-	rubygems/source/installed
M	Gem::Source::Lock	i	pub	uri	-	rubygems/source/lock
M	Gem::Source::Lock	i	pub	<=>	-	rubygems/source/lock
M	Gem::Source::Lock	i	pub	fetch_spec	-	rubygems/source/lock
M	Gem::Source::Lock	i	pub	wrapped	-	rubygems/source/lock
M	Gem::Source::Lock	i	pub	==	-	rubygems/source/lock
M	Gem::Source::Lock	i	pub	hash	-	rubygems/source/lock
M	Gem::Source::Lock	i	priv	initialize	-	rubygems/source/lock
M	Gem::Source::Local	i	pub	load_specs	-	rubygems/source/local
M	Gem::Source::Local	i	pub	<=>	-	rubygems/source/local
M	Gem::Source::Local	i	pub	fetch_spec	-	rubygems/source/local
M	Gem::Source::Local	i	pub	download	-	rubygems/source/local
M	Gem::Source::Local	i	pub	find_gem	-	rubygems/source/local
M	Gem::Source::Local	i	pub	pretty_print	-	rubygems/source/local
M	Gem::Source::Local	i	pub	inspect	-	rubygems/source/local
M	Gem::Source::Local	i	priv	initialize	-	rubygems/source/local
M	Gem::Source::Vendor	i	pub	<=>	-	rubygems/source/vendor
M	Gem::Source::Vendor	i	priv	initialize	-	rubygems/source/vendor
M	Gem::Source::SpecificFile	i	pub	spec	-	rubygems/source/specific_file
M	Gem::Source::SpecificFile	i	pub	load_specs	-	rubygems/source/specific_file
M	Gem::Source::SpecificFile	i	pub	path	-	rubygems/source/specific_file
M	Gem::Source::SpecificFile	i	pub	fetch_spec	-	rubygems/source/specific_file
M	Gem::Source::SpecificFile	i	pub	download	-	rubygems/source/specific_file
M	Gem::Source::SpecificFile	i	pub	<=>	-	rubygems/source/specific_file
M	Gem::Source::SpecificFile	i	pub	pretty_print	-	rubygems/source/specific_file
M	Gem::Source::SpecificFile	i	priv	initialize	-	rubygems/source/specific_file
M	Gem::StubSpecification::StubLine	i	pub	name	-	rubygems/stub_specification
M	Gem::StubSpecification::StubLine	i	pub	full_name	-	rubygems/stub_specification
M	Gem::StubSpecification::StubLine	i	pub	version	-	rubygems/stub_specification
M	Gem::StubSpecification::StubLine	i	pub	require_paths	-	rubygems/stub_specification
M	Gem::StubSpecification::StubLine	i	pub	platform	-	rubygems/stub_specification
M	Gem::StubSpecification::StubLine	i	pub	extensions	-	rubygems/stub_specification
M	Gem::StubSpecification::StubLine	i	priv	initialize	-	rubygems/stub_specification
M	Gem::RequestSet::GemDependencyAPI	i	pub	gemspec	-	rubygems/request_set/gem_dependency_api
M	Gem::RequestSet::GemDependencyAPI	i	pub	git_source	-	rubygems/request_set/gem_dependency_api
M	Gem::RequestSet::GemDependencyAPI	i	pub	platforms	platform	rubygems/request_set/gem_dependency_api
M	Gem::RequestSet::GemDependencyAPI	i	pub	load	-	rubygems/request_set/gem_dependency_api
M	Gem::RequestSet::GemDependencyAPI	i	pub	find_gemspec	-	rubygems/request_set/gem_dependency_api
M	Gem::RequestSet::GemDependencyAPI	i	pub	dependencies	-	rubygems/request_set/gem_dependency_api
M	Gem::RequestSet::GemDependencyAPI	i	pub	gem_git_reference	-	rubygems/request_set/gem_dependency_api
M	Gem::RequestSet::GemDependencyAPI	i	pub	platform	-	rubygems/request_set/gem_dependency_api
M	Gem::RequestSet::GemDependencyAPI	i	pub	gem	-	rubygems/request_set/gem_dependency_api
M	Gem::RequestSet::GemDependencyAPI	i	pub	ruby	-	rubygems/request_set/gem_dependency_api
M	Gem::RequestSet::GemDependencyAPI	i	pub	source	-	rubygems/request_set/gem_dependency_api
M	Gem::RequestSet::GemDependencyAPI	i	pub	requires	-	rubygems/request_set/gem_dependency_api
M	Gem::RequestSet::GemDependencyAPI	i	pub	without_groups	-	rubygems/request_set/gem_dependency_api
M	Gem::RequestSet::GemDependencyAPI	i	pub	git	-	rubygems/request_set/gem_dependency_api
M	Gem::RequestSet::GemDependencyAPI	i	pub	gem_deps_file	-	rubygems/request_set/gem_dependency_api
M	Gem::RequestSet::GemDependencyAPI	i	pub	group	-	rubygems/request_set/gem_dependency_api
M	Gem::RequestSet::GemDependencyAPI	i	pub	installing=	-	rubygems/request_set/gem_dependency_api
M	Gem::RequestSet::GemDependencyAPI	i	pub	without_groups=	-	rubygems/request_set/gem_dependency_api
M	Gem::RequestSet::GemDependencyAPI	i	pub	git_set	-	rubygems/request_set/gem_dependency_api
M	Gem::RequestSet::GemDependencyAPI	i	pub	vendor_set	-	rubygems/request_set/gem_dependency_api
M	Gem::RequestSet::GemDependencyAPI	i	priv	gem_path	-	rubygems/request_set/gem_dependency_api
M	Gem::RequestSet::GemDependencyAPI	i	priv	initialize	-	rubygems/request_set/gem_dependency_api
M	Gem::RequestSet::GemDependencyAPI	i	priv	add_dependencies	-	rubygems/request_set/gem_dependency_api
M	Gem::RequestSet::GemDependencyAPI	i	priv	gem_git	-	rubygems/request_set/gem_dependency_api
M	Gem::RequestSet::GemDependencyAPI	i	priv	gem_git_source	-	rubygems/request_set/gem_dependency_api
M	Gem::RequestSet::GemDependencyAPI	i	priv	gem_source	-	rubygems/request_set/gem_dependency_api
M	Gem::RequestSet::GemDependencyAPI	i	priv	gem_platforms	-	rubygems/request_set/gem_dependency_api
M	Gem::RequestSet::GemDependencyAPI	i	priv	gem_group	-	rubygems/request_set/gem_dependency_api
M	Gem::RequestSet::GemDependencyAPI	i	priv	gem_requires	-	rubygems/request_set/gem_dependency_api
M	Gem::RequestSet::GemDependencyAPI	i	priv	pin_gem_source	-	rubygems/request_set/gem_dependency_api
M	Gem::RequestSet::Lockfile	s	pub	build	-	rubygems/request_set/lockfile
M	Gem::RequestSet::Lockfile	s	pub	requests_to_deps	-	rubygems/request_set/lockfile
M	Gem::RequestSet::Lockfile	i	pub	platforms	-	rubygems/request_set/lockfile
M	Gem::RequestSet::Lockfile	i	pub	to_s	-	rubygems/request_set/lockfile
M	Gem::RequestSet::Lockfile	i	pub	add_DEPENDENCIES	-	rubygems/request_set/lockfile
M	Gem::RequestSet::Lockfile	i	pub	spec_groups	-	rubygems/request_set/lockfile
M	Gem::RequestSet::Lockfile	i	pub	relative_path_from	-	rubygems/request_set/lockfile
M	Gem::RequestSet::Lockfile	i	pub	add_GEM	-	rubygems/request_set/lockfile
M	Gem::RequestSet::Lockfile	i	pub	write	-	rubygems/request_set/lockfile
M	Gem::RequestSet::Lockfile	i	pub	add_GIT	-	rubygems/request_set/lockfile
M	Gem::RequestSet::Lockfile	i	pub	add_PATH	-	rubygems/request_set/lockfile
M	Gem::RequestSet::Lockfile	i	pub	add_PLATFORMS	-	rubygems/request_set/lockfile
M	Gem::RequestSet::Lockfile	i	priv	initialize	-	rubygems/request_set/lockfile
M	Gem::RequestSet::Lockfile	i	priv	requests	-	rubygems/request_set/lockfile
M	Gem::Resolver::APISet::GemParser	i	pub	parse	-	rubygems/resolver/api_set/gem_parser
M	Gem::Resolver::APISet::GemParser	i	priv	parse_dependency	-	rubygems/resolver/api_set/gem_parser
M	Gem::RequestSet::Lockfile::Parser	i	pub	parse_DEPENDENCIES	-	rubygems/request_set/lockfile/parser
M	Gem::RequestSet::Lockfile::Parser	i	pub	parse_GIT	-	rubygems/request_set/lockfile/parser
M	Gem::RequestSet::Lockfile::Parser	i	pub	parse_GEM	-	rubygems/request_set/lockfile/parser
M	Gem::RequestSet::Lockfile::Parser	i	pub	parse_PATH	-	rubygems/request_set/lockfile/parser
M	Gem::RequestSet::Lockfile::Parser	i	pub	parse_PLATFORMS	-	rubygems/request_set/lockfile/parser
M	Gem::RequestSet::Lockfile::Parser	i	pub	parse	-	rubygems/request_set/lockfile/parser
M	Gem::RequestSet::Lockfile::Parser	i	pub	parse_dependency	-	rubygems/request_set/lockfile/parser
M	Gem::RequestSet::Lockfile::Parser	i	pub	get	-	rubygems/request_set/lockfile/parser
M	Gem::RequestSet::Lockfile::Parser	i	priv	initialize	-	rubygems/request_set/lockfile/parser
M	Gem::RequestSet::Lockfile::Parser	i	priv	peek	-	rubygems/request_set/lockfile/parser
M	Gem::RequestSet::Lockfile::Parser	i	priv	skip	-	rubygems/request_set/lockfile/parser
M	Gem::RequestSet::Lockfile::Parser	i	priv	pinned_requirement	-	rubygems/request_set/lockfile/parser
M	Gem::RequestSet::Lockfile::Parser	i	priv	unget	-	rubygems/request_set/lockfile/parser
M	Gem::RequestSet::Lockfile::Tokenizer	s	pub	from_file	-	rubygems/request_set/lockfile/tokenizer
M	Gem::RequestSet::Lockfile::Tokenizer	i	pub	peek	-	rubygems/request_set/lockfile/tokenizer
M	Gem::RequestSet::Lockfile::Tokenizer	i	pub	to_a	-	rubygems/request_set/lockfile/tokenizer
M	Gem::RequestSet::Lockfile::Tokenizer	i	pub	skip	-	rubygems/request_set/lockfile/tokenizer
M	Gem::RequestSet::Lockfile::Tokenizer	i	pub	token_pos	-	rubygems/request_set/lockfile/tokenizer
M	Gem::RequestSet::Lockfile::Tokenizer	i	pub	make_parser	-	rubygems/request_set/lockfile/tokenizer
M	Gem::RequestSet::Lockfile::Tokenizer	i	pub	next_token	-	rubygems/request_set/lockfile/tokenizer
M	Gem::RequestSet::Lockfile::Tokenizer	i	pub	empty?	-	rubygems/request_set/lockfile/tokenizer
M	Gem::RequestSet::Lockfile::Tokenizer	i	pub	shift	next_token	rubygems/request_set/lockfile/tokenizer
M	Gem::RequestSet::Lockfile::Tokenizer	i	pub	unshift	-	rubygems/request_set/lockfile/tokenizer
M	Gem::RequestSet::Lockfile::Tokenizer	i	priv	tokenize	-	rubygems/request_set/lockfile/tokenizer
M	Gem::RequestSet::Lockfile::Tokenizer	i	priv	initialize	-	rubygems/request_set/lockfile/tokenizer
M	Gem::RequestSet::Lockfile::ParseError	i	pub	column	-	rubygems/request_set/lockfile
M	Gem::RequestSet::Lockfile::ParseError	i	pub	path	-	rubygems/request_set/lockfile
M	Gem::RequestSet::Lockfile::ParseError	i	pub	line	-	rubygems/request_set/lockfile
M	Gem::RequestSet::Lockfile::ParseError	i	priv	initialize	-	rubygems/request_set/lockfile
M	Gem::RequestSet::Lockfile::Tokenizer::Token	s	pub	inspect	-	-
M	Gem::RequestSet::Lockfile::Tokenizer::Token	s	pub	[]	-	-
M	Gem::RequestSet::Lockfile::Tokenizer::Token	s	pub	keyword_init?	-	-
M	Gem::RequestSet::Lockfile::Tokenizer::Token	s	pub	new	-	-
M	Gem::RequestSet::Lockfile::Tokenizer::Token	s	pub	members	-	-
M	Gem::RequestSet::Lockfile::Tokenizer::Token	i	pub	line	-	-
M	Gem::RequestSet::Lockfile::Tokenizer::Token	i	pub	type	-	-
M	Gem::RequestSet::Lockfile::Tokenizer::Token	i	pub	line=	-	-
M	Gem::RequestSet::Lockfile::Tokenizer::Token	i	pub	type=	-	-
M	Gem::RequestSet::Lockfile::Tokenizer::Token	i	pub	value=	-	-
M	Gem::RequestSet::Lockfile::Tokenizer::Token	i	pub	column	-	-
M	Gem::RequestSet::Lockfile::Tokenizer::Token	i	pub	value	-	-
M	Gem::RequestSet::Lockfile::Tokenizer::Token	i	pub	column=	-	-
M	ARGF.class	i	pub	getc	-	-
M	ARGF.class	i	pub	readpartial	-	-
M	ARGF.class	i	pub	set_encoding	-	-
M	ARGF.class	i	pub	fileno	-	-
M	ARGF.class	i	pub	printf	-	-
M	ARGF.class	i	pub	print	-	-
M	ARGF.class	i	pub	putc	-	-
M	ARGF.class	i	pub	puts	-	-
M	ARGF.class	i	pub	readline	-	-
M	ARGF.class	i	pub	readlines	-	-
M	ARGF.class	i	pub	getbyte	-	-
M	ARGF.class	i	pub	inspect	to_s	-
M	ARGF.class	i	pub	write	-	-
M	ARGF.class	i	pub	lineno	-	-
M	ARGF.class	i	pub	lineno=	-	-
M	ARGF.class	i	pub	readchar	-	-
M	ARGF.class	i	pub	readbyte	-	-
M	ARGF.class	i	pub	each	-	-
M	ARGF.class	i	pub	gets	-	-
M	ARGF.class	i	pub	tell	-	-
M	ARGF.class	i	pub	seek	-	-
M	ARGF.class	i	pub	rewind	-	-
M	ARGF.class	i	pub	pos	-	-
M	ARGF.class	i	pub	pos=	-	-
M	ARGF.class	i	pub	eof	-	-
M	ARGF.class	i	pub	eof?	-	-
M	ARGF.class	i	pub	to_io	-	-
M	ARGF.class	i	pub	to_a	-	-
M	ARGF.class	i	pub	to_s	-	-
M	ARGF.class	i	pub	to_i	-	-
M	ARGF.class	i	pub	closed?	-	-
M	ARGF.class	i	pub	binmode?	-	-
M	ARGF.class	i	pub	close	-	-
M	ARGF.class	i	pub	external_encoding	-	-
M	ARGF.class	i	pub	internal_encoding	-	-
M	ARGF.class	i	pub	path	-	-
M	ARGF.class	i	pub	argv	-	-
M	ARGF.class	i	pub	each_line	-	-
M	ARGF.class	i	pub	read_nonblock	-	-
M	ARGF.class	i	pub	each_char	-	-
M	ARGF.class	i	pub	to_write_io	-	-
M	ARGF.class	i	pub	each_codepoint	-	-
M	ARGF.class	i	pub	skip	-	-
M	ARGF.class	i	pub	file	-	-
M	ARGF.class	i	pub	each_byte	-	-
M	ARGF.class	i	pub	filename	-	-
M	ARGF.class	i	pub	inplace_mode=	-	-
M	ARGF.class	i	pub	inplace_mode	-	-
M	ARGF.class	i	pub	read	-	-
M	ARGF.class	i	pub	binmode	-	-
M	ARGF.class	i	priv	initialize	-	-
M	ARGF.class	i	priv	initialize_copy	-	-
M	ENV	s	pub	has_key?	-	-
M	ENV	s	pub	has_value?	-	-
M	ENV	s	pub	key?	-	-
M	ENV	s	pub	value?	-	-
M	ENV	s	pub	clone	-	-
M	ENV	s	pub	dup	-	-
M	ENV	s	pub	[]	-	-
M	ENV	s	pub	[]=	-	-
M	ENV	s	pub	include?	-	-
M	ENV	s	pub	key	-	-
M	ENV	s	pub	empty?	-	-
M	ENV	s	pub	to_h	-	-
M	ENV	s	pub	replace	-	-
M	ENV	s	pub	clear	-	-
M	ENV	s	pub	freeze	-	-
M	ENV	s	pub	inspect	-	-
M	ENV	s	pub	length	-	-
M	ENV	s	pub	size	-	-
M	ENV	s	pub	each	-	-
M	ENV	s	pub	fetch	-	-
M	ENV	s	pub	shift	-	-
M	ENV	s	pub	to_hash	-	-
M	ENV	s	pub	to_a	-	-
M	ENV	s	pub	to_s	-	-
M	ENV	s	pub	select!	-	-
M	ENV	s	pub	filter!	-	-
M	ENV	s	pub	keep_if	-	-
M	ENV	s	pub	values_at	-	-
M	ENV	s	pub	delete_if	-	-
M	ENV	s	pub	reject!	-	-
M	ENV	s	pub	assoc	-	-
M	ENV	s	pub	rassoc	-	-
M	ENV	s	pub	select	-	-
M	ENV	s	pub	filter	-	-
M	ENV	s	pub	reject	-	-
M	ENV	s	pub	delete	-	-
M	ENV	s	pub	rehash	-	-
M	ENV	s	pub	store	-	-
M	ENV	s	pub	each_value	-	-
M	ENV	s	pub	each_key	-	-
M	ENV	s	pub	each_pair	-	-
M	ENV	s	pub	slice	-	-
M	ENV	s	pub	member?	-	-
M	ENV	s	pub	keys	-	-
M	ENV	s	pub	values	-	-
M	ENV	s	pub	except	-	-
M	ENV	s	pub	invert	-	-
M	ENV	s	pub	update	-	-
M	ENV	s	pub	merge!	-	-
M	main	s	pub	to_s	-	-
M	main	s	pub	inspect	to_s	-
M	main	s	priv	public	-	-
M	main	s	priv	private	-	-
M	main	s	priv	ruby2_keywords	-	-
M	main	s	priv	include	-	-
M	main	s	priv	define_method	-	-
M	main	s	priv	using	-	-
