drb/acl	ACL	::	ALLOW_DENY
drb/acl	ACL	::	DENY_ALLOW
drb/acl	ACL	::	VERSION
drb/acl	ACL	#	allow_addr?
drb/acl	ACL	#	allow_socket?
drb/acl	ACL	#	install_list
drb/acl	ACL	.	new
abbrev	Abbrev	.#	abbrev
socket	Addrinfo	#	afamily
socket	Addrinfo	#	bind
socket	Addrinfo	#	canonname
socket	Addrinfo	#	connect
socket	Addrinfo	#	connect_from
socket	Addrinfo	#	connect_to
socket	Addrinfo	#	family_addrinfo
socket	Addrinfo	#	getnameinfo
socket	Addrinfo	#	inspect_sockaddr
socket	Addrinfo	#	ip?
socket	Addrinfo	#	ip_address
socket	Addrinfo	#	ip_port
socket	Addrinfo	#	ip_unpack
socket	Addrinfo	#	ipv4?
socket	Addrinfo	#	ipv4_loopback?
socket	Addrinfo	#	ipv4_multicast?
socket	Addrinfo	#	ipv4_private?
socket	Addrinfo	#	ipv6?
socket	Addrinfo	#	ipv6_linklocal?
socket	Addrinfo	#	ipv6_loopback?
socket	Addrinfo	#	ipv6_mc_global?
socket	Addrinfo	#	ipv6_mc_linklocal?
socket	Addrinfo	#	ipv6_mc_nodelocal?
socket	Addrinfo	#	ipv6_mc_orglocal?
socket	Addrinfo	#	ipv6_mc_sitelocal?
socket	Addrinfo	#	ipv6_multicast?
socket	Addrinfo	#	ipv6_sitelocal?
socket	Addrinfo	#	ipv6_to_ipv4
socket	Addrinfo	#	ipv6_unique_local?
socket	Addrinfo	#	ipv6_unspecified?
socket	Addrinfo	#	ipv6_v4compat?
socket	Addrinfo	#	ipv6_v4mapped?
socket	Addrinfo	#	listen
socket	Addrinfo	#	pfamily
socket	Addrinfo	#	protocol
socket	Addrinfo	#	socktype
socket	Addrinfo	#	to_s
socket	Addrinfo	#	to_sockaddr
socket	Addrinfo	#	unix?
socket	Addrinfo	#	unix_path
socket	Addrinfo	.	foreach
socket	Addrinfo	.	getaddrinfo
socket	Addrinfo	.	ip
socket	Addrinfo	.	new
socket	Addrinfo	.	tcp
socket	Addrinfo	.	udp
socket	Addrinfo	.	unix
abbrev	Array	#	abbrev
shellwords	Array	#	shelljoin
csv	Array	#	to_csv
base64	Base64	.#	decode64
base64	Base64	.#	encode64
base64	Base64	.#	strict_decode64
base64	Base64	.#	strict_encode64
base64	Base64	.#	urlsafe_decode64
base64	Base64	.#	urlsafe_encode64
socket	BasicSocket	#	connect_address
socket	BasicSocket	#	do_not_reverse_lookup
socket	BasicSocket	#	do_not_reverse_lookup=
socket	BasicSocket	#	getpeereid
socket	BasicSocket	#	getpeername
socket	BasicSocket	#	getsockname
socket	BasicSocket	#	getsockopt
socket	BasicSocket	#	local_address
socket	BasicSocket	#	recv
socket	BasicSocket	#	recv_nonblock
socket	BasicSocket	#	recvmsg
socket	BasicSocket	#	recvmsg_nonblock
socket	BasicSocket	#	remote_address
socket	BasicSocket	#	send
socket	BasicSocket	#	sendmsg
socket	BasicSocket	#	sendmsg_nonblock
socket	BasicSocket	#	setsockopt
socket	BasicSocket	#	shutdown
socket	BasicSocket	.	do_not_reverse_lookup
socket	BasicSocket	.	do_not_reverse_lookup=
socket	BasicSocket	.	for_fd
benchmark	Benchmark	::	BENCHMARK_VERSION
benchmark	Benchmark	::	CAPTION
benchmark	Benchmark	::	FORMAT
benchmark	Benchmark	.#	benchmark
benchmark	Benchmark	.#	bm
benchmark	Benchmark	.#	bmbm
benchmark	Benchmark	.#	measure
benchmark	Benchmark	.#	realtime
benchmark	Benchmark::Job	#	item
benchmark	Benchmark::Job	#	report
benchmark	Benchmark::Job	#	list
benchmark	Benchmark::Job	#	width
benchmark	Benchmark::Job	.	new
benchmark	Benchmark::Report	#	item
benchmark	Benchmark::Report	#	report
benchmark	Benchmark::Report	#	list
benchmark	Benchmark::Report	.	new
benchmark	Benchmark::Tms	::	CAPTION
benchmark	Benchmark::Tms	::	FORMAT
benchmark	Benchmark::Tms	#	*
benchmark	Benchmark::Tms	#	+
benchmark	Benchmark::Tms	#	-
benchmark	Benchmark::Tms	#	/
benchmark	Benchmark::Tms	#	add
benchmark	Benchmark::Tms	#	add!
benchmark	Benchmark::Tms	#	cstime
benchmark	Benchmark::Tms	#	cutime
benchmark	Benchmark::Tms	#	format
benchmark	Benchmark::Tms	#	label
benchmark	Benchmark::Tms	#	memberwise
benchmark	Benchmark::Tms	#	real
benchmark	Benchmark::Tms	#	stime
benchmark	Benchmark::Tms	#	to_a
benchmark	Benchmark::Tms	#	to_s
benchmark	Benchmark::Tms	#	total
benchmark	Benchmark::Tms	#	utime
benchmark	Benchmark::Tms	.	new
bigdecimal	BigDecimal	::	BASE
bigdecimal	BigDecimal	::	EXCEPTION_ALL
bigdecimal	BigDecimal	::	EXCEPTION_INFINITY
bigdecimal	BigDecimal	::	EXCEPTION_NaN
bigdecimal	BigDecimal	::	EXCEPTION_OVERFLOW
bigdecimal	BigDecimal	::	EXCEPTION_UNDERFLOW
bigdecimal	BigDecimal	::	EXCEPTION_ZERODIVIDE
bigdecimal	BigDecimal	::	INFINITY
bigdecimal	BigDecimal	::	NAN
bigdecimal	BigDecimal	::	ROUND_CEILING
bigdecimal	BigDecimal	::	ROUND_DOWN
bigdecimal	BigDecimal	::	ROUND_FLOOR
bigdecimal	BigDecimal	::	ROUND_HALF_DOWN
bigdecimal	BigDecimal	::	ROUND_HALF_EVEN
bigdecimal	BigDecimal	::	ROUND_HALF_UP
bigdecimal	BigDecimal	::	ROUND_MODE
bigdecimal	BigDecimal	::	ROUND_UP
bigdecimal	BigDecimal	::	SIGN_NEGATIVE_FINITE
bigdecimal	BigDecimal	::	SIGN_NEGATIVE_INFINITE
bigdecimal	BigDecimal	::	SIGN_NEGATIVE_ZERO
bigdecimal	BigDecimal	::	SIGN_NaN
bigdecimal	BigDecimal	::	SIGN_POSITIVE_FINITE
bigdecimal	BigDecimal	::	SIGN_POSITIVE_INFINITE
bigdecimal	BigDecimal	::	SIGN_POSITIVE_ZERO
bigdecimal	BigDecimal	::	VERSION
bigdecimal	BigDecimal	#	%
bigdecimal	BigDecimal	#	modulo
bigdecimal	BigDecimal	#	*
bigdecimal	BigDecimal	#	**
bigdecimal	BigDecimal	#	power
bigdecimal	BigDecimal	#	+
bigdecimal	BigDecimal	#	+@
bigdecimal	BigDecimal	#	-
bigdecimal	BigDecimal	#	-@
bigdecimal	BigDecimal	#	/
bigdecimal	BigDecimal	#	div
bigdecimal	BigDecimal	#	quo
bigdecimal	BigDecimal	#	<
bigdecimal	BigDecimal	#	<=
bigdecimal	BigDecimal	#	<=>
bigdecimal	BigDecimal	#	==
bigdecimal	BigDecimal	#	===
bigdecimal	BigDecimal	#	eql?
bigdecimal	BigDecimal	#	>
bigdecimal	BigDecimal	#	>=
bigdecimal	BigDecimal	#	_dump
bigdecimal	BigDecimal	#	abs
bigdecimal	BigDecimal	#	add
bigdecimal	BigDecimal	#	ceil
bigdecimal	BigDecimal	#	clone
bigdecimal	BigDecimal	#	coerce
bigdecimal	BigDecimal	#	div
bigdecimal	BigDecimal	#	divmod
bigdecimal	BigDecimal	#	dup
bigdecimal	BigDecimal	#	exponent
bigdecimal	BigDecimal	#	finite?
bigdecimal	BigDecimal	#	fix
bigdecimal	BigDecimal	#	floor
bigdecimal	BigDecimal	#	frac
bigdecimal	BigDecimal	#	hash
bigdecimal	BigDecimal	#	infinite?
bigdecimal	BigDecimal	#	inspect
bigdecimal	BigDecimal	#	mult
bigdecimal	BigDecimal	#	nan?
bigdecimal	BigDecimal	#	nonzero?
bigdecimal	BigDecimal	#	precs
bigdecimal	BigDecimal	#	remainder
bigdecimal	BigDecimal	#	round
bigdecimal	BigDecimal	#	sign
bigdecimal	BigDecimal	#	split
bigdecimal	BigDecimal	#	sqrt
bigdecimal	BigDecimal	#	sub
bigdecimal/util	BigDecimal	#	to_d
bigdecimal/util	BigDecimal	#	to_digits
bigdecimal	BigDecimal	#	to_f
bigdecimal	BigDecimal	#	to_i
bigdecimal	BigDecimal	#	to_int
json/add/bigdecimal	BigDecimal	#	to_json
bigdecimal	BigDecimal	#	to_r
bigdecimal	BigDecimal	#	to_s
bigdecimal	BigDecimal	#	truncate
bigdecimal	BigDecimal	#	zero?
bigdecimal	BigDecimal	.	_load
bigdecimal	BigDecimal	.	double_fig
json/add/bigdecimal	BigDecimal	.	json_create
bigdecimal	BigDecimal	.	limit
bigdecimal	BigDecimal	.	mode
bigdecimal	BigDecimal	.	save_exception_mode
bigdecimal	BigDecimal	.	save_limit
bigdecimal	BigDecimal	.	save_rounding_mode
bigdecimal/math	BigMath	.#	E
bigdecimal/math	BigMath	.#	PI
bigdecimal/math	BigMath	.#	atan
bigdecimal/math	BigMath	.#	cos
bigdecimal	BigMath	.#	exp
bigdecimal	BigMath	.#	log
bigdecimal/math	BigMath	.#	sin
bigdecimal/math	BigMath	.#	sqrt
cgi/core	CGI	::	CR
cgi/core	CGI	::	EOL
cgi/core	CGI	::	HTTP_STATUS
cgi/core	CGI	::	LF
cgi/core	CGI	::	MAX_MULTIPART_COUNT
cgi/core	CGI	::	MAX_MULTIPART_LENGTH
cgi/core	CGI	::	NEEDS_BINMODE
cgi/core	CGI	::	PATH_SEPARATOR
cgi/util	CGI	::	RFC822_DAYS
cgi/util	CGI	::	RFC822_MONTHS
cgi/util	CGI	::	TABLE_FOR_ESCAPE_HTML__
cgi/core	CGI	#	accept_charset
cgi/core	CGI	#	header
cgi/core	CGI	#	nph?
cgi/core	CGI	#	out
cgi/core	CGI	#	print
cgi/core	CGI	.	accept_charset
cgi/core	CGI	.	accept_charset=
cgi/util	CGI	.	escape
cgi/util	CGI	.	escapeElement
cgi/util	CGI	.	escape_element
cgi/util	CGI	.	escapeHTML
cgi/util	CGI	.	escape_html
cgi/util	CGI	.	escapeURIComponent
cgi/core	CGI	.	parse
cgi/util	CGI	.	pretty
cgi/util	CGI	.	rfc1123_date
cgi/util	CGI	.	unescape
cgi/util	CGI	.	unescapeElement
cgi/util	CGI	.	unescape_element
cgi/util	CGI	.	unescapeHTML
cgi/util	CGI	.	unescape_html
cgi/util	CGI	.	unescapeURIComponent
cgi/cookie	CGI::Cookie	#	domain
cgi/cookie	CGI::Cookie	#	domain=
cgi/cookie	CGI::Cookie	#	expires
cgi/cookie	CGI::Cookie	#	expires=
cgi/cookie	CGI::Cookie	#	httponly
cgi/cookie	CGI::Cookie	#	httponly=
cgi/cookie	CGI::Cookie	#	name
cgi/cookie	CGI::Cookie	#	name=
cgi/cookie	CGI::Cookie	#	path
cgi/cookie	CGI::Cookie	#	path=
cgi/cookie	CGI::Cookie	#	secure
cgi/cookie	CGI::Cookie	#	secure=
cgi/cookie	CGI::Cookie	#	to_s
cgi/cookie	CGI::Cookie	#	value
cgi/cookie	CGI::Cookie	#	value=
cgi/cookie	CGI::Cookie	.	new
cgi/cookie	CGI::Cookie	.	parse
cgi/html	CGI::Html3	#	doctype
cgi/html	CGI::Html3	#	element_init
cgi/html	CGI::Html4	#	doctype
cgi/html	CGI::Html4	#	element_init
cgi/html	CGI::Html4Fr	#	doctype
cgi/html	CGI::Html4Fr	#	element_init
cgi/html	CGI::Html4Tr	#	doctype
cgi/html	CGI::Html4Tr	#	element_init
cgi/html	CGI::HtmlExtension	#	a
cgi/html	CGI::HtmlExtension	#	base
cgi/html	CGI::HtmlExtension	#	blockquote
cgi/html	CGI::HtmlExtension	#	caption
cgi/html	CGI::HtmlExtension	#	checkbox
cgi/html	CGI::HtmlExtension	#	checkbox_group
cgi/html	CGI::HtmlExtension	#	file_field
cgi/html	CGI::HtmlExtension	#	form
cgi/html	CGI::HtmlExtension	#	hidden
cgi/html	CGI::HtmlExtension	#	html
cgi/html	CGI::HtmlExtension	#	image_button
cgi/html	CGI::HtmlExtension	#	img
cgi/html	CGI::HtmlExtension	#	multipart_form
cgi/html	CGI::HtmlExtension	#	password_field
cgi/html	CGI::HtmlExtension	#	popup_menu
cgi/html	CGI::HtmlExtension	#	scrolling_list
cgi/html	CGI::HtmlExtension	#	radio_button
cgi/html	CGI::HtmlExtension	#	radio_group
cgi/html	CGI::HtmlExtension	#	reset
cgi/html	CGI::HtmlExtension	#	submit
cgi/html	CGI::HtmlExtension	#	text_field
cgi/html	CGI::HtmlExtension	#	textarea
cgi/core	CGI::QueryExtension	#	[]
cgi/core	CGI::QueryExtension	#	accept
cgi/core	CGI::QueryExtension	#	accept_charset
cgi/core	CGI::QueryExtension	#	accept_encoding
cgi/core	CGI::QueryExtension	#	accept_language
cgi/core	CGI::QueryExtension	#	auth_type
cgi/core	CGI::QueryExtension	#	cache_control
cgi/core	CGI::QueryExtension	#	content_length
cgi/core	CGI::QueryExtension	#	content_type
cgi/core	CGI::QueryExtension	#	cookies
cgi/core	CGI::QueryExtension	#	cookies=
cgi/core	CGI::QueryExtension	#	create_body
cgi/core	CGI::QueryExtension	#	files
cgi/core	CGI::QueryExtension	#	from
cgi/core	CGI::QueryExtension	#	gateway_interface
cgi/core	CGI::QueryExtension	#	has_key?
cgi/core	CGI::QueryExtension	#	include?
cgi/core	CGI::QueryExtension	#	key?
cgi/core	CGI::QueryExtension	#	host
cgi/core	CGI::QueryExtension	#	keys
cgi/core	CGI::QueryExtension	#	multipart?
cgi/core	CGI::QueryExtension	#	negotiate
cgi/core	CGI::QueryExtension	#	params
cgi/core	CGI::QueryExtension	#	params=
cgi/core	CGI::QueryExtension	#	path_info
cgi/core	CGI::QueryExtension	#	path_translated
cgi/core	CGI::QueryExtension	#	pragma
cgi/core	CGI::QueryExtension	#	query_string
cgi/core	CGI::QueryExtension	#	raw_cookie
cgi/core	CGI::QueryExtension	#	raw_cookie2
cgi/core	CGI::QueryExtension	#	referer
cgi/core	CGI::QueryExtension	#	remote_addr
cgi/core	CGI::QueryExtension	#	remote_host
cgi/core	CGI::QueryExtension	#	remote_ident
cgi/core	CGI::QueryExtension	#	remote_user
cgi/core	CGI::QueryExtension	#	request_method
cgi/core	CGI::QueryExtension	#	script_name
cgi/core	CGI::QueryExtension	#	server_name
cgi/core	CGI::QueryExtension	#	server_port
cgi/core	CGI::QueryExtension	#	server_protocol
cgi/core	CGI::QueryExtension	#	server_software
cgi/core	CGI::QueryExtension	#	unescape_filename?
cgi/core	CGI::QueryExtension	#	user_agent
cgi/core	CGI::QueryExtension::Value	#	[]
cgi/core	CGI::QueryExtension::Value	#	first
cgi/core	CGI::QueryExtension::Value	#	last
cgi/core	CGI::QueryExtension::Value	#	set_params
cgi/core	CGI::QueryExtension::Value	#	to_a
cgi/core	CGI::QueryExtension::Value	#	to_ary
cgi/session	CGI::Session	#	[]
cgi/session	CGI::Session	#	[]=
cgi/session	CGI::Session	#	close
cgi/session	CGI::Session	#	delete
cgi/session	CGI::Session	#	new_session
cgi/session	CGI::Session	#	session_id
cgi/session	CGI::Session	#	update
cgi/session	CGI::Session	.	callback
cgi/session	CGI::Session	.	new
cgi/session	CGI::Session::FileStore	#	close
cgi/session	CGI::Session::FileStore	#	delete
cgi/session	CGI::Session::FileStore	#	restore
cgi/session	CGI::Session::FileStore	#	update
cgi/session	CGI::Session::FileStore	.	new
cgi/session	CGI::Session::MemoryStore	#	close
cgi/session	CGI::Session::MemoryStore	#	delete
cgi/session	CGI::Session::MemoryStore	#	restore
cgi/session	CGI::Session::MemoryStore	#	update
cgi/session	CGI::Session::MemoryStore	.	new
cgi/session	CGI::Session::NullStore	#	close
cgi/session	CGI::Session::NullStore	#	delete
cgi/session	CGI::Session::NullStore	#	restore
cgi/session	CGI::Session::NullStore	#	update
cgi/session	CGI::Session::NullStore	.	new
cgi/session/pstore	CGI::Session::PStore	#	close
cgi/session/pstore	CGI::Session::PStore	#	delete
cgi/session/pstore	CGI::Session::PStore	#	restore
cgi/session/pstore	CGI::Session::PStore	#	update
cgi/session/pstore	CGI::Session::PStore	.	new
cgi/html	CGI::TagMaker	#	nOE_element_def
cgi/html	CGI::TagMaker	#	nO_element_def
cgi/html	CGI::TagMaker	#	nn_element_def
csv	CSV	::	ConverterEncoding
csv	CSV	::	Converters
csv	CSV	::	DEFAULT_OPTIONS
csv	CSV	::	DateMatcher
csv	CSV	::	DateTimeMatcher
csv	CSV	::	HeaderConverters
csv	CSV	::	VERSION
csv	CSV	#	<<
csv	CSV	#	add_row
csv	CSV	#	puts
csv	CSV	#	binmode
csv	CSV	#	binmode?
csv	CSV	#	close
csv	CSV	#	close_read
csv	CSV	#	close_write
csv	CSV	#	closed?
csv	CSV	#	col_sep
csv	CSV	#	convert
csv	CSV	#	converters
csv	CSV	#	each
csv	CSV	#	encoding
csv	CSV	#	eof
csv	CSV	#	eof?
csv	CSV	#	external_encoding
csv	CSV	#	fcntl
csv	CSV	#	field_size_limit
csv	CSV	#	fileno
csv	CSV	#	to_i
csv	CSV	#	flock
csv	CSV	#	flush
csv	CSV	#	force_quotes?
csv	CSV	#	fsync
csv	CSV	#	gets
csv	CSV	#	readline
csv	CSV	#	shift
csv	CSV	#	header_convert
csv	CSV	#	header_converters
csv	CSV	#	header_row?
csv	CSV	#	headers
csv	CSV	#	inspect
csv	CSV	#	internal_encoding
csv	CSV	#	ioctl
csv	CSV	#	isatty
csv	CSV	#	tty?
csv	CSV	#	lineno
csv	CSV	#	path
csv	CSV	#	pid
csv	CSV	#	pos
csv	CSV	#	tell
csv	CSV	#	pos=
csv	CSV	#	quote_char
csv	CSV	#	read
csv	CSV	#	readlines
csv	CSV	#	reopen
csv	CSV	#	return_headers?
csv	CSV	#	rewind
csv	CSV	#	row_sep
csv	CSV	#	seek
csv	CSV	#	skip_blanks?
csv	CSV	#	stat
csv	CSV	#	string
csv	CSV	#	sync
csv	CSV	#	sync=
csv	CSV	#	to_io
csv	CSV	#	truncate
csv	CSV	#	unconverted_fields?
csv	CSV	#	write_headers?
csv	CSV	.	filter
csv	CSV	.	foreach
csv	CSV	.	generate
csv	CSV	.	generate_line
csv	CSV	.	instance
csv	CSV	.	new
csv	CSV	.	open
csv	CSV	.	parse
csv	CSV	.	parse_line
csv	CSV	.	read
csv	CSV	.	readlines
csv	CSV	.	table
csv	CSV::FieldInfo	#	header
csv	CSV::FieldInfo	#	header=
csv	CSV::FieldInfo	#	index
csv	CSV::FieldInfo	#	index=
csv	CSV::FieldInfo	#	line
csv	CSV::FieldInfo	#	line=
csv	CSV::Row	#	<<
csv	CSV::Row	#	==
csv	CSV::Row	#	[]
csv	CSV::Row	#	field
csv	CSV::Row	#	[]=
csv	CSV::Row	#	deconstruct
csv	CSV::Row	#	deconstruct_keys
csv	CSV::Row	#	delete
csv	CSV::Row	#	delete_if
csv	CSV::Row	#	each
csv	CSV::Row	#	empty?
csv	CSV::Row	#	field?
csv	CSV::Row	#	field_row?
csv	CSV::Row	#	fields
csv	CSV::Row	#	values_at
csv	CSV::Row	#	header?
csv	CSV::Row	#	include?
csv	CSV::Row	#	header_row?
csv	CSV::Row	#	headers
csv	CSV::Row	#	index
csv	CSV::Row	#	inspect
csv	CSV::Row	#	length
csv	CSV::Row	#	size
csv	CSV::Row	#	push
csv	CSV::Row	#	row
csv	CSV::Row	#	to_csv
csv	CSV::Row	#	to_s
csv	CSV::Row	#	to_hash
csv	CSV::Row	.	new
csv	CSV::Table	#	<<
csv	CSV::Table	#	==
csv	CSV::Table	#	[]
csv	CSV::Table	#	[]=
csv	CSV::Table	#	by_col
csv	CSV::Table	#	by_col!
csv	CSV::Table	#	by_col_or_row
csv	CSV::Table	#	by_col_or_row!
csv	CSV::Table	#	by_row
csv	CSV::Table	#	by_row!
csv	CSV::Table	#	delete
csv	CSV::Table	#	delete_if
csv	CSV::Table	#	each
csv	CSV::Table	#	empty?
csv	CSV::Table	#	headers
csv	CSV::Table	#	inspect
csv	CSV::Table	#	length
csv	CSV::Table	#	size
csv	CSV::Table	#	mode
csv	CSV::Table	#	push
csv	CSV::Table	#	table
csv	CSV::Table	#	to_a
csv	CSV::Table	#	to_csv
csv	CSV::Table	#	to_s
csv	CSV::Table	#	values_at
csv	CSV::Table	.	new
json	Class	#	json_creatable?
json/add/complex	Complex	#	to_json
json/add/complex	Complex	.	json_create
continuation	Continuation	#	[]
continuation	Continuation	#	call
coverage	Coverage	.	line_stub
coverage	Coverage	.	peek_result
coverage	Coverage	.	result
coverage	Coverage	.	running?
coverage	Coverage	.	start
drb	DRb	.#	config
drb	DRb	.#	current_server
drb	DRb	.#	front
drb	DRb	.#	here?
drb	DRb	.#	install_acl
drb	DRb	.#	install_id_conv
drb	DRb	.#	primary_server
drb	DRb	.#	primary_server=
drb	DRb	.#	start_service
drb	DRb	.#	stop_service
drb	DRb	.#	thread
drb	DRb	.#	uri
drb	DRb::DRbIdConv	#	to_id
drb	DRb::DRbIdConv	#	to_obj
drb	DRb::DRbObject	#	==
drb	DRb::DRbObject	#	eql?
drb	DRb::DRbObject	#	__drbref
drb	DRb::DRbObject	#	__drburi
drb	DRb::DRbObject	.	new_with_uri
drb	DRb::DRbProtocol	.#	add_protocol
drb	DRb::DRbRemoteError	#	reason
drb	DRb::DRbServer	::	INSECURE_METHOD
drb	DRb::DRbServer	#	alive?
drb	DRb::DRbServer	#	config
drb	DRb::DRbServer	#	front
drb	DRb::DRbServer	#	here?
drb	DRb::DRbServer	#	stop_service
drb	DRb::DRbServer	#	thread
drb	DRb::DRbServer	#	uri
drb	DRb::DRbServer	#	verbose
drb	DRb::DRbServer	#	verbose=
drb	DRb::DRbServer	.	default_acl
drb	DRb::DRbServer	.	default_argc_limit
drb	DRb::DRbServer	.	default_id_conv
drb	DRb::DRbServer	.	default_load_limit
drb	DRb::DRbServer	.	new
drb	DRb::DRbServer	.	verbose
drb	DRb::DRbServer	.	verbose=
drb/unix	DRb::DRbUNIXSocket	#	accept
drb/unix	DRb::DRbUNIXSocket	#	close
drb/unix	DRb::DRbUNIXSocket	#	uri
drb/unix	DRb::DRbUNIXSocket	.	open
drb/unix	DRb::DRbUNIXSocket	.	open_server
drb/unix	DRb::DRbUNIXSocket	.	uri_option
drb	DRb::DRbUnknown	#	buf
drb	DRb::DRbUnknown	#	exception
drb	DRb::DRbUnknown	#	name
drb	DRb::DRbUnknown	#	reload
drb	DRb::DRbUnknownError	#	unknown
drb/extserv	DRb::ExtServ	#	alive?
drb/extserv	DRb::ExtServ	#	front
drb/extserv	DRb::ExtServ	#	server
drb/extserv	DRb::ExtServ	#	stop_service
drb/extserv	DRb::ExtServ	.	new
drb/extservm	DRb::ExtServManager	#	service
drb/extservm	DRb::ExtServManager	#	uri
drb/extservm	DRb::ExtServManager	#	uri=
drb/extservm	DRb::ExtServManager	.	command
drb/extservm	DRb::ExtServManager	.	command=
drb/extservm	DRb::ExtServManager	.	new
drb/gw	DRb::GW	#	[]
drb/gw	DRb::GW	#	[]=
drb/gw	DRb::GW	.	new
drb/timeridconv	DRb::TimerIdConv	#	to_id
drb/timeridconv	DRb::TimerIdConv	#	to_obj
drb/timeridconv	DRb::TimerIdConv	.	new
date	Date	::	ENGLAND
date	Date	::	GREGORIAN
date	Date	::	ITALY
date	Date	::	JULIAN
date	Date	#	+
date	Date	#	-
date	Date	#	<<
date	Date	#	<=>
date	Date	#	===
date	Date	#	>>
date	Date	#	ajd
date	Date	#	amjd
date	Date	#	asctime
date	Date	#	ctime
date	Date	#	cwday
date	Date	#	cweek
date	Date	#	cwyear
date	Date	#	day
date	Date	#	mday
date	Date	#	deconstruct_keys
date	Date	#	downto
date	Date	#	england
date	Date	#	friday?
date	Date	#	gregorian
date	Date	#	gregorian?
date	Date	#	httpdate
date	Date	#	iso8601
date	Date	#	italy
date	Date	#	jd
date	Date	#	jisx0301
date	Date	#	julian
date	Date	#	julian?
date	Date	#	ld
date	Date	#	leap?
date	Date	#	mjd
date	Date	#	mon
date	Date	#	month
date	Date	#	monday?
date	Date	#	new_start
date	Date	#	next
date	Date	#	succ
date	Date	#	next_day
date	Date	#	next_month
date	Date	#	next_year
date	Date	#	prev_day
date	Date	#	prev_month
date	Date	#	prev_year
date	Date	#	rfc2822
date	Date	#	rfc822
date	Date	#	rfc3339
date	Date	#	saturday?
date	Date	#	start
date	Date	#	step
date	Date	#	strftime
date	Date	#	sunday?
date	Date	#	thursday?
date	Date	#	to_date
date	Date	#	to_datetime
json/add/date	Date	#	to_json
date	Date	#	to_s
date	Date	#	to_time
date	Date	#	tuesday?
date	Date	#	upto
date	Date	#	wday
date	Date	#	wednesday?
date	Date	#	xmlschema
date	Date	#	yday
date	Date	#	year
date	Date	.	_httpdate
date	Date	.	_iso8601
date	Date	.	_jisx0301
date	Date	.	_parse
date	Date	.	_rfc2822
date	Date	.	_rfc822
date	Date	.	_rfc3339
date	Date	.	_strptime
date	Date	.	_xmlschema
date	Date	.	civil
date	Date	.	new
date	Date	.	commercial
date	Date	.	gregorian_leap?
date	Date	.	leap?
date	Date	.	httpdate
date	Date	.	iso8601
date	Date	.	jd
date	Date	.	jisx0301
json/add/date	Date	.	json_create
date	Date	.	julian_leap?
date	Date	.	ordinal
date	Date	.	parse
date	Date	.	rfc2822
date	Date	.	rfc822
date	Date	.	rfc3339
date	Date	.	strptime
date	Date	.	today
date	Date	.	valid_civil?
date	Date	.	valid_date?
date	Date	.	valid_commercial?
date	Date	.	valid_jd?
date	Date	.	valid_ordinal?
date	Date	.	xmlschema
date	DateTime	#	deconstruct_keys
date	DateTime	#	hour
date	DateTime	#	iso8601
date	DateTime	#	rfc3339
date	DateTime	#	xmlschema
date	DateTime	#	jisx0301
date	DateTime	#	min
date	DateTime	#	minute
date	DateTime	#	new_offset
date	DateTime	#	offset
date	DateTime	#	sec
date	DateTime	#	second
date	DateTime	#	sec_fraction
date	DateTime	#	second_fraction
date	DateTime	#	to_date
date	DateTime	#	to_datetime
json/add/date_time	DateTime	#	to_json
date	DateTime	#	to_time
date	DateTime	#	zone
date	DateTime	.	_strptime
date	DateTime	.	civil
date	DateTime	.	new
date	DateTime	.	commercial
date	DateTime	.	httpdate
date	DateTime	.	iso8601
date	DateTime	.	jd
date	DateTime	.	jisx0301
json/add/date_time	DateTime	.	json_create
date	DateTime	.	now
date	DateTime	.	ordinal
date	DateTime	.	parse
date	DateTime	.	rfc2822
date	DateTime	.	rfc822
date	DateTime	.	rfc3339
date	DateTime	.	strptime
date	DateTime	.	today
date	DateTime	.	xmlschema
delegate	Delegator	#	!
delegate	Delegator	#	!=
delegate	Delegator	#	==
delegate	Delegator	#	__getobj__
delegate	Delegator	#	__setobj__
delegate	Delegator	#	freeze
delegate	Delegator	#	marshal_dump
delegate	Delegator	#	marshal_load
delegate	Delegator	#	method_missing
delegate	Delegator	#	methods
delegate	Delegator	#	protected_methods
delegate	Delegator	#	public_methods
delegate	Delegator	#	respond_to?
delegate	Delegator	#	respond_to_missing?
digest/bubblebabble	Digest	.#	bubblebabble
digest	Digest	.#	hexencode
digest	Digest::Base	#	<<
digest	Digest::Base	#	update
digest	Digest::Base	#	==
digest	Digest::Base	#	base64digest
digest	Digest::Base	#	base64digest!
digest	Digest::Base	#	block_length
digest	Digest::Base	#	clone
digest	Digest::Base	#	dup
digest	Digest::Base	#	digest
digest	Digest::Base	#	digest!
digest	Digest::Base	#	digest_length
digest	Digest::Base	#	length
digest	Digest::Base	#	size
digest	Digest::Base	#	file
digest	Digest::Base	#	hexdigest
digest	Digest::Base	#	to_s
digest	Digest::Base	#	hexdigest!
digest	Digest::Base	#	reset
digest	Digest::Base	.	base64digest
digest	Digest::Base	.	digest
digest	Digest::Base	.	file
digest	Digest::Base	.	hexdigest
digest	Digest::Base	.	new
digest/sha2	Digest::SHA2	#	block_length
digest/sha2	Digest::SHA2	#	digest_length
digest/sha2	Digest::SHA2	.	new
tmpdir	Dir	.	mktmpdir
tmpdir	Dir	.	tmpdir
erb	ERB	#	def_class
erb	ERB	#	def_method
erb	ERB	#	def_module
erb	ERB	#	filename
erb	ERB	#	filename=
erb	ERB	#	result
erb	ERB	#	result_with_hash
erb	ERB	#	run
erb	ERB	#	set_eoutvar
erb	ERB	#	src
erb	ERB	.	new
erb	ERB	.	version
erb	ERB::DefMethod	.#	def_erb_method
erb	ERB::Util	.#	h
erb	ERB::Util	.#	html_escape
erb	ERB::Util	.#	u
erb	ERB::Util	.#	url_encode
etc	Etc	::	CS_GNU_LIBC_VERSION
etc	Etc	::	CS_GNU_LIBPTHREAD_VERSION
etc	Etc	::	CS_PATH
etc	Etc	::	CS_POSIX_V6_ILP32_OFF32_CFLAGS
etc	Etc	::	CS_POSIX_V6_ILP32_OFF32_LDFLAGS
etc	Etc	::	CS_POSIX_V6_ILP32_OFF32_LIBS
etc	Etc	::	CS_POSIX_V6_ILP32_OFFBIG_CFLAGS
etc	Etc	::	CS_POSIX_V6_ILP32_OFFBIG_LDFLAGS
etc	Etc	::	CS_POSIX_V6_ILP32_OFFBIG_LIBS
etc	Etc	::	CS_POSIX_V6_LP64_OFF64_CFLAGS
etc	Etc	::	CS_POSIX_V6_LP64_OFF64_LDFLAGS
etc	Etc	::	CS_POSIX_V6_LP64_OFF64_LIBS
etc	Etc	::	CS_POSIX_V6_LPBIG_OFFBIG_CFLAGS
etc	Etc	::	CS_POSIX_V6_LPBIG_OFFBIG_LDFLAGS
etc	Etc	::	CS_POSIX_V6_LPBIG_OFFBIG_LIBS
etc	Etc	::	CS_POSIX_V6_WIDTH_RESTRICTED_ENVS
etc	Etc	::	CS_POSIX_V7_ILP32_OFF32_CFLAGS
etc	Etc	::	CS_POSIX_V7_ILP32_OFF32_LDFLAGS
etc	Etc	::	CS_POSIX_V7_ILP32_OFF32_LIBS
etc	Etc	::	CS_POSIX_V7_ILP32_OFFBIG_CFLAGS
etc	Etc	::	CS_POSIX_V7_ILP32_OFFBIG_LDFLAGS
etc	Etc	::	CS_POSIX_V7_ILP32_OFFBIG_LIBS
etc	Etc	::	CS_POSIX_V7_LP64_OFF64_CFLAGS
etc	Etc	::	CS_POSIX_V7_LP64_OFF64_LDFLAGS
etc	Etc	::	CS_POSIX_V7_LP64_OFF64_LIBS
etc	Etc	::	CS_POSIX_V7_LPBIG_OFFBIG_CFLAGS
etc	Etc	::	CS_POSIX_V7_LPBIG_OFFBIG_LDFLAGS
etc	Etc	::	CS_POSIX_V7_LPBIG_OFFBIG_LIBS
etc	Etc	::	CS_POSIX_V7_THREADS_CFLAGS
etc	Etc	::	CS_POSIX_V7_THREADS_LDFLAGS
etc	Etc	::	CS_POSIX_V7_WIDTH_RESTRICTED_ENVS
etc	Etc	::	CS_V6_ENV
etc	Etc	::	CS_V7_ENV
etc	Etc	::	PC_2_SYMLINKS
etc	Etc	::	PC_ALLOC_SIZE_MIN
etc	Etc	::	PC_ASYNC_IO
etc	Etc	::	PC_CHOWN_RESTRICTED
etc	Etc	::	PC_FILESIZEBITS
etc	Etc	::	PC_LINK_MAX
etc	Etc	::	PC_MAX_CANON
etc	Etc	::	PC_MAX_INPUT
etc	Etc	::	PC_NAME_MAX
etc	Etc	::	PC_NO_TRUNC
etc	Etc	::	PC_PATH_MAX
etc	Etc	::	PC_PIPE_BUF
etc	Etc	::	PC_PRIO_IO
etc	Etc	::	PC_REC_INCR_XFER_SIZE
etc	Etc	::	PC_REC_MAX_XFER_SIZE
etc	Etc	::	PC_REC_MIN_XFER_SIZE
etc	Etc	::	PC_REC_XFER_ALIGN
etc	Etc	::	PC_SYMLINK_MAX
etc	Etc	::	PC_SYNC_IO
etc	Etc	::	PC_TIMESTAMP_RESOLUTION
etc	Etc	::	PC_VDISABLE
etc	Etc	::	SC_2_CHAR_TERM
etc	Etc	::	SC_2_C_BIND
etc	Etc	::	SC_2_C_DEV
etc	Etc	::	SC_2_FORT_DEV
etc	Etc	::	SC_2_FORT_RUN
etc	Etc	::	SC_2_LOCALEDEF
etc	Etc	::	SC_2_PBS
etc	Etc	::	SC_2_PBS_ACCOUNTING
etc	Etc	::	SC_2_PBS_CHECKPOINT
etc	Etc	::	SC_2_PBS_LOCATE
etc	Etc	::	SC_2_PBS_MESSAGE
etc	Etc	::	SC_2_PBS_TRACK
etc	Etc	::	SC_2_SW_DEV
etc	Etc	::	SC_2_UPE
etc	Etc	::	SC_2_VERSION
etc	Etc	::	SC_ADVISORY_INFO
etc	Etc	::	SC_AIO_LISTIO_MAX
etc	Etc	::	SC_AIO_MAX
etc	Etc	::	SC_AIO_PRIO_DELTA_MAX
etc	Etc	::	SC_ARG_MAX
etc	Etc	::	SC_ASYNCHRONOUS_IO
etc	Etc	::	SC_ATEXIT_MAX
etc	Etc	::	SC_AVPHYS_PAGES
etc	Etc	::	SC_BARRIERS
etc	Etc	::	SC_BC_BASE_MAX
etc	Etc	::	SC_BC_DIM_MAX
etc	Etc	::	SC_BC_SCALE_MAX
etc	Etc	::	SC_BC_STRING_MAX
etc	Etc	::	SC_CHILD_MAX
etc	Etc	::	SC_CLK_TCK
etc	Etc	::	SC_CLOCK_SELECTION
etc	Etc	::	SC_COLL_WEIGHTS_MAX
etc	Etc	::	SC_CPUSET_SIZE
etc	Etc	::	SC_CPUTIME
etc	Etc	::	SC_DELAYTIMER_MAX
etc	Etc	::	SC_EXPR_NEST_MAX
etc	Etc	::	SC_FSYNC
etc	Etc	::	SC_GETGR_R_SIZE_MAX
etc	Etc	::	SC_GETPW_R_SIZE_MAX
etc	Etc	::	SC_HOST_NAME_MAX
etc	Etc	::	SC_IOV_MAX
etc	Etc	::	SC_IPV6
etc	Etc	::	SC_JOB_CONTROL
etc	Etc	::	SC_LINE_MAX
etc	Etc	::	SC_LOGIN_NAME_MAX
etc	Etc	::	SC_MAPPED_FILES
etc	Etc	::	SC_MEMLOCK
etc	Etc	::	SC_MEMLOCK_RANGE
etc	Etc	::	SC_MEMORY_PROTECTION
etc	Etc	::	SC_MESSAGE_PASSING
etc	Etc	::	SC_MONOTONIC_CLOCK
etc	Etc	::	SC_MQ_OPEN_MAX
etc	Etc	::	SC_MQ_PRIO_MAX
etc	Etc	::	SC_NGROUPS_MAX
etc	Etc	::	SC_NPROCESSORS_CONF
etc	Etc	::	SC_NPROCESSORS_ONLN
etc	Etc	::	SC_OPEN_MAX
etc	Etc	::	SC_PAGESIZE
etc	Etc	::	SC_PAGE_SIZE
etc	Etc	::	SC_PHYS_PAGES
etc	Etc	::	SC_PRIORITIZED_IO
etc	Etc	::	SC_PRIORITY_SCHEDULING
etc	Etc	::	SC_RAW_SOCKETS
etc	Etc	::	SC_READER_WRITER_LOCKS
etc	Etc	::	SC_REALTIME_SIGNALS
etc	Etc	::	SC_REGEXP
etc	Etc	::	SC_RE_DUP_MAX
etc	Etc	::	SC_RTSIG_MAX
etc	Etc	::	SC_SAVED_IDS
etc	Etc	::	SC_SEMAPHORES
etc	Etc	::	SC_SEM_NSEMS_MAX
etc	Etc	::	SC_SEM_VALUE_MAX
etc	Etc	::	SC_SHARED_MEMORY_OBJECTS
etc	Etc	::	SC_SHELL
etc	Etc	::	SC_SIGQUEUE_MAX
etc	Etc	::	SC_SPAWN
etc	Etc	::	SC_SPIN_LOCKS
etc	Etc	::	SC_SPORADIC_SERVER
etc	Etc	::	SC_SS_REPL_MAX
etc	Etc	::	SC_STREAM_MAX
etc	Etc	::	SC_SYMLOOP_MAX
etc	Etc	::	SC_SYNCHRONIZED_IO
etc	Etc	::	SC_THREADS
etc	Etc	::	SC_THREAD_ATTR_STACKADDR
etc	Etc	::	SC_THREAD_ATTR_STACKSIZE
etc	Etc	::	SC_THREAD_CPUTIME
etc	Etc	::	SC_THREAD_DESTRUCTOR_ITERATIONS
etc	Etc	::	SC_THREAD_KEYS_MAX
etc	Etc	::	SC_THREAD_PRIORITY_SCHEDULING
etc	Etc	::	SC_THREAD_PRIO_INHERIT
etc	Etc	::	SC_THREAD_PRIO_PROTECT
etc	Etc	::	SC_THREAD_PROCESS_SHARED
etc	Etc	::	SC_THREAD_ROBUST_PRIO_INHERIT
etc	Etc	::	SC_THREAD_ROBUST_PRIO_PROTECT
etc	Etc	::	SC_THREAD_SAFE_FUNCTIONS
etc	Etc	::	SC_THREAD_SPORADIC_SERVER
etc	Etc	::	SC_THREAD_STACK_MIN
etc	Etc	::	SC_THREAD_THREADS_MAX
etc	Etc	::	SC_TIMEOUTS
etc	Etc	::	SC_TIMERS
etc	Etc	::	SC_TIMER_MAX
etc	Etc	::	SC_TRACE
etc	Etc	::	SC_TRACE_EVENT_FILTER
etc	Etc	::	SC_TRACE_EVENT_NAME_MAX
etc	Etc	::	SC_TRACE_INHERIT
etc	Etc	::	SC_TRACE_LOG
etc	Etc	::	SC_TRACE_NAME_MAX
etc	Etc	::	SC_TRACE_SYS_MAX
etc	Etc	::	SC_TRACE_USER_EVENT_MAX
etc	Etc	::	SC_TTY_NAME_MAX
etc	Etc	::	SC_TYPED_MEMORY_OBJECTS
etc	Etc	::	SC_TZNAME_MAX
etc	Etc	::	SC_V6_ILP32_OFF32
etc	Etc	::	SC_V6_ILP32_OFFBIG
etc	Etc	::	SC_V6_LP64_OFF64
etc	Etc	::	SC_V6_LPBIG_OFFBIG
etc	Etc	::	SC_V7_ILP32_OFF32
etc	Etc	::	SC_V7_ILP32_OFFBIG
etc	Etc	::	SC_V7_LP64_OFF64
etc	Etc	::	SC_V7_LPBIG_OFFBIG
etc	Etc	::	SC_VERSION
etc	Etc	::	SC_XOPEN_CRYPT
etc	Etc	::	SC_XOPEN_ENH_I18N
etc	Etc	::	SC_XOPEN_REALTIME
etc	Etc	::	SC_XOPEN_REALTIME_THREADS
etc	Etc	::	SC_XOPEN_SHM
etc	Etc	::	SC_XOPEN_STREAMS
etc	Etc	::	SC_XOPEN_UNIX
etc	Etc	::	SC_XOPEN_UUCP
etc	Etc	::	SC_XOPEN_VERSION
etc	Etc	.#	confstr
etc	Etc	.#	endgrent
etc	Etc	.#	endpwent
etc	Etc	.#	getgrent
etc	Etc	.#	getgrgid
etc	Etc	.#	getgrnam
etc	Etc	.#	getlogin
etc	Etc	.#	getpwent
etc	Etc	.#	getpwnam
etc	Etc	.#	getpwuid
etc	Etc	.#	group
etc	Etc	.#	nprocessors
etc	Etc	.#	passwd
etc	Etc	.#	setgrent
etc	Etc	.#	setpwent
etc	Etc	.#	sysconf
etc	Etc	.#	sysconfdir
etc	Etc	.#	systmpdir
etc	Etc	.#	uname
etc	Etc::Group	#	gid
etc	Etc::Group	#	gid=
etc	Etc::Group	#	mem
etc	Etc::Group	#	mem=
etc	Etc::Group	#	name
etc	Etc::Group	#	name=
etc	Etc::Group	#	passwd
etc	Etc::Group	#	passwd=
etc	Etc::Group	.	each
etc	Etc::Passwd	#	age
etc	Etc::Passwd	#	age=
etc	Etc::Passwd	#	change
etc	Etc::Passwd	#	change=
etc	Etc::Passwd	#	comment
etc	Etc::Passwd	#	comment=
etc	Etc::Passwd	#	dir
etc	Etc::Passwd	#	dir=
etc	Etc::Passwd	#	expire
etc	Etc::Passwd	#	expire=
etc	Etc::Passwd	#	gecos
etc	Etc::Passwd	#	gecos=
etc	Etc::Passwd	#	gid
etc	Etc::Passwd	#	gid=
etc	Etc::Passwd	#	name
etc	Etc::Passwd	#	name=
etc	Etc::Passwd	#	passwd
etc	Etc::Passwd	#	passwd=
etc	Etc::Passwd	#	quota
etc	Etc::Passwd	#	quota=
etc	Etc::Passwd	#	shell
etc	Etc::Passwd	#	shell=
etc	Etc::Passwd	#	uclass
etc	Etc::Passwd	#	uclass=
etc	Etc::Passwd	#	uid
etc	Etc::Passwd	#	uid=
etc	Etc::Passwd	.	each
json/add/exception	Exception	#	to_json
json/add/exception	Exception	.	json_create
fcntl	Fcntl	::	FD_CLOEXEC
fcntl	Fcntl	::	F_DUPFD
fcntl	Fcntl	::	F_GETFD
fcntl	Fcntl	::	F_GETFL
fcntl	Fcntl	::	F_GETLK
fcntl	Fcntl	::	F_RDLCK
fcntl	Fcntl	::	F_SETFD
fcntl	Fcntl	::	F_SETFL
fcntl	Fcntl	::	F_SETLK
fcntl	Fcntl	::	F_SETLKW
fcntl	Fcntl	::	F_UNLCK
fcntl	Fcntl	::	F_WRLCK
fcntl	Fcntl	::	O_ACCMODE
fcntl	Fcntl	::	O_APPEND
fcntl	Fcntl	::	O_CREAT
fcntl	Fcntl	::	O_EXCL
fcntl	Fcntl	::	O_NDELAY
fcntl	Fcntl	::	O_NONBLOCK
fcntl	Fcntl	::	O_NOCTTY
fcntl	Fcntl	::	O_RDONLY
fcntl	Fcntl	::	O_RDWR
fcntl	Fcntl	::	O_TRUNC
fcntl	Fcntl	::	O_WRONLY
fiddle	Fiddle	::	ALIGN_CHAR
fiddle	Fiddle	::	ALIGN_DOUBLE
fiddle	Fiddle	::	ALIGN_FLOAT
fiddle	Fiddle	::	ALIGN_INT
fiddle	Fiddle	::	ALIGN_INTPTR_T
fiddle	Fiddle	::	ALIGN_LONG
fiddle	Fiddle	::	ALIGN_LONG_LONG
fiddle	Fiddle	::	ALIGN_PTRDIFF_T
fiddle	Fiddle	::	ALIGN_SHORT
fiddle	Fiddle	::	ALIGN_SIZE_T
fiddle	Fiddle	::	ALIGN_SSIZE_T
fiddle	Fiddle	::	ALIGN_UINTPTR_T
fiddle	Fiddle	::	ALIGN_VOIDP
fiddle	Fiddle	::	BUILD_RUBY_PLATFORM
fiddle	Fiddle	::	NULL
fiddle	Fiddle	::	RUBY_FREE
fiddle	Fiddle	::	SIZEOF_CHAR
fiddle	Fiddle	::	SIZEOF_DOUBLE
fiddle	Fiddle	::	SIZEOF_FLOAT
fiddle	Fiddle	::	SIZEOF_INT
fiddle	Fiddle	::	SIZEOF_INTPTR_T
fiddle	Fiddle	::	SIZEOF_LONG
fiddle	Fiddle	::	SIZEOF_LONG_LONG
fiddle	Fiddle	::	SIZEOF_PTRDIFF_T
fiddle	Fiddle	::	SIZEOF_SHORT
fiddle	Fiddle	::	SIZEOF_SIZE_T
fiddle	Fiddle	::	SIZEOF_SSIZE_T
fiddle	Fiddle	::	SIZEOF_UINTPTR_T
fiddle	Fiddle	::	SIZEOF_VOIDP
fiddle	Fiddle	::	TYPE_CHAR
fiddle	Fiddle	::	TYPE_DOUBLE
fiddle	Fiddle	::	TYPE_FLOAT
fiddle	Fiddle	::	TYPE_INT
fiddle	Fiddle	::	TYPE_INTPTR_T
fiddle	Fiddle	::	TYPE_LONG
fiddle	Fiddle	::	TYPE_LONG_LONG
fiddle	Fiddle	::	TYPE_PTRDIFF_T
fiddle	Fiddle	::	TYPE_SHORT
fiddle	Fiddle	::	TYPE_SIZE_T
fiddle	Fiddle	::	TYPE_SSIZE_T
fiddle	Fiddle	::	TYPE_UINTPTR_T
fiddle	Fiddle	::	TYPE_VOID
fiddle	Fiddle	::	TYPE_VOIDP
fiddle	Fiddle	::	WINDOWS
fiddle	Fiddle	.#	dlopen
fiddle	Fiddle	.#	dlunwrap
fiddle	Fiddle	.#	dlwrap
fiddle	Fiddle	.#	free
fiddle	Fiddle	.#	malloc
fiddle	Fiddle	.#	realloc
fiddle	Fiddle	.	last_error
fiddle	Fiddle	.	last_error=
fiddle	Fiddle	.	win32_last_error
fiddle	Fiddle	.	win32_last_error=
fiddle/import	Fiddle::CStruct	#	to_i
fiddle/import	Fiddle::CStruct	#	to_ptr
fiddle/import	Fiddle::CStruct	.	malloc
fiddle/import	Fiddle::CStruct	.	new
fiddle/import	Fiddle::CStruct	.	size
fiddle	Fiddle::Closure	#	args
fiddle	Fiddle::Closure	#	ctype
fiddle	Fiddle::Closure	#	to_i
fiddle	Fiddle::Closure	.	new
fiddle	Fiddle::Closure::BlockCaller	#	call
fiddle	Fiddle::Closure::BlockCaller	.	new
fiddle	Fiddle::Function	::	DEFAULT
fiddle	Fiddle::Function	::	STDCALL
fiddle	Fiddle::Function	#	abi
fiddle	Fiddle::Function	#	call
fiddle	Fiddle::Function	#	name
fiddle	Fiddle::Function	#	ptr
fiddle	Fiddle::Function	#	to_i
fiddle	Fiddle::Function	.	new
fiddle	Fiddle::Handle	::	DEFAULT
fiddle	Fiddle::Handle	::	NEXT
fiddle	Fiddle::Handle	::	RTLD_GLOBAL
fiddle	Fiddle::Handle	::	RTLD_LAZY
fiddle	Fiddle::Handle	::	RTLD_NOW
fiddle	Fiddle::Handle	#	[]
fiddle	Fiddle::Handle	#	sym
fiddle	Fiddle::Handle	#	close
fiddle	Fiddle::Handle	#	close_enabled?
fiddle	Fiddle::Handle	#	disable_close
fiddle	Fiddle::Handle	#	enable_close
fiddle	Fiddle::Handle	#	to_i
fiddle	Fiddle::Handle	.	[]
fiddle	Fiddle::Handle	.	sym
fiddle	Fiddle::Handle	.	new
fiddle/import	Fiddle::Importer	#	[]
fiddle/import	Fiddle::Importer	#	bind
fiddle/import	Fiddle::Importer	#	create_value
fiddle/import	Fiddle::Importer	#	value
fiddle/import	Fiddle::Importer	#	dlload
fiddle/import	Fiddle::Importer	#	extern
fiddle/import	Fiddle::Importer	#	import_symbol
fiddle/import	Fiddle::Importer	#	sizeof
fiddle/import	Fiddle::Importer	#	struct
fiddle/import	Fiddle::Importer	#	typealias
fiddle/import	Fiddle::Importer	#	union
fiddle	Fiddle::MemoryView	#	[]
fiddle	Fiddle::MemoryView	#	byte_size
fiddle	Fiddle::MemoryView	#	format
fiddle	Fiddle::MemoryView	#	item_size
fiddle	Fiddle::MemoryView	#	ndim
fiddle	Fiddle::MemoryView	#	obj
fiddle	Fiddle::MemoryView	#	readonly?
fiddle	Fiddle::MemoryView	#	release
fiddle	Fiddle::MemoryView	#	shape
fiddle	Fiddle::MemoryView	#	strides
fiddle	Fiddle::MemoryView	#	sub_offsets
fiddle	Fiddle::MemoryView	#	to_s
fiddle	Fiddle::MemoryView	.	export
fiddle	Fiddle::MemoryView	.	new
fiddle	Fiddle::Pointer	#	+
fiddle	Fiddle::Pointer	#	+@
fiddle	Fiddle::Pointer	#	ptr
fiddle	Fiddle::Pointer	#	-
fiddle	Fiddle::Pointer	#	-@
fiddle	Fiddle::Pointer	#	ref
fiddle	Fiddle::Pointer	#	<=>
fiddle	Fiddle::Pointer	#	==
fiddle	Fiddle::Pointer	#	eql?
fiddle	Fiddle::Pointer	#	[]
fiddle	Fiddle::Pointer	#	[]=
fiddle	Fiddle::Pointer	#	free
fiddle	Fiddle::Pointer	#	free=
fiddle	Fiddle::Pointer	#	null?
fiddle	Fiddle::Pointer	#	size
fiddle	Fiddle::Pointer	#	size=
fiddle	Fiddle::Pointer	#	to_i
fiddle	Fiddle::Pointer	#	to_int
fiddle	Fiddle::Pointer	#	to_s
fiddle	Fiddle::Pointer	#	to_str
fiddle	Fiddle::Pointer	#	to_value
fiddle	Fiddle::Pointer	.	[]
fiddle	Fiddle::Pointer	.	to_ptr
fiddle	Fiddle::Pointer	.	malloc
fiddle	Fiddle::Pointer	.	new
fileutils	FileUtils	::	METHODS
fileutils	FileUtils	::	OPT_TABLE
rake	FileUtils	#	ruby
rake	FileUtils	#	safe_ln
rake	FileUtils	#	sh
rake	FileUtils	#	split_all
fileutils	FileUtils	.#	cd
fileutils	FileUtils	.#	chdir
fileutils	FileUtils	.#	chmod
fileutils	FileUtils	.#	chmod_R
fileutils	FileUtils	.#	chown
fileutils	FileUtils	.#	chown_R
fileutils	FileUtils	.#	cmp
fileutils	FileUtils	.#	compare_file
fileutils	FileUtils	.#	identical?
fileutils	FileUtils	.#	compare_stream
fileutils	FileUtils	.#	copy
fileutils	FileUtils	.#	cp
fileutils	FileUtils	.#	copy_entry
fileutils	FileUtils	.#	copy_file
fileutils	FileUtils	.#	copy_stream
fileutils	FileUtils	.#	cp_lr
fileutils	FileUtils	.#	cp_r
fileutils	FileUtils	.#	getwd
fileutils	FileUtils	.#	pwd
fileutils	FileUtils	.#	install
fileutils	FileUtils	.#	link
fileutils	FileUtils	.#	ln
fileutils	FileUtils	.#	ln_s
fileutils	FileUtils	.#	symlink
fileutils	FileUtils	.#	ln_sf
fileutils	FileUtils	.#	ln_sr
fileutils	FileUtils	.#	makedirs
fileutils	FileUtils	.#	mkdir_p
fileutils	FileUtils	.#	mkpath
fileutils	FileUtils	.#	mkdir
fileutils	FileUtils	.#	move
fileutils	FileUtils	.#	mv
fileutils	FileUtils	.#	remove
fileutils	FileUtils	.#	rm
fileutils	FileUtils	.#	remove_dir
fileutils	FileUtils	.#	remove_entry
fileutils	FileUtils	.#	remove_entry_secure
fileutils	FileUtils	.#	remove_file
fileutils	FileUtils	.#	rm_f
fileutils	FileUtils	.#	safe_unlink
fileutils	FileUtils	.#	rm_r
fileutils	FileUtils	.#	rm_rf
fileutils	FileUtils	.#	rmtree
fileutils	FileUtils	.#	rmdir
fileutils	FileUtils	.#	touch
fileutils	FileUtils	.#	uptodate?
fileutils	FileUtils	.	collect_method
fileutils	FileUtils	.	commands
fileutils	FileUtils	.	have_option?
fileutils	FileUtils	.	options
fileutils	FileUtils	.	options_of
find	Find	.#	find
find	Find	.#	prune
bigdecimal/util	Float	#	to_d
forwardable	Forwardable	::	FORWARDABLE_VERSION
forwardable	Forwardable	#	def_delegator
forwardable	Forwardable	#	def_instance_delegator
forwardable	Forwardable	#	def_delegators
forwardable	Forwardable	#	def_instance_delegators
forwardable	Forwardable	#	delegate
forwardable	Forwardable	#	instance_delegate
forwardable	Forwardable	.	debug
forwardable	Forwardable	.	debug=
rubygems	Gem	::	ConfigMap
rubygems	Gem	::	RubyGemsVersion
rubygems	Gem	::	WIN_PATTERNS
rubygems	Gem	.#	clear_paths
rubygems	Gem	.#	dir
rubygems	Gem	.#	ensure_gem_subdirectories
rubygems	Gem	.#	marshal_version
rubygems	Gem	.#	path
rubygems	Gem	.#	prefix
rubygems	Gem	.#	ruby
rubygems	Gem	.#	win_platform?
rubygems/defaults	Gem	.	default_bindir
rubygems/defaults	Gem	.	default_dir
rubygems/defaults	Gem	.	default_exec_format
rubygems/defaults	Gem	.	default_path
rubygems/defaults	Gem	.	default_sources
rubygems/defaults	Gem	.	default_system_source_cache_dir
rubygems/defaults	Gem	.	default_user_source_cache_dir
rubygems/defaults	Gem	.	ruby_engine
rubygems/defaults	Gem	.	user_dir
rubygems/command	Gem::Command	::	HELP
rubygems/command	Gem::Command	#	add_extra_args
rubygems/command	Gem::Command	#	add_option
rubygems/command	Gem::Command	#	arguments
rubygems/command	Gem::Command	#	begins?
rubygems/command	Gem::Command	#	command
rubygems/command	Gem::Command	#	defaults
rubygems/command	Gem::Command	#	defaults=
rubygems/command	Gem::Command	#	defaults_str
rubygems/command	Gem::Command	#	description
rubygems/command	Gem::Command	#	execute
rubygems/command	Gem::Command	#	get_all_gem_names
rubygems/command	Gem::Command	#	get_one_gem_name
rubygems/command	Gem::Command	#	get_one_optional_argument
rubygems/command	Gem::Command	#	handle_options
rubygems/command	Gem::Command	#	handles?
rubygems/command	Gem::Command	#	invoke
rubygems/command	Gem::Command	#	merge_options
rubygems/command	Gem::Command	#	options
rubygems/command	Gem::Command	#	program_name
rubygems/command	Gem::Command	#	program_name=
rubygems/command	Gem::Command	#	remove_option
rubygems/command	Gem::Command	#	show_help
rubygems/command	Gem::Command	#	show_lookup_failure
rubygems/command	Gem::Command	#	summary
rubygems/command	Gem::Command	#	summary=
rubygems/command	Gem::Command	#	usage
rubygems/command	Gem::Command	#	when_invoked
rubygems/command	Gem::Command	.	add_common_option
rubygems/command	Gem::Command	.	add_specific_extra_args
rubygems/command	Gem::Command	.	build_args
rubygems/command	Gem::Command	.	build_args=
rubygems/command	Gem::Command	.	common_options
rubygems/command	Gem::Command	.	extra_args
rubygems/command	Gem::Command	.	extra_args=
rubygems/command	Gem::Command	.	specific_extra_args
rubygems/command	Gem::Command	.	specific_extra_args_hash
rubygems/command_manager	Gem::CommandManager	#	[]
rubygems/command_manager	Gem::CommandManager	#	command_names
rubygems/command_manager	Gem::CommandManager	#	find_command
rubygems/command_manager	Gem::CommandManager	#	find_command_possibilities
rubygems/command_manager	Gem::CommandManager	#	process_args
rubygems/command_manager	Gem::CommandManager	#	register_command
rubygems/command_manager	Gem::CommandManager	#	run
rubygems/command_manager	Gem::CommandManager	.	instance
rubygems/commands/build_command	Gem::Commands::BuildCommand	#	arguments
rubygems/commands/build_command	Gem::Commands::BuildCommand	#	execute
rubygems/commands/build_command	Gem::Commands::BuildCommand	#	load_gemspecs
rubygems/commands/build_command	Gem::Commands::BuildCommand	#	usage
rubygems/commands/build_command	Gem::Commands::BuildCommand	#	yaml?
rubygems/commands/dependency_command	Gem::Commands::DependencyCommand	#	arguments
rubygems/commands/dependency_command	Gem::Commands::DependencyCommand	#	execute
rubygems/commands/dependency_command	Gem::Commands::DependencyCommand	#	find_gems
rubygems/commands/dependency_command	Gem::Commands::DependencyCommand	#	find_reverse_dependencies
rubygems/commands/dependency_command	Gem::Commands::DependencyCommand	#	print_dependencies
rubygems/commands/dependency_command	Gem::Commands::DependencyCommand	#	usage
rubygems/commands/help_command	Gem::Commands::HelpCommand	::	EXAMPLES
rubygems/commands/help_command	Gem::Commands::HelpCommand	::	PLATFORMS
rubygems/commands/lock_command	Gem::Commands::LockCommand	#	complain
rubygems/commands/lock_command	Gem::Commands::LockCommand	#	spec_path
rubygems/commands/unpack_command	Gem::Commands::UnpackCommand	#	get_path
rubygems/commands/update_command	Gem::Commands::UpdateCommand	#	do_rubygems_update
rubygems/commands/update_command	Gem::Commands::UpdateCommand	#	which_to_update
rubygems/commands/which_command	Gem::Commands::WhichCommand	::	EXT
rubygems/commands/which_command	Gem::Commands::WhichCommand	#	find_paths
rubygems/commands/which_command	Gem::Commands::WhichCommand	#	gem_paths
rubygems/config_file	Gem::ConfigFile	::	DEFAULT_BACKTRACE
rubygems/config_file	Gem::ConfigFile	::	DEFAULT_BENCHMARK
rubygems/config_file	Gem::ConfigFile	::	DEFAULT_BULK_THRESHOLD
rubygems/config_file	Gem::ConfigFile	::	DEFAULT_UPDATE_SOURCES
rubygems/config_file	Gem::ConfigFile	::	DEFAULT_VERBOSITY
rubygems/config_file	Gem::ConfigFile	::	OPERATING_SYSTEM_DEFAULTS
rubygems/config_file	Gem::ConfigFile	::	PLATFORM_DEFAULTS
rubygems/config_file	Gem::ConfigFile	::	SYSTEM_WIDE_CONFIG_FILE
rubygems/config_file	Gem::ConfigFile	#	[]
rubygems/config_file	Gem::ConfigFile	#	[]=
rubygems/config_file	Gem::ConfigFile	#	args
rubygems/config_file	Gem::ConfigFile	#	backtrace
rubygems/config_file	Gem::ConfigFile	#	backtrace=
rubygems/config_file	Gem::ConfigFile	#	benchmark
rubygems/config_file	Gem::ConfigFile	#	benchmark=
rubygems/config_file	Gem::ConfigFile	#	bulk_threshold
rubygems/config_file	Gem::ConfigFile	#	bulk_threshold=
rubygems/config_file	Gem::ConfigFile	#	config_file_name
rubygems/config_file	Gem::ConfigFile	#	each
rubygems/config_file	Gem::ConfigFile	#	handle_arguments
rubygems/config_file	Gem::ConfigFile	#	hash
rubygems/config_file	Gem::ConfigFile	#	load_file
rubygems/config_file	Gem::ConfigFile	#	path
rubygems/config_file	Gem::ConfigFile	#	path=
rubygems/config_file	Gem::ConfigFile	#	really_verbose
rubygems/config_file	Gem::ConfigFile	#	update_sources
rubygems/config_file	Gem::ConfigFile	#	update_sources=
rubygems/config_file	Gem::ConfigFile	#	verbose
rubygems/config_file	Gem::ConfigFile	#	verbose=
rubygems/config_file	Gem::ConfigFile	#	write
rubygems/user_interaction	Gem::DefaultUserInteraction	#	ui
rubygems/user_interaction	Gem::DefaultUserInteraction	#	ui=
rubygems/user_interaction	Gem::DefaultUserInteraction	#	use_ui
rubygems/user_interaction	Gem::DefaultUserInteraction	.	ui
rubygems/user_interaction	Gem::DefaultUserInteraction	.	ui=
rubygems/user_interaction	Gem::DefaultUserInteraction	.	use_ui
rubygems/dependency	Gem::Dependency	::	TYPES
rubygems/dependency	Gem::Dependency	#	<=>
rubygems/dependency	Gem::Dependency	#	=~
rubygems/dependency	Gem::Dependency	#	name
rubygems/dependency	Gem::Dependency	#	name=
rubygems/dependency	Gem::Dependency	#	requirements_list
rubygems/dependency	Gem::Dependency	#	type
rubygems/dependency	Gem::Dependency	#	version_requirements
rubygems/dependency	Gem::Dependency	#	version_requirements=
rubygems/dependency_installer	Gem::DependencyInstaller	::	DEFAULT_OPTIONS
rubygems/dependency_installer	Gem::DependencyInstaller	#	find_gems_with_sources
rubygems/dependency_installer	Gem::DependencyInstaller	#	find_spec_by_name_and_version
rubygems/dependency_installer	Gem::DependencyInstaller	#	gather_dependencies
rubygems/dependency_installer	Gem::DependencyInstaller	#	gems_to_install
rubygems/dependency_installer	Gem::DependencyInstaller	#	install
rubygems/dependency_installer	Gem::DependencyInstaller	#	installed_gems
rubygems/dependency_installer	Gem::DependencyInstaller	.	new
rubygems/dependency_list	Gem::DependencyList	#	add
rubygems/dependency_list	Gem::DependencyList	#	dependency_order
rubygems/dependency_list	Gem::DependencyList	#	find_name
rubygems/dependency_list	Gem::DependencyList	#	ok?
rubygems/dependency_list	Gem::DependencyList	#	ok_to_remove?
rubygems/dependency_list	Gem::DependencyList	#	remove_by_name
rubygems/dependency_list	Gem::DependencyList	#	spec_predecessors
rubygems/dependency_list	Gem::DependencyList	.	from_source_index
rubygems/ext/builder	Gem::Ext::Builder	.	class_name
rubygems/ext/builder	Gem::Ext::Builder	.	make
rubygems/ext/builder	Gem::Ext::Builder	.	redirector
rubygems/ext/builder	Gem::Ext::Builder	.	run
rubygems/ext/configure_builder	Gem::Ext::ConfigureBuilder	.	build
rubygems/ext/ext_conf_builder	Gem::Ext::ExtConfBuilder	.	build
rubygems/ext/rake_builder	Gem::Ext::RakeBuilder	.	build
rubygems/package	Gem::FileOperations	.	new
rubygems/gem_runner	Gem::GemRunner	#	run
rubygems/indexer	Gem::Indexer	#	abbreviate
rubygems/indexer	Gem::Indexer	#	build_indices
rubygems/indexer	Gem::Indexer	#	collect_specs
rubygems/indexer	Gem::Indexer	#	compact_specs
rubygems/indexer	Gem::Indexer	#	compress
rubygems/indexer	Gem::Indexer	#	dest_directory
rubygems/indexer	Gem::Indexer	#	directory
rubygems/indexer	Gem::Indexer	#	gem_file_list
rubygems/indexer	Gem::Indexer	#	generate_index
rubygems/indexer	Gem::Indexer	#	gzip
rubygems/indexer	Gem::Indexer	#	install_indices
rubygems/indexer	Gem::Indexer	#	make_temp_directories
rubygems/indexer	Gem::Indexer	#	paranoid
rubygems/indexer	Gem::Indexer	#	sanitize
rubygems/indexer	Gem::Indexer	#	sanitize_string
rubygems/indexer	Gem::Indexer	.	new
rubygems/install_update_options	Gem::InstallUpdateOptions	#	add_install_update_options
rubygems/install_update_options	Gem::InstallUpdateOptions	#	install_update_defaults_str
rubygems/installer	Gem::Installer	#	app_script_text
rubygems/installer	Gem::Installer	#	bin_dir
rubygems/installer	Gem::Installer	#	build_extensions
rubygems/installer	Gem::Installer	#	ensure_dependency
rubygems/installer	Gem::Installer	#	extract_files
rubygems/installer	Gem::Installer	#	formatted_program_filename
rubygems/installer	Gem::Installer	#	gem_home
rubygems/installer	Gem::Installer	#	generate_bin
rubygems/installer	Gem::Installer	#	generate_bin_script
rubygems/installer	Gem::Installer	#	generate_bin_symlink
rubygems/installer	Gem::Installer	#	generate_windows_script
rubygems/installer	Gem::Installer	#	install
rubygems/installer	Gem::Installer	#	installation_satisfies_dependency?
rubygems/installer	Gem::Installer	#	shebang
rubygems/installer	Gem::Installer	#	spec
rubygems/installer	Gem::Installer	#	unpack
rubygems/installer	Gem::Installer	#	windows_stub_script
rubygems/installer	Gem::Installer	#	write_spec
rubygems/installer	Gem::Installer	.	exec_format
rubygems/installer	Gem::Installer	.	exec_format=
rubygems/installer	Gem::Installer	.	home_install_warning
rubygems/installer	Gem::Installer	.	home_install_warning=
rubygems/installer	Gem::Installer	.	new
rubygems/installer	Gem::Installer	.	path_warning
rubygems/installer	Gem::Installer	.	path_warning=
rubygems	Gem::LoadError	#	name
rubygems	Gem::LoadError	#	name=
rubygems/local_remote_options	Gem::LocalRemoteOptions	#	accept_uri_http
rubygems/local_remote_options	Gem::LocalRemoteOptions	#	add_bulk_threshold_option
rubygems/local_remote_options	Gem::LocalRemoteOptions	#	add_local_remote_options
rubygems/local_remote_options	Gem::LocalRemoteOptions	#	add_proxy_option
rubygems/local_remote_options	Gem::LocalRemoteOptions	#	add_source_option
rubygems/local_remote_options	Gem::LocalRemoteOptions	#	add_update_sources_option
rubygems/local_remote_options	Gem::LocalRemoteOptions	#	both?
rubygems/local_remote_options	Gem::LocalRemoteOptions	#	local?
rubygems/local_remote_options	Gem::LocalRemoteOptions	#	remote?
rubygems/package	Gem::Package	.	open
rubygems/package	Gem::Package	.	pack
rubygems/package/tar_header	Gem::Package::TarHeader	::	FIELDS
rubygems/package/tar_header	Gem::Package::TarHeader	::	PACK_FORMAT
rubygems/package/tar_header	Gem::Package::TarHeader	::	UNPACK_FORMAT
rubygems/package/tar_header	Gem::Package::TarHeader	#	==
rubygems/package/tar_header	Gem::Package::TarHeader	#	checksum
rubygems/package/tar_header	Gem::Package::TarHeader	#	devmajor
rubygems/package/tar_header	Gem::Package::TarHeader	#	devminor
rubygems/package/tar_header	Gem::Package::TarHeader	#	empty?
rubygems/package/tar_header	Gem::Package::TarHeader	#	gid
rubygems/package/tar_header	Gem::Package::TarHeader	#	gname
rubygems/package/tar_header	Gem::Package::TarHeader	#	linkname
rubygems/package/tar_header	Gem::Package::TarHeader	#	magic
rubygems/package/tar_header	Gem::Package::TarHeader	#	mode
rubygems/package/tar_header	Gem::Package::TarHeader	#	mtime
rubygems/package/tar_header	Gem::Package::TarHeader	#	name
rubygems/package/tar_header	Gem::Package::TarHeader	#	prefix
rubygems/package/tar_header	Gem::Package::TarHeader	#	size
rubygems/package/tar_header	Gem::Package::TarHeader	#	to_s
rubygems/package/tar_header	Gem::Package::TarHeader	#	typeflag
rubygems/package/tar_header	Gem::Package::TarHeader	#	uid
rubygems/package/tar_header	Gem::Package::TarHeader	#	uname
rubygems/package/tar_header	Gem::Package::TarHeader	#	update_checksum
rubygems/package/tar_header	Gem::Package::TarHeader	#	version
rubygems/package/tar_header	Gem::Package::TarHeader	.	from
rubygems/package/tar_reader	Gem::Package::TarReader	#	close
rubygems/package/tar_reader	Gem::Package::TarReader	#	each
rubygems/package/tar_reader	Gem::Package::TarReader	#	each_entry
rubygems/package/tar_reader	Gem::Package::TarReader	#	rewind
rubygems/package/tar_reader	Gem::Package::TarReader	.	new
rubygems/package/tar_reader/entry	Gem::Package::TarReader::Entry	#	bytes_read
rubygems/package/tar_reader/entry	Gem::Package::TarReader::Entry	#	close
rubygems/package/tar_reader/entry	Gem::Package::TarReader::Entry	#	closed?
rubygems/package/tar_reader/entry	Gem::Package::TarReader::Entry	#	directory?
rubygems/package/tar_reader/entry	Gem::Package::TarReader::Entry	#	eof?
rubygems/package/tar_reader/entry	Gem::Package::TarReader::Entry	#	file?
rubygems/package/tar_reader/entry	Gem::Package::TarReader::Entry	#	full_name
rubygems/package/tar_reader/entry	Gem::Package::TarReader::Entry	#	getc
rubygems/package/tar_reader/entry	Gem::Package::TarReader::Entry	#	header
rubygems/package/tar_reader/entry	Gem::Package::TarReader::Entry	#	pos
rubygems/package/tar_reader/entry	Gem::Package::TarReader::Entry	#	read
rubygems/package/tar_reader/entry	Gem::Package::TarReader::Entry	#	rewind
rubygems/package/tar_writer	Gem::Package::TarWriter	#	add_file
rubygems/package/tar_writer	Gem::Package::TarWriter	#	add_file_simple
rubygems/package/tar_writer	Gem::Package::TarWriter	#	check_closed
rubygems/package/tar_writer	Gem::Package::TarWriter	#	close
rubygems/package/tar_writer	Gem::Package::TarWriter	#	closed?
rubygems/package/tar_writer	Gem::Package::TarWriter	#	flush
rubygems/package/tar_writer	Gem::Package::TarWriter	#	mkdir
rubygems/package/tar_writer	Gem::Package::TarWriter	.	new
rubygems/package/tar_writer	Gem::Package::TarWriter::BoundedStream	#	limit
rubygems/package/tar_writer	Gem::Package::TarWriter::BoundedStream	#	write
rubygems/package/tar_writer	Gem::Package::TarWriter::BoundedStream	#	written
rubygems/package/tar_writer	Gem::Package::TarWriter::BoundedStream	.	new
rubygems/package/tar_writer	Gem::Package::TarWriter::RestrictedStream	#	write
rubygems/package/tar_writer	Gem::Package::TarWriter::RestrictedStream	.	new
rubygems/platform	Gem::Platform	::	CURRENT
rubygems/platform	Gem::Platform	::	RUBY
rubygems/platform	Gem::Platform	#	==
rubygems/platform	Gem::Platform	#	===
rubygems/platform	Gem::Platform	#	=~
rubygems/platform	Gem::Platform	#	cpu
rubygems/platform	Gem::Platform	#	cpu=
rubygems/platform	Gem::Platform	#	os
rubygems/platform	Gem::Platform	#	os=
rubygems/platform	Gem::Platform	#	to_a
rubygems/platform	Gem::Platform	#	to_s
rubygems/platform	Gem::Platform	#	version
rubygems/platform	Gem::Platform	#	version=
rubygems/platform	Gem::Platform	.	local
rubygems/platform	Gem::Platform	.	match
rubygems/platform	Gem::Platform	.	new
rubygems/remote_fetcher	Gem::RemoteFetcher	#	download
rubygems/remote_fetcher	Gem::RemoteFetcher	#	fetch_path
rubygems/remote_fetcher	Gem::RemoteFetcher	#	request
rubygems/remote_fetcher	Gem::RemoteFetcher	.	fetcher
rubygems/remote_fetcher	Gem::RemoteFetcher::FetchError	#	uri
rubygems/remote_fetcher	Gem::RemoteFetcher::FetchError	.	new
rubygems/requirement	Gem::Requirement	::	OPS
rubygems/requirement	Gem::Requirement	#	===
rubygems/requirement	Gem::Requirement	#	=~
rubygems/requirement	Gem::Requirement	#	satisfied_by?
rubygems/requirement	Gem::Requirement	#	as_list
rubygems/requirement	Gem::Requirement	#	concat
rubygems/requirement	Gem::Requirement	#	exact?
rubygems/requirement	Gem::Requirement	#	none?
rubygems/requirement	Gem::Requirement	#	prerelease?
rubygems/requirement	Gem::Requirement	#	pretty_print
rubygems/requirement	Gem::Requirement	#	specific?
rubygems/requirement	Gem::Requirement	#	to_s
rubygems/requirement	Gem::Requirement	.	create
rubygems/requirement	Gem::Requirement	.	default
rubygems/requirement	Gem::Requirement	.	new
rubygems/requirement	Gem::Requirement	.	parse
rubygems/security	Gem::Security	::	AlmostNoSecurity
rubygems/security	Gem::Security	::	HighSecurity
rubygems/security	Gem::Security	::	LowSecurity
rubygems/security	Gem::Security	::	MediumSecurity
rubygems/security	Gem::Security	::	NoSecurity
rubygems/security	Gem::Security	::	OPT
rubygems/security	Gem::Security	::	Policies
rubygems/security	Gem::Security	.	add_trusted_cert
rubygems/security	Gem::Security	.	build_cert
rubygems/security	Gem::Security	.	build_self_signed_cert
rubygems/security	Gem::Security	.	sign_cert
rubygems/security	Gem::Security	.	verify_trust_dir
rubygems/security	Gem::Security::Policy	#	only_signed
rubygems/security	Gem::Security::Policy	#	only_signed=
rubygems/security	Gem::Security::Policy	#	only_trusted
rubygems/security	Gem::Security::Policy	#	only_trusted=
rubygems/security	Gem::Security::Policy	#	verify_chain
rubygems/security	Gem::Security::Policy	#	verify_chain=
rubygems/security	Gem::Security::Policy	#	verify_data
rubygems/security	Gem::Security::Policy	#	verify_data=
rubygems/security	Gem::Security::Policy	#	verify_gem
rubygems/security	Gem::Security::Policy	#	verify_root
rubygems/security	Gem::Security::Policy	#	verify_root=
rubygems/security	Gem::Security::Policy	#	verify_signer
rubygems/security	Gem::Security::Policy	#	verify_signer=
rubygems/security	Gem::Security::Policy	.	new
rubygems/security	Gem::Security::Policy	.	trusted_cert_path
rubygems/security	Gem::Security::Signer	#	cert_chain
rubygems/security	Gem::Security::Signer	#	cert_chain=
rubygems/security	Gem::Security::Signer	#	key
rubygems/security	Gem::Security::Signer	#	key=
rubygems/security	Gem::Security::Signer	#	sign
rubygems/security	Gem::Security::Signer	.	new
rubygems/spec_fetcher	Gem::SpecFetcher	#	cache_dir
rubygems/spec_fetcher	Gem::SpecFetcher	#	dir
rubygems/spec_fetcher	Gem::SpecFetcher	#	fetch
rubygems/spec_fetcher	Gem::SpecFetcher	#	fetch_spec
rubygems/spec_fetcher	Gem::SpecFetcher	#	find_matching
rubygems/spec_fetcher	Gem::SpecFetcher	#	latest_specs
rubygems/spec_fetcher	Gem::SpecFetcher	#	legacy_repos
rubygems/spec_fetcher	Gem::SpecFetcher	#	list
rubygems/spec_fetcher	Gem::SpecFetcher	#	load_specs
rubygems/spec_fetcher	Gem::SpecFetcher	#	specs
rubygems/spec_fetcher	Gem::SpecFetcher	#	warn_legacy
rubygems/spec_fetcher	Gem::SpecFetcher	.	fetcher
rubygems/spec_fetcher	Gem::SpecFetcher	.	fetcher=
rubygems/specification	Gem::Specification	::	CURRENT_SPECIFICATION_VERSION
rubygems/specification	Gem::Specification	::	MARSHAL_FIELDS
rubygems/specification	Gem::Specification	::	NONEXISTENT_SPECIFICATION_VERSION
rubygems/specification	Gem::Specification	::	SPECIFICATION_VERSION_HISTORY
rubygems/specification	Gem::Specification	::	TODAY
rubygems/specification	Gem::Specification	#	_dump
rubygems/specification	Gem::Specification	#	add_bindir
rubygems/specification	Gem::Specification	#	add_dependency
rubygems/specification	Gem::Specification	#	add_runtime_dependency
rubygems/specification	Gem::Specification	#	add_development_dependency
rubygems/specification	Gem::Specification	#	author
rubygems/specification	Gem::Specification	#	author=
rubygems/specification	Gem::Specification	#	authors
rubygems/specification	Gem::Specification	#	authors=
rubygems/specification	Gem::Specification	#	autorequire
rubygems/specification	Gem::Specification	#	autorequire=
rubygems/specification	Gem::Specification	#	bindir
rubygems/specification	Gem::Specification	#	bindir=
rubygems/specification	Gem::Specification	#	cert_chain
rubygems/specification	Gem::Specification	#	cert_chain=
rubygems/specification	Gem::Specification	#	date
rubygems/specification	Gem::Specification	#	date=
rubygems/specification	Gem::Specification	#	default_executable
rubygems/specification	Gem::Specification	#	default_executable=
rubygems/specification	Gem::Specification	#	dependencies
rubygems/specification	Gem::Specification	#	dependent_gems
rubygems/specification	Gem::Specification	#	description
rubygems/specification	Gem::Specification	#	description=
rubygems/specification	Gem::Specification	#	development_dependencies
rubygems/specification	Gem::Specification	#	email
rubygems/specification	Gem::Specification	#	email=
rubygems/specification	Gem::Specification	#	executable
rubygems/specification	Gem::Specification	#	executable=
rubygems/specification	Gem::Specification	#	executables
rubygems/specification	Gem::Specification	#	executables=
rubygems/specification	Gem::Specification	#	extensions
rubygems/specification	Gem::Specification	#	extensions=
rubygems/specification	Gem::Specification	#	extra_rdoc_files
rubygems/specification	Gem::Specification	#	extra_rdoc_files=
rubygems/specification	Gem::Specification	#	file_name
rubygems/specification	Gem::Specification	#	files
rubygems/specification	Gem::Specification	#	files=
rubygems/specification	Gem::Specification	#	full_gem_path
rubygems/specification	Gem::Specification	#	full_name
rubygems/specification	Gem::Specification	#	has_rdoc
rubygems/specification	Gem::Specification	#	has_rdoc=
rubygems/specification	Gem::Specification	#	has_rdoc?
rubygems/specification	Gem::Specification	#	has_test_suite?
rubygems/specification	Gem::Specification	#	has_unit_tests?
rubygems/specification	Gem::Specification	#	homepage
rubygems/specification	Gem::Specification	#	homepage=
rubygems/specification	Gem::Specification	#	lib_files
rubygems/specification	Gem::Specification	#	loaded_from
rubygems/specification	Gem::Specification	#	loaded_from=
rubygems/specification	Gem::Specification	#	mark_version
rubygems/specification	Gem::Specification	#	name
rubygems/specification	Gem::Specification	#	name=
rubygems/specification	Gem::Specification	#	normalize
rubygems/specification	Gem::Specification	#	original_name
rubygems/specification	Gem::Specification	#	original_platform
rubygems/specification	Gem::Specification	#	original_platform=
rubygems/specification	Gem::Specification	#	platform
rubygems/specification	Gem::Specification	#	platform=
rubygems/specification	Gem::Specification	#	post_install_message
rubygems/specification	Gem::Specification	#	post_install_message=
rubygems/specification	Gem::Specification	#	rdoc_options
rubygems/specification	Gem::Specification	#	rdoc_options=
rubygems/specification	Gem::Specification	#	require_path
rubygems/specification	Gem::Specification	#	require_path=
rubygems/specification	Gem::Specification	#	require_paths
rubygems/specification	Gem::Specification	#	require_paths=
rubygems/specification	Gem::Specification	#	required_ruby_version
rubygems/specification	Gem::Specification	#	required_ruby_version=
rubygems/specification	Gem::Specification	#	required_rubygems_version
rubygems/specification	Gem::Specification	#	required_rubygems_version=
rubygems/specification	Gem::Specification	#	requirements
rubygems/specification	Gem::Specification	#	requirements=
rubygems/specification	Gem::Specification	#	rubygems_version
rubygems/specification	Gem::Specification	#	rubygems_version=
rubygems/specification	Gem::Specification	#	runtime_dependencies
rubygems/specification	Gem::Specification	#	satisfies_requirement?
rubygems/specification	Gem::Specification	#	signing_key
rubygems/specification	Gem::Specification	#	signing_key=
rubygems/specification	Gem::Specification	#	specification_version
rubygems/specification	Gem::Specification	#	specification_version=
rubygems/specification	Gem::Specification	#	summary
rubygems/specification	Gem::Specification	#	summary=
rubygems/specification	Gem::Specification	#	test_file
rubygems/specification	Gem::Specification	#	test_file=
rubygems/specification	Gem::Specification	#	test_files
rubygems/specification	Gem::Specification	#	test_files=
rubygems/specification	Gem::Specification	#	to_ruby
rubygems/specification	Gem::Specification	#	validate
rubygems/specification	Gem::Specification	#	version
rubygems/specification	Gem::Specification	#	version=
rubygems/specification	Gem::Specification	#	yaml_initialize
rubygems/specification	Gem::Specification	.	_load
rubygems/specification	Gem::Specification	.	array_attributes
rubygems/specification	Gem::Specification	.	attribute_names
rubygems/specification	Gem::Specification	.	from_yaml
rubygems/specification	Gem::Specification	.	load
rubygems/specification	Gem::Specification	.	normalize_yaml_input
rubygems/specification	Gem::Specification	.	required_attribute?
rubygems/specification	Gem::Specification	.	required_attributes
rubygems/specification	Gem::Specification	.	stubs
rubygems/specification	Gem::Specification	.	stubs_for
rubygems/user_interaction	Gem::StreamUI	#	alert
rubygems/user_interaction	Gem::StreamUI	#	alert_error
rubygems/user_interaction	Gem::StreamUI	#	alert_warning
rubygems/user_interaction	Gem::StreamUI	#	ask
rubygems/user_interaction	Gem::StreamUI	#	ask_yes_no
rubygems/user_interaction	Gem::StreamUI	#	choose_from_list
rubygems/user_interaction	Gem::StreamUI	#	errs
rubygems/user_interaction	Gem::StreamUI	#	ins
rubygems/user_interaction	Gem::StreamUI	#	outs
rubygems/user_interaction	Gem::StreamUI	#	progress_reporter
rubygems/user_interaction	Gem::StreamUI	#	say
rubygems/user_interaction	Gem::StreamUI	#	terminate_interaction
rubygems/user_interaction	Gem::StreamUI	.	new
rubygems/user_interaction	Gem::StreamUI::SilentProgressReporter	#	count
rubygems/user_interaction	Gem::StreamUI::SilentProgressReporter	#	done
rubygems/user_interaction	Gem::StreamUI::SilentProgressReporter	#	updated
rubygems/user_interaction	Gem::StreamUI::SilentProgressReporter	.	new
rubygems/user_interaction	Gem::StreamUI::SimpleProgressReporter	#	count
rubygems/user_interaction	Gem::StreamUI::SimpleProgressReporter	#	done
rubygems/user_interaction	Gem::StreamUI::SimpleProgressReporter	#	updated
rubygems/user_interaction	Gem::StreamUI::SimpleProgressReporter	.	new
rubygems/user_interaction	Gem::StreamUI::VerboseProgressReporter	#	count
rubygems/user_interaction	Gem::StreamUI::VerboseProgressReporter	#	done
rubygems/user_interaction	Gem::StreamUI::VerboseProgressReporter	#	updated
rubygems/user_interaction	Gem::StreamUI::VerboseProgressReporter	.	new
rubygems/uninstaller	Gem::Uninstaller	#	ask_if_ok
rubygems/uninstaller	Gem::Uninstaller	#	bin_dir
rubygems/uninstaller	Gem::Uninstaller	#	dependencies_ok?
rubygems/uninstaller	Gem::Uninstaller	#	gem_home
rubygems/uninstaller	Gem::Uninstaller	#	path_ok?
rubygems/uninstaller	Gem::Uninstaller	#	remove
rubygems/uninstaller	Gem::Uninstaller	#	remove_all
rubygems/uninstaller	Gem::Uninstaller	#	remove_executables
rubygems/uninstaller	Gem::Uninstaller	#	spec
rubygems/uninstaller	Gem::Uninstaller	#	uninstall
rubygems/uninstaller	Gem::Uninstaller	#	uninstall_gem
rubygems/uninstaller	Gem::Uninstaller	.	new
rubygems/user_interaction	Gem::UserInteraction	#	alert
rubygems/user_interaction	Gem::UserInteraction	#	alert_error
rubygems/user_interaction	Gem::UserInteraction	#	alert_warning
rubygems/user_interaction	Gem::UserInteraction	#	ask
rubygems/user_interaction	Gem::UserInteraction	#	ask_yes_no
rubygems/user_interaction	Gem::UserInteraction	#	choose_from_list
rubygems/user_interaction	Gem::UserInteraction	#	say
rubygems/user_interaction	Gem::UserInteraction	#	terminate_interaction
rubygems/validator	Gem::Validator	::	ErrorData
rubygems/validator	Gem::Validator	#	alien
rubygems/validator	Gem::Validator	#	remove_leading_dot_dir
rubygems/validator	Gem::Validator	#	unit_test
rubygems/validator	Gem::Validator	#	verify_gem
rubygems/validator	Gem::Validator	#	verify_gem_file
rubygems/version	Gem::Version	::	Requirement
rubygems/version	Gem::Version	#	<=>
rubygems/version	Gem::Version	#	bump
rubygems/version	Gem::Version	#	eql?
rubygems/version	Gem::Version	#	marshal_dump
rubygems/version	Gem::Version	#	marshal_load
rubygems/version	Gem::Version	#	prerelease?
rubygems/version	Gem::Version	#	release
rubygems/version	Gem::Version	#	to_s
rubygems/version	Gem::Version	#	version
rubygems/version	Gem::Version	.	correct?
rubygems/version	Gem::Version	.	create
rubygems/version	Gem::Version	.	new
rubygems/version_option	Gem::VersionOption	#	add_platform_option
rubygems/version_option	Gem::VersionOption	#	add_version_option
getoptlong	GetoptLong	::	ARGUMENT_FLAGS
getoptlong	GetoptLong	::	NO_ARGUMENT
getoptlong	GetoptLong	::	OPTIONAL_ARGUMENT
getoptlong	GetoptLong	::	ORDERINGS
getoptlong	GetoptLong	::	PERMUTE
getoptlong	GetoptLong	::	REQUIRED_ARGUMENT
getoptlong	GetoptLong	::	REQUIRE_ORDER
getoptlong	GetoptLong	::	RETURN_IN_ORDER
getoptlong	GetoptLong	::	STATUS_STARTED
getoptlong	GetoptLong	::	STATUS_TERMINATED
getoptlong	GetoptLong	::	STATUS_YET
getoptlong	GetoptLong	#	each
getoptlong	GetoptLong	#	each_option
getoptlong	GetoptLong	#	error
getoptlong	GetoptLong	#	error?
getoptlong	GetoptLong	#	error_message
getoptlong	GetoptLong	#	get
getoptlong	GetoptLong	#	get_option
getoptlong	GetoptLong	#	ordering
getoptlong	GetoptLong	#	ordering=
getoptlong	GetoptLong	#	quiet
getoptlong	GetoptLong	#	quiet?
getoptlong	GetoptLong	#	quiet=
getoptlong	GetoptLong	#	set_error
getoptlong	GetoptLong	#	set_options
getoptlong	GetoptLong	#	terminate
getoptlong	GetoptLong	#	terminated?
getoptlong	GetoptLong	.	new
io/console	IO	#	cooked
io/console	IO	#	cooked!
io/console	IO	#	echo=
io/console	IO	#	echo?
expect	IO	#	expect
io/console	IO	#	getch
io/console	IO	#	iflush
io/console	IO	#	ioflush
io/console	IO	#	noecho
io/nonblock	IO	#	nonblock
io/nonblock	IO	#	nonblock=
io/nonblock	IO	#	nonblock?
io/wait	IO	#	nread
io/console	IO	#	oflush
etc	IO	#	pathconf
io/console	IO	#	raw
io/console	IO	#	raw!
io/wait	IO	#	ready?
io/wait	IO	#	wait
io/wait	IO	#	wait_readable
io/wait	IO	#	wait_priority
io/wait	IO	#	wait_writable
io/console	IO	#	winsize
io/console	IO	#	winsize=
io/console	IO	.	console
io/console/size	IO	.	console_size
io/console/size	IO	.	default_console_size
ipaddr	IPAddr	::	IN4MASK
ipaddr	IPAddr	::	IN6FORMAT
ipaddr	IPAddr	::	IN6MASK
ipaddr	IPAddr	#	&
ipaddr	IPAddr	#	<<
ipaddr	IPAddr	#	<=>
ipaddr	IPAddr	#	==
ipaddr	IPAddr	#	===
ipaddr	IPAddr	#	include?
ipaddr	IPAddr	#	>>
ipaddr	IPAddr	#	|
ipaddr	IPAddr	#	~
ipaddr	IPAddr	#	eql?
ipaddr	IPAddr	#	family
ipaddr	IPAddr	#	hash
ipaddr	IPAddr	#	hton
ipaddr	IPAddr	#	inspect
ipaddr	IPAddr	#	ip6_arpa
ipaddr	IPAddr	#	ip6_int
ipaddr	IPAddr	#	ipv4?
ipaddr	IPAddr	#	ipv4_compat
ipaddr	IPAddr	#	ipv4_compat?
ipaddr	IPAddr	#	ipv4_mapped
ipaddr	IPAddr	#	ipv4_mapped?
ipaddr	IPAddr	#	ipv6?
ipaddr	IPAddr	#	mask
ipaddr	IPAddr	#	mask!
ipaddr	IPAddr	#	native
ipaddr	IPAddr	#	prefix
ipaddr	IPAddr	#	prefix=
ipaddr	IPAddr	#	reverse
ipaddr	IPAddr	#	set
ipaddr	IPAddr	#	succ
ipaddr	IPAddr	#	to_i
ipaddr	IPAddr	#	to_range
ipaddr	IPAddr	#	to_s
ipaddr	IPAddr	#	to_string
ipaddr	IPAddr	.	new
ipaddr	IPAddr	.	new_ntoh
ipaddr	IPAddr	.	ntop
socket	IPSocket	#	addr
socket	IPSocket	#	peeraddr
socket	IPSocket	#	recvfrom
resolv-replace	IPSocket	.	getaddress
socket	IPSocket	.	getaddress
irb/input-method	IRB	::	STDIN_FILE_NAME
irb	IRB	.	CurrentContext
irb/inspector	IRB	.	Inspector
irb	IRB	.	conf
irb	IRB	.	irb_abort
irb	IRB	.	irb_at_exit
irb	IRB	.	irb_exit
irb/help	IRB	.	print_usage
irb	IRB	.	start
irb	IRB	.	version
irb/context	IRB::Context	::	IDNAME_IVARS
irb/context	IRB::Context	::	NOPRINTING_IVARS
irb/context	IRB::Context	::	NO_INSPECTING_IVARS
irb/context	IRB::Context	#	__inspect__
irb/context	IRB::Context	#	__to_s__
irb/context	IRB::Context	#	ap_name
irb/context	IRB::Context	#	ap_name=
irb/context	IRB::Context	#	auto_indent_mode
irb/context	IRB::Context	#	auto_indent_mode=
irb/context	IRB::Context	#	back_trace_limit
irb/context	IRB::Context	#	back_trace_limit=
irb/context	IRB::Context	#	debug?
irb/context	IRB::Context	#	debug_level
irb/context	IRB::Context	#	debug_level=
irb/context	IRB::Context	#	echo
irb/context	IRB::Context	#	echo?
irb/context	IRB::Context	#	echo=
irb/ext/history	IRB::Context	#	eval_history
irb/ext/history	IRB::Context	#	eval_history=
irb/context	IRB::Context	#	evaluate
irb/context	IRB::Context	#	exit
irb/context	IRB::Context	#	file_input?
irb/ext/save-history	IRB::Context	#	history_file
irb/ext/save-history	IRB::Context	#	history_file=
irb/context	IRB::Context	#	ignore_eof
irb/context	IRB::Context	#	ignore_eof?
irb/context	IRB::Context	#	ignore_eof=
irb/context	IRB::Context	#	ignore_sigint
irb/context	IRB::Context	#	ignore_sigint?
irb/context	IRB::Context	#	ignore_sigint=
irb/ext/save-history	IRB::Context	#	init_save_history
irb/context	IRB::Context	#	inspect
irb/context	IRB::Context	#	to_s
irb/context	IRB::Context	#	inspect?
irb/context	IRB::Context	#	inspect_mode
irb/context	IRB::Context	#	inspect_mode=
irb/context	IRB::Context	#	io
irb/context	IRB::Context	#	io=
irb/context	IRB::Context	#	irb
irb/context	IRB::Context	#	irb=
irb/context	IRB::Context	#	irb_name
irb/context	IRB::Context	#	irb_name=
irb/context	IRB::Context	#	irb_path
irb/context	IRB::Context	#	irb_path=
irb/context	IRB::Context	#	last_value
irb/context	IRB::Context	#	load_modules
irb/context	IRB::Context	#	main
irb/context	IRB::Context	#	prompt_c
irb/context	IRB::Context	#	prompt_c=
irb/context	IRB::Context	#	prompt_i
irb/context	IRB::Context	#	prompt_i=
irb/context	IRB::Context	#	prompt_mode
irb/context	IRB::Context	#	prompt_mode=
irb/context	IRB::Context	#	prompt_n
irb/context	IRB::Context	#	prompt_n=
irb/context	IRB::Context	#	prompt_s
irb/context	IRB::Context	#	prompt_s=
irb/context	IRB::Context	#	prompting?
irb/context	IRB::Context	#	rc
irb/context	IRB::Context	#	rc?
irb/context	IRB::Context	#	return_format
irb/context	IRB::Context	#	return_format=
irb/ext/save-history	IRB::Context	#	save_history
irb/ext/save-history	IRB::Context	#	save_history=
irb/context	IRB::Context	#	set_last_value
irb/context	IRB::Context	#	thread
irb/ext/use-loader	IRB::Context	#	use_loader
irb/ext/use-loader	IRB::Context	#	use_loader?
irb/ext/use-loader	IRB::Context	#	use_loader=
irb/context	IRB::Context	#	use_readline
irb/context	IRB::Context	#	use_readline?
irb/ext/tracer	IRB::Context	#	use_tracer
irb/ext/tracer	IRB::Context	#	use_tracer?
irb/ext/tracer	IRB::Context	#	use_tracer=
irb/context	IRB::Context	#	verbose
irb/context	IRB::Context	#	verbose=
irb/context	IRB::Context	#	verbose?
irb/context	IRB::Context	#	workspace
irb/context	IRB::Context	#	workspace=
irb/context	IRB::Context	.	new
irb/extend-command	IRB::ContextExtender	.	def_extend_command
irb/extend-command	IRB::ContextExtender	.	install_extend_commands
irb/cmd/chws	IRB::ExtendCommand::ChangeWorkspace	#	execute
irb/cmd/chws	IRB::ExtendCommand::CurrentWorkingWorkspace	#	execute
irb/cmd/subirb	IRB::ExtendCommand::Foreground	#	execute
irb/cmd/help	IRB::ExtendCommand::Help	#	execute
irb/cmd/subirb	IRB::ExtendCommand::IrbCommand	#	execute
irb/cmd/subirb	IRB::ExtendCommand::Jobs	#	execute
irb/cmd/subirb	IRB::ExtendCommand::Kill	#	execute
irb/cmd/load	IRB::ExtendCommand::Load	#	execute
irb/cmd/nop	IRB::ExtendCommand::Nop	#	execute
irb/cmd/nop	IRB::ExtendCommand::Nop	#	irb_context
irb/cmd/nop	IRB::ExtendCommand::Nop	.	execute
irb/cmd/nop	IRB::ExtendCommand::Nop	.	new
irb/cmd/pushws	IRB::ExtendCommand::PopWorkspace	#	execute
irb/cmd/pushws	IRB::ExtendCommand::PushWorkspace	#	execute
irb/cmd/load	IRB::ExtendCommand::Require	#	execute
irb/cmd/load	IRB::ExtendCommand::Source	#	execute
irb/cmd/pushws	IRB::ExtendCommand::Workspaces	#	execute
irb/extend-command	IRB::ExtendCommandBundle	::	NO_OVERRIDE
irb/extend-command	IRB::ExtendCommandBundle	::	OVERRIDE_ALL
irb/extend-command	IRB::ExtendCommandBundle	::	OVERRIDE_PRIVATE_ONLY
irb/extend-command	IRB::ExtendCommandBundle	#	install_alias_method
irb/extend-command	IRB::ExtendCommandBundle	#	irb_context
irb/extend-command	IRB::ExtendCommandBundle	#	irb_exit
irb/ext/use-loader	IRB::ExtendCommandBundle	#	irb_load
irb/ext/use-loader	IRB::ExtendCommandBundle	#	irb_require
irb/extend-command	IRB::ExtendCommandBundle	.	def_extend_command
irb/extend-command	IRB::ExtendCommandBundle	.	extend_object
irb/extend-command	IRB::ExtendCommandBundle	.	install_extend_commands
irb/extend-command	IRB::ExtendCommandBundle	.	irb_original_method_name
irb/input-method	IRB::FileInputMethod	#	encoding
irb/input-method	IRB::FileInputMethod	#	gets
irb/input-method	IRB::FileInputMethod	.	new
irb/frame	IRB::Frame	#	bottom
irb/frame	IRB::Frame	#	top
irb/frame	IRB::Frame	#	trace_func
irb/frame	IRB::Frame	.	bottom
irb/frame	IRB::Frame	.	sender
irb/frame	IRB::Frame	.	top
irb/ext/save-history	IRB::HistorySavingAbility	#	load_history
irb/ext/save-history	IRB::HistorySavingAbility	#	save_history
irb/ext/save-history	IRB::HistorySavingAbility	.	extended
irb/input-method	IRB::InputMethod	#	file_name
irb/input-method	IRB::InputMethod	#	gets
irb/input-method	IRB::InputMethod	#	readable_atfer_eof?
irb/input-method	IRB::InputMethod	.	new
irb/inspector	IRB::Inspector	#	init
irb/inspector	IRB::Inspector	#	inspect_value
irb/inspector	IRB::Inspector	.	def_inspector
irb/inspector	IRB::Inspector	.	keys_with_inspector
irb/magic-file	IRB::MagicFile	.	ENCODING_SPEC_RE
irb/magic-file	IRB::MagicFile	.	open
irb/output-method	IRB::OutputMethod	#	pp
irb/output-method	IRB::OutputMethod	#	ppx
irb/output-method	IRB::OutputMethod	#	print
irb/output-method	IRB::OutputMethod	#	printn
irb/output-method	IRB::OutputMethod	#	puts
irb/input-method	IRB::ReadlineInputMethod	#	encoding
irb/input-method	IRB::ReadlineInputMethod	#	eof?
irb/input-method	IRB::ReadlineInputMethod	#	gets
irb/input-method	IRB::ReadlineInputMethod	#	line
irb/input-method	IRB::ReadlineInputMethod	#	readable_atfer_eof?
irb/input-method	IRB::ReadlineInputMethod	.	new
irb/input-method	IRB::RelineInputMethod	#	eof?
irb/input-method	IRB::RelineInputMethod	#	gets
irb/input-method	IRB::RelineInputMethod	.	new
irb/input-method	IRB::StdioInputMethod	#	encoding
irb/input-method	IRB::StdioInputMethod	#	eof?
irb/input-method	IRB::StdioInputMethod	#	gets
irb/input-method	IRB::StdioInputMethod	#	line
irb/input-method	IRB::StdioInputMethod	#	readable_atfer_eof?
irb/input-method	IRB::StdioInputMethod	.	new
irb/output-method	IRB::StdioOutputMethod	#	print
prime	Integer	#	prime?
prime	Integer	#	prime_division
openssl	Integer	#	to_bn
bigdecimal/util	Integer	#	to_d
prime	Integer	.	each_prime
prime	Integer	.	from_prime_division
json	JSON	::	Infinity
json	JSON	::	JSON_LOADED
json	JSON	::	MinusInfinity
json	JSON	::	NaN
json	JSON	::	VERSION
json	JSON	.#	dump
json	JSON	.#	fast_generate
json	JSON	.#	fast_unparse
json	JSON	.#	generate
json	JSON	.#	unparse
json	JSON	.#	load
json	JSON	.#	restore
json	JSON	.#	load_file
json	JSON	.#	load_file!
json	JSON	.#	parse
json	JSON	.#	parse!
json	JSON	.#	pretty_generate
json	JSON	.#	pretty_unparse
json	JSON	.	[]
json	JSON	.	create_id
json	JSON	.	create_id=
json	JSON	.	generator
json	JSON	.	parser
json	JSON	.	state
json	JSON::Ext::Generator::GeneratorMethods::Array	#	to_json
json	JSON::Ext::Generator::GeneratorMethods::FalseClass	#	to_json
json	JSON::Ext::Generator::GeneratorMethods::Float	#	to_json
json	JSON::Ext::Generator::GeneratorMethods::Hash	#	to_json
json	JSON::Ext::Generator::GeneratorMethods::Integer	#	to_json
json	JSON::Ext::Generator::GeneratorMethods::NilClass	#	to_json
json	JSON::Ext::Generator::GeneratorMethods::Object	#	to_json
json	JSON::Ext::Generator::GeneratorMethods::String	#	to_json
json	JSON::Ext::Generator::GeneratorMethods::String	#	to_json_raw
json	JSON::Ext::Generator::GeneratorMethods::String	#	to_json_raw_object
json	JSON::Ext::Generator::GeneratorMethods::String::Extend	.	json_create
json	JSON::Ext::Generator::GeneratorMethods::TrueClass	#	to_json
json	JSON::Parser	#	parse
json	JSON::Parser	#	source
json	JSON::Parser	.	new
json	JSON::State	#	[]
json	JSON::State	#	[]=
json	JSON::State	#	allow_nan?
json	JSON::State	#	array_nl
json	JSON::State	#	array_nl=
json	JSON::State	#	ascii_only?
json	JSON::State	#	buffer_initial_length
json	JSON::State	#	buffer_initial_length=
json	JSON::State	#	check_circular?
json	JSON::State	#	configure
json	JSON::State	#	merge
json	JSON::State	#	depth
json	JSON::State	#	depth=
json	JSON::State	#	generate
json	JSON::State	#	indent
json	JSON::State	#	indent=
json	JSON::State	#	max_nesting
json	JSON::State	#	max_nesting=
json	JSON::State	#	object_nl
json	JSON::State	#	object_nl=
json	JSON::State	#	space
json	JSON::State	#	space=
json	JSON::State	#	space_before
json	JSON::State	#	space_before=
json	JSON::State	#	to_h
json	JSON::State	#	to_hash
json	JSON::State	.	from_state
json	JSON::State	.	new
bigdecimal/jacobian	Jacobian	.#	dfdxi
bigdecimal/jacobian	Jacobian	.#	isEqual
bigdecimal/jacobian	Jacobian	.#	jacobian
kconv	Kconv	::	ASCII
kconv	Kconv	::	AUTO
kconv	Kconv	::	BINARY
kconv	Kconv	::	EUC
kconv	Kconv	::	JIS
kconv	Kconv	::	NOCONV
kconv	Kconv	::	SJIS
kconv	Kconv	::	UNKNOWN
kconv	Kconv	::	UTF16
kconv	Kconv	::	UTF32
kconv	Kconv	::	UTF8
kconv	Kconv	.#	guess
kconv	Kconv	.#	iseuc
kconv	Kconv	.#	isjis
kconv	Kconv	.#	issjis
kconv	Kconv	.#	isutf8
kconv	Kconv	.#	kconv
kconv	Kconv	.#	toeuc
kconv	Kconv	.#	tojis
kconv	Kconv	.#	tolocale
kconv	Kconv	.#	tosjis
kconv	Kconv	.#	toutf16
kconv	Kconv	.#	toutf32
kconv	Kconv	.#	toutf8
mkmf	Kernel	::	CONFIG
delegate	Kernel	#	DelegateClass
digest	Kernel	#	Digest
json	Kernel	#	JSON
mkmf	Kernel	#	arg_config
mkmf	Kernel	#	cc_command
mkmf	Kernel	#	check_signedness
mkmf	Kernel	#	check_sizeof
un	Kernel	#	chmod
mkmf	Kernel	#	convertible_int
un	Kernel	#	cp
mkmf	Kernel	#	cpp_command
mkmf	Kernel	#	create_header
mkmf	Kernel	#	create_makefile
mkmf	Kernel	#	create_tmpsrc
mkmf	Kernel	#	depend_rules
mkmf	Kernel	#	dir_config
mkmf	Kernel	#	dummy_makefile
mkmf	Kernel	#	egrep_cpp
mkmf	Kernel	#	enable_config
mkmf	Kernel	#	find_executable
mkmf	Kernel	#	find_header
mkmf	Kernel	#	find_library
mkmf	Kernel	#	find_type
rubygems	Kernel	#	gem
mkmf	Kernel	#	have_const
mkmf	Kernel	#	have_devel?
mkmf	Kernel	#	have_framework
mkmf	Kernel	#	have_func
mkmf	Kernel	#	have_header
mkmf	Kernel	#	have_library
mkmf	Kernel	#	have_macro
mkmf	Kernel	#	have_struct_member
mkmf	Kernel	#	have_type
mkmf	Kernel	#	have_var
un	Kernel	#	help
un	Kernel	#	httpd
un	Kernel	#	install
mkmf	Kernel	#	install_files
mkmf	Kernel	#	install_rb
json	Kernel	#	j
json	Kernel	#	jj
mkmf	Kernel	#	libpathflag
mkmf	Kernel	#	link_command
un	Kernel	#	ln
mkmf	Kernel	#	log_src
mkmf	Kernel	#	merge_libs
mkmf	Kernel	#	message
un	Kernel	#	mkdir
un	Kernel	#	mkmf
mkmf	Kernel	#	modified?
un	Kernel	#	mv
un	Kernel	#	rm
mkmf	Kernel	#	rm_f
mkmf	Kernel	#	rm_rf
un	Kernel	#	rmdir
un	Kernel	#	touch
mkmf	Kernel	#	try_compile
mkmf	Kernel	#	try_constant
mkmf	Kernel	#	try_cpp
mkmf	Kernel	#	try_do
mkmf	Kernel	#	try_func
mkmf	Kernel	#	try_link
mkmf	Kernel	#	try_run
mkmf	Kernel	#	try_static_assert
mkmf	Kernel	#	try_type
mkmf	Kernel	#	try_var
un	Kernel	#	wait_writable
mkmf	Kernel	#	with_config
mkmf	Kernel	#	with_werror
irb/xmp	Kernel	#	xmp
mkmf	Kernel	#	xpopen
mkmf	Kernel	#	xsystem
psych	Kernel	#	y
bigdecimal	Kernel	.#	BigDecimal
pathname	Kernel	.#	Pathname
uri	Kernel	.#	URI
continuation	Kernel	.#	callcc
English	Kernel	$	ARGV
mkmf	Kernel	$	CFLAGS
English	Kernel	$	CHILD_STATUS
mkmf	Kernel	$	CPPFLAGS
English	Kernel	$	DEFAULT_INPUT
English	Kernel	$	DEFAULT_OUTPUT
English	Kernel	$	ERROR_INFO
English	Kernel	$	ERROR_POSITION
English	Kernel	$	FIELD_SEPARATOR
English	Kernel	$	FS
English	Kernel	$	IGNORECASE
English	Kernel	$	INPUT_LINE_NUMBER
English	Kernel	$	NR
English	Kernel	$	INPUT_RECORD_SEPARATOR
English	Kernel	$	RS
English	Kernel	$	LAST_MATCH_INFO
English	Kernel	$	LAST_PAREN_MATCH
English	Kernel	$	LAST_READ_LINE
mkmf	Kernel	$	LDFLAGS
English	Kernel	$	MATCH
English	Kernel	$	OFS
English	Kernel	$	OUTPUT_FIELD_SEPARATOR
English	Kernel	$	ORS
English	Kernel	$	OUTPUT_RECORD_SEPARATOR
English	Kernel	$	PID
English	Kernel	$	PROCESS_ID
English	Kernel	$	POSTMATCH
English	Kernel	$	PREMATCH
mkmf	Kernel	$	archdir
mkmf	Kernel	$	defs
mkmf	Kernel	$	hdrdir
mkmf	Kernel	$	libdir
mkmf	Kernel	$	libs
mkmf	Kernel	$	sitearchdir
mkmf	Kernel	$	sitelibdir
mkmf	Kernel	$	srcdir
mkmf	Kernel	$	topdir
bigdecimal/ludcmp	LUSolve	.#	ludecomp
bigdecimal/ludcmp	LUSolve	.#	lusolve
logger	Logger	::	ProgName
logger	Logger	::	SEV_LABEL
logger	Logger	::	VERSION
logger	Logger	#	<<
logger	Logger	#	add
logger	Logger	#	log
logger	Logger	#	close
logger	Logger	#	datetime_format
logger	Logger	#	datetime_format=
logger	Logger	#	debug
logger	Logger	#	debug?
logger	Logger	#	error
logger	Logger	#	error?
logger	Logger	#	fatal
logger	Logger	#	fatal?
logger	Logger	#	formatter
logger	Logger	#	formatter=
logger	Logger	#	info
logger	Logger	#	info?
logger	Logger	#	level
logger	Logger	#	sev_threshold
logger	Logger	#	level=
logger	Logger	#	sev_threshold=
logger	Logger	#	progname
logger	Logger	#	progname=
logger	Logger	#	unknown
logger	Logger	#	warn
logger	Logger	#	warn?
logger	Logger	.	new
logger	Logger::Formatter	::	Format
logger	Logger::Formatter	#	call
logger	Logger::Formatter	#	datetime_format
logger	Logger::Formatter	#	datetime_format=
logger	Logger::LogDevice	#	close
logger	Logger::LogDevice	#	dev
logger	Logger::LogDevice	#	filename
logger	Logger::LogDevice	#	write
logger	Logger::LogDevice	.	new
logger	Logger::Severity	::	DEBUG
logger	Logger::Severity	::	ERROR
logger	Logger::Severity	::	FATAL
logger	Logger::Severity	::	INFO
logger	Logger::Severity	::	UNKNOWN
logger	Logger::Severity	::	WARN
matrix	Matrix	#	*
matrix	Matrix	#	**
matrix	Matrix	#	+
matrix	Matrix	#	+@
matrix	Matrix	#	-
matrix	Matrix	#	-@
matrix	Matrix	#	/
matrix	Matrix	#	==
matrix	Matrix	#	eql?
matrix	Matrix	#	[]
matrix	Matrix	#	component
matrix	Matrix	#	element
matrix	Matrix	#	[]=
matrix	Matrix	#	adjugate
matrix	Matrix	#	antisymmetric?
matrix	Matrix	#	skew_symmetric?
matrix	Matrix	#	coerce
matrix	Matrix	#	cofactor
matrix	Matrix	#	cofactor_expansion
matrix	Matrix	#	laplace_expansion
matrix	Matrix	#	collect
matrix	Matrix	#	map
matrix	Matrix	#	collect!
matrix	Matrix	#	map!
matrix	Matrix	#	column
matrix	Matrix	#	column_count
matrix	Matrix	#	column_size
matrix	Matrix	#	column_vectors
matrix	Matrix	#	combine
matrix	Matrix	#	conj
matrix	Matrix	#	conjugate
matrix	Matrix	#	det
matrix	Matrix	#	determinant
matrix	Matrix	#	det_e
matrix	Matrix	#	determinant_e
matrix	Matrix	#	diagonal?
matrix	Matrix	#	each
matrix	Matrix	#	each_with_index
matrix	Matrix	#	eigen
matrix	Matrix	#	eigensystem
matrix	Matrix	#	elements_to_f
matrix	Matrix	#	elements_to_i
matrix	Matrix	#	elements_to_r
matrix	Matrix	#	empty?
matrix	Matrix	#	entrywise_product
matrix	Matrix	#	hadamard_product
matrix	Matrix	#	find_index
matrix	Matrix	#	index
matrix	Matrix	#	first_minor
matrix	Matrix	#	hash
matrix	Matrix	#	hermitian?
matrix	Matrix	#	hstack
matrix	Matrix	#	imag
matrix	Matrix	#	imaginary
matrix	Matrix	#	inspect
matrix	Matrix	#	inv
matrix	Matrix	#	inverse
matrix	Matrix	#	lower_triangular?
matrix	Matrix	#	lup
matrix	Matrix	#	lup_decomposition
matrix	Matrix	#	minor
matrix	Matrix	#	normal?
matrix	Matrix	#	orthogonal?
matrix	Matrix	#	permutation?
matrix	Matrix	#	rank
matrix	Matrix	#	rank_e
matrix	Matrix	#	real
matrix	Matrix	#	real?
matrix	Matrix	#	rect
matrix	Matrix	#	rectangular
matrix	Matrix	#	regular?
matrix	Matrix	#	round
matrix	Matrix	#	row
matrix	Matrix	#	row_count
matrix	Matrix	#	row_size
matrix	Matrix	#	row_vectors
matrix	Matrix	#	singular?
matrix	Matrix	#	square?
matrix	Matrix	#	symmetric?
matrix	Matrix	#	t
matrix	Matrix	#	transpose
matrix	Matrix	#	to_a
matrix	Matrix	#	to_s
matrix	Matrix	#	tr
matrix	Matrix	#	trace
matrix	Matrix	#	unitary?
matrix	Matrix	#	upper_triangular?
matrix	Matrix	#	vstack
matrix	Matrix	#	zero?
matrix	Matrix	.	[]
matrix	Matrix	.	I
matrix	Matrix	.	identity
matrix	Matrix	.	unit
matrix	Matrix	.	build
matrix	Matrix	.	column_vector
matrix	Matrix	.	columns
matrix	Matrix	.	combine
matrix	Matrix	.	diagonal
matrix	Matrix	.	empty
matrix	Matrix	.	hstack
matrix	Matrix	.	row_vector
matrix	Matrix	.	rows
matrix	Matrix	.	scalar
matrix	Matrix	.	vstack
matrix	Matrix	.	zero
matrix	Matrix::EigenvalueDecomposition	#	d
matrix	Matrix::EigenvalueDecomposition	#	eigenvalue_matrix
matrix	Matrix::EigenvalueDecomposition	#	eigenvalues
matrix	Matrix::EigenvalueDecomposition	#	eigenvector_matrix
matrix	Matrix::EigenvalueDecomposition	#	v
matrix	Matrix::EigenvalueDecomposition	#	eigenvector_matrix_inv
matrix	Matrix::EigenvalueDecomposition	#	v_inv
matrix	Matrix::EigenvalueDecomposition	#	eigenvectors
matrix	Matrix::EigenvalueDecomposition	#	to_a
matrix	Matrix::EigenvalueDecomposition	#	to_ary
matrix	Matrix::LUPDecomposition	#	det
matrix	Matrix::LUPDecomposition	#	determinant
matrix	Matrix::LUPDecomposition	#	l
matrix	Matrix::LUPDecomposition	#	p
matrix	Matrix::LUPDecomposition	#	pivots
matrix	Matrix::LUPDecomposition	#	singular?
matrix	Matrix::LUPDecomposition	#	solve
matrix	Matrix::LUPDecomposition	#	to_a
matrix	Matrix::LUPDecomposition	#	to_ary
matrix	Matrix::LUPDecomposition	#	u
rake	Module	#	rake_extension
monitor	Monitor	#	enter
monitor	Monitor	#	mon_enter
monitor	Monitor	#	exit
monitor	Monitor	#	mon_exit
monitor	Monitor	#	mon_check_owner
monitor	Monitor	#	mon_locked?
monitor	Monitor	#	mon_owned?
monitor	Monitor	#	mon_synchronize
monitor	Monitor	#	synchronize
monitor	Monitor	#	mon_try_enter
monitor	Monitor	#	try_enter
monitor	Monitor	#	try_mon_enter
monitor	Monitor	#	new_cond
monitor	Monitor	#	wait_for_cond
monitor	Monitor	.	new
monitor	MonitorMixin	#	mon_enter
monitor	MonitorMixin	#	mon_exit
monitor	MonitorMixin	#	mon_locked?
monitor	MonitorMixin	#	mon_owned?
monitor	MonitorMixin	#	mon_synchronize
monitor	MonitorMixin	#	synchronize
monitor	MonitorMixin	#	mon_try_enter
monitor	MonitorMixin	#	try_mon_enter
monitor	MonitorMixin	#	new_cond
monitor	MonitorMixin::ConditionVariable	#	broadcast
monitor	MonitorMixin::ConditionVariable	#	signal
monitor	MonitorMixin::ConditionVariable	#	wait
monitor	MonitorMixin::ConditionVariable	#	wait_until
monitor	MonitorMixin::ConditionVariable	#	wait_while
mutex_m	Mutex_m	#	lock
mutex_m	Mutex_m	#	mu_lock
mutex_m	Mutex_m	#	locked?
mutex_m	Mutex_m	#	mu_locked?
mutex_m	Mutex_m	#	mu_extended
mutex_m	Mutex_m	#	mu_synchronize
mutex_m	Mutex_m	#	synchronize
mutex_m	Mutex_m	#	mu_try_lock
mutex_m	Mutex_m	#	try_lock
mutex_m	Mutex_m	#	mu_unlock
mutex_m	Mutex_m	#	unlock
mutex_m	Mutex_m	.	append_features
mutex_m	Mutex_m	.	define_aliases
mutex_m	Mutex_m	.	extend_object
nkf	NKF	::	ASCII
nkf	NKF	::	AUTO
nkf	NKF	::	BINARY
nkf	NKF	::	EUC
nkf	NKF	::	JIS
nkf	NKF	::	NKF_RELEASE_DATE
nkf	NKF	::	NKF_VERSION
nkf	NKF	::	NOCONV
nkf	NKF	::	SJIS
nkf	NKF	::	UNKNOWN
nkf	NKF	::	UTF16
nkf	NKF	::	UTF32
nkf	NKF	::	UTF8
nkf	NKF	::	VERSION
nkf	NKF	.#	guess
nkf	NKF	.#	nkf
net/ftp	Net::FTP	::	DEFAULT_BLOCKSIZE
net/ftp	Net::FTP	::	FTP_PORT
net/ftp	Net::FTP	#	abort
net/ftp	Net::FTP	#	acct
net/ftp	Net::FTP	#	binary
net/ftp	Net::FTP	#	binary=
net/ftp	Net::FTP	#	chdir
net/ftp	Net::FTP	#	close
net/ftp	Net::FTP	#	closed?
net/ftp	Net::FTP	#	connect
net/ftp	Net::FTP	#	debug_mode
net/ftp	Net::FTP	#	debug_mode=
net/ftp	Net::FTP	#	delete
net/ftp	Net::FTP	#	dir
net/ftp	Net::FTP	#	list
net/ftp	Net::FTP	#	ls
net/ftp	Net::FTP	#	get
net/ftp	Net::FTP	#	getbinaryfile
net/ftp	Net::FTP	#	getdir
net/ftp	Net::FTP	#	pwd
net/ftp	Net::FTP	#	gettextfile
net/ftp	Net::FTP	#	help
net/ftp	Net::FTP	#	last_response
net/ftp	Net::FTP	#	last_response_code
net/ftp	Net::FTP	#	lastresp
net/ftp	Net::FTP	#	login
net/ftp	Net::FTP	#	mdtm
net/ftp	Net::FTP	#	mkdir
net/ftp	Net::FTP	#	mlsd
net/ftp	Net::FTP	#	mlst
net/ftp	Net::FTP	#	mtime
net/ftp	Net::FTP	#	nlst
net/ftp	Net::FTP	#	noop
net/ftp	Net::FTP	#	open_timeout
net/ftp	Net::FTP	#	open_timeout=
net/ftp	Net::FTP	#	passive
net/ftp	Net::FTP	#	passive=
net/ftp	Net::FTP	#	put
net/ftp	Net::FTP	#	putbinaryfile
net/ftp	Net::FTP	#	puttextfile
net/ftp	Net::FTP	#	quit
net/ftp	Net::FTP	#	read_timeout
net/ftp	Net::FTP	#	read_timeout=
net/ftp	Net::FTP	#	rename
net/ftp	Net::FTP	#	resume
net/ftp	Net::FTP	#	resume=
net/ftp	Net::FTP	#	retrbinary
net/ftp	Net::FTP	#	retrlines
net/ftp	Net::FTP	#	return_code
net/ftp	Net::FTP	#	return_code=
net/ftp	Net::FTP	#	rmdir
net/ftp	Net::FTP	#	sendcmd
net/ftp	Net::FTP	#	set_socket
net/ftp	Net::FTP	#	site
net/ftp	Net::FTP	#	size
net/ftp	Net::FTP	#	status
net/ftp	Net::FTP	#	storbinary
net/ftp	Net::FTP	#	storlines
net/ftp	Net::FTP	#	system
net/ftp	Net::FTP	#	voidcmd
net/ftp	Net::FTP	#	welcome
net/ftp	Net::FTP	.	default_passive
net/ftp	Net::FTP	.	default_passive=
net/ftp	Net::FTP	.	new
net/ftp	Net::FTP	.	open
net/ftp	Net::FTP::MLSxEntry	#	appendable?
net/ftp	Net::FTP::MLSxEntry	#	charset
net/ftp	Net::FTP::MLSxEntry	#	creatable?
net/ftp	Net::FTP::MLSxEntry	#	create
net/ftp	Net::FTP::MLSxEntry	#	deletable?
net/ftp	Net::FTP::MLSxEntry	#	directory?
net/ftp	Net::FTP::MLSxEntry	#	directory_makable?
net/ftp	Net::FTP::MLSxEntry	#	enterable?
net/ftp	Net::FTP::MLSxEntry	#	facts
net/ftp	Net::FTP::MLSxEntry	#	file?
net/ftp	Net::FTP::MLSxEntry	#	lang
net/ftp	Net::FTP::MLSxEntry	#	listable?
net/ftp	Net::FTP::MLSxEntry	#	media_type
net/ftp	Net::FTP::MLSxEntry	#	modify
net/ftp	Net::FTP::MLSxEntry	#	pathname
net/ftp	Net::FTP::MLSxEntry	#	perm
net/ftp	Net::FTP::MLSxEntry	#	purgeable?
net/ftp	Net::FTP::MLSxEntry	#	readable?
net/ftp	Net::FTP::MLSxEntry	#	renamable?
net/ftp	Net::FTP::MLSxEntry	#	size
net/ftp	Net::FTP::MLSxEntry	#	type
net/ftp	Net::FTP::MLSxEntry	#	unique
net/ftp	Net::FTP::MLSxEntry	#	writable?
net/http	Net::HTTP	#	active?
net/http	Net::HTTP	#	started?
net/http	Net::HTTP	#	address
net/http	Net::HTTP	#	ca_file
net/http	Net::HTTP	#	ca_file=
net/http	Net::HTTP	#	ca_path
net/http	Net::HTTP	#	ca_path=
net/http	Net::HTTP	#	cert
net/http	Net::HTTP	#	cert=
net/http	Net::HTTP	#	cert_store
net/http	Net::HTTP	#	cert_store=
net/http	Net::HTTP	#	ciphers
net/http	Net::HTTP	#	ciphers=
net/http	Net::HTTP	#	close_on_empty_response
net/http	Net::HTTP	#	close_on_empty_response=
net/http	Net::HTTP	#	continue_timeout
net/http	Net::HTTP	#	continue_timeout=
net/http	Net::HTTP	#	copy
net/http	Net::HTTP	#	delete
net/http	Net::HTTP	#	finish
net/http	Net::HTTP	#	get
net/http	Net::HTTP	#	get2
net/http	Net::HTTP	#	request_get
net/http	Net::HTTP	#	head
net/http	Net::HTTP	#	head2
net/http	Net::HTTP	#	request_head
net/http	Net::HTTP	#	keep_alive_timeout
net/http	Net::HTTP	#	keep_alive_timeout=
net/http	Net::HTTP	#	key
net/http	Net::HTTP	#	key=
net/http	Net::HTTP	#	local_host
net/http	Net::HTTP	#	local_host=
net/http	Net::HTTP	#	local_port
net/http	Net::HTTP	#	local_port=
net/http	Net::HTTP	#	lock
net/http	Net::HTTP	#	max_retries
net/http	Net::HTTP	#	max_retries=
net/http	Net::HTTP	#	mkcol
net/http	Net::HTTP	#	move
net/http	Net::HTTP	#	open_timeout
net/http	Net::HTTP	#	open_timeout=
net/http	Net::HTTP	#	options
net/http	Net::HTTP	#	patch
net/http	Net::HTTP	#	peer_cert
net/http	Net::HTTP	#	port
net/http	Net::HTTP	#	post
net/http	Net::HTTP	#	post2
net/http	Net::HTTP	#	request_post
net/http	Net::HTTP	#	propfind
net/http	Net::HTTP	#	proppatch
net/http	Net::HTTP	#	proxy?
net/http	Net::HTTP	#	proxy_address
net/http	Net::HTTP	#	proxyaddr
net/http	Net::HTTP	#	proxy_address=
net/http	Net::HTTP	#	proxy_from_env=
net/http	Net::HTTP	#	proxy_from_env?
net/http	Net::HTTP	#	proxy_pass
net/http	Net::HTTP	#	proxy_pass=
net/http	Net::HTTP	#	proxy_port
net/http	Net::HTTP	#	proxyport
net/http	Net::HTTP	#	proxy_port=
net/http	Net::HTTP	#	proxy_uri
net/http	Net::HTTP	#	proxy_user
net/http	Net::HTTP	#	proxy_user=
net/http	Net::HTTP	#	put
net/http	Net::HTTP	#	put2
net/http	Net::HTTP	#	request_put
net/http	Net::HTTP	#	read_timeout
net/http	Net::HTTP	#	read_timeout=
net/http	Net::HTTP	#	request
net/http	Net::HTTP	#	send_request
net/http	Net::HTTP	#	set_debug_output
net/http	Net::HTTP	#	ssl_timeout
net/http	Net::HTTP	#	ssl_timeout=
net/http	Net::HTTP	#	ssl_version
net/http	Net::HTTP	#	ssl_version=
net/http	Net::HTTP	#	start
net/http	Net::HTTP	#	trace
net/http	Net::HTTP	#	unlock
net/http	Net::HTTP	#	use_ssl=
net/http	Net::HTTP	#	use_ssl?
net/http	Net::HTTP	#	verify_callback
net/http	Net::HTTP	#	verify_callback=
net/http	Net::HTTP	#	verify_depth
net/http	Net::HTTP	#	verify_depth=
net/http	Net::HTTP	#	verify_mode
net/http	Net::HTTP	#	verify_mode=
net/http	Net::HTTP	#	write_timeout
net/http	Net::HTTP	#	write_timeout=
net/http	Net::HTTP	.	Proxy
net/http	Net::HTTP	.	default_port
net/http	Net::HTTP	.	http_default_port
net/http	Net::HTTP	.	get
net/http	Net::HTTP	.	get_print
net/http	Net::HTTP	.	get_response
net/http	Net::HTTP	.	https_default_port
net/http	Net::HTTP	.	is_version_1_1?
net/http	Net::HTTP	.	version_1_1?
net/http	Net::HTTP	.	is_version_1_2?
net/http	Net::HTTP	.	version_1_2?
net/http	Net::HTTP	.	new
net/http	Net::HTTP	.	post_form
net/http	Net::HTTP	.	proxy_address
net/http	Net::HTTP	.	proxy_class?
net/http	Net::HTTP	.	proxy_pass
net/http	Net::HTTP	.	proxy_port
net/http	Net::HTTP	.	proxy_user
net/http	Net::HTTP	.	start
net/http	Net::HTTP	.	version_1_2
net/http	Net::HTTPExceptions	#	response
net/http	Net::HTTPGenericRequest	#	body
net/http	Net::HTTPGenericRequest	#	body=
net/http	Net::HTTPGenericRequest	#	body_exist?
net/http	Net::HTTPGenericRequest	#	body_stream
net/http	Net::HTTPGenericRequest	#	body_stream=
net/http	Net::HTTPGenericRequest	#	method
net/http	Net::HTTPGenericRequest	#	path
net/http	Net::HTTPGenericRequest	#	request_body_permitted?
net/http	Net::HTTPGenericRequest	#	response_body_permitted?
net/http	Net::HTTPHeader	#	[]
net/http	Net::HTTPHeader	#	[]=
net/http	Net::HTTPHeader	#	add_field
net/http	Net::HTTPHeader	#	basic_auth
net/http	Net::HTTPHeader	#	canonical_each
net/http	Net::HTTPHeader	#	each_capitalized
net/http	Net::HTTPHeader	#	chunked?
net/http	Net::HTTPHeader	#	content_length
net/http	Net::HTTPHeader	#	content_length=
net/http	Net::HTTPHeader	#	content_range
net/http	Net::HTTPHeader	#	content_type
net/http	Net::HTTPHeader	#	content_type=
net/http	Net::HTTPHeader	#	set_content_type
net/http	Net::HTTPHeader	#	delete
net/http	Net::HTTPHeader	#	each
net/http	Net::HTTPHeader	#	each_header
net/http	Net::HTTPHeader	#	each_capitalized_name
net/http	Net::HTTPHeader	#	each_key
net/http	Net::HTTPHeader	#	each_name
net/http	Net::HTTPHeader	#	each_value
net/http	Net::HTTPHeader	#	fetch
net/http	Net::HTTPHeader	#	form_data=
net/http	Net::HTTPHeader	#	set_form_data
net/http	Net::HTTPHeader	#	get_fields
net/http	Net::HTTPHeader	#	key?
net/http	Net::HTTPHeader	#	length
net/http	Net::HTTPHeader	#	size
net/http	Net::HTTPHeader	#	main_type
net/http	Net::HTTPHeader	#	method
net/http	Net::HTTPHeader	#	proxy_basic_auth
net/http	Net::HTTPHeader	#	range
net/http	Net::HTTPHeader	#	range=
net/http	Net::HTTPHeader	#	set_range
net/http	Net::HTTPHeader	#	range_length
net/http	Net::HTTPHeader	#	sub_type
net/http	Net::HTTPHeader	#	type_params
net/http	Net::HTTPRequest	.	new
net/http	Net::HTTPResponse	::	CODE_CLASS_TO_OBJ
net/http	Net::HTTPResponse	::	CODE_TO_OBJ
net/http	Net::HTTPResponse	#	body
net/http	Net::HTTPResponse	#	entity
net/http	Net::HTTPResponse	#	code
net/http	Net::HTTPResponse	#	header
net/http	Net::HTTPResponse	#	reader_header
net/http	Net::HTTPResponse	#	response
net/http	Net::HTTPResponse	#	http_version
net/http	Net::HTTPResponse	#	message
net/http	Net::HTTPResponse	#	msg
net/http	Net::HTTPResponse	#	read_body
net/http	Net::HTTPResponse	#	value
net/http	Net::HTTPResponse	.	body_permitted?
net/imap	Net::IMAP	::	ANSWERED
net/imap	Net::IMAP	::	DELETED
net/imap	Net::IMAP	::	DRAFT
net/imap	Net::IMAP	::	FLAGGED
net/imap	Net::IMAP	::	MARKED
net/imap	Net::IMAP	::	NOINFERIORS
net/imap	Net::IMAP	::	NOSELECT
net/imap	Net::IMAP	::	RECENT
net/imap	Net::IMAP	::	SEEN
net/imap	Net::IMAP	::	UNMARKED
net/imap	Net::IMAP	#	add_response_handler
net/imap	Net::IMAP	#	append
net/imap	Net::IMAP	#	authenticate
net/imap	Net::IMAP	#	capability
net/imap	Net::IMAP	#	check
net/imap	Net::IMAP	#	client_thread
net/imap	Net::IMAP	#	client_thread=
net/imap	Net::IMAP	#	close
net/imap	Net::IMAP	#	copy
net/imap	Net::IMAP	#	create
net/imap	Net::IMAP	#	delete
net/imap	Net::IMAP	#	disconnect
net/imap	Net::IMAP	#	disconnected?
net/imap	Net::IMAP	#	examine
net/imap	Net::IMAP	#	expunge
net/imap	Net::IMAP	#	fetch
net/imap	Net::IMAP	#	getacl
net/imap	Net::IMAP	#	getquota
net/imap	Net::IMAP	#	getquotaroot
net/imap	Net::IMAP	#	greeting
net/imap	Net::IMAP	#	idle
net/imap	Net::IMAP	#	idle_done
net/imap	Net::IMAP	#	list
net/imap	Net::IMAP	#	login
net/imap	Net::IMAP	#	logout
net/imap	Net::IMAP	#	lsub
net/imap	Net::IMAP	#	move
net/imap	Net::IMAP	#	noop
net/imap	Net::IMAP	#	remove_response_handler
net/imap	Net::IMAP	#	rename
net/imap	Net::IMAP	#	response_handlers
net/imap	Net::IMAP	#	responses
net/imap	Net::IMAP	#	search
net/imap	Net::IMAP	#	select
net/imap	Net::IMAP	#	setacl
net/imap	Net::IMAP	#	setquota
net/imap	Net::IMAP	#	sort
net/imap	Net::IMAP	#	uid_sort
net/imap	Net::IMAP	#	starttls
net/imap	Net::IMAP	#	status
net/imap	Net::IMAP	#	store
net/imap	Net::IMAP	#	subscribe
net/imap	Net::IMAP	#	thread
net/imap	Net::IMAP	#	uid_copy
net/imap	Net::IMAP	#	uid_fetch
net/imap	Net::IMAP	#	uid_move
net/imap	Net::IMAP	#	uid_search
net/imap	Net::IMAP	#	uid_store
net/imap	Net::IMAP	#	uid_thread
net/imap	Net::IMAP	#	unsubscribe
net/imap	Net::IMAP	#	xlist
net/imap	Net::IMAP	.	add_authenticator
net/imap	Net::IMAP	.	debug
net/imap	Net::IMAP	.	debug=
net/imap	Net::IMAP	.	decode_utf7
net/imap	Net::IMAP	.	default_imap_port
net/imap	Net::IMAP	.	default_port
net/imap	Net::IMAP	.	default_imaps_port
net/imap	Net::IMAP	.	default_ssl_port
net/imap	Net::IMAP	.	default_tls_port
net/imap	Net::IMAP	.	encode_utf7
net/imap	Net::IMAP	.	format_date
net/imap	Net::IMAP	.	format_datetime
net/imap	Net::IMAP	.	new
net/imap	Net::IMAP::Address	#	host
net/imap	Net::IMAP::Address	#	mailbox
net/imap	Net::IMAP::Address	#	name
net/imap	Net::IMAP::Address	#	route
net/imap	Net::IMAP::BodyTypeBasic	#	content_id
net/imap	Net::IMAP::BodyTypeBasic	#	description
net/imap	Net::IMAP::BodyTypeBasic	#	disposition
net/imap	Net::IMAP::BodyTypeBasic	#	encoding
net/imap	Net::IMAP::BodyTypeBasic	#	extension
net/imap	Net::IMAP::BodyTypeBasic	#	language
net/imap	Net::IMAP::BodyTypeBasic	#	md5
net/imap	Net::IMAP::BodyTypeBasic	#	media_subtype
net/imap	Net::IMAP::BodyTypeBasic	#	subtype
net/imap	Net::IMAP::BodyTypeBasic	#	media_type
net/imap	Net::IMAP::BodyTypeBasic	#	multipart?
net/imap	Net::IMAP::BodyTypeBasic	#	param
net/imap	Net::IMAP::BodyTypeBasic	#	size
net/imap	Net::IMAP::BodyTypeMessage	#	body
net/imap	Net::IMAP::BodyTypeMessage	#	content_id
net/imap	Net::IMAP::BodyTypeMessage	#	description
net/imap	Net::IMAP::BodyTypeMessage	#	disposition
net/imap	Net::IMAP::BodyTypeMessage	#	encoding
net/imap	Net::IMAP::BodyTypeMessage	#	envelope
net/imap	Net::IMAP::BodyTypeMessage	#	extension
net/imap	Net::IMAP::BodyTypeMessage	#	language
net/imap	Net::IMAP::BodyTypeMessage	#	lines
net/imap	Net::IMAP::BodyTypeMessage	#	md5
net/imap	Net::IMAP::BodyTypeMessage	#	media_subtype
net/imap	Net::IMAP::BodyTypeMessage	#	subtype
net/imap	Net::IMAP::BodyTypeMessage	#	media_type
net/imap	Net::IMAP::BodyTypeMessage	#	multipart?
net/imap	Net::IMAP::BodyTypeMessage	#	param
net/imap	Net::IMAP::BodyTypeMessage	#	size
net/imap	Net::IMAP::BodyTypeMultipart	#	disposition
net/imap	Net::IMAP::BodyTypeMultipart	#	extension
net/imap	Net::IMAP::BodyTypeMultipart	#	language
net/imap	Net::IMAP::BodyTypeMultipart	#	media_subtype
net/imap	Net::IMAP::BodyTypeMultipart	#	subtype
net/imap	Net::IMAP::BodyTypeMultipart	#	media_type
net/imap	Net::IMAP::BodyTypeMultipart	#	multipart?
net/imap	Net::IMAP::BodyTypeMultipart	#	param
net/imap	Net::IMAP::BodyTypeMultipart	#	parts
net/imap	Net::IMAP::BodyTypeText	#	content_id
net/imap	Net::IMAP::BodyTypeText	#	description
net/imap	Net::IMAP::BodyTypeText	#	disposition
net/imap	Net::IMAP::BodyTypeText	#	encoding
net/imap	Net::IMAP::BodyTypeText	#	extension
net/imap	Net::IMAP::BodyTypeText	#	language
net/imap	Net::IMAP::BodyTypeText	#	lines
net/imap	Net::IMAP::BodyTypeText	#	md5
net/imap	Net::IMAP::BodyTypeText	#	media_subtype
net/imap	Net::IMAP::BodyTypeText	#	subtype
net/imap	Net::IMAP::BodyTypeText	#	media_type
net/imap	Net::IMAP::BodyTypeText	#	multipart?
net/imap	Net::IMAP::BodyTypeText	#	param
net/imap	Net::IMAP::BodyTypeText	#	size
net/imap	Net::IMAP::ContentDisposition	#	dsp_type
net/imap	Net::IMAP::ContentDisposition	#	param
net/imap	Net::IMAP::ContinuationRequest	#	data
net/imap	Net::IMAP::ContinuationRequest	#	raw_data
net/imap	Net::IMAP::Envelope	#	bcc
net/imap	Net::IMAP::Envelope	#	cc
net/imap	Net::IMAP::Envelope	#	date
net/imap	Net::IMAP::Envelope	#	from
net/imap	Net::IMAP::Envelope	#	in_reply_to
net/imap	Net::IMAP::Envelope	#	message_id
net/imap	Net::IMAP::Envelope	#	reply_to
net/imap	Net::IMAP::Envelope	#	sender
net/imap	Net::IMAP::Envelope	#	subject
net/imap	Net::IMAP::Envelope	#	to
net/imap	Net::IMAP::FetchData	#	attr
net/imap	Net::IMAP::FetchData	#	seqno
net/imap	Net::IMAP::MailboxACLItem	#	rights
net/imap	Net::IMAP::MailboxACLItem	#	user
net/imap	Net::IMAP::MailboxList	#	attr
net/imap	Net::IMAP::MailboxList	#	delim
net/imap	Net::IMAP::MailboxList	#	name
net/imap	Net::IMAP::MailboxQuota	#	mailbox
net/imap	Net::IMAP::MailboxQuota	#	quota
net/imap	Net::IMAP::MailboxQuota	#	usage
net/imap	Net::IMAP::MailboxQuotaRoot	#	mailbox
net/imap	Net::IMAP::MailboxQuotaRoot	#	quotaroots
net/imap	Net::IMAP::ResponseCode	#	data
net/imap	Net::IMAP::ResponseCode	#	name
net/imap	Net::IMAP::ResponseError	#	response
net/imap	Net::IMAP::ResponseError	#	response=
net/imap	Net::IMAP::ResponseText	#	code
net/imap	Net::IMAP::ResponseText	#	text
net/imap	Net::IMAP::StatusData	#	attr
net/imap	Net::IMAP::StatusData	#	mailbox
net/imap	Net::IMAP::TaggedResponse	#	data
net/imap	Net::IMAP::TaggedResponse	#	name
net/imap	Net::IMAP::TaggedResponse	#	raw_data
net/imap	Net::IMAP::TaggedResponse	#	tag
net/imap	Net::IMAP::ThreadMember	#	children
net/imap	Net::IMAP::ThreadMember	#	seqno
net/imap	Net::IMAP::UntaggedResponse	#	data
net/imap	Net::IMAP::UntaggedResponse	#	name
net/imap	Net::IMAP::UntaggedResponse	#	raw_data
net/pop	Net::POP3	::	Revision
net/pop	Net::POP3	#	active?
net/pop	Net::POP3	#	started?
net/pop	Net::POP3	#	address
net/pop	Net::POP3	#	apop?
net/pop	Net::POP3	#	auth_only
net/pop	Net::POP3	#	delete_all
net/pop	Net::POP3	#	disable_ssl
net/pop	Net::POP3	#	each
net/pop	Net::POP3	#	each_mail
net/pop	Net::POP3	#	enable_ssl
net/pop	Net::POP3	#	finish
net/pop	Net::POP3	#	mails
net/pop	Net::POP3	#	n_bytes
net/pop	Net::POP3	#	n_mails
net/pop	Net::POP3	#	open_timeout
net/pop	Net::POP3	#	open_timeout=
net/pop	Net::POP3	#	port
net/pop	Net::POP3	#	read_timeout
net/pop	Net::POP3	#	read_timeout=
net/pop	Net::POP3	#	reset
net/pop	Net::POP3	#	set_debug_output
net/pop	Net::POP3	#	start
net/pop	Net::POP3	#	use_ssl?
net/pop	Net::POP3	.	APOP
net/pop	Net::POP3	.	auth_only
net/pop	Net::POP3	.	certs
net/pop	Net::POP3	.	default_pop3_port
net/pop	Net::POP3	.	default_port
net/pop	Net::POP3	.	default_pop3s_port
net/pop	Net::POP3	.	delete_all
net/pop	Net::POP3	.	disable_ssl
net/pop	Net::POP3	.	enable_ssl
net/pop	Net::POP3	.	foreach
net/pop	Net::POP3	.	new
net/pop	Net::POP3	.	socket_type
net/pop	Net::POP3	.	ssl_params
net/pop	Net::POP3	.	start
net/pop	Net::POP3	.	use_ssl?
net/pop	Net::POP3	.	verify
net/pop	Net::POPMail	#	all
net/pop	Net::POPMail	#	mail
net/pop	Net::POPMail	#	pop
net/pop	Net::POPMail	#	delete
net/pop	Net::POPMail	#	delete!
net/pop	Net::POPMail	#	deleted?
net/pop	Net::POPMail	#	header
net/pop	Net::POPMail	#	length
net/pop	Net::POPMail	#	size
net/pop	Net::POPMail	#	number
net/pop	Net::POPMail	#	top
net/pop	Net::POPMail	#	uidl
net/pop	Net::POPMail	#	unique_id
net/smtp	Net::SMTP	::	DEFAULT_AUTH_TYPE
net/smtp	Net::SMTP	::	Revision
net/smtp	Net::SMTP	#	address
net/smtp	Net::SMTP	#	auth_cram_md5
net/smtp	Net::SMTP	#	auth_login
net/smtp	Net::SMTP	#	auth_plain
net/smtp	Net::SMTP	#	authenticate
net/smtp	Net::SMTP	#	capable_auth_types
net/smtp	Net::SMTP	#	capable_cram_md5_auth?
net/smtp	Net::SMTP	#	capable_login_auth?
net/smtp	Net::SMTP	#	capable_plain_auth?
net/smtp	Net::SMTP	#	capable_starttls?
net/smtp	Net::SMTP	#	data
net/smtp	Net::SMTP	#	debug_output=
net/smtp	Net::SMTP	#	set_debug_output
net/smtp	Net::SMTP	#	disable_ssl
net/smtp	Net::SMTP	#	disable_tls
net/smtp	Net::SMTP	#	disable_starttls
net/smtp	Net::SMTP	#	ehlo
net/smtp	Net::SMTP	#	enable_ssl
net/smtp	Net::SMTP	#	enable_tls
net/smtp	Net::SMTP	#	enable_starttls
net/smtp	Net::SMTP	#	enable_starttls_auto
net/smtp	Net::SMTP	#	esmtp
net/smtp	Net::SMTP	#	esmtp?
net/smtp	Net::SMTP	#	esmtp=
net/smtp	Net::SMTP	#	finish
net/smtp	Net::SMTP	#	helo
net/smtp	Net::SMTP	#	inspect
net/smtp	Net::SMTP	#	mailfrom
net/smtp	Net::SMTP	#	open_message_stream
net/smtp	Net::SMTP	#	ready
net/smtp	Net::SMTP	#	open_timeout
net/smtp	Net::SMTP	#	open_timeout=
net/smtp	Net::SMTP	#	port
net/smtp	Net::SMTP	#	quit
net/smtp	Net::SMTP	#	rcptto
net/smtp	Net::SMTP	#	rcptto_list
net/smtp	Net::SMTP	#	read_timeout
net/smtp	Net::SMTP	#	read_timeout=
net/smtp	Net::SMTP	#	rset
net/smtp	Net::SMTP	#	send_mail
net/smtp	Net::SMTP	#	send_message
net/smtp	Net::SMTP	#	sendmail
net/smtp	Net::SMTP	#	ssl?
net/smtp	Net::SMTP	#	tls?
net/smtp	Net::SMTP	#	start
net/smtp	Net::SMTP	#	started?
net/smtp	Net::SMTP	#	starttls
net/smtp	Net::SMTP	#	starttls?
net/smtp	Net::SMTP	#	starttls_always?
net/smtp	Net::SMTP	#	starttls_auto?
net/smtp	Net::SMTP	.	default_port
net/smtp	Net::SMTP	.	default_ssl_context
net/smtp	Net::SMTP	.	default_ssl_port
net/smtp	Net::SMTP	.	default_tls_port
net/smtp	Net::SMTP	.	default_submission_port
net/smtp	Net::SMTP	.	new
net/smtp	Net::SMTP	.	start
bigdecimal/newton	Newton	.#	nlsolve
bigdecimal/newton	Newton	.#	norm
bigdecimal/util	NilClass	#	to_d
optparse	Object	::	ARGV
pp	Object	#	pretty_inspect
pp	Object	#	pretty_print
pp	Object	#	pretty_print_cycle
pp	Object	#	pretty_print_inspect
pp	Object	#	pretty_print_instance_variables
psych	Object	#	to_yaml
psych	Object	.	yaml_tag
objspace	ObjectSpace	.#	allocation_class_path
objspace	ObjectSpace	.#	allocation_generation
objspace	ObjectSpace	.#	allocation_method_id
objspace	ObjectSpace	.#	allocation_sourcefile
objspace	ObjectSpace	.#	allocation_sourceline
objspace	ObjectSpace	.#	count_nodes
objspace	ObjectSpace	.#	count_objects_size
objspace	ObjectSpace	.#	count_tdata_objects
objspace	ObjectSpace	.#	dump
objspace	ObjectSpace	.#	dump_all
objspace	ObjectSpace	.#	memsize_of
objspace	ObjectSpace	.#	memsize_of_all
objspace	ObjectSpace	.#	reachable_objects_from
objspace	ObjectSpace	.#	reachable_objects_from_root
objspace	ObjectSpace	.#	trace_object_allocations
objspace	ObjectSpace	.#	trace_object_allocations_clear
objspace	ObjectSpace	.#	trace_object_allocations_start
objspace	ObjectSpace	.#	trace_object_allocations_stop
observer	Observable	#	add_observer
observer	Observable	#	changed
observer	Observable	#	changed?
observer	Observable	#	count_observers
observer	Observable	#	delete_observer
observer	Observable	#	delete_observers
observer	Observable	#	notify_observers
open3	Open3	.#	capture2
open3	Open3	.#	capture2e
open3	Open3	.#	capture3
open3	Open3	.#	pipeline
open3	Open3	.#	pipeline_r
open3	Open3	.#	pipeline_rw
open3	Open3	.#	pipeline_start
open3	Open3	.#	pipeline_w
open3	Open3	.#	popen2
open3	Open3	.#	popen2e
open3	Open3	.#	popen3
openssl	OpenSSL	::	OPENSSL_FIPS
openssl	OpenSSL	::	OPENSSL_LIBRARY_VERSION
openssl	OpenSSL	::	OPENSSL_VERSION
openssl	OpenSSL	::	OPENSSL_VERSION_NUMBER
openssl	OpenSSL	::	VERSION
openssl	OpenSSL	.#	debug
openssl	OpenSSL	.#	debug=
openssl	OpenSSL	.#	errors
openssl	OpenSSL	.#	fips_mode=
openssl	OpenSSL::ASN1	::	BIT_STRING
openssl	OpenSSL::ASN1	::	BMPSTRING
openssl	OpenSSL::ASN1	::	BOOLEAN
openssl	OpenSSL::ASN1	::	CHARACTER_STRING
openssl	OpenSSL::ASN1	::	EMBEDDED_PDV
openssl	OpenSSL::ASN1	::	ENUMERATED
openssl	OpenSSL::ASN1	::	EOC
openssl	OpenSSL::ASN1	::	EXTERNAL
openssl	OpenSSL::ASN1	::	GENERALIZEDTIME
openssl	OpenSSL::ASN1	::	GENERALSTRING
openssl	OpenSSL::ASN1	::	GRAPHICSTRING
openssl	OpenSSL::ASN1	::	IA5STRING
openssl	OpenSSL::ASN1	::	INTEGER
openssl	OpenSSL::ASN1	::	ISO64STRING
openssl	OpenSSL::ASN1	::	NULL
openssl	OpenSSL::ASN1	::	NUMERICSTRING
openssl	OpenSSL::ASN1	::	OBJECT
openssl	OpenSSL::ASN1	::	OBJECT_DESCRIPTOR
openssl	OpenSSL::ASN1	::	OCTET_STRING
openssl	OpenSSL::ASN1	::	PRINTABLESTRING
openssl	OpenSSL::ASN1	::	REAL
openssl	OpenSSL::ASN1	::	RELATIVE_OID
openssl	OpenSSL::ASN1	::	SEQUENCE
openssl	OpenSSL::ASN1	::	SET
openssl	OpenSSL::ASN1	::	T61STRING
openssl	OpenSSL::ASN1	::	UNIVERSALSTRING
openssl	OpenSSL::ASN1	::	UNIVERSAL_TAG_NAME
openssl	OpenSSL::ASN1	::	UTCTIME
openssl	OpenSSL::ASN1	::	UTF8STRING
openssl	OpenSSL::ASN1	::	VIDEOTEXSTRING
openssl	OpenSSL::ASN1	.#	BMPString
openssl	OpenSSL::ASN1	.#	BitString
openssl	OpenSSL::ASN1	.#	Boolean
openssl	OpenSSL::ASN1	.#	Enumerated
openssl	OpenSSL::ASN1	.#	GeneralString
openssl	OpenSSL::ASN1	.#	GeneralizedTime
openssl	OpenSSL::ASN1	.#	GraphicString
openssl	OpenSSL::ASN1	.#	IA5String
openssl	OpenSSL::ASN1	.#	ISO64String
openssl	OpenSSL::ASN1	.#	Integer
openssl	OpenSSL::ASN1	.#	Null
openssl	OpenSSL::ASN1	.#	NumericString
openssl	OpenSSL::ASN1	.#	ObjectId
openssl	OpenSSL::ASN1	.#	OctetString
openssl	OpenSSL::ASN1	.#	PrintableString
openssl	OpenSSL::ASN1	.#	Sequence
openssl	OpenSSL::ASN1	.#	Set
openssl	OpenSSL::ASN1	.#	T61String
openssl	OpenSSL::ASN1	.#	UTCTime
openssl	OpenSSL::ASN1	.#	UTF8String
openssl	OpenSSL::ASN1	.#	UniversalString
openssl	OpenSSL::ASN1	.#	VideotexString
openssl	OpenSSL::ASN1	.#	decode
openssl	OpenSSL::ASN1	.#	decode_all
openssl	OpenSSL::ASN1	.#	traverse
openssl	OpenSSL::ASN1::ASN1Data	#	tag
openssl	OpenSSL::ASN1::ASN1Data	#	tag=
openssl	OpenSSL::ASN1::ASN1Data	#	tag_class
openssl	OpenSSL::ASN1::ASN1Data	#	tag_class=
openssl	OpenSSL::ASN1::ASN1Data	#	to_der
openssl	OpenSSL::ASN1::ASN1Data	#	value
openssl	OpenSSL::ASN1::ASN1Data	#	value=
openssl	OpenSSL::ASN1::ASN1Data	.	new
openssl	OpenSSL::ASN1::BMPString	.	new
openssl	OpenSSL::ASN1::BitString	#	unused_bits
openssl	OpenSSL::ASN1::BitString	#	unused_bits=
openssl	OpenSSL::ASN1::BitString	.	new
openssl	OpenSSL::ASN1::Boolean	.	new
openssl	OpenSSL::ASN1::Constructive	#	each
openssl	OpenSSL::ASN1::Constructive	#	tagging
openssl	OpenSSL::ASN1::Constructive	#	tagging=
openssl	OpenSSL::ASN1::Enumerated	.	new
openssl	OpenSSL::ASN1::GeneralString	.	new
openssl	OpenSSL::ASN1::GeneralizedTime	.	new
openssl	OpenSSL::ASN1::GraphicString	.	new
openssl	OpenSSL::ASN1::IA5String	.	new
openssl	OpenSSL::ASN1::ISO64String	.	new
openssl	OpenSSL::ASN1::Integer	.	new
openssl	OpenSSL::ASN1::Null	.	new
openssl	OpenSSL::ASN1::NumericString	.	new
openssl	OpenSSL::ASN1::ObjectId	#	ln
openssl	OpenSSL::ASN1::ObjectId	#	long_name
openssl	OpenSSL::ASN1::ObjectId	#	oid
openssl	OpenSSL::ASN1::ObjectId	#	short_name
openssl	OpenSSL::ASN1::ObjectId	#	sn
openssl	OpenSSL::ASN1::ObjectId	.	new
openssl	OpenSSL::ASN1::ObjectId	.	register
openssl	OpenSSL::ASN1::OctetString	.	new
openssl	OpenSSL::ASN1::Primitive	#	tagging
openssl	OpenSSL::ASN1::Primitive	#	tagging=
openssl	OpenSSL::ASN1::PrintableString	.	new
openssl	OpenSSL::ASN1::Sequence	.	new
openssl	OpenSSL::ASN1::Set	.	new
openssl	OpenSSL::ASN1::T61String	.	new
openssl	OpenSSL::ASN1::UTCTime	.	new
openssl	OpenSSL::ASN1::UTF8String	.	new
openssl	OpenSSL::ASN1::UniversalString	.	new
openssl	OpenSSL::ASN1::VideotexString	.	new
openssl	OpenSSL::BN	#	%
openssl	OpenSSL::BN	#	*
openssl	OpenSSL::BN	#	**
openssl	OpenSSL::BN	#	+
openssl	OpenSSL::BN	#	-
openssl	OpenSSL::BN	#	/
openssl	OpenSSL::BN	#	<<
openssl	OpenSSL::BN	#	<=>
openssl	OpenSSL::BN	#	cmp
openssl	OpenSSL::BN	#	==
openssl	OpenSSL::BN	#	===
openssl	OpenSSL::BN	#	eql?
openssl	OpenSSL::BN	#	>>
openssl	OpenSSL::BN	#	bit_set?
openssl	OpenSSL::BN	#	clear_bit!
openssl	OpenSSL::BN	#	coerce
openssl	OpenSSL::BN	#	copy
openssl	OpenSSL::BN	#	gcd
openssl	OpenSSL::BN	#	lshift!
openssl	OpenSSL::BN	#	mask_bits!
openssl	OpenSSL::BN	#	mod_add
openssl	OpenSSL::BN	#	mod_exp
openssl	OpenSSL::BN	#	mod_inverse
openssl	OpenSSL::BN	#	mod_mul
openssl	OpenSSL::BN	#	mod_sqr
openssl	OpenSSL::BN	#	mod_sub
openssl	OpenSSL::BN	#	negative?
openssl	OpenSSL::BN	#	num_bits
openssl	OpenSSL::BN	#	num_bytes
openssl	OpenSSL::BN	#	odd?
openssl	OpenSSL::BN	#	one?
openssl	OpenSSL::BN	#	pretty_print
openssl	OpenSSL::BN	#	prime?
openssl	OpenSSL::BN	#	prime_fasttest?
openssl	OpenSSL::BN	#	rshift!
openssl	OpenSSL::BN	#	set_bit!
openssl	OpenSSL::BN	#	sqr
openssl	OpenSSL::BN	#	to_bn
openssl	OpenSSL::BN	#	to_i
openssl	OpenSSL::BN	#	to_int
openssl	OpenSSL::BN	#	to_s
openssl	OpenSSL::BN	#	ucmp
openssl	OpenSSL::BN	#	zero?
openssl	OpenSSL::BN	.	generate_prime
openssl	OpenSSL::BN	.	new
openssl	OpenSSL::BN	.	pseudo_rand
openssl	OpenSSL::BN	.	pseudo_rand_range
openssl	OpenSSL::BN	.	rand
openssl	OpenSSL::BN	.	rand_range
openssl	OpenSSL::Buffering	::	BLOCK_SIZE
openssl	OpenSSL::Buffering	#	<<
openssl	OpenSSL::Buffering	#	close
openssl	OpenSSL::Buffering	#	each
openssl	OpenSSL::Buffering	#	each_line
openssl	OpenSSL::Buffering	#	each_byte
openssl	OpenSSL::Buffering	#	eof
openssl	OpenSSL::Buffering	#	eof?
openssl	OpenSSL::Buffering	#	flush
openssl	OpenSSL::Buffering	#	getc
openssl	OpenSSL::Buffering	#	gets
openssl	OpenSSL::Buffering	#	print
openssl	OpenSSL::Buffering	#	printf
openssl	OpenSSL::Buffering	#	puts
openssl	OpenSSL::Buffering	#	read
openssl	OpenSSL::Buffering	#	read_nonblock
openssl	OpenSSL::Buffering	#	readchar
openssl	OpenSSL::Buffering	#	readline
openssl	OpenSSL::Buffering	#	readlines
openssl	OpenSSL::Buffering	#	readpartial
openssl	OpenSSL::Buffering	#	sync
openssl	OpenSSL::Buffering	#	sync=
openssl	OpenSSL::Buffering	#	ungetc
openssl	OpenSSL::Buffering	#	write
openssl	OpenSSL::Buffering	#	write_nonblock
openssl	OpenSSL::Cipher	#	block_size
openssl	OpenSSL::Cipher	#	decrypt
openssl	OpenSSL::Cipher	#	encrypt
openssl	OpenSSL::Cipher	#	final
openssl	OpenSSL::Cipher	#	iv=
openssl	OpenSSL::Cipher	#	iv_len
openssl	OpenSSL::Cipher	#	key=
openssl	OpenSSL::Cipher	#	key_len
openssl	OpenSSL::Cipher	#	key_len=
openssl	OpenSSL::Cipher	#	name
openssl	OpenSSL::Cipher	#	padding=
openssl	OpenSSL::Cipher	#	pkcs5_keyivgen
openssl	OpenSSL::Cipher	#	random_iv
openssl	OpenSSL::Cipher	#	random_key
openssl	OpenSSL::Cipher	#	reset
openssl	OpenSSL::Cipher	#	update
openssl	OpenSSL::Cipher	.	ciphers
openssl	OpenSSL::Cipher	.	new
openssl	OpenSSL::Cipher::AES	.	new
openssl	OpenSSL::Cipher::AES128	.	new
openssl	OpenSSL::Cipher::AES192	.	new
openssl	OpenSSL::Cipher::AES256	.	new
openssl	OpenSSL::Cipher::BF	.	new
openssl	OpenSSL::Cipher::CAST5	.	new
openssl	OpenSSL::Cipher::DES	.	new
openssl	OpenSSL::Cipher::IDEA	.	new
openssl	OpenSSL::Cipher::RC2	.	new
openssl	OpenSSL::Cipher::RC4	.	new
openssl	OpenSSL::Cipher::RC5	.	new
openssl	OpenSSL::Config	::	DEFAULT_CONFIG_FILE
openssl	OpenSSL::Config	#	each
openssl	OpenSSL::Config	#	get_value
openssl	OpenSSL::Config	.	load
openssl	OpenSSL::Config	.	new
openssl	OpenSSL::Config	.	parse
openssl	OpenSSL::Digest	#	<<
openssl	OpenSSL::Digest	#	update
openssl	OpenSSL::Digest	#	block_length
openssl	OpenSSL::Digest	#	digest_length
openssl	OpenSSL::Digest	#	name
openssl	OpenSSL::Digest	#	reset
openssl	OpenSSL::Digest	.	digest
openssl	OpenSSL::Digest	.	new
openssl	OpenSSL::Digest::DSS	.	digest
openssl	OpenSSL::Digest::DSS	.	hexdigest
openssl	OpenSSL::Digest::DSS	.	new
openssl	OpenSSL::Digest::DSS1	.	digest
openssl	OpenSSL::Digest::DSS1	.	hexdigest
openssl	OpenSSL::Digest::DSS1	.	new
openssl	OpenSSL::Digest::Digest	.	new
openssl	OpenSSL::Digest::MD2	.	digest
openssl	OpenSSL::Digest::MD2	.	hexdigest
openssl	OpenSSL::Digest::MD2	.	new
openssl	OpenSSL::Digest::MD4	.	digest
openssl	OpenSSL::Digest::MD4	.	hexdigest
openssl	OpenSSL::Digest::MD4	.	new
openssl	OpenSSL::Digest::MD5	.	digest
openssl	OpenSSL::Digest::MD5	.	hexdigest
openssl	OpenSSL::Digest::MD5	.	new
openssl	OpenSSL::Digest::MDC2	.	digest
openssl	OpenSSL::Digest::MDC2	.	hexdigest
openssl	OpenSSL::Digest::MDC2	.	new
openssl	OpenSSL::Digest::RIPEMD160	.	digest
openssl	OpenSSL::Digest::RIPEMD160	.	hexdigest
openssl	OpenSSL::Digest::RIPEMD160	.	new
openssl	OpenSSL::Digest::SHA	.	digest
openssl	OpenSSL::Digest::SHA	.	hexdigest
openssl	OpenSSL::Digest::SHA	.	new
openssl	OpenSSL::Digest::SHA1	.	digest
openssl	OpenSSL::Digest::SHA1	.	hexdigest
openssl	OpenSSL::Digest::SHA1	.	new
openssl	OpenSSL::Digest::SHA224	.	digest
openssl	OpenSSL::Digest::SHA224	.	hexdigest
openssl	OpenSSL::Digest::SHA224	.	new
openssl	OpenSSL::Digest::SHA256	.	digest
openssl	OpenSSL::Digest::SHA256	.	hexdigest
openssl	OpenSSL::Digest::SHA256	.	new
openssl	OpenSSL::Digest::SHA384	.	digest
openssl	OpenSSL::Digest::SHA384	.	hexdigest
openssl	OpenSSL::Digest::SHA384	.	new
openssl	OpenSSL::Digest::SHA512	.	digest
openssl	OpenSSL::Digest::SHA512	.	hexdigest
openssl	OpenSSL::Digest::SHA512	.	new
openssl	OpenSSL::Engine	::	METHOD_ALL
openssl	OpenSSL::Engine	::	METHOD_CIPHERS
openssl	OpenSSL::Engine	::	METHOD_DH
openssl	OpenSSL::Engine	::	METHOD_DIGESTS
openssl	OpenSSL::Engine	::	METHOD_DSA
openssl	OpenSSL::Engine	::	METHOD_NONE
openssl	OpenSSL::Engine	::	METHOD_RAND
openssl	OpenSSL::Engine	::	METHOD_RSA
openssl	OpenSSL::Engine	#	cipher
openssl	OpenSSL::Engine	#	cmds
openssl	OpenSSL::Engine	#	ctrl_cmd
openssl	OpenSSL::Engine	#	digest
openssl	OpenSSL::Engine	#	finish
openssl	OpenSSL::Engine	#	id
openssl	OpenSSL::Engine	#	load_private_key
openssl	OpenSSL::Engine	#	load_public_key
openssl	OpenSSL::Engine	#	name
openssl	OpenSSL::Engine	#	set_default
openssl	OpenSSL::Engine	.	by_id
openssl	OpenSSL::Engine	.	cleanup
openssl	OpenSSL::Engine	.	engines
openssl	OpenSSL::Engine	.	load
openssl	OpenSSL::HMAC	#	<<
openssl	OpenSSL::HMAC	#	update
openssl	OpenSSL::HMAC	#	digest
openssl	OpenSSL::HMAC	#	hexdigest
openssl	OpenSSL::HMAC	#	inspect
openssl	OpenSSL::HMAC	#	to_s
openssl	OpenSSL::HMAC	#	reset
openssl	OpenSSL::HMAC	.	digest
openssl	OpenSSL::HMAC	.	hexdigest
openssl	OpenSSL::HMAC	.	new
openssl	OpenSSL::Netscape::SPKI	#	challenge
openssl	OpenSSL::Netscape::SPKI	#	challenge=
openssl	OpenSSL::Netscape::SPKI	#	public_key
openssl	OpenSSL::Netscape::SPKI	#	public_key=
openssl	OpenSSL::Netscape::SPKI	#	sign
openssl	OpenSSL::Netscape::SPKI	#	to_der
openssl	OpenSSL::Netscape::SPKI	#	to_pem
openssl	OpenSSL::Netscape::SPKI	#	to_s
openssl	OpenSSL::Netscape::SPKI	#	to_text
openssl	OpenSSL::Netscape::SPKI	#	verify
openssl	OpenSSL::Netscape::SPKI	.	new
openssl	OpenSSL::OCSP	::	NOCASIGN
openssl	OpenSSL::OCSP	::	NOCERTS
openssl	OpenSSL::OCSP	::	NOCHAIN
openssl	OpenSSL::OCSP	::	NOCHECKS
openssl	OpenSSL::OCSP	::	NODELEGATED
openssl	OpenSSL::OCSP	::	NOEXPLICIT
openssl	OpenSSL::OCSP	::	NOINTERN
openssl	OpenSSL::OCSP	::	NOSIGS
openssl	OpenSSL::OCSP	::	NOTIME
openssl	OpenSSL::OCSP	::	NOVERIFY
openssl	OpenSSL::OCSP	::	RESPID_KEY
openssl	OpenSSL::OCSP	::	RESPONSE_STATUS_INTERNALERROR
openssl	OpenSSL::OCSP	::	RESPONSE_STATUS_MALFORMEDREQUEST
openssl	OpenSSL::OCSP	::	RESPONSE_STATUS_SIGREQUIRED
openssl	OpenSSL::OCSP	::	RESPONSE_STATUS_SUCCESSFUL
openssl	OpenSSL::OCSP	::	RESPONSE_STATUS_TRYLATER
openssl	OpenSSL::OCSP	::	RESPONSE_STATUS_UNAUTHORIZED
openssl	OpenSSL::OCSP	::	REVOKED_STATUS_AFFILIATIONCHANGED
openssl	OpenSSL::OCSP	::	REVOKED_STATUS_CACOMPROMISE
openssl	OpenSSL::OCSP	::	REVOKED_STATUS_CERTIFICATEHOLD
openssl	OpenSSL::OCSP	::	REVOKED_STATUS_CESSATIONOFOPERATION
openssl	OpenSSL::OCSP	::	REVOKED_STATUS_KEYCOMPROMISE
openssl	OpenSSL::OCSP	::	REVOKED_STATUS_NOSTATUS
openssl	OpenSSL::OCSP	::	REVOKED_STATUS_REMOVEFROMCRL
openssl	OpenSSL::OCSP	::	REVOKED_STATUS_SUPERSEDED
openssl	OpenSSL::OCSP	::	REVOKED_STATUS_UNSPECIFIED
openssl	OpenSSL::OCSP	::	TRUSTOTHER
openssl	OpenSSL::OCSP	::	V_CERTSTATUS_GOOD
openssl	OpenSSL::OCSP	::	V_CERTSTATUS_REVOKED
openssl	OpenSSL::OCSP	::	V_CERTSTATUS_UNKNOWN
openssl	OpenSSL::OCSP::BasicResponse	#	add_nonce
openssl	OpenSSL::OCSP::BasicResponse	#	add_status
openssl	OpenSSL::OCSP::BasicResponse	#	copy_nonce
openssl	OpenSSL::OCSP::BasicResponse	#	sign
openssl	OpenSSL::OCSP::BasicResponse	#	status
openssl	OpenSSL::OCSP::BasicResponse	#	verify
openssl	OpenSSL::OCSP::BasicResponse	.	new
openssl	OpenSSL::OCSP::CertificateId	#	cmp
openssl	OpenSSL::OCSP::CertificateId	#	cmp_issuer
openssl	OpenSSL::OCSP::CertificateId	#	serial
openssl	OpenSSL::OCSP::CertificateId	.	new
openssl	OpenSSL::OCSP::Request	#	add_certid
openssl	OpenSSL::OCSP::Request	#	add_nonce
openssl	OpenSSL::OCSP::Request	#	certid
openssl	OpenSSL::OCSP::Request	#	check_nonce
openssl	OpenSSL::OCSP::Request	#	sign
openssl	OpenSSL::OCSP::Request	#	to_der
openssl	OpenSSL::OCSP::Request	#	verify
openssl	OpenSSL::OCSP::Request	.	new
openssl	OpenSSL::OCSP::Response	#	basic
openssl	OpenSSL::OCSP::Response	#	status
openssl	OpenSSL::OCSP::Response	#	status_string
openssl	OpenSSL::OCSP::Response	#	to_der
openssl	OpenSSL::OCSP::Response	.	create
openssl	OpenSSL::OCSP::Response	.	new
openssl	OpenSSL::PKCS12	#	ca_certs
openssl	OpenSSL::PKCS12	#	certificate
openssl	OpenSSL::PKCS12	#	key
openssl	OpenSSL::PKCS12	#	to_der
openssl	OpenSSL::PKCS12	.	create
openssl	OpenSSL::PKCS12	.	new
openssl	OpenSSL::PKCS5	.#	pbkdf2_hmac
openssl	OpenSSL::PKCS5	.#	pbkdf2_hmac_sha1
openssl	OpenSSL::PKCS7	::	BINARY
openssl	OpenSSL::PKCS7	::	DETACHED
openssl	OpenSSL::PKCS7	::	NOATTR
openssl	OpenSSL::PKCS7	::	NOCERTS
openssl	OpenSSL::PKCS7	::	NOCHAIN
openssl	OpenSSL::PKCS7	::	NOINTERN
openssl	OpenSSL::PKCS7	::	NOSIGS
openssl	OpenSSL::PKCS7	::	NOSMIMECAP
openssl	OpenSSL::PKCS7	::	NOVERIFY
openssl	OpenSSL::PKCS7	::	TEXT
openssl	OpenSSL::PKCS7	#	add_certificate
openssl	OpenSSL::PKCS7	#	add_crl
openssl	OpenSSL::PKCS7	#	add_data
openssl	OpenSSL::PKCS7	#	data=
openssl	OpenSSL::PKCS7	#	add_recipient
openssl	OpenSSL::PKCS7	#	add_signer
openssl	OpenSSL::PKCS7	#	certificates
openssl	OpenSSL::PKCS7	#	certificates=
openssl	OpenSSL::PKCS7	#	cipher=
openssl	OpenSSL::PKCS7	#	crls
openssl	OpenSSL::PKCS7	#	crls=
openssl	OpenSSL::PKCS7	#	data
openssl	OpenSSL::PKCS7	#	decrypt
openssl	OpenSSL::PKCS7	#	detached
openssl	OpenSSL::PKCS7	#	detached?
openssl	OpenSSL::PKCS7	#	detached=
openssl	OpenSSL::PKCS7	#	error_string
openssl	OpenSSL::PKCS7	#	error_string=
openssl	OpenSSL::PKCS7	#	recipients
openssl	OpenSSL::PKCS7	#	signers
openssl	OpenSSL::PKCS7	#	to_der
openssl	OpenSSL::PKCS7	#	to_pem
openssl	OpenSSL::PKCS7	#	to_s
openssl	OpenSSL::PKCS7	#	type
openssl	OpenSSL::PKCS7	#	type=
openssl	OpenSSL::PKCS7	#	verify
openssl	OpenSSL::PKCS7	.	encrypt
openssl	OpenSSL::PKCS7	.	new
openssl	OpenSSL::PKCS7	.	read_smime
openssl	OpenSSL::PKCS7	.	sign
openssl	OpenSSL::PKCS7	.	write_smime
openssl	OpenSSL::PKCS7::RecipientInfo	#	enc_key
openssl	OpenSSL::PKCS7::RecipientInfo	#	issuer
openssl	OpenSSL::PKCS7::RecipientInfo	#	serial
openssl	OpenSSL::PKCS7::RecipientInfo	.	new
openssl	OpenSSL::PKCS7::SignerInfo	#	issuer
openssl	OpenSSL::PKCS7::SignerInfo	#	name
openssl	OpenSSL::PKCS7::SignerInfo	#	serial
openssl	OpenSSL::PKCS7::SignerInfo	#	signed_time
openssl	OpenSSL::PKCS7::SignerInfo	.	new
openssl	OpenSSL::PKey::DH	#	compute_key
openssl	OpenSSL::PKey::DH	#	export
openssl	OpenSSL::PKey::DH	#	to_pem
openssl	OpenSSL::PKey::DH	#	to_s
openssl	OpenSSL::PKey::DH	#	g
openssl	OpenSSL::PKey::DH	#	g=
openssl	OpenSSL::PKey::DH	#	generate_key!
openssl	OpenSSL::PKey::DH	#	p
openssl	OpenSSL::PKey::DH	#	p=
openssl	OpenSSL::PKey::DH	#	params
openssl	OpenSSL::PKey::DH	#	params_ok?
openssl	OpenSSL::PKey::DH	#	priv_key
openssl	OpenSSL::PKey::DH	#	priv_key=
openssl	OpenSSL::PKey::DH	#	pub_key
openssl	OpenSSL::PKey::DH	#	pub_key=
openssl	OpenSSL::PKey::DH	#	to_der
openssl	OpenSSL::PKey::DH	#	to_text
openssl	OpenSSL::PKey::DH	.	generate
openssl	OpenSSL::PKey::DH	.	new
openssl	OpenSSL::PKey::DSA	#	export
openssl	OpenSSL::PKey::DSA	#	to_pem
openssl	OpenSSL::PKey::DSA	#	to_s
openssl	OpenSSL::PKey::DSA	#	g
openssl	OpenSSL::PKey::DSA	#	g=
openssl	OpenSSL::PKey::DSA	#	p
openssl	OpenSSL::PKey::DSA	#	p=
openssl	OpenSSL::PKey::DSA	#	params
openssl	OpenSSL::PKey::DSA	#	priv_key
openssl	OpenSSL::PKey::DSA	#	priv_key=
openssl	OpenSSL::PKey::DSA	#	private?
openssl	OpenSSL::PKey::DSA	#	pub_key
openssl	OpenSSL::PKey::DSA	#	pub_key=
openssl	OpenSSL::PKey::DSA	#	public?
openssl	OpenSSL::PKey::DSA	#	public_key
openssl	OpenSSL::PKey::DSA	#	q
openssl	OpenSSL::PKey::DSA	#	q=
openssl	OpenSSL::PKey::DSA	#	syssign
openssl	OpenSSL::PKey::DSA	#	sysverify
openssl	OpenSSL::PKey::DSA	#	to_der
openssl	OpenSSL::PKey::DSA	#	to_text
openssl	OpenSSL::PKey::DSA	.	generate
openssl	OpenSSL::PKey::DSA	.	new
openssl	OpenSSL::PKey::EC	::	NAMED_CURVE
openssl	OpenSSL::PKey::EC	#	check_key
openssl	OpenSSL::PKey::EC	#	dh_compute_key
openssl	OpenSSL::PKey::EC	#	dsa_sign_asn1
openssl	OpenSSL::PKey::EC	#	dsa_verify_asn1
openssl	OpenSSL::PKey::EC	#	generate_key
openssl	OpenSSL::PKey::EC	#	group
openssl	OpenSSL::PKey::EC	#	group=
openssl	OpenSSL::PKey::EC	#	private_key
openssl	OpenSSL::PKey::EC	#	private_key=
openssl	OpenSSL::PKey::EC	#	private_key?
openssl	OpenSSL::PKey::EC	#	public_key
openssl	OpenSSL::PKey::EC	#	public_key=
openssl	OpenSSL::PKey::EC	#	public_key?
openssl	OpenSSL::PKey::EC	#	to_der
openssl	OpenSSL::PKey::EC	#	to_pem
openssl	OpenSSL::PKey::EC	#	to_text
openssl	OpenSSL::PKey::EC	.	builtin_curves
openssl	OpenSSL::PKey::EC	.	new
openssl	OpenSSL::PKey::EC::Group	#	==
openssl	OpenSSL::PKey::EC::Group	#	eql?
openssl	OpenSSL::PKey::EC::Group	#	asn1_flag
openssl	OpenSSL::PKey::EC::Group	#	asn1_flag=
openssl	OpenSSL::PKey::EC::Group	#	cofactor
openssl	OpenSSL::PKey::EC::Group	#	curve_name
openssl	OpenSSL::PKey::EC::Group	#	degree
openssl	OpenSSL::PKey::EC::Group	#	generator
openssl	OpenSSL::PKey::EC::Group	#	order
openssl	OpenSSL::PKey::EC::Group	#	point_conversion_form
openssl	OpenSSL::PKey::EC::Group	#	point_conversion_form=
openssl	OpenSSL::PKey::EC::Group	#	seed
openssl	OpenSSL::PKey::EC::Group	#	seed=
openssl	OpenSSL::PKey::EC::Group	#	set_generator
openssl	OpenSSL::PKey::EC::Group	#	to_der
openssl	OpenSSL::PKey::EC::Group	#	to_pem
openssl	OpenSSL::PKey::EC::Group	#	to_text
openssl	OpenSSL::PKey::EC::Group	.	new
openssl	OpenSSL::PKey::EC::Point	#	==
openssl	OpenSSL::PKey::EC::Point	#	eql?
openssl	OpenSSL::PKey::EC::Point	#	group
openssl	OpenSSL::PKey::EC::Point	#	infinity?
openssl	OpenSSL::PKey::EC::Point	#	invert!
openssl	OpenSSL::PKey::EC::Point	#	make_affine!
openssl	OpenSSL::PKey::EC::Point	#	on_curve?
openssl	OpenSSL::PKey::EC::Point	#	set_to_infinity!
openssl	OpenSSL::PKey::EC::Point	#	to_bn
openssl	OpenSSL::PKey::EC::Point	.	new
openssl	OpenSSL::PKey::PKey	#	sign
openssl	OpenSSL::PKey::PKey	#	verify
openssl	OpenSSL::PKey::RSA	::	NO_PADDING
openssl	OpenSSL::PKey::RSA	::	PKCS1_OAEP_PADDING
openssl	OpenSSL::PKey::RSA	::	PKCS1_PADDING
openssl	OpenSSL::PKey::RSA	::	SSLV23_PADDING
openssl	OpenSSL::PKey::RSA	#	d
openssl	OpenSSL::PKey::RSA	#	d=
openssl	OpenSSL::PKey::RSA	#	dmp1
openssl	OpenSSL::PKey::RSA	#	dmp1=
openssl	OpenSSL::PKey::RSA	#	dmq1
openssl	OpenSSL::PKey::RSA	#	dmq1=
openssl	OpenSSL::PKey::RSA	#	e
openssl	OpenSSL::PKey::RSA	#	e=
openssl	OpenSSL::PKey::RSA	#	export
openssl	OpenSSL::PKey::RSA	#	to_pem
openssl	OpenSSL::PKey::RSA	#	to_s
openssl	OpenSSL::PKey::RSA	#	iqmp
openssl	OpenSSL::PKey::RSA	#	iqmp=
openssl	OpenSSL::PKey::RSA	#	n
openssl	OpenSSL::PKey::RSA	#	n=
openssl	OpenSSL::PKey::RSA	#	p
openssl	OpenSSL::PKey::RSA	#	p=
openssl	OpenSSL::PKey::RSA	#	params
openssl	OpenSSL::PKey::RSA	#	private?
openssl	OpenSSL::PKey::RSA	#	private_decrypt
openssl	OpenSSL::PKey::RSA	#	private_encrypt
openssl	OpenSSL::PKey::RSA	#	public?
openssl	OpenSSL::PKey::RSA	#	public_decrypt
openssl	OpenSSL::PKey::RSA	#	public_encrypt
openssl	OpenSSL::PKey::RSA	#	public_key
openssl	OpenSSL::PKey::RSA	#	q
openssl	OpenSSL::PKey::RSA	#	q=
openssl	OpenSSL::PKey::RSA	#	to_der
openssl	OpenSSL::PKey::RSA	#	to_text
openssl	OpenSSL::PKey::RSA	.	generate
openssl	OpenSSL::PKey::RSA	.	new
openssl	OpenSSL::Random	.#	egd
openssl	OpenSSL::Random	.#	egd_bytes
openssl	OpenSSL::Random	.#	load_random_file
openssl	OpenSSL::Random	.#	pseudo_bytes
openssl	OpenSSL::Random	.#	random_add
openssl	OpenSSL::Random	.#	random_bytes
openssl	OpenSSL::Random	.#	seed
openssl	OpenSSL::Random	.#	status?
openssl	OpenSSL::Random	.#	write_random_file
openssl	OpenSSL::SSL	::	OP_ALL
openssl	OpenSSL::SSL	::	OP_CIPHER_SERVER_PREFERENCE
openssl	OpenSSL::SSL	::	OP_DONT_INSERT_EMPTY_FRAGMENTS
openssl	OpenSSL::SSL	::	OP_MICROSOFT_BIG_SSLV3_BUFFER
openssl	OpenSSL::SSL	::	OP_MICROSOFT_SESS_ID_BUG
openssl	OpenSSL::SSL	::	OP_MSIE_SSLV2_RSA_PADDING
openssl	OpenSSL::SSL	::	OP_NETSCAPE_CHALLENGE_BUG
openssl	OpenSSL::SSL	::	OP_NETSCAPE_REUSE_CIPHER_CHANGE_BUG
openssl	OpenSSL::SSL	::	OP_SSLEAY_080_CLIENT_DH_BUG
openssl	OpenSSL::SSL	::	OP_SSLREF2_REUSE_CERT_TYPE_BUG
openssl	OpenSSL::SSL	::	OP_TLS_BLOCK_PADDING_BUG
openssl	OpenSSL::SSL	::	OP_TLS_D5_BUG
openssl	OpenSSL::SSL	::	OP_EPHEMERAL_RSA
openssl	OpenSSL::SSL	::	OP_NETSCAPE_CA_DN_BUG
openssl	OpenSSL::SSL	::	OP_NETSCAPE_DEMO_CIPHER_CHANGE_BUG
openssl	OpenSSL::SSL	::	OP_NO_COMPRESSION
openssl	OpenSSL::SSL	::	OP_NO_SESSION_RESUMPTION_ON_RENEGOTIATION
openssl	OpenSSL::SSL	::	OP_NO_SSLv2
openssl	OpenSSL::SSL	::	OP_NO_SSLv3
openssl	OpenSSL::SSL	::	OP_NO_TICKET
openssl	OpenSSL::SSL	::	OP_NO_TLSv1
openssl	OpenSSL::SSL	::	OP_NO_TLSv1_1
openssl	OpenSSL::SSL	::	OP_NO_TLSv1_2
openssl	OpenSSL::SSL	::	OP_PKCS1_CHECK_1
openssl	OpenSSL::SSL	::	OP_PKCS1_CHECK_2
openssl	OpenSSL::SSL	::	OP_SINGLE_DH_USE
openssl	OpenSSL::SSL	::	OP_SINGLE_ECDH_USE
openssl	OpenSSL::SSL	::	OP_TLS_ROLLBACK_BUG
openssl	OpenSSL::SSL	::	VERIFY_CLIENT_ONCE
openssl	OpenSSL::SSL	::	VERIFY_FAIL_IF_NO_PEER_CERT
openssl	OpenSSL::SSL	::	VERIFY_NONE
openssl	OpenSSL::SSL	::	VERIFY_PEER
openssl	OpenSSL::SSL::SSLContext	::	DEFAULT_CERT_STORE
openssl	OpenSSL::SSL::SSLContext	::	DEFAULT_PARAMS
openssl	OpenSSL::SSL::SSLContext	::	METHODS
openssl	OpenSSL::SSL::SSLContext	::	SESSION_CACHE_BOTH
openssl	OpenSSL::SSL::SSLContext	::	SESSION_CACHE_CLIENT
openssl	OpenSSL::SSL::SSLContext	::	SESSION_CACHE_NO_AUTO_CLEAR
openssl	OpenSSL::SSL::SSLContext	::	SESSION_CACHE_NO_INTERNAL
openssl	OpenSSL::SSL::SSLContext	::	SESSION_CACHE_NO_INTERNAL_LOOKUP
openssl	OpenSSL::SSL::SSLContext	::	SESSION_CACHE_NO_INTERNAL_STORE
openssl	OpenSSL::SSL::SSLContext	::	SESSION_CACHE_OFF
openssl	OpenSSL::SSL::SSLContext	::	SESSION_CACHE_SERVER
openssl	OpenSSL::SSL::SSLContext	#	ca_file
openssl	OpenSSL::SSL::SSLContext	#	ca_file=
openssl	OpenSSL::SSL::SSLContext	#	ca_path
openssl	OpenSSL::SSL::SSLContext	#	ca_path=
openssl	OpenSSL::SSL::SSLContext	#	cert
openssl	OpenSSL::SSL::SSLContext	#	cert=
openssl	OpenSSL::SSL::SSLContext	#	cert_store
openssl	OpenSSL::SSL::SSLContext	#	cert_store=
openssl	OpenSSL::SSL::SSLContext	#	ciphers
openssl	OpenSSL::SSL::SSLContext	#	ciphers=
openssl	OpenSSL::SSL::SSLContext	#	client_ca
openssl	OpenSSL::SSL::SSLContext	#	client_ca=
openssl	OpenSSL::SSL::SSLContext	#	client_cert_cb
openssl	OpenSSL::SSL::SSLContext	#	client_cert_cb=
openssl	OpenSSL::SSL::SSLContext	#	extra_chain_cert
openssl	OpenSSL::SSL::SSLContext	#	extra_chain_cert=
openssl	OpenSSL::SSL::SSLContext	#	flush_sessions
openssl	OpenSSL::SSL::SSLContext	#	key
openssl	OpenSSL::SSL::SSLContext	#	key=
openssl	OpenSSL::SSL::SSLContext	#	options
openssl	OpenSSL::SSL::SSLContext	#	options=
openssl	OpenSSL::SSL::SSLContext	#	renegotiation_cb
openssl	OpenSSL::SSL::SSLContext	#	renegotiation_cb=
openssl	OpenSSL::SSL::SSLContext	#	servername_cb
openssl	OpenSSL::SSL::SSLContext	#	servername_cb=
openssl	OpenSSL::SSL::SSLContext	#	session_add
openssl	OpenSSL::SSL::SSLContext	#	session_cache_mode
openssl	OpenSSL::SSL::SSLContext	#	session_cache_mode=
openssl	OpenSSL::SSL::SSLContext	#	session_cache_size
openssl	OpenSSL::SSL::SSLContext	#	session_cache_size=
openssl	OpenSSL::SSL::SSLContext	#	session_cache_stats
openssl	OpenSSL::SSL::SSLContext	#	session_get_cb
openssl	OpenSSL::SSL::SSLContext	#	session_get_cb=
openssl	OpenSSL::SSL::SSLContext	#	session_id_context
openssl	OpenSSL::SSL::SSLContext	#	session_id_context=
openssl	OpenSSL::SSL::SSLContext	#	session_new_cb
openssl	OpenSSL::SSL::SSLContext	#	session_new_cb=
openssl	OpenSSL::SSL::SSLContext	#	session_remove
openssl	OpenSSL::SSL::SSLContext	#	session_remove_cb
openssl	OpenSSL::SSL::SSLContext	#	session_remove_cb=
openssl	OpenSSL::SSL::SSLContext	#	set_params
openssl	OpenSSL::SSL::SSLContext	#	ssl_timeout
openssl	OpenSSL::SSL::SSLContext	#	timeout
openssl	OpenSSL::SSL::SSLContext	#	ssl_timeout=
openssl	OpenSSL::SSL::SSLContext	#	timeout=
openssl	OpenSSL::SSL::SSLContext	#	ssl_version=
openssl	OpenSSL::SSL::SSLContext	#	tmp_dh_callback
openssl	OpenSSL::SSL::SSLContext	#	tmp_dh_callback=
openssl	OpenSSL::SSL::SSLContext	#	verify_callback
openssl	OpenSSL::SSL::SSLContext	#	verify_callback=
openssl	OpenSSL::SSL::SSLContext	#	verify_depth
openssl	OpenSSL::SSL::SSLContext	#	verify_depth=
openssl	OpenSSL::SSL::SSLContext	#	verify_mode
openssl	OpenSSL::SSL::SSLContext	#	verify_mode=
openssl	OpenSSL::SSL::SSLContext	.	new
openssl	OpenSSL::SSL::SSLServer	#	accept
openssl	OpenSSL::SSL::SSLServer	#	close
openssl	OpenSSL::SSL::SSLServer	#	listen
openssl	OpenSSL::SSL::SSLServer	#	shutdown
openssl	OpenSSL::SSL::SSLServer	#	start_immediately
openssl	OpenSSL::SSL::SSLServer	#	start_immediately=
openssl	OpenSSL::SSL::SSLServer	#	to_io
openssl	OpenSSL::SSL::SSLServer	.	new
openssl	OpenSSL::SSL::SSLSocket	#	accept
openssl	OpenSSL::SSL::SSLSocket	#	accept_nonblock
openssl	OpenSSL::SSL::SSLSocket	#	cert
openssl	OpenSSL::SSL::SSLSocket	#	cipher
openssl	OpenSSL::SSL::SSLSocket	#	connect
openssl	OpenSSL::SSL::SSLSocket	#	connect_nonblock
openssl	OpenSSL::SSL::SSLSocket	#	context
openssl	OpenSSL::SSL::SSLSocket	#	hostname
openssl	OpenSSL::SSL::SSLSocket	#	hostname=
openssl	OpenSSL::SSL::SSLSocket	#	io
openssl	OpenSSL::SSL::SSLSocket	#	to_io
openssl	OpenSSL::SSL::SSLSocket	#	peer_cert
openssl	OpenSSL::SSL::SSLSocket	#	peer_cert_chain
openssl	OpenSSL::SSL::SSLSocket	#	pending
openssl	OpenSSL::SSL::SSLSocket	#	post_connection_check
openssl	OpenSSL::SSL::SSLSocket	#	session
openssl	OpenSSL::SSL::SSLSocket	#	session=
openssl	OpenSSL::SSL::SSLSocket	#	session_reused?
openssl	OpenSSL::SSL::SSLSocket	#	state
openssl	OpenSSL::SSL::SSLSocket	#	sync_close
openssl	OpenSSL::SSL::SSLSocket	#	sync_close=
openssl	OpenSSL::SSL::SSLSocket	#	sysclose
openssl	OpenSSL::SSL::SSLSocket	#	sysread
openssl	OpenSSL::SSL::SSLSocket	#	syswrite
openssl	OpenSSL::SSL::SSLSocket	#	verify_result
openssl	OpenSSL::SSL::SSLSocket	.	new
openssl	OpenSSL::SSL::Session	#	==
openssl	OpenSSL::SSL::Session	#	id
openssl	OpenSSL::SSL::Session	#	time
openssl	OpenSSL::SSL::Session	#	time=
openssl	OpenSSL::SSL::Session	#	timeout
openssl	OpenSSL::SSL::Session	#	timeout=
openssl	OpenSSL::SSL::Session	#	to_der
openssl	OpenSSL::SSL::Session	#	to_pem
openssl	OpenSSL::SSL::Session	#	to_text
openssl	OpenSSL::SSL::Session	.	new
openssl	OpenSSL::SSL::SocketForwarder	#	addr
openssl	OpenSSL::SSL::SocketForwarder	#	closed?
openssl	OpenSSL::SSL::SocketForwarder	#	do_not_reverse_lookup=
openssl	OpenSSL::SSL::SocketForwarder	#	fcntl
openssl	OpenSSL::SSL::SocketForwarder	#	getsockopt
openssl	OpenSSL::SSL::SocketForwarder	#	peeraddr
openssl	OpenSSL::SSL::SocketForwarder	#	setsockopt
openssl	OpenSSL::X509	::	DEFAULT_CERT_AREA
openssl	OpenSSL::X509	::	DEFAULT_CERT_DIR
openssl	OpenSSL::X509	::	DEFAULT_CERT_DIR_ENV
openssl	OpenSSL::X509	::	DEFAULT_CERT_FILE
openssl	OpenSSL::X509	::	DEFAULT_CERT_FILE_ENV
openssl	OpenSSL::X509	::	DEFAULT_PRIVATE_DIR
openssl	OpenSSL::X509	::	PURPOSE_ANY
openssl	OpenSSL::X509	::	PURPOSE_CRL_SIGN
openssl	OpenSSL::X509	::	PURPOSE_NS_SSL_SERVER
openssl	OpenSSL::X509	::	PURPOSE_OCSP_HELPER
openssl	OpenSSL::X509	::	PURPOSE_SMIME_ENCRYPT
openssl	OpenSSL::X509	::	PURPOSE_SMIME_SIGN
openssl	OpenSSL::X509	::	PURPOSE_SSL_CLIENT
openssl	OpenSSL::X509	::	PURPOSE_SSL_SERVER
openssl	OpenSSL::X509	::	TRUST_COMPAT
openssl	OpenSSL::X509	::	TRUST_EMAIL
openssl	OpenSSL::X509	::	TRUST_OBJECT_SIGN
openssl	OpenSSL::X509	::	TRUST_OCSP_REQUEST
openssl	OpenSSL::X509	::	TRUST_OCSP_SIGN
openssl	OpenSSL::X509	::	TRUST_SSL_CLIENT
openssl	OpenSSL::X509	::	TRUST_SSL_SERVER
openssl	OpenSSL::X509	::	V_ERR_AKID_ISSUER_SERIAL_MISMATCH
openssl	OpenSSL::X509	::	V_ERR_AKID_SKID_MISMATCH
openssl	OpenSSL::X509	::	V_ERR_APPLICATION_VERIFICATION
openssl	OpenSSL::X509	::	V_ERR_CERT_CHAIN_TOO_LONG
openssl	OpenSSL::X509	::	V_ERR_CERT_HAS_EXPIRED
openssl	OpenSSL::X509	::	V_ERR_CERT_NOT_YET_VALID
openssl	OpenSSL::X509	::	V_ERR_CERT_REJECTED
openssl	OpenSSL::X509	::	V_ERR_CERT_REVOKED
openssl	OpenSSL::X509	::	V_ERR_CERT_SIGNATURE_FAILURE
openssl	OpenSSL::X509	::	V_ERR_CERT_UNTRUSTED
openssl	OpenSSL::X509	::	V_ERR_CRL_HAS_EXPIRED
openssl	OpenSSL::X509	::	V_ERR_CRL_NOT_YET_VALID
openssl	OpenSSL::X509	::	V_ERR_CRL_SIGNATURE_FAILURE
openssl	OpenSSL::X509	::	V_ERR_DEPTH_ZERO_SELF_SIGNED_CERT
openssl	OpenSSL::X509	::	V_ERR_ERROR_IN_CERT_NOT_AFTER_FIELD
openssl	OpenSSL::X509	::	V_ERR_ERROR_IN_CERT_NOT_BEFORE_FIELD
openssl	OpenSSL::X509	::	V_ERR_ERROR_IN_CRL_LAST_UPDATE_FIELD
openssl	OpenSSL::X509	::	V_ERR_ERROR_IN_CRL_NEXT_UPDATE_FIELD
openssl	OpenSSL::X509	::	V_ERR_INVALID_CA
openssl	OpenSSL::X509	::	V_ERR_INVALID_PURPOSE
openssl	OpenSSL::X509	::	V_ERR_KEYUSAGE_NO_CERTSIGN
openssl	OpenSSL::X509	::	V_ERR_OUT_OF_MEM
openssl	OpenSSL::X509	::	V_ERR_PATH_LENGTH_EXCEEDED
openssl	OpenSSL::X509	::	V_ERR_SELF_SIGNED_CERT_IN_CHAIN
openssl	OpenSSL::X509	::	V_ERR_SUBJECT_ISSUER_MISMATCH
openssl	OpenSSL::X509	::	V_ERR_UNABLE_TO_DECODE_ISSUER_PUBLIC_KEY
openssl	OpenSSL::X509	::	V_ERR_UNABLE_TO_DECRYPT_CERT_SIGNATURE
openssl	OpenSSL::X509	::	V_ERR_UNABLE_TO_DECRYPT_CRL_SIGNATURE
openssl	OpenSSL::X509	::	V_ERR_UNABLE_TO_GET_CRL
openssl	OpenSSL::X509	::	V_ERR_UNABLE_TO_GET_ISSUER_CERT
openssl	OpenSSL::X509	::	V_ERR_UNABLE_TO_GET_ISSUER_CERT_LOCALLY
openssl	OpenSSL::X509	::	V_ERR_UNABLE_TO_VERIFY_LEAF_SIGNATURE
openssl	OpenSSL::X509	::	V_FLAG_CRL_CHECK
openssl	OpenSSL::X509	::	V_FLAG_CRL_CHECK_ALL
openssl	OpenSSL::X509	::	V_OK
openssl	OpenSSL::X509::Attribute	#	oid
openssl	OpenSSL::X509::Attribute	#	oid=
openssl	OpenSSL::X509::Attribute	#	to_der
openssl	OpenSSL::X509::Attribute	#	value
openssl	OpenSSL::X509::Attribute	#	value=
openssl	OpenSSL::X509::Attribute	.	new
openssl	OpenSSL::X509::CRL	#	add_extension
openssl	OpenSSL::X509::CRL	#	add_revoked
openssl	OpenSSL::X509::CRL	#	extensions
openssl	OpenSSL::X509::CRL	#	extensions=
openssl	OpenSSL::X509::CRL	#	issuer
openssl	OpenSSL::X509::CRL	#	issuer=
openssl	OpenSSL::X509::CRL	#	last_update
openssl	OpenSSL::X509::CRL	#	last_update=
openssl	OpenSSL::X509::CRL	#	next_update
openssl	OpenSSL::X509::CRL	#	next_update=
openssl	OpenSSL::X509::CRL	#	revoked
openssl	OpenSSL::X509::CRL	#	revoked=
openssl	OpenSSL::X509::CRL	#	sign
openssl	OpenSSL::X509::CRL	#	signature_algorithm
openssl	OpenSSL::X509::CRL	#	to_der
openssl	OpenSSL::X509::CRL	#	to_pem
openssl	OpenSSL::X509::CRL	#	to_s
openssl	OpenSSL::X509::CRL	#	to_text
openssl	OpenSSL::X509::CRL	#	verify
openssl	OpenSSL::X509::CRL	#	version
openssl	OpenSSL::X509::CRL	#	version=
openssl	OpenSSL::X509::CRL	.	new
openssl	OpenSSL::X509::Certificate	#	add_extension
openssl	OpenSSL::X509::Certificate	#	check_private_key
openssl	OpenSSL::X509::Certificate	#	extensions
openssl	OpenSSL::X509::Certificate	#	extensions=
openssl	OpenSSL::X509::Certificate	#	issuer
openssl	OpenSSL::X509::Certificate	#	issuer=
openssl	OpenSSL::X509::Certificate	#	not_after
openssl	OpenSSL::X509::Certificate	#	not_after=
openssl	OpenSSL::X509::Certificate	#	not_before
openssl	OpenSSL::X509::Certificate	#	not_before=
openssl	OpenSSL::X509::Certificate	#	public_key
openssl	OpenSSL::X509::Certificate	#	public_key=
openssl	OpenSSL::X509::Certificate	#	serial
openssl	OpenSSL::X509::Certificate	#	serial=
openssl	OpenSSL::X509::Certificate	#	sign
openssl	OpenSSL::X509::Certificate	#	signature_algorithm
openssl	OpenSSL::X509::Certificate	#	subject
openssl	OpenSSL::X509::Certificate	#	subject=
openssl	OpenSSL::X509::Certificate	#	to_der
openssl	OpenSSL::X509::Certificate	#	to_pem
openssl	OpenSSL::X509::Certificate	#	to_s
openssl	OpenSSL::X509::Certificate	#	to_text
openssl	OpenSSL::X509::Certificate	#	verify
openssl	OpenSSL::X509::Certificate	#	version
openssl	OpenSSL::X509::Certificate	#	version=
openssl	OpenSSL::X509::Certificate	.	new
openssl	OpenSSL::X509::Extension	#	critical=
openssl	OpenSSL::X509::Extension	#	critical?
openssl	OpenSSL::X509::Extension	#	oid
openssl	OpenSSL::X509::Extension	#	oid=
openssl	OpenSSL::X509::Extension	#	to_a
openssl	OpenSSL::X509::Extension	#	to_der
openssl	OpenSSL::X509::Extension	#	to_h
openssl	OpenSSL::X509::Extension	#	to_s
openssl	OpenSSL::X509::Extension	#	value
openssl	OpenSSL::X509::Extension	#	value=
openssl	OpenSSL::X509::Extension	.	new
openssl	OpenSSL::X509::ExtensionFactory	#	config
openssl	OpenSSL::X509::ExtensionFactory	#	config=
openssl	OpenSSL::X509::ExtensionFactory	#	create_ext
openssl	OpenSSL::X509::ExtensionFactory	#	create_ext_from_array
openssl	OpenSSL::X509::ExtensionFactory	#	create_ext_from_hash
openssl	OpenSSL::X509::ExtensionFactory	#	create_ext_from_string
openssl	OpenSSL::X509::ExtensionFactory	#	create_extension
openssl	OpenSSL::X509::ExtensionFactory	#	crl
openssl	OpenSSL::X509::ExtensionFactory	#	crl=
openssl	OpenSSL::X509::ExtensionFactory	#	issuer_certificate
openssl	OpenSSL::X509::ExtensionFactory	#	issuer_certificate=
openssl	OpenSSL::X509::ExtensionFactory	#	subject_certificate
openssl	OpenSSL::X509::ExtensionFactory	#	subject_certificate=
openssl	OpenSSL::X509::ExtensionFactory	#	subject_request
openssl	OpenSSL::X509::ExtensionFactory	#	subject_request=
openssl	OpenSSL::X509::ExtensionFactory	.	new
openssl	OpenSSL::X509::Name	::	COMPAT
openssl	OpenSSL::X509::Name	::	DEFAULT_OBJECT_TYPE
openssl	OpenSSL::X509::Name	::	MULTILINE
openssl	OpenSSL::X509::Name	::	OBJECT_TYPE_TEMPLATE
openssl	OpenSSL::X509::Name	::	ONELINE
openssl	OpenSSL::X509::Name	::	RFC2253
openssl	OpenSSL::X509::Name	#	<=>
openssl	OpenSSL::X509::Name	#	cmp
openssl	OpenSSL::X509::Name	#	add_entry
openssl	OpenSSL::X509::Name	#	hash_old
openssl	OpenSSL::X509::Name	#	to_a
openssl	OpenSSL::X509::Name	#	to_der
openssl	OpenSSL::X509::Name	#	to_s
openssl	OpenSSL::X509::Name	.	new
openssl	OpenSSL::X509::Name	.	parse
openssl	OpenSSL::X509::Name	.	parse_openssl
openssl	OpenSSL::X509::Name	.	parse_rfc2253
openssl	OpenSSL::X509::Request	#	add_attribute
openssl	OpenSSL::X509::Request	#	attributes
openssl	OpenSSL::X509::Request	#	attributes=
openssl	OpenSSL::X509::Request	#	public_key
openssl	OpenSSL::X509::Request	#	public_key=
openssl	OpenSSL::X509::Request	#	sign
openssl	OpenSSL::X509::Request	#	signature_algorithm
openssl	OpenSSL::X509::Request	#	subject
openssl	OpenSSL::X509::Request	#	subject=
openssl	OpenSSL::X509::Request	#	to_der
openssl	OpenSSL::X509::Request	#	to_pem
openssl	OpenSSL::X509::Request	#	to_s
openssl	OpenSSL::X509::Request	#	to_text
openssl	OpenSSL::X509::Request	#	verify
openssl	OpenSSL::X509::Request	#	version
openssl	OpenSSL::X509::Request	#	version=
openssl	OpenSSL::X509::Request	.	new
openssl	OpenSSL::X509::Revoked	#	add_extension
openssl	OpenSSL::X509::Revoked	#	extensions
openssl	OpenSSL::X509::Revoked	#	extensions=
openssl	OpenSSL::X509::Revoked	#	serial
openssl	OpenSSL::X509::Revoked	#	serial=
openssl	OpenSSL::X509::Revoked	#	time
openssl	OpenSSL::X509::Revoked	#	time=
openssl	OpenSSL::X509::Revoked	.	new
openssl	OpenSSL::X509::Store	#	add_cert
openssl	OpenSSL::X509::Store	#	add_crl
openssl	OpenSSL::X509::Store	#	add_file
openssl	OpenSSL::X509::Store	#	add_path
openssl	OpenSSL::X509::Store	#	chain
openssl	OpenSSL::X509::Store	#	error
openssl	OpenSSL::X509::Store	#	error_string
openssl	OpenSSL::X509::Store	#	flags=
openssl	OpenSSL::X509::Store	#	purpose=
openssl	OpenSSL::X509::Store	#	set_default_paths
openssl	OpenSSL::X509::Store	#	time=
openssl	OpenSSL::X509::Store	#	trust=
openssl	OpenSSL::X509::Store	#	verify
openssl	OpenSSL::X509::Store	#	verify_callback
openssl	OpenSSL::X509::Store	#	verify_callback=
openssl	OpenSSL::X509::Store	.	new
openssl	OpenSSL::X509::StoreContext	#	chain
openssl	OpenSSL::X509::StoreContext	#	cleanup
openssl	OpenSSL::X509::StoreContext	#	current_cert
openssl	OpenSSL::X509::StoreContext	#	current_crl
openssl	OpenSSL::X509::StoreContext	#	error
openssl	OpenSSL::X509::StoreContext	#	error=
openssl	OpenSSL::X509::StoreContext	#	error_depth
openssl	OpenSSL::X509::StoreContext	#	error_string
openssl	OpenSSL::X509::StoreContext	#	flags=
openssl	OpenSSL::X509::StoreContext	#	purpose=
openssl	OpenSSL::X509::StoreContext	#	time=
openssl	OpenSSL::X509::StoreContext	#	trust=
openssl	OpenSSL::X509::StoreContext	#	verify
openssl	OpenSSL::X509::StoreContext	.	new
ostruct	OpenStruct	::	InspectKey
ostruct	OpenStruct	#	==
ostruct	OpenStruct	#	[]
ostruct	OpenStruct	#	[]=
ostruct	OpenStruct	#	delete_field
ostruct	OpenStruct	#	dig
ostruct	OpenStruct	#	each_pair
ostruct	OpenStruct	#	eql?
ostruct	OpenStruct	#	hash
ostruct	OpenStruct	#	inspect
ostruct	OpenStruct	#	to_s
ostruct	OpenStruct	#	modifiable
ostruct	OpenStruct	#	new_ostruct_member
ostruct	OpenStruct	#	to_h
json/add/ostruct	OpenStruct	#	to_json
json/add/ostruct	OpenStruct	.	json_create
ostruct	OpenStruct	.	new
open-uri	OpenURI	.	open_uri
open-uri	OpenURI::Meta	#	base_uri
open-uri	OpenURI::Meta	#	charset
open-uri	OpenURI::Meta	#	content_encoding
open-uri	OpenURI::Meta	#	content_type
open-uri	OpenURI::Meta	#	last_modified
open-uri	OpenURI::Meta	#	meta
open-uri	OpenURI::Meta	#	status
open-uri	OpenURI::OpenRead	#	open
open-uri	OpenURI::OpenRead	#	read
optparse	OptionParser	#	accept
optparse	OptionParser	#	banner
optparse	OptionParser	#	banner=
optparse	OptionParser	#	default_argv
optparse	OptionParser	#	default_argv=
optparse	OptionParser	#	environment
optparse	OptionParser	#	getopts
optparse	OptionParser	#	help
optparse	OptionParser	#	to_s
optparse	OptionParser	#	load
optparse	OptionParser	#	make_switch
optparse	OptionParser	#	on
optparse	OptionParser	#	on_head
optparse	OptionParser	#	on_tail
optparse	OptionParser	#	order
optparse	OptionParser	#	order!
optparse	OptionParser	#	parse
optparse	OptionParser	#	parse!
optparse	OptionParser	#	permute
optparse	OptionParser	#	permute!
optparse	OptionParser	#	program_name
optparse	OptionParser	#	program_name=
optparse	OptionParser	#	reject
optparse	OptionParser	#	release
optparse	OptionParser	#	release=
optparse	OptionParser	#	separator
optparse	OptionParser	#	summarize
optparse	OptionParser	#	summary_indent
optparse	OptionParser	#	summary_indent=
optparse	OptionParser	#	summary_width
optparse	OptionParser	#	summary_width=
optparse	OptionParser	#	to_a
optparse	OptionParser	#	ver
optparse	OptionParser	#	version
optparse	OptionParser	#	version=
optparse	OptionParser	.	accept
optparse	OptionParser	.	getopts
optparse	OptionParser	.	new
optparse	OptionParser	.	reject
optparse	OptionParser::Arguable	#	getopts
optparse	OptionParser::Arguable	#	options
optparse	OptionParser::Arguable	#	options=
optparse	OptionParser::Arguable	#	order!
optparse	OptionParser::Arguable	#	parse!
optparse	OptionParser::Arguable	#	permute!
optparse	OptionParser::ParseError	#	args
optparse	OptionParser::ParseError	#	inspect
optparse	OptionParser::ParseError	#	message
optparse	OptionParser::ParseError	#	to_s
optparse	OptionParser::ParseError	#	reason
optparse	OptionParser::ParseError	#	reason=
optparse	OptionParser::ParseError	#	recover
optparse	OptionParser::ParseError	#	set_backtrace
optparse	OptionParser::ParseError	#	set_option
optparse	OptionParser::ParseError	.	filter_backtrace
pp	PP	#	comma_breakable
pp	PP	#	object_group
pp	PP	#	pp
pp	PP	#	seplist
pp	PP	.	pp
pp	PP	.	sharing_detection
pp	PP	.	sharing_detection=
pp	PP	.	singleline_pp
pstore	PStore	::	EMPTY_MARSHAL_CHECKSUM
pstore	PStore	::	EMPTY_MARSHAL_DATA
pstore	PStore	::	EMPTY_STRING
pstore	PStore	::	RDWR_ACCESS
pstore	PStore	::	RD_ACCESS
pstore	PStore	::	WR_ACCESS
pstore	PStore	#	[]
pstore	PStore	#	[]=
pstore	PStore	#	abort
pstore	PStore	#	commit
pstore	PStore	#	delete
pstore	PStore	#	fetch
pstore	PStore	#	in_transaction
pstore	PStore	#	path
pstore	PStore	#	root?
pstore	PStore	#	roots
pstore	PStore	#	transaction
pstore	PStore	#	ultra_safe
pstore	PStore	#	ultra_safe=
pstore	PStore	.	new
pstore	PStore::DummyMutex	#	synchronize
pty	PTY	.#	getpty
pty	PTY	.#	spawn
pty	PTY	.	check
pty	PTY	.	open
pty	PTY::ChildExited	#	status
pathname	Pathname	::	SEPARATOR_PAT
pathname	Pathname	::	TO_PATH
pathname	Pathname	#	+
pathname	Pathname	#	/
pathname	Pathname	#	<=>
pathname	Pathname	#	==
pathname	Pathname	#	===
pathname	Pathname	#	eql?
pathname	Pathname	#	absolute?
pathname	Pathname	#	ascend
pathname	Pathname	#	atime
pathname	Pathname	#	basename
pathname	Pathname	#	binread
pathname	Pathname	#	binwrite
pathname	Pathname	#	birthtime
pathname	Pathname	#	blockdev?
pathname	Pathname	#	chardev?
pathname	Pathname	#	children
pathname	Pathname	#	chmod
pathname	Pathname	#	chown
pathname	Pathname	#	cleanpath
pathname	Pathname	#	ctime
pathname	Pathname	#	delete
pathname	Pathname	#	unlink
pathname	Pathname	#	descend
pathname	Pathname	#	directory?
pathname	Pathname	#	dirname
pathname	Pathname	#	each_child
pathname	Pathname	#	each_entry
pathname	Pathname	#	each_filename
pathname	Pathname	#	each_line
pathname	Pathname	#	empty?
pathname	Pathname	#	entries
pathname	Pathname	#	executable?
pathname	Pathname	#	executable_real?
pathname	Pathname	#	exist?
pathname	Pathname	#	expand_path
pathname	Pathname	#	extname
pathname	Pathname	#	file?
pathname	Pathname	#	find
pathname	Pathname	#	fnmatch
pathname	Pathname	#	fnmatch?
pathname	Pathname	#	ftype
pathname	Pathname	#	glob
pathname	Pathname	#	grpowned?
pathname	Pathname	#	hash
pathname	Pathname	#	join
pathname	Pathname	#	lchmod
pathname	Pathname	#	lchown
pathname	Pathname	#	lstat
pathname	Pathname	#	lutime
pathname	Pathname	#	make_link
pathname	Pathname	#	make_symlink
pathname	Pathname	#	mkdir
pathname	Pathname	#	mkpath
pathname	Pathname	#	mountpoint?
pathname	Pathname	#	mtime
pathname	Pathname	#	open
pathname	Pathname	#	opendir
pathname	Pathname	#	owned?
pathname	Pathname	#	parent
pathname	Pathname	#	pipe?
pathname	Pathname	#	read
pathname	Pathname	#	readable?
pathname	Pathname	#	readable_real?
pathname	Pathname	#	readlines
pathname	Pathname	#	readlink
pathname	Pathname	#	realdirpath
pathname	Pathname	#	realpath
pathname	Pathname	#	relative?
pathname	Pathname	#	relative_path_from
pathname	Pathname	#	rename
pathname	Pathname	#	rmdir
pathname	Pathname	#	rmtree
pathname	Pathname	#	root?
pathname	Pathname	#	setgid?
pathname	Pathname	#	setuid?
pathname	Pathname	#	size
pathname	Pathname	#	size?
pathname	Pathname	#	socket?
pathname	Pathname	#	split
pathname	Pathname	#	stat
pathname	Pathname	#	sticky?
pathname	Pathname	#	sub
pathname	Pathname	#	sub_ext
pathname	Pathname	#	symlink?
pathname	Pathname	#	sysopen
pathname	Pathname	#	to_path
pathname	Pathname	#	to_s
pathname	Pathname	#	truncate
pathname	Pathname	#	utime
pathname	Pathname	#	world_readable?
pathname	Pathname	#	world_writable?
pathname	Pathname	#	writable?
pathname	Pathname	#	writable_real?
pathname	Pathname	#	write
pathname	Pathname	#	zero?
pathname	Pathname	.	getwd
pathname	Pathname	.	pwd
pathname	Pathname	.	glob
pathname	Pathname	.	new
prettyprint	PrettyPrint	#	breakable
prettyprint	PrettyPrint	#	flush
prettyprint	PrettyPrint	#	genspace
prettyprint	PrettyPrint	#	group
prettyprint	PrettyPrint	#	indent
prettyprint	PrettyPrint	#	maxwidth
prettyprint	PrettyPrint	#	nest
prettyprint	PrettyPrint	#	newline
prettyprint	PrettyPrint	#	output
prettyprint	PrettyPrint	#	text
prettyprint	PrettyPrint	.	format
prettyprint	PrettyPrint	.	new
prettyprint	PrettyPrint	.	singleline_format
prime	Prime	#	each
prime	Prime	#	int_from_prime_division
prime	Prime	#	prime?
prime	Prime	#	prime_division
prime	Prime	.	each
prime	Prime	.	instance
prime	Prime	.	int_from_prime_division
prime	Prime	.	prime?
prime	Prime	.	prime_division
prime	Prime::EratosthenesGenerator	#	next
prime	Prime::EratosthenesGenerator	#	succ
prime	Prime::EratosthenesGenerator	#	rewind
prime	Prime::Generator23	#	next
prime	Prime::Generator23	#	succ
prime	Prime::Generator23	#	rewind
prime	Prime::PseudoPrimeGenerator	#	each
prime	Prime::PseudoPrimeGenerator	#	each_with_index
prime	Prime::PseudoPrimeGenerator	#	with_index
prime	Prime::PseudoPrimeGenerator	#	next
prime	Prime::PseudoPrimeGenerator	#	succ
prime	Prime::PseudoPrimeGenerator	#	rewind
prime	Prime::PseudoPrimeGenerator	#	upper_bound
prime	Prime::PseudoPrimeGenerator	#	upper_bound=
prime	Prime::PseudoPrimeGenerator	#	with_object
prime	Prime::PseudoPrimeGenerator	.	new
prime	Prime::TrialDivisionGenerator	#	next
prime	Prime::TrialDivisionGenerator	#	succ
prime	Prime::TrialDivisionGenerator	#	rewind
psych	Psych	::	LIBYAML_VERSION
psych	Psych	::	VERSION
psych	Psych	.	dump
psych	Psych	.	dump_stream
psych	Psych	.	libyaml_version
psych	Psych	.	load
psych	Psych	.	load_file
psych	Psych	.	load_stream
psych	Psych	.	parse
psych	Psych	.	parse_file
psych	Psych	.	parse_stream
psych	Psych	.	parser
psych	Psych	.	safe_load
psych	Psych	.	to_json
psych	Psych::Emitter	#	canonical
psych	Psych::Emitter	#	canonical=
psych	Psych::Emitter	#	indentation
psych	Psych::Emitter	#	indentation=
psych	Psych::Emitter	#	line_width
psych	Psych::Emitter	#	line_width=
psych	Psych::Emitter	.	new
psych	Psych::Handler	#	alias
psych	Psych::Handler	#	empty
psych	Psych::Handler	#	end_document
psych	Psych::Handler	#	end_mapping
psych	Psych::Handler	#	end_sequence
psych	Psych::Handler	#	end_stream
psych	Psych::Handler	#	scalar
psych	Psych::Handler	#	start_document
psych	Psych::Handler	#	start_mapping
psych	Psych::Handler	#	start_sequence
psych	Psych::Handler	#	start_stream
psych	Psych::Handler	#	streaming?
psych	Psych::Nodes::Alias	#	anchor
psych	Psych::Nodes::Alias	#	anchor=
psych	Psych::Nodes::Alias	.	new
psych	Psych::Nodes::Document	#	implicit
psych	Psych::Nodes::Document	#	implicit=
psych	Psych::Nodes::Document	#	implicit_end
psych	Psych::Nodes::Document	#	implicit_end=
psych	Psych::Nodes::Document	#	root
psych	Psych::Nodes::Document	#	tag_directives
psych	Psych::Nodes::Document	#	tag_directives=
psych	Psych::Nodes::Document	#	version
psych	Psych::Nodes::Document	#	version=
psych	Psych::Nodes::Document	.	new
psych	Psych::Nodes::Mapping	::	ANY
psych	Psych::Nodes::Mapping	::	BLOCK
psych	Psych::Nodes::Mapping	::	FLOW
psych	Psych::Nodes::Mapping	#	anchor
psych	Psych::Nodes::Mapping	#	anchor=
psych	Psych::Nodes::Mapping	#	implicit
psych	Psych::Nodes::Mapping	#	implicit=
psych	Psych::Nodes::Mapping	#	style
psych	Psych::Nodes::Mapping	#	style=
psych	Psych::Nodes::Mapping	#	tag
psych	Psych::Nodes::Mapping	#	tag=
psych	Psych::Nodes::Mapping	.	new
psych	Psych::Nodes::Node	#	children
psych	Psych::Nodes::Node	#	each
psych	Psych::Nodes::Node	#	tag
psych	Psych::Nodes::Node	#	to_ruby
psych	Psych::Nodes::Node	#	transform
psych	Psych::Nodes::Node	#	to_yaml
psych	Psych::Nodes::Node	#	yaml
psych	Psych::Nodes::Scalar	::	ANY
psych	Psych::Nodes::Scalar	::	DOUBLE_QUOTED
psych	Psych::Nodes::Scalar	::	FOLDED
psych	Psych::Nodes::Scalar	::	LITERAL
psych	Psych::Nodes::Scalar	::	PLAIN
psych	Psych::Nodes::Scalar	::	SINGLE_QUOTED
psych	Psych::Nodes::Scalar	#	anchor
psych	Psych::Nodes::Scalar	#	anchor=
psych	Psych::Nodes::Scalar	#	plain
psych	Psych::Nodes::Scalar	#	plain=
psych	Psych::Nodes::Scalar	#	quoted
psych	Psych::Nodes::Scalar	#	quoted=
psych	Psych::Nodes::Scalar	#	style
psych	Psych::Nodes::Scalar	#	style=
psych	Psych::Nodes::Scalar	#	tag
psych	Psych::Nodes::Scalar	#	tag=
psych	Psych::Nodes::Scalar	#	value
psych	Psych::Nodes::Scalar	#	value=
psych	Psych::Nodes::Scalar	.	new
psych	Psych::Nodes::Sequence	::	ANY
psych	Psych::Nodes::Sequence	::	BLOCK
psych	Psych::Nodes::Sequence	::	FLOW
psych	Psych::Nodes::Sequence	#	anchor
psych	Psych::Nodes::Sequence	#	anchor=
psych	Psych::Nodes::Sequence	#	implicit
psych	Psych::Nodes::Sequence	#	implicit=
psych	Psych::Nodes::Sequence	#	style
psych	Psych::Nodes::Sequence	#	style=
psych	Psych::Nodes::Sequence	#	tag
psych	Psych::Nodes::Sequence	#	tag=
psych	Psych::Nodes::Sequence	.	new
psych	Psych::Nodes::Stream	::	ANY
psych	Psych::Nodes::Stream	::	UTF16BE
psych	Psych::Nodes::Stream	::	UTF16LE
psych	Psych::Nodes::Stream	::	UTF8
psych	Psych::Nodes::Stream	#	encoding
psych	Psych::Nodes::Stream	#	encoding=
psych	Psych::Nodes::Stream	.	new
psych	Psych::Parser	::	ANY
psych	Psych::Parser	::	UTF16BE
psych	Psych::Parser	::	UTF16LE
psych	Psych::Parser	::	UTF8
psych	Psych::Parser	#	handler
psych	Psych::Parser	#	handler=
psych	Psych::Parser	#	mark
psych	Psych::Parser	#	parse
psych	Psych::Parser	.	new
psych	Psych::Parser::Mark	#	column
psych	Psych::Parser::Mark	#	index
psych	Psych::Parser::Mark	#	line
psych	Psych::ScalarScanner	#	parse_time
psych	Psych::ScalarScanner	#	tokenize
psych	Psych::ScalarScanner	.	new
psych	Psych::Stream	#	finish
psych	Psych::Stream	#	start
psych	Psych::Stream	.	new
psych	Psych::SyntaxError	#	column
psych	Psych::SyntaxError	#	context
psych	Psych::SyntaxError	#	file
psych	Psych::SyntaxError	#	line
psych	Psych::SyntaxError	#	offset
psych	Psych::SyntaxError	#	problem
psych	Psych::TreeBuilder	#	root
psych	Psych::TreeBuilder	.	new
psych	Psych::Visitors::YAMLTree	#	<<
psych	Psych::Visitors::YAMLTree	#	push
psych	Psych::Visitors::YAMLTree	#	finish
psych	Psych::Visitors::YAMLTree	#	finished
psych	Psych::Visitors::YAMLTree	#	finished?
psych	Psych::Visitors::YAMLTree	#	start
psych	Psych::Visitors::YAMLTree	#	started
psych	Psych::Visitors::YAMLTree	#	started?
psych	Psych::Visitors::YAMLTree	#	tree
psych	Psych::Visitors::YAMLTree	.	create
psych	Psych::Visitors::YAMLTree	.	new
rdoc	RDoc	::	ATTR_MODIFIERS
rdoc	RDoc	::	CLASS_MODIFIERS
rdoc	RDoc	::	CONSTANT_MODIFIERS
rdoc	RDoc	::	DOT_DOC_FILENAME
rdoc	RDoc	::	GENERAL_MODIFIERS
rdoc/known_classes	RDoc	::	KNOWN_CLASSES
rdoc	RDoc	::	METHOD_MODIFIERS
rdoc	RDoc	::	VERSION
rdoc/code_object	RDoc::CodeObject	#	comment
rdoc/code_object	RDoc::CodeObject	#	comment=
rdoc/code_object	RDoc::CodeObject	#	document_children
rdoc/code_object	RDoc::CodeObject	#	document_children=
rdoc/code_object	RDoc::CodeObject	#	document_self
rdoc/code_object	RDoc::CodeObject	#	document_self=
rdoc/code_object	RDoc::CodeObject	#	documented?
rdoc/code_object	RDoc::CodeObject	#	metadata
rdoc/code_object	RDoc::CodeObject	#	parent
rdoc/code_object	RDoc::CodeObject	#	parent=
rdoc/code_object	RDoc::CodeObject	#	parent_file_name
rdoc/code_object	RDoc::CodeObject	#	parent_name
rdoc/code_object	RDoc::CodeObject	#	remove_classes_and_modules
rdoc/code_object	RDoc::CodeObject	#	remove_methods_etc
rdoc/code_object	RDoc::CodeObject	#	section
rdoc/code_object	RDoc::CodeObject	#	section=
rdoc/code_object	RDoc::CodeObject	#	start_doc
rdoc/code_object	RDoc::CodeObject	#	stop_doc
rdoc/code_object	RDoc::CodeObject	.	new
rdoc/context	RDoc::Context	::	TYPES
rdoc/context	RDoc::Context	::	VISIBILITIES
rdoc/context	RDoc::Context	#	<=>
rdoc/context	RDoc::Context	#	add_alias
rdoc/context	RDoc::Context	#	add_attribute
rdoc/context	RDoc::Context	#	add_class
rdoc/context	RDoc::Context	#	add_class_or_module
rdoc/context	RDoc::Context	#	add_constant
rdoc/context	RDoc::Context	#	add_include
rdoc/context	RDoc::Context	#	add_method
rdoc/context	RDoc::Context	#	add_module
rdoc/context	RDoc::Context	#	add_require
rdoc/context	RDoc::Context	#	add_to
rdoc/context	RDoc::Context	#	aliases
rdoc/context	RDoc::Context	#	attributes
rdoc/context	RDoc::Context	#	classes
rdoc/context	RDoc::Context	#	constants
rdoc/context	RDoc::Context	#	current_section
rdoc/context	RDoc::Context	#	defined_in?
rdoc/context	RDoc::Context	#	each_attribute
rdoc/context	RDoc::Context	#	each_classmodule
rdoc/context	RDoc::Context	#	each_constant
rdoc/context	RDoc::Context	#	each_method
rdoc/context	RDoc::Context	#	find_enclosing_module_named
rdoc/context	RDoc::Context	#	find_local_symbol
rdoc/context	RDoc::Context	#	find_module_named
rdoc/context	RDoc::Context	#	find_symbol
rdoc/context	RDoc::Context	#	in_files
rdoc/context	RDoc::Context	#	includes
rdoc/context	RDoc::Context	#	initialize_classes_and_modules
rdoc/context	RDoc::Context	#	initialize_methods_etc
rdoc/context	RDoc::Context	#	method_list
rdoc/context	RDoc::Context	#	modules
rdoc/context	RDoc::Context	#	name
rdoc/context	RDoc::Context	#	ongoing_visibility=
rdoc/context	RDoc::Context	#	record_location
rdoc/context	RDoc::Context	#	requires
rdoc/context	RDoc::Context	#	sections
rdoc/context	RDoc::Context	#	set_current_section
rdoc/context	RDoc::Context	#	set_visibility_for
rdoc/context	RDoc::Context	#	toplevel
rdoc/context	RDoc::Context	#	unmatched_alias_lists
rdoc/context	RDoc::Context	#	unmatched_alias_lists=
rdoc/context	RDoc::Context	#	visibility
rdoc/context	RDoc::Context	.	new
rdoc/context	RDoc::Context::Section	#	==
rdoc/context	RDoc::Context::Section	#	comment
rdoc/context	RDoc::Context::Section	#	inspect
rdoc/context	RDoc::Context::Section	#	parent
rdoc/context	RDoc::Context::Section	#	sequence
rdoc/context	RDoc::Context::Section	#	set_comment
rdoc/context	RDoc::Context::Section	#	title
rdoc/context	RDoc::Context::Section	.	new
rdoc/generator/darkfish	RDoc::Generator::Darkfish	::	GENERATOR_DIR
rdoc/generator/darkfish	RDoc::Generator::Darkfish	::	VERSION
rdoc/generator/darkfish	RDoc::Generator::Darkfish	#	generate
rdoc/generator/darkfish	RDoc::Generator::Darkfish	#	initialize
rdoc/generator/json_index	RDoc::Generator::JsonIndex	::	SEARCH_INDEX_FILE
rdoc/generator/json_index	RDoc::Generator::JsonIndex	#	generate
rdoc/generator/json_index	RDoc::Generator::JsonIndex	.	new
rdoc/generator/ri	RDoc::Generator::RI	::	DESCRIPTION
rdoc/generator/ri	RDoc::Generator::RI	#	generate
rdoc/generator/ri	RDoc::Generator::RI	#	initialize
rdoc/markdown	RDoc::Markdown	::	DEFAULT_EXTENSIONS
rdoc/markdown	RDoc::Markdown	::	EXTENSIONS
rdoc/markdown/entities	RDoc::Markdown	::	HTML_ENTITIES
rdoc/markdown	RDoc::Markdown	#	break_on_newline
rdoc/markdown	RDoc::Markdown	#	break_on_newline=
rdoc/markdown	RDoc::Markdown	#	css
rdoc/markdown	RDoc::Markdown	#	css=
rdoc/markdown	RDoc::Markdown	#	definition_lists
rdoc/markdown	RDoc::Markdown	#	definition_lists=
rdoc/markdown	RDoc::Markdown	#	extension
rdoc/markdown	RDoc::Markdown	#	extension?
rdoc/markdown	RDoc::Markdown	#	github
rdoc/markdown	RDoc::Markdown	#	github=
rdoc/markdown	RDoc::Markdown	#	html
rdoc/markdown	RDoc::Markdown	#	html=
rdoc/markdown	RDoc::Markdown	#	notes
rdoc/markdown	RDoc::Markdown	#	notes=
rdoc/markdown	RDoc::Markdown	#	parse
rdoc/markdown	RDoc::Markdown	.	extension
rdoc/markdown	RDoc::Markdown	.	new
rdoc/markdown	RDoc::Markdown	.	parse
rdoc/markup	RDoc::Markup	::	LABEL_LIST_RE
rdoc/markup	RDoc::Markup	::	SIMPLE_LIST_RE
rdoc/markup	RDoc::Markup	::	SPACE
rdoc/markup	RDoc::Markup	#	add_html
rdoc/markup	RDoc::Markup	#	add_special
rdoc/markup	RDoc::Markup	#	add_word_pair
rdoc/markup	RDoc::Markup	#	attribute_manager
rdoc/markup	RDoc::Markup	#	content
rdoc/markup	RDoc::Markup	#	convert
rdoc/markup	RDoc::Markup	#	get_line_types
rdoc/markup	RDoc::Markup	.	new
rdoc/markup/formatter	RDoc::Markup::Formatter	#	add_tag
rdoc/markup/formatter	RDoc::Markup::Formatter	#	convert
rdoc/markup/formatter	RDoc::Markup::Formatter	.	new
rdoc/markup/to_ansi	RDoc::Markup::ToAnsi	.	new
rdoc/markup/to_bs	RDoc::Markup::ToBs	.	new
rdoc/markup/to_html	RDoc::Markup::ToHtml	.	new
rdoc/markup/to_html_crossref	RDoc::Markup::ToHtmlCrossref	.	new
rdoc/markup/to_rdoc	RDoc::Markup::ToRdoc	.	new
rdoc/options	RDoc::Options	::	DEPRECATED
rdoc/options	RDoc::Options	::	SPECIAL
rdoc/options	RDoc::Options	#	all_one_file
rdoc/options	RDoc::Options	#	charset
rdoc/options	RDoc::Options	#	coverage_report
rdoc/options	RDoc::Options	#	coverage_report=
rdoc/options	RDoc::Options	#	css
rdoc/options	RDoc::Options	#	diagram
rdoc/options	RDoc::Options	#	dry_run
rdoc/options	RDoc::Options	#	dry_run=
rdoc/options	RDoc::Options	#	encoding
rdoc/options	RDoc::Options	#	encoding=
rdoc/options	RDoc::Options	#	exclude
rdoc/options	RDoc::Options	#	exclude=
rdoc/options	RDoc::Options	#	extra_accessor_flags
rdoc/options	RDoc::Options	#	extra_accessors
rdoc/options	RDoc::Options	#	fileboxes
rdoc/options	RDoc::Options	#	files
rdoc/options	RDoc::Options	#	finish_page_dir
rdoc/options	RDoc::Options	#	force_output
rdoc/options	RDoc::Options	#	force_output=
rdoc/options	RDoc::Options	#	force_update
rdoc/options	RDoc::Options	#	formatter
rdoc/options	RDoc::Options	#	formatter=
rdoc/options	RDoc::Options	#	generator
rdoc/options	RDoc::Options	#	generator=
rdoc/options	RDoc::Options	#	hyperlink_all
rdoc/options	RDoc::Options	#	hyperlink_all=
rdoc/options	RDoc::Options	#	image_format
rdoc/options	RDoc::Options	#	include_line_numbers
rdoc/options	RDoc::Options	#	inline_source
rdoc/options	RDoc::Options	#	line_numbers
rdoc/options	RDoc::Options	#	line_numbers=
rdoc/options	RDoc::Options	#	main_page
rdoc/options	RDoc::Options	#	main_page=
rdoc/options	RDoc::Options	#	markup
rdoc/options	RDoc::Options	#	markup=
rdoc/options	RDoc::Options	#	merge
rdoc/options	RDoc::Options	#	op_dir
rdoc/options	RDoc::Options	#	op_dir=
rdoc/options	RDoc::Options	#	op_name
rdoc/options	RDoc::Options	#	option_parser
rdoc/options	RDoc::Options	#	option_parser=
rdoc/options	RDoc::Options	#	page_dir
rdoc/options	RDoc::Options	#	page_dir=
rdoc/options	RDoc::Options	#	parse
rdoc/options	RDoc::Options	#	pipe
rdoc/options	RDoc::Options	#	pipe=
rdoc/options	RDoc::Options	#	promiscuous
rdoc/options	RDoc::Options	#	quiet
rdoc/options	RDoc::Options	#	rdoc_include
rdoc/options	RDoc::Options	#	root
rdoc/options	RDoc::Options	#	root=
rdoc/options	RDoc::Options	#	sanitize_path
rdoc/options	RDoc::Options	#	show_all
rdoc/options	RDoc::Options	#	show_all=
rdoc/options	RDoc::Options	#	show_hash
rdoc/options	RDoc::Options	#	static_path
rdoc/options	RDoc::Options	#	static_path=
rdoc/options	RDoc::Options	#	tab_width
rdoc/options	RDoc::Options	#	template
rdoc/options	RDoc::Options	#	template_dir
rdoc/options	RDoc::Options	#	template_dir=
rdoc/options	RDoc::Options	#	title
rdoc/options	RDoc::Options	#	title=
rdoc/options	RDoc::Options	#	verbosity
rdoc/options	RDoc::Options	#	verbosity=
rdoc/options	RDoc::Options	#	visibility
rdoc/options	RDoc::Options	#	visibility=
rdoc/options	RDoc::Options	#	warn
rdoc/options	RDoc::Options	#	webcvs
rdoc/options	RDoc::Options	#	write_options
rdoc/parser	RDoc::Parser	#	parse_files_matching
rdoc/parser	RDoc::Parser	.	alias_extension
rdoc/parser	RDoc::Parser	.	can_parse
rdoc/parser	RDoc::Parser	.	parser_for
rdoc/parser	RDoc::Parser	.	parsers
rdoc/parser/c	RDoc::Parser::C	#	progress=
rdoc/parser/c	RDoc::Parser::C	#	scan
rdoc/parser/c	RDoc::Parser::C	.	new
rdoc/parser/changelog	RDoc::Parser::ChangeLog	#	scan
rdoc/parser/markdown	RDoc::Parser::Markdown	#	scan
rdoc/parser/rd	RDoc::Parser::RD	#	scan
rdoc/parser/ruby	RDoc::Parser::Ruby	::	NORMAL
rdoc/parser/ruby	RDoc::Parser::Ruby	::	SINGLE
rdoc/parser/ruby	RDoc::Parser::Ruby	#	scan
rdoc/parser/ruby	RDoc::Parser::Ruby	.	new
rdoc/parser/simple	RDoc::Parser::Simple	#	remove_private_comments
rdoc/parser/simple	RDoc::Parser::Simple	#	scan
rdoc/parser/simple	RDoc::Parser::Simple	.	new
rdoc/rdoc	RDoc::RDoc	#	document
rdoc/rdoc	RDoc::RDoc	.	add_generator
rdoc/stats	RDoc::Stats	#	num_classes
rdoc/stats	RDoc::Stats	#	num_classes=
rdoc/stats	RDoc::Stats	#	num_files
rdoc/stats	RDoc::Stats	#	num_files=
rdoc/stats	RDoc::Stats	#	num_methods
rdoc/stats	RDoc::Stats	#	num_methods=
rdoc/stats	RDoc::Stats	#	num_modules
rdoc/stats	RDoc::Stats	#	num_modules=
rdoc/stats	RDoc::Stats	#	print
rdoc/stats	RDoc::Stats	.	new
rdoc/text	RDoc::Text	#	expand_tabs
rdoc/text	RDoc::Text	#	flush_left
rdoc/text	RDoc::Text	#	markup
rdoc/text	RDoc::Text	#	normalize_comment
rdoc/text	RDoc::Text	#	parse
rdoc/text	RDoc::Text	#	strip_hashes
rdoc/text	RDoc::Text	#	strip_newlines
rdoc/text	RDoc::Text	#	strip_stars
rdoc/top_level	RDoc::TopLevel	#	add_class_or_module
rdoc/top_level	RDoc::TopLevel	#	file_absolute_name
rdoc/top_level	RDoc::TopLevel	#	file_absolute_name=
rdoc/top_level	RDoc::TopLevel	#	file_relative_name
rdoc/top_level	RDoc::TopLevel	#	file_relative_name=
rdoc/top_level	RDoc::TopLevel	#	file_stat
rdoc/top_level	RDoc::TopLevel	#	file_stat=
rdoc/top_level	RDoc::TopLevel	#	find_local_symbol
rdoc/top_level	RDoc::TopLevel	#	find_module_named
rdoc/top_level	RDoc::TopLevel	#	full_name
rdoc/top_level	RDoc::TopLevel	.	all_classes_and_modules
rdoc/top_level	RDoc::TopLevel	.	find_class_named
rdoc/top_level	RDoc::TopLevel	.	new
rdoc/top_level	RDoc::TopLevel	.	reset
rexml/document	REXML::AttlistDecl	#	[]
rexml/document	REXML::AttlistDecl	#	each
rexml/document	REXML::AttlistDecl	#	element_name
rexml/document	REXML::AttlistDecl	#	include?
rexml/document	REXML::AttlistDecl	#	node_type
rexml/document	REXML::AttlistDecl	#	write
rexml/document	REXML::AttlistDecl	.	new
rexml/document	REXML::Attribute	#	==
rexml/document	REXML::Attribute	#	clone
rexml/document	REXML::Attribute	#	element
rexml/document	REXML::Attribute	#	element=
rexml/document	REXML::Attribute	#	namespace
rexml/document	REXML::Attribute	#	node_type
rexml/document	REXML::Attribute	#	normalized=
rexml/document	REXML::Attribute	#	prefix
rexml/document	REXML::Attribute	#	remove
rexml/document	REXML::Attribute	#	to_s
rexml/document	REXML::Attribute	#	to_string
rexml/document	REXML::Attribute	#	value
rexml/document	REXML::Attribute	#	write
rexml/document	REXML::Attribute	#	xpath
rexml/document	REXML::Attribute	.	new
rexml/document	REXML::Attributes	#	<<
rexml/document	REXML::Attributes	#	add
rexml/document	REXML::Attributes	#	[]
rexml/document	REXML::Attributes	#	[]=
rexml/document	REXML::Attributes	#	delete
rexml/document	REXML::Attributes	#	delete_all
rexml/document	REXML::Attributes	#	each
rexml/document	REXML::Attributes	#	each_attribute
rexml/document	REXML::Attributes	#	get_attribute
rexml/document	REXML::Attributes	#	get_attribute_ns
rexml/document	REXML::Attributes	#	length
rexml/document	REXML::Attributes	#	size
rexml/document	REXML::Attributes	#	namespaces
rexml/document	REXML::Attributes	#	prefixes
rexml/document	REXML::Attributes	#	to_a
rexml/document	REXML::Attributes	.	new
rexml/document	REXML::CData	#	clone
rexml/document	REXML::CData	#	to_s
rexml/document	REXML::CData	#	value
rexml/document	REXML::CData	.	new
rexml/document	REXML::Child	#	bytes
rexml/document	REXML::Child	#	document
rexml/document	REXML::Child	#	next_sibling
rexml/document	REXML::Child	#	next_sibling=
rexml/document	REXML::Child	#	parent
rexml/document	REXML::Child	#	parent=
rexml/document	REXML::Child	#	previous_sibling
rexml/document	REXML::Child	#	previous_sibling=
rexml/document	REXML::Child	#	remove
rexml/document	REXML::Child	#	replace_with
rexml/document	REXML::Child	.	new
rexml/document	REXML::Comment	#	<=>
rexml/document	REXML::Comment	#	==
rexml/document	REXML::Comment	#	clone
rexml/document	REXML::Comment	#	node_type
rexml/document	REXML::Comment	#	string
rexml/document	REXML::Comment	#	to_s
rexml/document	REXML::Comment	#	string=
rexml/document	REXML::Comment	.	new
rexml/document	REXML::Declaration	#	to_s
rexml/document	REXML::Declaration	#	write
rexml/document	REXML::DocType	::	DEFAULT_ENTITIES
rexml/document	REXML::DocType	#	add
rexml/document	REXML::DocType	#	attribute_of
rexml/document	REXML::DocType	#	attributes_of
rexml/document	REXML::DocType	#	clone
rexml/document	REXML::DocType	#	context
rexml/document	REXML::DocType	#	entities
rexml/document	REXML::DocType	#	entity
rexml/document	REXML::DocType	#	external_id
rexml/document	REXML::DocType	#	name
rexml/document	REXML::DocType	#	namespaces
rexml/document	REXML::DocType	#	node_type
rexml/document	REXML::DocType	#	notation
rexml/document	REXML::DocType	#	notations
rexml/document	REXML::DocType	#	public
rexml/document	REXML::DocType	#	system
rexml/document	REXML::DocType	#	write
rexml/document	REXML::DocType	.	new
rexml/document	REXML::Document	::	DECLARATION
rexml/document	REXML::Document	#	<<
rexml/document	REXML::Document	#	add
rexml/document	REXML::Document	#	clone
rexml/document	REXML::Document	#	doctype
rexml/document	REXML::Document	#	encoding
rexml/document	REXML::Document	#	expanded_name
rexml/document	REXML::Document	#	name
rexml/document	REXML::Document	#	node_type
rexml/document	REXML::Document	#	root
rexml/document	REXML::Document	#	stand_alone?
rexml/document	REXML::Document	#	version
rexml/document	REXML::Document	#	write
rexml/document	REXML::Document	#	xml_decl
rexml/document	REXML::Document	.	entity_expansion_limit
rexml/document	REXML::Document	.	entity_expansion_limit=
rexml/document	REXML::Document	.	entity_expansion_text_limit
rexml/document	REXML::Document	.	entity_expansion_text_limit=
rexml/document	REXML::Document	.	new
rexml/document	REXML::Document	.	parse_stream
rexml/document	REXML::Element	::	UNDEFINED
rexml/document	REXML::Element	#	add_attribute
rexml/document	REXML::Element	#	add_attributes
rexml/document	REXML::Element	#	add_element
rexml/document	REXML::Element	#	add_namespace
rexml/document	REXML::Element	#	attribute
rexml/document	REXML::Element	#	attributes
rexml/document	REXML::Element	#	cdatas
rexml/document	REXML::Element	#	clone
rexml/document	REXML::Element	#	comments
rexml/document	REXML::Element	#	context
rexml/document	REXML::Element	#	context=
rexml/document	REXML::Element	#	delete_attribute
rexml/document	REXML::Element	#	delete_element
rexml/document	REXML::Element	#	delete_namespace
rexml/document	REXML::Element	#	document
rexml/document	REXML::Element	#	each_element
rexml/document	REXML::Element	#	each_element_with_attribute
rexml/document	REXML::Element	#	each_element_with_text
rexml/document	REXML::Element	#	elements
rexml/document	REXML::Element	#	get_elements
rexml/document	REXML::Element	#	get_text
rexml/document	REXML::Element	#	has_attributes?
rexml/document	REXML::Element	#	has_elements?
rexml/document	REXML::Element	#	has_text?
rexml/document	REXML::Element	#	instructions
rexml/document	REXML::Element	#	namespace
rexml/document	REXML::Element	#	namespaces
rexml/document	REXML::Element	#	next_element
rexml/document	REXML::Element	#	node_type
rexml/document	REXML::Element	#	prefixes
rexml/document	REXML::Element	#	previous_element
rexml/document	REXML::Element	#	raw
rexml/document	REXML::Element	#	root
rexml/document	REXML::Element	#	root_node
rexml/document	REXML::Element	#	text
rexml/document	REXML::Element	#	text=
rexml/document	REXML::Element	#	texts
rexml/document	REXML::Element	#	whitespace
rexml/document	REXML::Element	#	write
rexml/document	REXML::Element	#	xpath
rexml/document	REXML::Element	.	new
rexml/document	REXML::ElementDecl	.	new
rexml/document	REXML::Elements	#	<<
rexml/document	REXML::Elements	#	add
rexml/document	REXML::Elements	#	[]
rexml/document	REXML::Elements	#	[]=
rexml/document	REXML::Elements	#	collect
rexml/document	REXML::Elements	#	delete
rexml/document	REXML::Elements	#	delete_all
rexml/document	REXML::Elements	#	each
rexml/document	REXML::Elements	#	empty?
rexml/document	REXML::Elements	#	index
rexml/document	REXML::Elements	#	inject
rexml/document	REXML::Elements	#	size
rexml/document	REXML::Elements	#	to_a
rexml/document	REXML::Elements	.	new
rexml/document	REXML::Entity	#	external
rexml/document	REXML::Entity	#	name
rexml/document	REXML::Entity	#	ndata
rexml/document	REXML::Entity	#	normalized
rexml/document	REXML::Entity	#	pubid
rexml/document	REXML::Entity	#	ref
rexml/document	REXML::Entity	#	to_s
rexml/document	REXML::Entity	#	unnormalized
rexml/document	REXML::Entity	#	value
rexml/document	REXML::Entity	#	write
rexml/document	REXML::Entity	.	matches?
rexml/document	REXML::Entity	.	new
rexml/document	REXML::EntityConst	::	AMP
rexml/document	REXML::EntityConst	::	APOS
rexml/document	REXML::EntityConst	::	GT
rexml/document	REXML::EntityConst	::	LT
rexml/document	REXML::EntityConst	::	QUOT
rexml/document	REXML::ExternalEntity	#	to_s
rexml/document	REXML::ExternalEntity	#	write
rexml/document	REXML::ExternalEntity	.	new
rexml/document	REXML::Formatters::Default	#	write
rexml/document	REXML::Formatters::Default	.	new
rexml/document	REXML::Formatters::Pretty	#	compact
rexml/document	REXML::Formatters::Pretty	#	compact=
rexml/document	REXML::Formatters::Pretty	#	width
rexml/document	REXML::Formatters::Pretty	#	width=
rexml/document	REXML::Formatters::Pretty	.	new
rexml/document	REXML::Formatters::Transitive	.	new
rexml/document	REXML::Instruction	#	==
rexml/document	REXML::Instruction	#	clone
rexml/document	REXML::Instruction	#	content
rexml/document	REXML::Instruction	#	content=
rexml/document	REXML::Instruction	#	node_type
rexml/document	REXML::Instruction	#	target
rexml/document	REXML::Instruction	#	target=
rexml/document	REXML::Instruction	.	new
rexml/document	REXML::Namespace	#	expanded_name
rexml/document	REXML::Namespace	#	fully_expanded_name
rexml/document	REXML::Namespace	#	has_name?
rexml/document	REXML::Namespace	#	local_name
rexml/document	REXML::Namespace	#	name
rexml/document	REXML::Namespace	#	name=
rexml/document	REXML::Namespace	#	prefix
rexml/document	REXML::Namespace	#	prefix=
rexml/document	REXML::Node	#	each_recursive
rexml/document	REXML::Node	#	find_first_recursive
rexml/document	REXML::Node	#	index_in_parent
rexml/document	REXML::Node	#	next_sibling_node
rexml/document	REXML::Node	#	parent?
rexml/document	REXML::Node	#	previous_sibling_node
rexml/document	REXML::Node	#	to_s
rexml/document	REXML::NotationDecl	#	name
rexml/document	REXML::NotationDecl	#	public
rexml/document	REXML::NotationDecl	#	public=
rexml/document	REXML::NotationDecl	#	system
rexml/document	REXML::NotationDecl	#	system=
rexml/document	REXML::NotationDecl	#	to_s
rexml/document	REXML::NotationDecl	#	write
rexml/document	REXML::NotationDecl	.	new
rexml/document	REXML::Parent	#	<<
rexml/document	REXML::Parent	#	add
rexml/document	REXML::Parent	#	push
rexml/document	REXML::Parent	#	[]
rexml/document	REXML::Parent	#	[]=
rexml/document	REXML::Parent	#	children
rexml/document	REXML::Parent	#	to_a
rexml/document	REXML::Parent	#	deep_clone
rexml/document	REXML::Parent	#	delete
rexml/document	REXML::Parent	#	delete_at
rexml/document	REXML::Parent	#	delete_if
rexml/document	REXML::Parent	#	each
rexml/document	REXML::Parent	#	each_child
rexml/document	REXML::Parent	#	each_index
rexml/document	REXML::Parent	#	index
rexml/document	REXML::Parent	#	insert_after
rexml/document	REXML::Parent	#	insert_before
rexml/document	REXML::Parent	#	length
rexml/document	REXML::Parent	#	size
rexml/document	REXML::Parent	#	parent?
rexml/document	REXML::Parent	#	replace_child
rexml/document	REXML::Parent	#	unshift
rexml/document	REXML::Parent	.	new
rexml	REXML::ParseException	#	context
rexml	REXML::ParseException	#	line
rexml	REXML::ParseException	#	position
rexml	REXML::ParseException	#	to_s
rexml/parsers/pullparser	REXML::Parsers::PullEvent	#	[]
rexml/parsers/pullparser	REXML::Parsers::PullEvent	#	attlistdecl?
rexml/parsers/pullparser	REXML::Parsers::PullEvent	#	cdata?
rexml/parsers/pullparser	REXML::Parsers::PullEvent	#	comment?
rexml/parsers/pullparser	REXML::Parsers::PullEvent	#	doctype?
rexml/parsers/pullparser	REXML::Parsers::PullEvent	#	elementdecl?
rexml/parsers/pullparser	REXML::Parsers::PullEvent	#	end_element?
rexml/parsers/pullparser	REXML::Parsers::PullEvent	#	entitydecl?
rexml/parsers/pullparser	REXML::Parsers::PullEvent	#	event_type
rexml/parsers/pullparser	REXML::Parsers::PullEvent	#	instruction?
rexml/parsers/pullparser	REXML::Parsers::PullEvent	#	notationdecl?
rexml/parsers/pullparser	REXML::Parsers::PullEvent	#	start_element?
rexml/parsers/pullparser	REXML::Parsers::PullEvent	#	text?
rexml/parsers/pullparser	REXML::Parsers::PullEvent	#	xmldecl?
rexml/parsers/pullparser	REXML::Parsers::PullParser	#	each
rexml/parsers/pullparser	REXML::Parsers::PullParser	#	empty?
rexml/parsers/pullparser	REXML::Parsers::PullParser	#	has_next?
rexml/parsers/pullparser	REXML::Parsers::PullParser	#	peek
rexml/parsers/pullparser	REXML::Parsers::PullParser	#	pull
rexml/parsers/pullparser	REXML::Parsers::PullParser	#	unshift
rexml/parsers/pullparser	REXML::Parsers::PullParser	.	new
rexml/parsers/sax2parser	REXML::Parsers::SAX2Parser	#	deafen
rexml/parsers/sax2parser	REXML::Parsers::SAX2Parser	#	listen
rexml/parsers/sax2parser	REXML::Parsers::SAX2Parser	#	parse
rexml/parsers/sax2parser	REXML::Parsers::SAX2Parser	.	new
rexml/parsers/streamparser	REXML::Parsers::StreamParser	#	parse
rexml/parsers/streamparser	REXML::Parsers::StreamParser	.	new
rexml/parsers/ultralightparser	REXML::Parsers::UltraLightParser	#	parse
rexml/parsers/ultralightparser	REXML::Parsers::UltraLightParser	#	rewind
rexml/parsers/ultralightparser	REXML::Parsers::UltraLightParser	.	new
rexml/sax2listener	REXML::SAX2Listener	#	attlistdecl
rexml/sax2listener	REXML::SAX2Listener	#	cdata
rexml/sax2listener	REXML::SAX2Listener	#	characters
rexml/sax2listener	REXML::SAX2Listener	#	comment
rexml/sax2listener	REXML::SAX2Listener	#	doctype
rexml/sax2listener	REXML::SAX2Listener	#	elementdecl
rexml/sax2listener	REXML::SAX2Listener	#	end_document
rexml/sax2listener	REXML::SAX2Listener	#	end_element
rexml/sax2listener	REXML::SAX2Listener	#	end_prefix_mapping
rexml/sax2listener	REXML::SAX2Listener	#	entitydecl
rexml/sax2listener	REXML::SAX2Listener	#	notationdecl
rexml/sax2listener	REXML::SAX2Listener	#	processing_instruction
rexml/sax2listener	REXML::SAX2Listener	#	progress
rexml/sax2listener	REXML::SAX2Listener	#	start_document
rexml/sax2listener	REXML::SAX2Listener	#	start_element
rexml/sax2listener	REXML::SAX2Listener	#	start_prefix_mapping
rexml/sax2listener	REXML::SAX2Listener	#	xmldecl
rexml/document	REXML::Security	.	entity_expansion_limit
rexml/document	REXML::Security	.	entity_expansion_limit=
rexml/document	REXML::Security	.	entity_expansion_text_limit
rexml/document	REXML::Security	.	entity_expansion_text_limit=
rexml/streamlistener	REXML::StreamListener	#	attlistdecl
rexml/streamlistener	REXML::StreamListener	#	cdata
rexml/streamlistener	REXML::StreamListener	#	comment
rexml/streamlistener	REXML::StreamListener	#	doctype
rexml/streamlistener	REXML::StreamListener	#	doctype_end
rexml/streamlistener	REXML::StreamListener	#	elementdecl
rexml/streamlistener	REXML::StreamListener	#	entity
rexml/streamlistener	REXML::StreamListener	#	entitydecl
rexml/streamlistener	REXML::StreamListener	#	instruction
rexml/streamlistener	REXML::StreamListener	#	notationdecl
rexml/streamlistener	REXML::StreamListener	#	tag_end
rexml/streamlistener	REXML::StreamListener	#	tag_start
rexml/streamlistener	REXML::StreamListener	#	text
rexml/streamlistener	REXML::StreamListener	#	xmldecl
rexml/document	REXML::Text	#	<=>
rexml/document	REXML::Text	#	clone
rexml/document	REXML::Text	#	doctype
rexml/document	REXML::Text	#	empty?
rexml/document	REXML::Text	#	node_type
rexml/document	REXML::Text	#	raw
rexml/document	REXML::Text	#	raw=
rexml/document	REXML::Text	#	to_s
rexml/document	REXML::Text	#	value
rexml/document	REXML::Text	#	value=
rexml/document	REXML::Text	.	new
rexml/document	REXML::Text	.	normalize
rexml/document	REXML::Text	.	unnormalize
rexml/document	REXML::XMLDecl	::	DEFAULT_VERSION
rexml/document	REXML::XMLDecl	#	==
rexml/document	REXML::XMLDecl	#	clone
rexml/document	REXML::XMLDecl	#	dowrite
rexml/document	REXML::XMLDecl	#	encoding
rexml/document	REXML::XMLDecl	#	encoding=
rexml/document	REXML::XMLDecl	#	node_type
rexml/document	REXML::XMLDecl	#	nowrite
rexml/document	REXML::XMLDecl	#	stand_alone?
rexml/document	REXML::XMLDecl	#	standalone
rexml/document	REXML::XMLDecl	#	standalone=
rexml/document	REXML::XMLDecl	#	version
rexml/document	REXML::XMLDecl	#	version=
rexml/document	REXML::XMLDecl	#	writeencoding
rexml/document	REXML::XMLDecl	#	writethis
rexml/document	REXML::XMLDecl	#	xmldecl
rexml/document	REXML::XMLDecl	.	default
rexml/document	REXML::XMLDecl	.	new
rexml/document	REXML::XPath	.	each
rexml/document	REXML::XPath	.	first
rexml/document	REXML::XPath	.	match
rss	RSS::BaseTrackBackModel	#	trackback_about
rss	RSS::BaseTrackBackModel	#	trackback_about=
rss	RSS::BaseTrackBackModel	#	trackback_abouts
rss	RSS::BaseTrackBackModel	#	trackback_ping
rss	RSS::BaseTrackBackModel	#	trackback_ping=
rss	RSS::ContentModel	#	content_encoded
rss	RSS::ContentModel	#	content_encoded=
rss	RSS::DublinCoreModel	#	dc_contributor
rss	RSS::DublinCoreModel	#	dc_contributor=
rss	RSS::DublinCoreModel	#	dc_contributors
rss	RSS::DublinCoreModel	#	dc_coverage
rss	RSS::DublinCoreModel	#	dc_coverage=
rss	RSS::DublinCoreModel	#	dc_coverages
rss	RSS::DublinCoreModel	#	dc_creator
rss	RSS::DublinCoreModel	#	dc_creator=
rss	RSS::DublinCoreModel	#	dc_creators
rss	RSS::DublinCoreModel	#	dc_date
rss	RSS::DublinCoreModel	#	dc_date=
rss	RSS::DublinCoreModel	#	dc_dates
rss	RSS::DublinCoreModel	#	dc_description
rss	RSS::DublinCoreModel	#	dc_description=
rss	RSS::DublinCoreModel	#	dc_descriptions
rss	RSS::DublinCoreModel	#	dc_format
rss	RSS::DublinCoreModel	#	dc_format=
rss	RSS::DublinCoreModel	#	dc_formats
rss	RSS::DublinCoreModel	#	dc_identifier
rss	RSS::DublinCoreModel	#	dc_identifier=
rss	RSS::DublinCoreModel	#	dc_identifiers
rss	RSS::DublinCoreModel	#	dc_language
rss	RSS::DublinCoreModel	#	dc_language=
rss	RSS::DublinCoreModel	#	dc_languages
rss	RSS::DublinCoreModel	#	dc_publisher
rss	RSS::DublinCoreModel	#	dc_publisher=
rss	RSS::DublinCoreModel	#	dc_publishers
rss	RSS::DublinCoreModel	#	dc_relation
rss	RSS::DublinCoreModel	#	dc_relation=
rss	RSS::DublinCoreModel	#	dc_relations
rss	RSS::DublinCoreModel	#	dc_rights
rss	RSS::DublinCoreModel	#	dc_rights=
rss	RSS::DublinCoreModel	#	dc_rightses
rss	RSS::DublinCoreModel	#	dc_source
rss	RSS::DublinCoreModel	#	dc_source=
rss	RSS::DublinCoreModel	#	dc_sources
rss	RSS::DublinCoreModel	#	dc_subject
rss	RSS::DublinCoreModel	#	dc_subject=
rss	RSS::DublinCoreModel	#	dc_subjects
rss	RSS::DublinCoreModel	#	dc_title
rss	RSS::DublinCoreModel	#	dc_title=
rss	RSS::DublinCoreModel	#	dc_titles
rss	RSS::DublinCoreModel	#	dc_type
rss	RSS::DublinCoreModel	#	dc_type=
rss	RSS::DublinCoreModel	#	dc_types
rss	RSS::Element	#	full_name
rss	RSS::Element	#	tag_name
rss	RSS::ImageFaviconModel	#	image_favicon
rss	RSS::ImageFaviconModel	#	image_favicon=
rss	RSS::ImageFaviconModel::ImageFavicon	#	about
rss	RSS::ImageFaviconModel::ImageFavicon	#	about=
rss	RSS::ImageFaviconModel::ImageFavicon	#	date
rss	RSS::ImageFaviconModel::ImageFavicon	#	date=
rss	RSS::ImageFaviconModel::ImageFavicon	#	image_size
rss	RSS::ImageFaviconModel::ImageFavicon	#	image_size=
rss	RSS::ImageFaviconModel::ImageFavicon	#	size
rss	RSS::ImageFaviconModel::ImageFavicon	#	size=
rss	RSS::ImageItemModel	#	image_item
rss	RSS::ImageItemModel	#	image_item=
rss	RSS::ImageItemModel::ImageItem	#	about
rss	RSS::ImageItemModel::ImageItem	#	about=
rss	RSS::ImageItemModel::ImageItem	#	date
rss	RSS::ImageItemModel::ImageItem	#	date=
rss	RSS::ImageItemModel::ImageItem	#	height
rss	RSS::ImageItemModel::ImageItem	#	height=
rss	RSS::ImageItemModel::ImageItem	#	image_height
rss	RSS::ImageItemModel::ImageItem	#	image_height=
rss	RSS::ImageItemModel::ImageItem	#	image_width
rss	RSS::ImageItemModel::ImageItem	#	image_width=
rss	RSS::ImageItemModel::ImageItem	#	width
rss	RSS::ImageItemModel::ImageItem	#	width=
rss	RSS::ImageItemModel::ImageItem	#	resource
rss	RSS::ImageItemModel::ImageItem	#	resource=
rss	RSS::Maker	.	make
rss	RSS::Maker::ChannelBase	#	about
rss	RSS::Maker::ChannelBase	#	about=
rss	RSS::Maker::ChannelBase	#	categories
rss	RSS::Maker::ChannelBase	#	cloud
rss	RSS::Maker::ChannelBase	#	copyright
rss	RSS::Maker::ChannelBase	#	copyright=
rss	RSS::Maker::ChannelBase	#	date
rss	RSS::Maker::ChannelBase	#	date=
rss	RSS::Maker::ChannelBase	#	description
rss	RSS::Maker::ChannelBase	#	description=
rss	RSS::Maker::ChannelBase	#	docs
rss	RSS::Maker::ChannelBase	#	docs=
rss	RSS::Maker::ChannelBase	#	generator
rss	RSS::Maker::ChannelBase	#	generator=
rss	RSS::Maker::ChannelBase	#	language
rss	RSS::Maker::ChannelBase	#	language=
rss	RSS::Maker::ChannelBase	#	lastBuildDate
rss	RSS::Maker::ChannelBase	#	lastBuildDate=
rss	RSS::Maker::ChannelBase	#	link
rss	RSS::Maker::ChannelBase	#	link=
rss	RSS::Maker::ChannelBase	#	managingEditor
rss	RSS::Maker::ChannelBase	#	managingEditor=
rss	RSS::Maker::ChannelBase	#	pubDate
rss	RSS::Maker::ChannelBase	#	pubDate=
rss	RSS::Maker::ChannelBase	#	rating
rss	RSS::Maker::ChannelBase	#	rating=
rss	RSS::Maker::ChannelBase	#	skipDays
rss	RSS::Maker::ChannelBase	#	skipHours
rss	RSS::Maker::ChannelBase	#	title
rss	RSS::Maker::ChannelBase	#	title=
rss	RSS::Maker::ChannelBase	#	ttl
rss	RSS::Maker::ChannelBase	#	ttl=
rss	RSS::Maker::ChannelBase	#	webMaster
rss	RSS::Maker::ChannelBase	#	webMaster=
rss	RSS::Maker::ChannelBase::CategoriesBase	#	new_category
rss	RSS::Maker::ChannelBase::CategoriesBase::CategoryBase	#	content
rss	RSS::Maker::ChannelBase::CategoriesBase::CategoryBase	#	content=
rss	RSS::Maker::ChannelBase::CategoriesBase::CategoryBase	#	domain
rss	RSS::Maker::ChannelBase::CategoriesBase::CategoryBase	#	domain=
rss	RSS::Maker::ChannelBase::SkipDaysBase	#	new_day
rss	RSS::Maker::ChannelBase::SkipDaysBase::DayBase	#	content
rss	RSS::Maker::ChannelBase::SkipDaysBase::DayBase	#	content=
rss	RSS::Maker::ChannelBase::SkipHoursBase	#	new_hour
rss	RSS::Maker::ChannelBase::SkipHoursBase::HourBase	#	content
rss	RSS::Maker::ChannelBase::SkipHoursBase::HourBase	#	content=
rss	RSS::Maker::ImageBase	#	description
rss	RSS::Maker::ImageBase	#	description=
rss	RSS::Maker::ImageBase	#	height
rss	RSS::Maker::ImageBase	#	height=
rss	RSS::Maker::ImageBase	#	title
rss	RSS::Maker::ImageBase	#	title=
rss	RSS::Maker::ImageBase	#	url
rss	RSS::Maker::ImageBase	#	url=
rss	RSS::Maker::ImageBase	#	width
rss	RSS::Maker::ImageBase	#	width=
rss	RSS::Maker::ItemsBase	#	do_sort
rss	RSS::Maker::ItemsBase	#	do_sort=
rss	RSS::Maker::ItemsBase	#	max_size
rss	RSS::Maker::ItemsBase	#	max_size=
rss	RSS::Maker::ItemsBase	#	new_item
rss	RSS::Maker::ItemsBase::ItemBase	#	author
rss	RSS::Maker::ItemsBase::ItemBase	#	author=
rss	RSS::Maker::ItemsBase::ItemBase	#	categories
rss	RSS::Maker::ItemsBase::ItemBase	#	enclosure
rss	RSS::Maker::ItemsBase::ItemBase	#	guid
rss	RSS::Maker::ItemsBase::ItemBase	#	source
rss	RSS::Maker::ItemsBase::ItemBase	#	comments
rss	RSS::Maker::ItemsBase::ItemBase	#	comments=
rss	RSS::Maker::ItemsBase::ItemBase	#	date
rss	RSS::Maker::ItemsBase::ItemBase	#	date=
rss	RSS::Maker::ItemsBase::ItemBase	#	description
rss	RSS::Maker::ItemsBase::ItemBase	#	description=
rss	RSS::Maker::ItemsBase::ItemBase	#	link
rss	RSS::Maker::ItemsBase::ItemBase	#	link=
rss	RSS::Maker::ItemsBase::ItemBase	#	pubDate
rss	RSS::Maker::ItemsBase::ItemBase	#	pubDate=
rss	RSS::Maker::ItemsBase::ItemBase	#	title
rss	RSS::Maker::ItemsBase::ItemBase	#	title=
rss	RSS::Maker::RSS20::Items::Item::Categories	#	new_category
rss	RSS::Maker::RSS20::Items::Item::Enclosure	#	length
rss	RSS::Maker::RSS20::Items::Item::Enclosure	#	length=
rss	RSS::Maker::RSS20::Items::Item::Enclosure	#	type
rss	RSS::Maker::RSS20::Items::Item::Enclosure	#	type=
rss	RSS::Maker::RSS20::Items::Item::Enclosure	#	url
rss	RSS::Maker::RSS20::Items::Item::Enclosure	#	url=
rss	RSS::Maker::RSS20::Items::Item::Guid	#	content
rss	RSS::Maker::RSS20::Items::Item::Guid	#	content=
rss	RSS::Maker::RSS20::Items::Item::Guid	#	isPermaLink
rss	RSS::Maker::RSS20::Items::Item::Guid	#	isPermaLink=
rss	RSS::Maker::RSS20::Items::Item::Source	#	content
rss	RSS::Maker::RSS20::Items::Item::Source	#	content=
rss	RSS::Maker::RSS20::Items::Item::Source	#	url
rss	RSS::Maker::RSS20::Items::Item::Source	#	url=
rss	RSS::Maker::RSSBase	#	channel
rss	RSS::Maker::RSSBase	#	encoding
rss	RSS::Maker::RSSBase	#	encoding=
rss	RSS::Maker::RSSBase	#	image
rss	RSS::Maker::RSSBase	#	items
rss	RSS::Maker::RSSBase	#	rss_version
rss	RSS::Maker::RSSBase	#	standalone
rss	RSS::Maker::RSSBase	#	standalone=
rss	RSS::Maker::RSSBase	#	textinput
rss	RSS::Maker::RSSBase	#	version
rss	RSS::Maker::RSSBase	#	version=
rss	RSS::Maker::RSSBase	#	xml_stylesheets
rss	RSS::Maker::TextinputBase	#	description
rss	RSS::Maker::TextinputBase	#	description=
rss	RSS::Maker::TextinputBase	#	link
rss	RSS::Maker::TextinputBase	#	link=
rss	RSS::Maker::TextinputBase	#	name
rss	RSS::Maker::TextinputBase	#	name=
rss	RSS::Maker::TextinputBase	#	title
rss	RSS::Maker::TextinputBase	#	title=
rss	RSS::Maker::XMLStyleSheets::XMLStyleSheet	#	alternate
rss	RSS::Maker::XMLStyleSheets::XMLStyleSheet	#	alternate=
rss	RSS::Maker::XMLStyleSheets::XMLStyleSheet	#	charset
rss	RSS::Maker::XMLStyleSheets::XMLStyleSheet	#	charset=
rss	RSS::Maker::XMLStyleSheets::XMLStyleSheet	#	href
rss	RSS::Maker::XMLStyleSheets::XMLStyleSheet	#	href=
rss	RSS::Maker::XMLStyleSheets::XMLStyleSheet	#	media
rss	RSS::Maker::XMLStyleSheets::XMLStyleSheet	#	media=
rss	RSS::Maker::XMLStyleSheets::XMLStyleSheet	#	title
rss	RSS::Maker::XMLStyleSheets::XMLStyleSheet	#	title=
rss	RSS::Maker::XMLStyleSheets::XMLStyleSheet	#	type
rss	RSS::Maker::XMLStyleSheets::XMLStyleSheet	#	type=
rss	RSS::NSError	#	prefix
rss	RSS::NSError	#	tag
rss	RSS::NSError	#	uri
rss	RSS::NotWellFormedError	#	element
rss	RSS::NotWellFormedError	#	line
rss	RSS::Parser	#	do_validate
rss	RSS::Parser	#	do_validate=
rss	RSS::Parser	#	ignore_unknown_element
rss	RSS::Parser	#	ignore_unknown_element=
rss	RSS::Parser	#	parse
rss	RSS::Parser	#	rss
rss	RSS::Parser	.	new
rss	RSS::Parser	.	parse
rss	RSS::RDF	#	channel
rss	RSS::RDF	#	channel=
rss	RSS::RDF	#	encoding
rss	RSS::RDF	#	encoding=
rss	RSS::RDF	#	image
rss	RSS::RDF	#	image=
rss	RSS::RDF	#	item
rss	RSS::RDF	#	item=
rss	RSS::RDF	#	items
rss	RSS::RDF	#	rss_version
rss	RSS::RDF	#	rss_version=
rss	RSS::RDF	#	standalone
rss	RSS::RDF	#	standalone=
rss	RSS::RDF	#	textinput
rss	RSS::RDF	#	textinput=
rss	RSS::RDF	#	version
rss	RSS::RDF	#	version=
rss	RSS::RDF::Channel	#	about
rss	RSS::RDF::Channel	#	about=
rss	RSS::RDF::Channel	#	date
rss	RSS::RDF::Channel	#	date=
rss	RSS::RDF::Channel	#	description
rss	RSS::RDF::Channel	#	description=
rss	RSS::RDF::Channel	#	image
rss	RSS::RDF::Channel	#	image=
rss	RSS::RDF::Channel	#	items
rss	RSS::RDF::Channel	#	items=
rss	RSS::RDF::Channel	#	link
rss	RSS::RDF::Channel	#	link=
rss	RSS::RDF::Channel	#	textinput
rss	RSS::RDF::Channel	#	textinput=
rss	RSS::RDF::Channel	#	title
rss	RSS::RDF::Channel	#	title=
rss	RSS::RDF::Channel::Image	#	resource
rss	RSS::RDF::Channel::Image	#	resource=
rss	RSS::RDF::Channel::ImageFavicon	#	about
rss	RSS::RDF::Channel::ImageFavicon	#	about=
rss	RSS::RDF::Channel::ImageFavicon	#	date
rss	RSS::RDF::Channel::ImageFavicon	#	date=
rss	RSS::RDF::Channel::ImageFavicon	#	image_size
rss	RSS::RDF::Channel::ImageFavicon	#	image_size=
rss	RSS::RDF::Channel::ImageFavicon	#	size
rss	RSS::RDF::Channel::ImageFavicon	#	size=
rss	RSS::RDF::Channel::Items	#	resources
rss	RSS::RDF::Channel::Textinput	#	resource
rss	RSS::RDF::Channel::Textinput	#	resource=
rss	RSS::RDF::Image	#	about
rss	RSS::RDF::Image	#	about=
rss	RSS::RDF::Image	#	date
rss	RSS::RDF::Image	#	date=
rss	RSS::RDF::Image	#	link
rss	RSS::RDF::Image	#	link=
rss	RSS::RDF::Image	#	title
rss	RSS::RDF::Image	#	title=
rss	RSS::RDF::Image	#	url
rss	RSS::RDF::Image	#	url=
rss	RSS::RDF::Item	#	about
rss	RSS::RDF::Item	#	about=
rss	RSS::RDF::Item	#	date
rss	RSS::RDF::Item	#	date=
rss	RSS::RDF::Item	#	description
rss	RSS::RDF::Item	#	description=
rss	RSS::RDF::Item	#	link
rss	RSS::RDF::Item	#	link=
rss	RSS::RDF::Item	#	title
rss	RSS::RDF::Item	#	title=
rss	RSS::RDF::Textinput	#	about
rss	RSS::RDF::Textinput	#	about=
rss	RSS::RDF::Textinput	#	date
rss	RSS::RDF::Textinput	#	date=
rss	RSS::RDF::Textinput	#	description
rss	RSS::RDF::Textinput	#	description=
rss	RSS::RDF::Textinput	#	link
rss	RSS::RDF::Textinput	#	link=
rss	RSS::RDF::Textinput	#	name
rss	RSS::RDF::Textinput	#	name=
rss	RSS::RDF::Textinput	#	title
rss	RSS::RDF::Textinput	#	title=
rss	RSS::RootElementMixin	#	output_encoding
rss	RSS::RootElementMixin	#	output_encoding=
rss	RSS::RootElementMixin	#	to_xml
rss	RSS::Rss	#	channel
rss	RSS::Rss	#	channel=
rss	RSS::Rss	#	encoding
rss	RSS::Rss	#	encoding=
rss	RSS::Rss	#	image
rss	RSS::Rss	#	items
rss	RSS::Rss	#	rss_version
rss	RSS::Rss	#	rss_version=
rss	RSS::Rss	#	standalone
rss	RSS::Rss	#	standalone=
rss	RSS::Rss	#	textinput
rss	RSS::Rss	#	version
rss	RSS::Rss	#	version=
rss	RSS::Rss::Channel	#	categories
rss	RSS::Rss::Channel	#	category
rss	RSS::Rss::Channel	#	category=
rss	RSS::Rss::Channel	#	copyright
rss	RSS::Rss::Channel	#	copyright=
rss	RSS::Rss::Channel	#	date
rss	RSS::Rss::Channel	#	date=
rss	RSS::Rss::Channel	#	pubDate
rss	RSS::Rss::Channel	#	pubDate=
rss	RSS::Rss::Channel	#	description
rss	RSS::Rss::Channel	#	description=
rss	RSS::Rss::Channel	#	docs
rss	RSS::Rss::Channel	#	docs=
rss	RSS::Rss::Channel	#	generator
rss	RSS::Rss::Channel	#	generator=
rss	RSS::Rss::Channel	#	image
rss	RSS::Rss::Channel	#	image=
rss	RSS::Rss::Channel	#	item
rss	RSS::Rss::Channel	#	item=
rss	RSS::Rss::Channel	#	items
rss	RSS::Rss::Channel	#	language
rss	RSS::Rss::Channel	#	language=
rss	RSS::Rss::Channel	#	lastBuildDate
rss	RSS::Rss::Channel	#	lastBuildDate=
rss	RSS::Rss::Channel	#	link
rss	RSS::Rss::Channel	#	link=
rss	RSS::Rss::Channel	#	managingEditor
rss	RSS::Rss::Channel	#	managingEditor=
rss	RSS::Rss::Channel	#	rating
rss	RSS::Rss::Channel	#	rating=
rss	RSS::Rss::Channel	#	skipDays
rss	RSS::Rss::Channel	#	skipDays=
rss	RSS::Rss::Channel	#	skipHours
rss	RSS::Rss::Channel	#	skipHours=
rss	RSS::Rss::Channel	#	textInput
rss	RSS::Rss::Channel	#	textInput=
rss	RSS::Rss::Channel	#	title
rss	RSS::Rss::Channel	#	title=
rss	RSS::Rss::Channel	#	ttl
rss	RSS::Rss::Channel	#	ttl=
rss	RSS::Rss::Channel	#	webMaster
rss	RSS::Rss::Channel	#	webMaster=
rss	RSS::Rss::Channel::Cloud	#	domain
rss	RSS::Rss::Channel::Cloud	#	domain=
rss	RSS::Rss::Channel::Cloud	#	path
rss	RSS::Rss::Channel::Cloud	#	path=
rss	RSS::Rss::Channel::Cloud	#	port
rss	RSS::Rss::Channel::Cloud	#	port=
rss	RSS::Rss::Channel::Cloud	#	protocol
rss	RSS::Rss::Channel::Cloud	#	protocol=
rss	RSS::Rss::Channel::Cloud	#	registerProcedure
rss	RSS::Rss::Channel::Cloud	#	registerProcedure=
rss	RSS::Rss::Channel::Image	#	description
rss	RSS::Rss::Channel::Image	#	description=
rss	RSS::Rss::Channel::Image	#	height
rss	RSS::Rss::Channel::Image	#	height=
rss	RSS::Rss::Channel::Image	#	link
rss	RSS::Rss::Channel::Image	#	link=
rss	RSS::Rss::Channel::Image	#	title
rss	RSS::Rss::Channel::Image	#	title=
rss	RSS::Rss::Channel::Image	#	url
rss	RSS::Rss::Channel::Image	#	url=
rss	RSS::Rss::Channel::Image	#	width
rss	RSS::Rss::Channel::Image	#	width=
rss	RSS::Rss::Channel::Item	#	author
rss	RSS::Rss::Channel::Item	#	author=
rss	RSS::Rss::Channel::Item	#	categories
rss	RSS::Rss::Channel::Item	#	category
rss	RSS::Rss::Channel::Item	#	category=
rss	RSS::Rss::Channel::Item	#	comments
rss	RSS::Rss::Channel::Item	#	comments=
rss	RSS::Rss::Channel::Item	#	date
rss	RSS::Rss::Channel::Item	#	date=
rss	RSS::Rss::Channel::Item	#	description
rss	RSS::Rss::Channel::Item	#	description=
rss	RSS::Rss::Channel::Item	#	enclosure
rss	RSS::Rss::Channel::Item	#	enclosure=
rss	RSS::Rss::Channel::Item	#	guid
rss	RSS::Rss::Channel::Item	#	guid=
rss	RSS::Rss::Channel::Item	#	link
rss	RSS::Rss::Channel::Item	#	link=
rss	RSS::Rss::Channel::Item	#	pubDate
rss	RSS::Rss::Channel::Item	#	pubDate=
rss	RSS::Rss::Channel::Item	#	source
rss	RSS::Rss::Channel::Item	#	source=
rss	RSS::Rss::Channel::Item	#	title
rss	RSS::Rss::Channel::Item	#	title=
rss	RSS::Rss::Channel::Item::Category	#	content
rss	RSS::Rss::Channel::Item::Category	#	content=
rss	RSS::Rss::Channel::Item::Category	#	domain
rss	RSS::Rss::Channel::Item::Category	#	domain=
rss	RSS::Rss::Channel::Item::Enclosure	#	length
rss	RSS::Rss::Channel::Item::Enclosure	#	length=
rss	RSS::Rss::Channel::Item::Enclosure	#	type
rss	RSS::Rss::Channel::Item::Enclosure	#	type=
rss	RSS::Rss::Channel::Item::Enclosure	#	url
rss	RSS::Rss::Channel::Item::Enclosure	#	url=
rss	RSS::Rss::Channel::Item::Guid	#	isPermaLink
rss	RSS::Rss::Channel::Item::Source	#	content
rss	RSS::Rss::Channel::Item::Source	#	content=
rss	RSS::Rss::Channel::Item::Source	#	url
rss	RSS::Rss::Channel::Item::Source	#	url=
rss	RSS::Rss::Channel::SkipDays	#	day
rss	RSS::Rss::Channel::SkipDays	#	day=
rss	RSS::Rss::Channel::SkipDays	#	days
rss	RSS::Rss::Channel::SkipHours	#	hour
rss	RSS::Rss::Channel::SkipHours	#	hour=
rss	RSS::Rss::Channel::SkipHours	#	hours
rss	RSS::Rss::Channel::TextInput	#	description
rss	RSS::Rss::Channel::TextInput	#	description=
rss	RSS::Rss::Channel::TextInput	#	link
rss	RSS::Rss::Channel::TextInput	#	link=
rss	RSS::Rss::Channel::TextInput	#	name
rss	RSS::Rss::Channel::TextInput	#	name=
rss	RSS::Rss::Channel::TextInput	#	title
rss	RSS::Rss::Channel::TextInput	#	title=
rss	RSS::SyndicationModel	#	sy_updateBase
rss	RSS::SyndicationModel	#	sy_updateBase=
rss	RSS::SyndicationModel	#	sy_updateFrequency
rss	RSS::SyndicationModel	#	sy_updateFrequency=
rss	RSS::SyndicationModel	#	sy_updatePeriod
rss	RSS::SyndicationModel	#	sy_updatePeriod=
rss	RSS::TaxonomyTopicModel	#	taxo_topic
rss	RSS::TaxonomyTopicModel	#	taxo_topic=
rss	RSS::TaxonomyTopicModel::TaxonomyTopic	#	about
rss	RSS::TaxonomyTopicModel::TaxonomyTopic	#	about=
rss	RSS::TaxonomyTopicModel::TaxonomyTopic	#	date
rss	RSS::TaxonomyTopicModel::TaxonomyTopic	#	date=
rss	RSS::TaxonomyTopicModel::TaxonomyTopic	#	taxo_link
rss	RSS::TaxonomyTopicModel::TaxonomyTopic	#	taxo_link=
rss	RSS::TaxonomyTopicsModel	#	taxo_topics
rss	RSS::TaxonomyTopicsModel::TaxonomyTopics	#	resources
rss	RSS::TrackBackModel10::TrackBackAbout	#	resource
rss	RSS::TrackBackModel10::TrackBackAbout	#	resource=
rss	RSS::TrackBackModel10::TrackBackAbout	#	value
rss	RSS::TrackBackModel10::TrackBackAbout	#	value=
rss	RSS::TrackBackModel10::TrackBackPing	#	resource
rss	RSS::TrackBackModel10::TrackBackPing	#	resource=
rss	RSS::TrackBackModel10::TrackBackPing	#	value
rss	RSS::TrackBackModel10::TrackBackPing	#	value=
rss	RSS::TrackBackModel20::TrackBackAbout	#	content
rss	RSS::TrackBackModel20::TrackBackAbout	#	content=
rss	RSS::TrackBackModel20::TrackBackAbout	#	value
rss	RSS::TrackBackModel20::TrackBackAbout	#	value=
rss	RSS::TrackBackModel20::TrackBackPing	#	content
rss	RSS::TrackBackModel20::TrackBackPing	#	content=
rss	RSS::TrackBackModel20::TrackBackPing	#	value
rss	RSS::TrackBackModel20::TrackBackPing	#	value=
rss	RSS::XMLStyleSheet	#	alternate
rss	RSS::XMLStyleSheet	#	alternate=
rss	RSS::XMLStyleSheet	#	charset
rss	RSS::XMLStyleSheet	#	charset=
rss	RSS::XMLStyleSheet	#	href
rss	RSS::XMLStyleSheet	#	href=
rss	RSS::XMLStyleSheet	#	media
rss	RSS::XMLStyleSheet	#	media=
rss	RSS::XMLStyleSheet	#	title
rss	RSS::XMLStyleSheet	#	title=
rss	RSS::XMLStyleSheet	#	type
rss	RSS::XMLStyleSheet	#	type=
rss	RSS::XMLStyleSheetMixin	#	xml_stylesheets
rss	RSS::XMLStyleSheetMixin	#	xml_stylesheets=
racc/parser	Racc::Parser	#	do_parse
racc/parser	Racc::Parser	#	next_token
racc/parser	Racc::Parser	#	on_error
racc/parser	Racc::Parser	#	token_to_str
racc/parser	Racc::Parser	#	yyaccept
racc/parser	Racc::Parser	#	yyerrok
racc/parser	Racc::Parser	#	yyerror
racc/parser	Racc::Parser	#	yyparse
racc/parser	Racc::Parser	.	racc_runtime_type
rake	Rake	::	EARLY
rake	Rake	::	EMPTY_TASK_ARGS
rake	Rake	.	application
rake	Rake	.	application=
rake	Rake	.	original_dir
rake	Rake::Application	::	DEFAULT_RAKEFILES
rake	Rake::Application	#	add_loader
rake	Rake::Application	#	init
rake	Rake::Application	#	load_rakefile
rake	Rake::Application	#	name
rake	Rake::Application	#	options
rake	Rake::Application	#	original_dir
rake	Rake::Application	#	rakefile
rake	Rake::Application	#	run
rake	Rake::Application	#	top_level
rake	Rake::Application	#	top_level_tasks
rake	Rake::Application	#	tty_output=
rake	Rake::Cloneable	#	clone
rake	Rake::Cloneable	#	dup
rake	Rake::DSL	#	desc
rake	Rake::DSL	#	directory
rake	Rake::DSL	#	file
rake	Rake::DSL	#	file_create
rake	Rake::DSL	#	import
rake	Rake::DSL	#	multitask
rake	Rake::DSL	#	namespace
rake	Rake::DSL	#	rule
rake	Rake::DSL	#	task
rake	Rake::DefaultLoader	#	load
rake	Rake::EarlyTime	#	<=>
rake	Rake::EarlyTime	#	to_s
rake	Rake::FileCreationTask	#	needed?
rake	Rake::FileCreationTask	#	timestamp
rake	Rake::FileList	::	ARRAY_METHODS
rake	Rake::FileList	::	DEFAULT_IGNORE_PATTERNS
rake	Rake::FileList	::	DEFAULT_IGNORE_PROCS
rake	Rake::FileList	::	DELEGATING_METHODS
rake	Rake::FileList	::	MUST_DEFINE
rake	Rake::FileList	::	MUST_NOT_DEFINE
rake	Rake::FileList	::	SPECIAL_RETURN
rake	Rake::FileList	#	*
rake	Rake::FileList	#	==
rake	Rake::FileList	#	clear_exclude
rake	Rake::FileList	#	egrep
rake	Rake::FileList	#	exclude
rake	Rake::FileList	#	excluded_from_list?
rake	Rake::FileList	#	existing
rake	Rake::FileList	#	existing!
rake	Rake::FileList	#	ext
rake	Rake::FileList	#	gsub
rake	Rake::FileList	#	gsub!
rake	Rake::FileList	#	import
rake	Rake::FileList	#	include
rake	Rake::FileList	#	is_a?
rake	Rake::FileList	#	kind_of?
rake	Rake::FileList	#	pathmap
rake	Rake::FileList	#	resolve
rake	Rake::FileList	#	sub
rake	Rake::FileList	#	sub!
rake	Rake::FileList	#	to_a
rake	Rake::FileList	#	to_ary
rake	Rake::FileList	#	to_s
rake	Rake::FileList	.	[]
rake	Rake::FileList	.	new
rake	Rake::FileTask	#	needed?
rake	Rake::FileTask	#	timestamp
rake	Rake::FileTask	.	scope_name
rake	Rake::InvocationChain	::	EMPTY
rake	Rake::InvocationChain	#	append
rake	Rake::InvocationChain	#	member?
rake	Rake::InvocationChain	#	to_s
rake	Rake::InvocationChain	.	append
rake	Rake::InvocationChain	.	new
rake	Rake::InvocationChain::EmptyInvocationChain	#	append
rake	Rake::InvocationChain::EmptyInvocationChain	#	member?
rake	Rake::InvocationChain::EmptyInvocationChain	#	to_s
rake/loaders/makefile	Rake::MakefileLoader	#	load
rake	Rake::NameSpace	#	[]
rake	Rake::NameSpace	#	tasks
rake	Rake::NameSpace	.	new
rake/packagetask	Rake::PackageTask	#	define
rake/packagetask	Rake::PackageTask	#	init
rake/packagetask	Rake::PackageTask	#	name
rake/packagetask	Rake::PackageTask	#	name=
rake/packagetask	Rake::PackageTask	#	need_tar
rake/packagetask	Rake::PackageTask	#	need_tar=
rake/packagetask	Rake::PackageTask	#	need_tar_bz2
rake/packagetask	Rake::PackageTask	#	need_tar_bz2=
rake/packagetask	Rake::PackageTask	#	need_tar_gz
rake/packagetask	Rake::PackageTask	#	need_tar_gz=
rake/packagetask	Rake::PackageTask	#	need_zip
rake/packagetask	Rake::PackageTask	#	need_zip=
rake/packagetask	Rake::PackageTask	#	package_dir
rake/packagetask	Rake::PackageTask	#	package_dir=
rake/packagetask	Rake::PackageTask	#	package_dir_path
rake/packagetask	Rake::PackageTask	#	package_files
rake/packagetask	Rake::PackageTask	#	package_files=
rake/packagetask	Rake::PackageTask	#	package_name
rake/packagetask	Rake::PackageTask	#	tar_bz2_file
rake/packagetask	Rake::PackageTask	#	tar_command
rake/packagetask	Rake::PackageTask	#	tar_command=
rake/packagetask	Rake::PackageTask	#	tar_gz_file
rake/packagetask	Rake::PackageTask	#	tgz_file
rake/packagetask	Rake::PackageTask	#	version
rake/packagetask	Rake::PackageTask	#	version=
rake/packagetask	Rake::PackageTask	#	zip_command
rake/packagetask	Rake::PackageTask	#	zip_command=
rake/packagetask	Rake::PackageTask	#	zip_file
rake/packagetask	Rake::PackageTask	.	new
rake	Rake::Task	#	actions
rake	Rake::Task	#	add_description
rake	Rake::Task	#	application
rake	Rake::Task	#	application=
rake	Rake::Task	#	arg_description
rake	Rake::Task	#	arg_names
rake	Rake::Task	#	clear
rake	Rake::Task	#	clear_actions
rake	Rake::Task	#	clear_prerequisites
rake	Rake::Task	#	comment
rake	Rake::Task	#	comment=
rake	Rake::Task	#	enhance
rake	Rake::Task	#	execute
rake	Rake::Task	#	full_comment
rake	Rake::Task	#	inspect
rake	Rake::Task	#	investigation
rake	Rake::Task	#	invoke
rake	Rake::Task	#	name
rake	Rake::Task	#	needed?
rake	Rake::Task	#	prerequisites
rake	Rake::Task	#	reenable
rake	Rake::Task	#	scope
rake	Rake::Task	#	set_arg_names
rake	Rake::Task	#	source
rake	Rake::Task	#	sources
rake	Rake::Task	#	sources=
rake	Rake::Task	#	timestamp
rake	Rake::Task	#	to_s
rake	Rake::Task	.	[]
rake	Rake::Task	.	clear
rake	Rake::Task	.	create_rule
rake	Rake::Task	.	define_task
rake	Rake::Task	.	new
rake	Rake::Task	.	scope_name
rake	Rake::Task	.	task_defined?
rake	Rake::Task	.	tasks
rake	Rake::TaskArguments	#	[]
rake	Rake::TaskArguments	#	each
rake	Rake::TaskArguments	#	inspect
rake	Rake::TaskArguments	#	to_s
rake	Rake::TaskArguments	#	lookup
rake	Rake::TaskArguments	#	names
rake	Rake::TaskArguments	#	new_scope
rake	Rake::TaskArguments	#	to_hash
rake	Rake::TaskArguments	#	with_defaults
rake	Rake::TaskArguments	.	new
rake	Rake::TaskManager	#	[]
rake	Rake::TaskManager	#	clear
rake	Rake::TaskManager	#	create_rule
rake	Rake::TaskManager	#	current_scope
rake	Rake::TaskManager	#	define_task
rake	Rake::TaskManager	#	enhance_with_matching_rule
rake	Rake::TaskManager	#	in_namespace
rake	Rake::TaskManager	#	intern
rake	Rake::TaskManager	#	last_comment
rake	Rake::TaskManager	#	last_description
rake	Rake::TaskManager	#	last_description=
rake	Rake::TaskManager	#	lookup
rake	Rake::TaskManager	#	resolve_args
rake	Rake::TaskManager	#	synthesize_file_task
rake	Rake::TaskManager	#	tasks
rake/testtask	Rake::TestTask	#	define
rake/testtask	Rake::TestTask	#	libs
rake/testtask	Rake::TestTask	#	libs=
rake/testtask	Rake::TestTask	#	loader
rake/testtask	Rake::TestTask	#	loader=
rake/testtask	Rake::TestTask	#	name
rake/testtask	Rake::TestTask	#	name=
rake/testtask	Rake::TestTask	#	options
rake/testtask	Rake::TestTask	#	options=
rake/testtask	Rake::TestTask	#	pattern
rake/testtask	Rake::TestTask	#	pattern=
rake/testtask	Rake::TestTask	#	ruby_opts
rake/testtask	Rake::TestTask	#	ruby_opts=
rake/testtask	Rake::TestTask	#	test_files=
rake/testtask	Rake::TestTask	#	verbose
rake/testtask	Rake::TestTask	#	verbose=
rake/testtask	Rake::TestTask	#	warning
rake/testtask	Rake::TestTask	#	warning=
rake/testtask	Rake::TestTask	.	new
rake	RakeFileUtils	#	nowrite
rake	RakeFileUtils	#	verbose
rake	RakeFileUtils	#	when_writing
rake	RakeFileUtils	.	nowrite_flag
rake	RakeFileUtils	.	nowrite_flag=
rake	RakeFileUtils	.	verbose_flag
rake	RakeFileUtils	.	verbose_flag=
json/add/range	Range	#	to_json
json/add/range	Range	.	json_create
bigdecimal/util	Rational	#	to_d
json/add/rational	Rational	#	to_json
json/add/rational	Rational	.	json_create
rbconfig	RbConfig	::	CONFIG
rbconfig	RbConfig	::	DESTDIR
rbconfig/sizeof	RbConfig	::	LIMITS
rbconfig	RbConfig	::	MAKEFILE_CONFIG
rbconfig/sizeof	RbConfig	::	SIZEOF
rbconfig	RbConfig	::	TOPDIR
rbconfig	RbConfig	.	expand
rbconfig	RbConfig	.	ruby
readline	Readline	::	FILENAME_COMPLETION_PROC
readline	Readline	::	USERNAME_COMPLETION_PROC
readline	Readline	::	VERSION
readline	Readline	.#	readline
readline	Readline	.	basic_quote_characters
readline	Readline	.	basic_quote_characters=
readline	Readline	.	basic_word_break_characters
readline	Readline	.	basic_word_break_characters=
readline	Readline	.	completer_quote_characters
readline	Readline	.	completer_quote_characters=
readline	Readline	.	completer_word_break_characters
readline	Readline	.	completer_word_break_characters=
readline	Readline	.	completion_append_character
readline	Readline	.	completion_append_character=
readline	Readline	.	completion_case_fold
readline	Readline	.	completion_case_fold=
readline	Readline	.	completion_proc
readline	Readline	.	completion_proc=
readline	Readline	.	emacs_editing_mode
readline	Readline	.	filename_quote_characters
readline	Readline	.	filename_quote_characters=
readline	Readline	.	get_screen_size
readline	Readline	.	input=
readline	Readline	.	output=
readline	Readline	.	set_screen_size
readline	Readline	.	vi_editing_mode
readline	Readline::HISTORY	.	<<
readline	Readline::HISTORY	.	[]
readline	Readline::HISTORY	.	[]=
readline	Readline::HISTORY	.	clear
readline	Readline::HISTORY	.	delete_at
readline	Readline::HISTORY	.	each
readline	Readline::HISTORY	.	empty?
readline	Readline::HISTORY	.	length
readline	Readline::HISTORY	.	size
readline	Readline::HISTORY	.	pop
readline	Readline::HISTORY	.	push
readline	Readline::HISTORY	.	shift
readline	Readline::HISTORY	.	to_s
json/add/regexp	Regexp	#	to_json
json/add/regexp	Regexp	.	json_create
reline	Reline	.	auto_indent_proc
reline	Reline	.	auto_indent_proc=
reline	Reline	.	autocompletion
reline	Reline	.	autocompletion=
reline	Reline	.	basic_quote_characters
reline	Reline	.	basic_quote_characters=
reline	Reline	.	basic_word_break_characters
reline	Reline	.	basic_word_break_characters=
reline	Reline	.	completer_quote_characters
reline	Reline	.	completer_quote_characters=
reline	Reline	.	completer_word_break_characters
reline	Reline	.	completer_word_break_characters=
reline	Reline	.	completion_append_character
reline	Reline	.	completion_append_character=
reline	Reline	.	completion_case_fold
reline	Reline	.	completion_case_fold=
reline	Reline	.	completion_proc
reline	Reline	.	completion_proc=
reline	Reline	.	completion_quote_character
reline	Reline	.	dig_perfect_match_proc
reline	Reline	.	dig_perfect_match_proc=
reline	Reline	.	emacs_editing_mode
reline	Reline	.	emacs_editing_mode?
reline	Reline	.	filename_quote_characters
reline	Reline	.	filename_quote_characters=
reline	Reline	.	get_screen_size
reline	Reline	.	input=
reline	Reline	.	output=
reline	Reline	.	output_modifier_proc
reline	Reline	.	output_modifier_proc=
reline	Reline	.	pre_input_hook
reline	Reline	.	pre_input_hook=
reline	Reline	.	prompt_proc
reline	Reline	.	prompt_proc=
reline	Reline	.	readline
reline	Reline	.	readmultiline
reline	Reline	.	special_prefixes
reline	Reline	.	special_prefixes=
reline	Reline	.	vi_editing_mode
reline	Reline	.	vi_editing_mode?
resolv	Resolv	::	AddressRegex
resolv	Resolv	::	DefaultResolver
resolv	Resolv	#	each_address
resolv	Resolv	#	each_name
resolv	Resolv	#	getaddress
resolv	Resolv	#	getaddresses
resolv	Resolv	#	getname
resolv	Resolv	#	getnames
resolv	Resolv	.	each_address
resolv	Resolv	.	each_name
resolv	Resolv	.	getaddress
resolv	Resolv	.	getaddresses
resolv	Resolv	.	getname
resolv	Resolv	.	getnames
resolv	Resolv	.	new
resolv	Resolv::DNS	::	Port
resolv	Resolv::DNS	::	UDPSize
resolv	Resolv::DNS	#	close
resolv	Resolv::DNS	#	each_address
resolv	Resolv::DNS	#	each_name
resolv	Resolv::DNS	#	each_resource
resolv	Resolv::DNS	#	getaddress
resolv	Resolv::DNS	#	getaddresses
resolv	Resolv::DNS	#	getname
resolv	Resolv::DNS	#	getnames
resolv	Resolv::DNS	#	getresource
resolv	Resolv::DNS	#	getresources
resolv	Resolv::DNS	#	timeouts=
resolv	Resolv::DNS	.	new
resolv	Resolv::DNS	.	open
resolv	Resolv::DNS::Name	#	absolute?
resolv	Resolv::DNS::Name	#	subdomain_of?
resolv	Resolv::DNS::Name	#	to_s
resolv	Resolv::DNS::Name	.	create
resolv	Resolv::DNS::Name	.	new
resolv	Resolv::DNS::Resource::DomainName	#	name
resolv	Resolv::DNS::Resource::HINFO	#	cpu
resolv	Resolv::DNS::Resource::HINFO	#	os
resolv	Resolv::DNS::Resource::HINFO	.	new
resolv	Resolv::DNS::Resource::IN::A	#	address
resolv	Resolv::DNS::Resource::IN::A	.	new
resolv	Resolv::DNS::Resource::IN::AAAA	#	address
resolv	Resolv::DNS::Resource::IN::AAAA	.	new
resolv	Resolv::DNS::Resource::IN::SRV	#	port
resolv	Resolv::DNS::Resource::IN::SRV	#	priority
resolv	Resolv::DNS::Resource::IN::SRV	#	target
resolv	Resolv::DNS::Resource::IN::SRV	#	weight
resolv	Resolv::DNS::Resource::IN::SRV	.	new
resolv	Resolv::DNS::Resource::IN::WKS	#	address
resolv	Resolv::DNS::Resource::IN::WKS	#	bitmap
resolv	Resolv::DNS::Resource::IN::WKS	#	protocol
resolv	Resolv::DNS::Resource::IN::WKS	.	new
resolv	Resolv::DNS::Resource::MINFO	#	emailbx
resolv	Resolv::DNS::Resource::MINFO	#	rmailbx
resolv	Resolv::DNS::Resource::MINFO	.	new
resolv	Resolv::DNS::Resource::MX	#	exchange
resolv	Resolv::DNS::Resource::MX	#	preference
resolv	Resolv::DNS::Resource::MX	.	new
resolv	Resolv::DNS::Resource::SOA	#	expire
resolv	Resolv::DNS::Resource::SOA	#	minimum
resolv	Resolv::DNS::Resource::SOA	#	mname
resolv	Resolv::DNS::Resource::SOA	#	refresh
resolv	Resolv::DNS::Resource::SOA	#	retry
resolv	Resolv::DNS::Resource::SOA	#	rname
resolv	Resolv::DNS::Resource::SOA	#	serial
resolv	Resolv::DNS::Resource::SOA	.	new
resolv	Resolv::DNS::Resource::TXT	#	data
resolv	Resolv::DNS::Resource::TXT	#	strings
resolv	Resolv::DNS::Resource::TXT	.	new
resolv	Resolv::Hosts	::	DefaultFileName
resolv	Resolv::Hosts	#	each_address
resolv	Resolv::Hosts	#	each_name
resolv	Resolv::Hosts	#	getaddress
resolv	Resolv::Hosts	#	getaddresses
resolv	Resolv::Hosts	#	getname
resolv	Resolv::Hosts	#	getnames
resolv	Resolv::Hosts	.	new
resolv	Resolv::IPv4	::	Regex
resolv	Resolv::IPv4	#	address
resolv	Resolv::IPv4	#	to_name
resolv	Resolv::IPv4	#	to_s
resolv	Resolv::IPv4	.	create
resolv	Resolv::IPv4	.	new
resolv	Resolv::IPv6	::	Regex
resolv	Resolv::IPv6	::	Regex_6Hex4Dec
resolv	Resolv::IPv6	::	Regex_8Hex
resolv	Resolv::IPv6	::	Regex_CompressedHex
resolv	Resolv::IPv6	::	Regex_CompressedHex4Dec
resolv	Resolv::IPv6	#	address
resolv	Resolv::IPv6	#	to_name
resolv	Resolv::IPv6	#	to_s
resolv	Resolv::IPv6	.	create
resolv	Resolv::IPv6	.	new
rinda/rinda	Rinda::DRbObjectTemplate	#	===
rinda/rinda	Rinda::DRbObjectTemplate	.	new
rinda/rinda	Rinda::SimpleRenewer	#	renew
rinda/rinda	Rinda::SimpleRenewer	.	new
rinda/tuplespace	Rinda::TupleEntry	#	[]
rinda/tuplespace	Rinda::TupleEntry	#	alive?
rinda/tuplespace	Rinda::TupleEntry	#	cancel
rinda/tuplespace	Rinda::TupleEntry	#	canceled?
rinda/tuplespace	Rinda::TupleEntry	#	expired?
rinda/tuplespace	Rinda::TupleEntry	#	expires
rinda/tuplespace	Rinda::TupleEntry	#	expires=
rinda/tuplespace	Rinda::TupleEntry	#	fetch
rinda/tuplespace	Rinda::TupleEntry	#	renew
rinda/tuplespace	Rinda::TupleEntry	#	size
rinda/tuplespace	Rinda::TupleEntry	#	value
rinda/tuplespace	Rinda::TupleSpace	#	notify
rinda/tuplespace	Rinda::TupleSpace	#	read
rinda/tuplespace	Rinda::TupleSpace	#	read_all
rinda/tuplespace	Rinda::TupleSpace	#	take
rinda/tuplespace	Rinda::TupleSpace	#	write
rinda/tuplespace	Rinda::TupleSpace	.	new
rinda/rinda	Rinda::TupleSpaceProxy	#	notify
rinda/rinda	Rinda::TupleSpaceProxy	#	read
rinda/rinda	Rinda::TupleSpaceProxy	#	read_all
rinda/rinda	Rinda::TupleSpaceProxy	#	take
rinda/rinda	Rinda::TupleSpaceProxy	#	write
rinda/rinda	Rinda::TupleSpaceProxy	.	new
ripper	Ripper	::	EVENTS
ripper	Ripper	::	PARSER_EVENTS
ripper	Ripper	::	PARSER_EVENT_TABLE
ripper	Ripper	::	SCANNER_EVENTS
ripper	Ripper	::	SCANNER_EVENT_TABLE
ripper	Ripper	::	Version
ripper	Ripper	#	column
ripper	Ripper	#	compile_error
ripper	Ripper	#	encoding
ripper	Ripper	#	end_seen?
ripper	Ripper	#	filename
ripper	Ripper	#	lineno
ripper	Ripper	#	parse
ripper	Ripper	#	warn
ripper	Ripper	#	warning
ripper	Ripper	#	yydebug
ripper	Ripper	#	yydebug=
ripper/lexer	Ripper	.	lex
ripper	Ripper	.	new
ripper	Ripper	.	parse
ripper/sexp	Ripper	.	sexp
ripper/sexp	Ripper	.	sexp_raw
ripper/lexer	Ripper	.	slice
ripper/lexer	Ripper	.	token_match
ripper/lexer	Ripper	.	tokenize
ripper/filter	Ripper::Filter	#	column
ripper/filter	Ripper::Filter	#	filename
ripper/filter	Ripper::Filter	#	lineno
ripper/filter	Ripper::Filter	#	on_XXX
ripper/filter	Ripper::Filter	#	on_default
ripper/filter	Ripper::Filter	#	parse
ripper/filter	Ripper::Filter	.	new
ripper/lexer	Ripper::Lexer	#	lex
ripper/lexer	Ripper::Lexer	#	parse
ripper/lexer	Ripper::Lexer	#	tokenize
socket	SOCKSSocket	#	close
resolv-replace	SOCKSSocket	.	new
socket	SOCKSSocket	.	new
socket	SOCKSSocket	.	open
securerandom	SecureRandom	.	alphanumeric
securerandom	SecureRandom	.	base64
securerandom	SecureRandom	.	hex
securerandom	SecureRandom	.	random_bytes
securerandom	SecureRandom	.	random_number
securerandom	SecureRandom	.	urlsafe_base64
securerandom	SecureRandom	.	uuid
shellwords	Shellwords	.#	shellescape
shellwords	Shellwords	.#	shelljoin
shellwords	Shellwords	.#	shellsplit
shellwords	Shellwords	.#	shellwords
shellwords	Shellwords	.	escape
shellwords	Shellwords	.	join
shellwords	Shellwords	.	split
delegate	SimpleDelegator	#	__getobj__
delegate	SimpleDelegator	#	__setobj__
delegate	SimpleDelegator	.	new
forwardable	SingleForwardable	#	def_delegator
forwardable	SingleForwardable	#	def_single_delegator
forwardable	SingleForwardable	#	def_delegators
forwardable	SingleForwardable	#	def_single_delegators
forwardable	SingleForwardable	#	delegate
forwardable	SingleForwardable	#	single_delegate
singleton	Singleton	#	clone
singleton	Singleton	#	dup
singleton	Singleton	.	instance
socket	Socket	::	AF_APPLETALK
socket	Socket	::	PF_APPLETALK
socket	Socket	::	AF_ATM
socket	Socket	::	PF_ATM
socket	Socket	::	AF_AX25
socket	Socket	::	PF_AX25
socket	Socket	::	AF_CCITT
socket	Socket	::	PF_CCITT
socket	Socket	::	AF_CHAOS
socket	Socket	::	PF_CHAOS
socket	Socket	::	AF_CNT
socket	Socket	::	PF_CNT
socket	Socket	::	AF_COIP
socket	Socket	::	PF_COIP
socket	Socket	::	AF_DATAKIT
socket	Socket	::	PF_DATAKIT
socket	Socket	::	AF_DEC
socket	Socket	::	PF_DEC
socket	Socket	::	AF_DLI
socket	Socket	::	PF_DLI
socket	Socket	::	AF_E164
socket	Socket	::	AF_ECMA
socket	Socket	::	PF_ECMA
socket	Socket	::	AF_HYLINK
socket	Socket	::	PF_HYLINK
socket	Socket	::	AF_IMPLINK
socket	Socket	::	PF_IMPLINK
socket	Socket	::	AF_INET
socket	Socket	::	PF_INET
socket	Socket	::	AF_INET6
socket	Socket	::	PF_INET6
socket	Socket	::	AF_IPX
socket	Socket	::	PF_IPX
socket	Socket	::	AF_ISDN
socket	Socket	::	PF_ISDN
socket	Socket	::	AF_ISO
socket	Socket	::	AF_OSI
socket	Socket	::	PF_ISO
socket	Socket	::	PF_OSI
socket	Socket	::	AF_LAT
socket	Socket	::	PF_LAT
socket	Socket	::	AF_LINK
socket	Socket	::	PF_LINK
socket	Socket	::	AF_LOCAL
socket	Socket	::	AF_UNIX
socket	Socket	::	PF_LOCAL
socket	Socket	::	PF_UNIX
socket	Socket	::	AF_MAX
socket	Socket	::	AF_NATM
socket	Socket	::	PF_NATM
socket	Socket	::	AF_NDRV
socket	Socket	::	PF_NDRV
socket	Socket	::	AF_NETBIOS
socket	Socket	::	PF_NETBIOS
socket	Socket	::	AF_NETGRAPH
socket	Socket	::	PF_NETGRAPH
socket	Socket	::	AF_NS
socket	Socket	::	PF_NS
socket	Socket	::	AF_PACKET
socket	Socket	::	PF_PACKET
socket	Socket	::	AF_PPP
socket	Socket	::	PF_PPP
socket	Socket	::	AF_PUP
socket	Socket	::	PF_PUP
socket	Socket	::	AF_ROUTE
socket	Socket	::	PF_ROUTE
socket	Socket	::	AF_SIP
socket	Socket	::	PF_SIP
socket	Socket	::	AF_SNA
socket	Socket	::	PF_SNA
socket	Socket	::	AF_SYSTEM
socket	Socket	::	PF_SYSTEM
socket	Socket	::	AF_UNSPEC
socket	Socket	::	AI_ADDRCONFIG
socket	Socket	::	AI_ALL
socket	Socket	::	AI_CANONNAME
socket	Socket	::	AI_DEFAULT
socket	Socket	::	AI_MASK
socket	Socket	::	AI_NUMERICHOST
socket	Socket	::	AI_NUMERICSERV
socket	Socket	::	AI_PASSIVE
socket	Socket	::	AI_V4MAPPED
socket	Socket	::	AI_V4MAPPED_CFG
socket	Socket	::	EAI_ADDRFAMILY
socket	Socket	::	EAI_AGAIN
socket	Socket	::	EAI_BADFLAGS
socket	Socket	::	EAI_BADHINTS
socket	Socket	::	EAI_FAIL
socket	Socket	::	EAI_FAMILY
socket	Socket	::	EAI_MAX
socket	Socket	::	EAI_MEMORY
socket	Socket	::	EAI_NODATA
socket	Socket	::	EAI_NONAME
socket	Socket	::	EAI_OVERFLOW
socket	Socket	::	EAI_PROTOCOL
socket	Socket	::	EAI_SERVICE
socket	Socket	::	EAI_SOCKTYPE
socket	Socket	::	EAI_SYSTEM
socket	Socket	::	IFF_802_1Q_VLAN
socket	Socket	::	IFF_ALLMULTI
socket	Socket	::	IFF_ALTPHYS
socket	Socket	::	IFF_AUTOMEDIA
socket	Socket	::	IFF_BONDING
socket	Socket	::	IFF_BRIDGE_PORT
socket	Socket	::	IFF_BROADCAST
socket	Socket	::	IFF_CANTCHANGE
socket	Socket	::	IFF_CANTCONFIG
socket	Socket	::	IFF_DEBUG
socket	Socket	::	IFF_DISABLE_NETPOLL
socket	Socket	::	IFF_DONT_BRIDGE
socket	Socket	::	IFF_DORMANT
socket	Socket	::	IFF_DRV_OACTIVE
socket	Socket	::	IFF_DRV_RUNNING
socket	Socket	::	IFF_DYING
socket	Socket	::	IFF_DYNAMIC
socket	Socket	::	IFF_EBRIDGE
socket	Socket	::	IFF_ECHO
socket	Socket	::	IFF_ISATAP
socket	Socket	::	IFF_LINK0
socket	Socket	::	IFF_LINK1
socket	Socket	::	IFF_LINK2
socket	Socket	::	IFF_LIVE_ADDR_CHANGE
socket	Socket	::	IFF_LOOPBACK
socket	Socket	::	IFF_LOWER_UP
socket	Socket	::	IFF_MACVLAN_PORT
socket	Socket	::	IFF_MASTER
socket	Socket	::	IFF_MASTER_8023AD
socket	Socket	::	IFF_MASTER_ALB
socket	Socket	::	IFF_MASTER_ARPMON
socket	Socket	::	IFF_MONITOR
socket	Socket	::	IFF_MULTICAST
socket	Socket	::	IFF_NOARP
socket	Socket	::	IFF_NOTRAILERS
socket	Socket	::	IFF_OACTIVE
socket	Socket	::	IFF_OVS_DATAPATH
socket	Socket	::	IFF_POINTOPOINT
socket	Socket	::	IFF_PORTSEL
socket	Socket	::	IFF_PPROMISC
socket	Socket	::	IFF_PROMISC
socket	Socket	::	IFF_RENAMING
socket	Socket	::	IFF_ROUTE
socket	Socket	::	IFF_RUNNING
socket	Socket	::	IFF_SIMPLEX
socket	Socket	::	IFF_SLAVE
socket	Socket	::	IFF_SLAVE_INACTIVE
socket	Socket	::	IFF_SLAVE_NEEDARP
socket	Socket	::	IFF_SMART
socket	Socket	::	IFF_STATICARP
socket	Socket	::	IFF_SUPP_NOFCS
socket	Socket	::	IFF_TEAM_PORT
socket	Socket	::	IFF_TX_SKB_SHARING
socket	Socket	::	IFF_UNICAST_FLT
socket	Socket	::	IFF_UP
socket	Socket	::	IFF_VOLATILE
socket	Socket	::	IFF_WAN_HDLC
socket	Socket	::	IFF_XMIT_DST_RELEASE
socket	Socket	::	IFNAMSIZ
socket	Socket	::	IF_NAMESIZE
socket	Socket	::	INADDR_ALLHOSTS_GROUP
socket	Socket	::	INADDR_ANY
socket	Socket	::	INADDR_BROADCAST
socket	Socket	::	INADDR_LOOPBACK
socket	Socket	::	INADDR_MAX_LOCAL_GROUP
socket	Socket	::	INADDR_NONE
socket	Socket	::	INADDR_UNSPEC_GROUP
socket	Socket	::	INET6_ADDRSTRLEN
socket	Socket	::	INET_ADDRSTRLEN
socket	Socket	::	IPPORT_RESERVED
socket	Socket	::	IPPORT_USERRESERVED
socket	Socket	::	IPPROTO_AH
socket	Socket	::	IPPROTO_BIP
socket	Socket	::	IPPROTO_DSTOPTS
socket	Socket	::	IPPROTO_EGP
socket	Socket	::	IPPROTO_EON
socket	Socket	::	IPPROTO_ESP
socket	Socket	::	IPPROTO_FRAGMENT
socket	Socket	::	IPPROTO_GGP
socket	Socket	::	IPPROTO_HELLO
socket	Socket	::	IPPROTO_HOPOPTS
socket	Socket	::	IPPROTO_ICMP
socket	Socket	::	IPPROTO_ICMPV6
socket	Socket	::	IPPROTO_IDP
socket	Socket	::	IPPROTO_IGMP
socket	Socket	::	IPPROTO_IP
socket	Socket	::	IPPROTO_IPV6
socket	Socket	::	IPPROTO_MAX
socket	Socket	::	IPPROTO_ND
socket	Socket	::	IPPROTO_NONE
socket	Socket	::	IPPROTO_PUP
socket	Socket	::	IPPROTO_RAW
socket	Socket	::	IPPROTO_ROUTING
socket	Socket	::	IPPROTO_TCP
socket	Socket	::	IPPROTO_TP
socket	Socket	::	IPPROTO_UDP
socket	Socket	::	IPPROTO_XTP
socket	Socket	::	IPV6_CHECKSUM
socket	Socket	::	IPV6_DONTFRAG
socket	Socket	::	IPV6_DSTOPTS
socket	Socket	::	IPV6_HOPLIMIT
socket	Socket	::	IPV6_HOPOPTS
socket	Socket	::	IPV6_JOIN_GROUP
socket	Socket	::	IPV6_LEAVE_GROUP
socket	Socket	::	IPV6_MULTICAST_HOPS
socket	Socket	::	IPV6_MULTICAST_IF
socket	Socket	::	IPV6_MULTICAST_LOOP
socket	Socket	::	IPV6_NEXTHOP
socket	Socket	::	IPV6_PATHMTU
socket	Socket	::	IPV6_PKTINFO
socket	Socket	::	IPV6_RECVDSTOPTS
socket	Socket	::	IPV6_RECVHOPLIMIT
socket	Socket	::	IPV6_RECVHOPOPTS
socket	Socket	::	IPV6_RECVPATHMTU
socket	Socket	::	IPV6_RECVPKTINFO
socket	Socket	::	IPV6_RECVRTHDR
socket	Socket	::	IPV6_RECVTCLASS
socket	Socket	::	IPV6_RTHDR
socket	Socket	::	IPV6_RTHDRDSTOPTS
socket	Socket	::	IPV6_RTHDR_TYPE_0
socket	Socket	::	IPV6_TCLASS
socket	Socket	::	IPV6_UNICAST_HOPS
socket	Socket	::	IPV6_USE_MIN_MTU
socket	Socket	::	IPV6_V6ONLY
socket	Socket	::	IPX_TYPE
socket	Socket	::	IP_ADD_MEMBERSHIP
socket	Socket	::	IP_ADD_SOURCE_MEMBERSHIP
socket	Socket	::	IP_BLOCK_SOURCE
socket	Socket	::	IP_DEFAULT_MULTICAST_LOOP
socket	Socket	::	IP_DEFAULT_MULTICAST_TTL
socket	Socket	::	IP_DONTFRAG
socket	Socket	::	IP_DROP_MEMBERSHIP
socket	Socket	::	IP_DROP_SOURCE_MEMBERSHIP
socket	Socket	::	IP_FREEBIND
socket	Socket	::	IP_HDRINCL
socket	Socket	::	IP_IPSEC_POLICY
socket	Socket	::	IP_MAX_MEMBERSHIPS
socket	Socket	::	IP_MINTTL
socket	Socket	::	IP_MSFILTER
socket	Socket	::	IP_MTU
socket	Socket	::	IP_MTU_DISCOVER
socket	Socket	::	IP_MULTICAST_IF
socket	Socket	::	IP_MULTICAST_LOOP
socket	Socket	::	IP_MULTICAST_TTL
socket	Socket	::	IP_ONESBCAST
socket	Socket	::	IP_OPTIONS
socket	Socket	::	IP_PASSSEC
socket	Socket	::	IP_PKTINFO
socket	Socket	::	IP_PKTOPTIONS
socket	Socket	::	IP_PMTUDISC_DO
socket	Socket	::	IP_PMTUDISC_DONT
socket	Socket	::	IP_PMTUDISC_WANT
socket	Socket	::	IP_PORTRANGE
socket	Socket	::	IP_RECVDSTADDR
socket	Socket	::	IP_RECVERR
socket	Socket	::	IP_RECVIF
socket	Socket	::	IP_RECVOPTS
socket	Socket	::	IP_RECVRETOPTS
socket	Socket	::	IP_RECVSLLA
socket	Socket	::	IP_RECVTOS
socket	Socket	::	IP_RECVTTL
socket	Socket	::	IP_RETOPTS
socket	Socket	::	IP_ROUTER_ALERT
socket	Socket	::	IP_SENDSRCADDR
socket	Socket	::	IP_TOS
socket	Socket	::	IP_TTL
socket	Socket	::	IP_UNBLOCK_SOURCE
socket	Socket	::	IP_XFRM_POLICY
socket	Socket	::	LOCAL_CONNWAIT
socket	Socket	::	LOCAL_CREDS
socket	Socket	::	LOCAL_PEERCRED
socket	Socket	::	MCAST_BLOCK_SOURCE
socket	Socket	::	MCAST_EXCLUDE
socket	Socket	::	MCAST_INCLUDE
socket	Socket	::	MCAST_JOIN_GROUP
socket	Socket	::	MCAST_JOIN_SOURCE_GROUP
socket	Socket	::	MCAST_LEAVE_GROUP
socket	Socket	::	MCAST_LEAVE_SOURCE_GROUP
socket	Socket	::	MCAST_MSFILTER
socket	Socket	::	MCAST_UNBLOCK_SOURCE
socket	Socket	::	MSG_COMPAT
socket	Socket	::	MSG_CONFIRM
socket	Socket	::	MSG_CTRUNC
socket	Socket	::	MSG_DONTROUTE
socket	Socket	::	MSG_DONTWAIT
socket	Socket	::	MSG_EOF
socket	Socket	::	MSG_EOR
socket	Socket	::	MSG_ERRQUEUE
socket	Socket	::	MSG_FIN
socket	Socket	::	MSG_FLUSH
socket	Socket	::	MSG_HAVEMORE
socket	Socket	::	MSG_HOLD
socket	Socket	::	MSG_MORE
socket	Socket	::	MSG_NOSIGNAL
socket	Socket	::	MSG_OOB
socket	Socket	::	MSG_PEEK
socket	Socket	::	MSG_PROXY
socket	Socket	::	MSG_RCVMORE
socket	Socket	::	MSG_RST
socket	Socket	::	MSG_SEND
socket	Socket	::	MSG_SYN
socket	Socket	::	MSG_TRUNC
socket	Socket	::	MSG_WAITALL
socket	Socket	::	NI_DGRAM
socket	Socket	::	NI_MAXHOST
socket	Socket	::	NI_MAXSERV
socket	Socket	::	NI_NAMEREQD
socket	Socket	::	NI_NOFQDN
socket	Socket	::	NI_NUMERICHOST
socket	Socket	::	NI_NUMERICSERV
socket	Socket	::	PF_KEY
socket	Socket	::	PF_MAX
socket	Socket	::	PF_PIP
socket	Socket	::	PF_RTIP
socket	Socket	::	PF_UNSPEC
socket	Socket	::	PF_XTP
socket	Socket	::	SCM_BINTIME
socket	Socket	::	SCM_CREDENTIALS
socket	Socket	::	SCM_CREDS
socket	Socket	::	SCM_RIGHTS
socket	Socket	::	SCM_TIMESTAMP
socket	Socket	::	SCM_TIMESTAMPNS
socket	Socket	::	SCM_UCRED
socket	Socket	::	SHUT_RD
socket	Socket	::	SHUT_RDWR
socket	Socket	::	SHUT_WR
socket	Socket	::	SOCK_DGRAM
socket	Socket	::	SOCK_PACKET
socket	Socket	::	SOCK_RAW
socket	Socket	::	SOCK_RDM
socket	Socket	::	SOCK_SEQPACKET
socket	Socket	::	SOCK_STREAM
socket	Socket	::	SOL_ATALK
socket	Socket	::	SOL_AX25
socket	Socket	::	SOL_IP
socket	Socket	::	SOL_IPX
socket	Socket	::	SOL_SOCKET
socket	Socket	::	SOL_TCP
socket	Socket	::	SOL_UDP
socket	Socket	::	SOMAXCONN
socket	Socket	::	SOPRI_BACKGROUND
socket	Socket	::	SOPRI_INTERACTIVE
socket	Socket	::	SOPRI_NORMAL
socket	Socket	::	SO_ACCEPTCONN
socket	Socket	::	SO_ACCEPTFILTER
socket	Socket	::	SO_ALLZONES
socket	Socket	::	SO_ATTACH_FILTER
socket	Socket	::	SO_BINDTODEVICE
socket	Socket	::	SO_BINTIME
socket	Socket	::	SO_BROADCAST
socket	Socket	::	SO_DEBUG
socket	Socket	::	SO_DETACH_FILTER
socket	Socket	::	SO_DONTROUTE
socket	Socket	::	SO_DONTTRUNC
socket	Socket	::	SO_ERROR
socket	Socket	::	SO_KEEPALIVE
socket	Socket	::	SO_LINGER
socket	Socket	::	SO_MAC_EXEMPT
socket	Socket	::	SO_NKE
socket	Socket	::	SO_NOSIGPIPE
socket	Socket	::	SO_NO_CHECK
socket	Socket	::	SO_NREAD
socket	Socket	::	SO_OOBINLINE
socket	Socket	::	SO_PASSCRED
socket	Socket	::	SO_PEERCRED
socket	Socket	::	SO_PEERNAME
socket	Socket	::	SO_PRIORITY
socket	Socket	::	SO_RCVBUF
socket	Socket	::	SO_RCVLOWAT
socket	Socket	::	SO_RCVTIMEO
socket	Socket	::	SO_RECVUCRED
socket	Socket	::	SO_REUSEADDR
socket	Socket	::	SO_REUSEPORT
socket	Socket	::	SO_SECURITY_AUTHENTICATION
socket	Socket	::	SO_SECURITY_ENCRYPTION_NETWORK
socket	Socket	::	SO_SECURITY_ENCRYPTION_TRANSPORT
socket	Socket	::	SO_SNDBUF
socket	Socket	::	SO_SNDLOWAT
socket	Socket	::	SO_SNDTIMEO
socket	Socket	::	SO_TIMESTAMP
socket	Socket	::	SO_TIMESTAMPNS
socket	Socket	::	SO_TYPE
socket	Socket	::	SO_USELOOPBACK
socket	Socket	::	SO_WANTMORE
socket	Socket	::	SO_WANTOOBFLAG
socket	Socket	::	TCP_CORK
socket	Socket	::	TCP_DEFER_ACCEPT
socket	Socket	::	TCP_INFO
socket	Socket	::	TCP_KEEPCNT
socket	Socket	::	TCP_KEEPIDLE
socket	Socket	::	TCP_KEEPINTVL
socket	Socket	::	TCP_LINGER2
socket	Socket	::	TCP_MAXSEG
socket	Socket	::	TCP_MD5SIG
socket	Socket	::	TCP_NODELAY
socket	Socket	::	TCP_NOOPT
socket	Socket	::	TCP_NOPUSH
socket	Socket	::	TCP_QUICKACK
socket	Socket	::	TCP_SYNCNT
socket	Socket	::	TCP_WINDOW_CLAMP
socket	Socket	::	UDP_CORK
socket	Socket	#	accept
socket	Socket	#	accept_nonblock
socket	Socket	#	bind
socket	Socket	#	connect
socket	Socket	#	connect_nonblock
socket	Socket	#	ipv6only!
socket	Socket	#	listen
socket	Socket	#	recvfrom
socket	Socket	#	recvfrom_nonblock
socket	Socket	#	sysaccept
socket	Socket	.	accept_loop
socket	Socket	.	getaddrinfo
socket	Socket	.	gethostbyaddr
socket	Socket	.	gethostbyname
socket	Socket	.	gethostname
socket	Socket	.	getifaddrs
socket	Socket	.	getnameinfo
socket	Socket	.	getservbyname
socket	Socket	.	getservbyport
socket	Socket	.	ip_address_list
socket	Socket	.	new
socket	Socket	.	open
socket	Socket	.	pack_sockaddr_in
socket	Socket	.	sockaddr_in
socket	Socket	.	pack_sockaddr_un
socket	Socket	.	sockaddr_un
socket	Socket	.	pair
socket	Socket	.	socketpair
socket	Socket	.	tcp
socket	Socket	.	tcp_server_loop
socket	Socket	.	tcp_server_sockets
socket	Socket	.	udp_server_loop
socket	Socket	.	udp_server_loop_on
socket	Socket	.	udp_server_recv
socket	Socket	.	udp_server_sockets
socket	Socket	.	unix
socket	Socket	.	unix_server_loop
socket	Socket	.	unix_server_socket
socket	Socket	.	unpack_sockaddr_in
socket	Socket	.	unpack_sockaddr_un
socket	Socket::AncillaryData	#	cmsg_is?
socket	Socket::AncillaryData	#	data
socket	Socket::AncillaryData	#	family
socket	Socket::AncillaryData	#	int
socket	Socket::AncillaryData	#	ip_pktinfo
socket	Socket::AncillaryData	#	ipv6_pktinfo
socket	Socket::AncillaryData	#	ipv6_pktinfo_addr
socket	Socket::AncillaryData	#	ipv6_pktinfo_ifindex
socket	Socket::AncillaryData	#	level
socket	Socket::AncillaryData	#	timestamp
socket	Socket::AncillaryData	#	type
socket	Socket::AncillaryData	#	unix_rights
socket	Socket::AncillaryData	.	int
socket	Socket::AncillaryData	.	ip_pktinfo
socket	Socket::AncillaryData	.	ipv6_pktinfo
socket	Socket::AncillaryData	.	new
socket	Socket::AncillaryData	.	unix_rights
socket	Socket::Constants	::	AF_APPLETALK
socket	Socket::Constants	::	PF_APPLETALK
socket	Socket::Constants	::	AF_ATM
socket	Socket::Constants	::	PF_ATM
socket	Socket::Constants	::	AF_AX25
socket	Socket::Constants	::	PF_AX25
socket	Socket::Constants	::	AF_CCITT
socket	Socket::Constants	::	PF_CCITT
socket	Socket::Constants	::	AF_CHAOS
socket	Socket::Constants	::	PF_CHAOS
socket	Socket::Constants	::	AF_CNT
socket	Socket::Constants	::	PF_CNT
socket	Socket::Constants	::	AF_COIP
socket	Socket::Constants	::	PF_COIP
socket	Socket::Constants	::	AF_DATAKIT
socket	Socket::Constants	::	PF_DATAKIT
socket	Socket::Constants	::	AF_DEC
socket	Socket::Constants	::	PF_DEC
socket	Socket::Constants	::	AF_DLI
socket	Socket::Constants	::	PF_DLI
socket	Socket::Constants	::	AF_E164
socket	Socket::Constants	::	AF_ECMA
socket	Socket::Constants	::	PF_ECMA
socket	Socket::Constants	::	AF_HYLINK
socket	Socket::Constants	::	PF_HYLINK
socket	Socket::Constants	::	AF_IMPLINK
socket	Socket::Constants	::	PF_IMPLINK
socket	Socket::Constants	::	AF_INET
socket	Socket::Constants	::	PF_INET
socket	Socket::Constants	::	AF_INET6
socket	Socket::Constants	::	PF_INET6
socket	Socket::Constants	::	AF_IPX
socket	Socket::Constants	::	PF_IPX
socket	Socket::Constants	::	AF_ISDN
socket	Socket::Constants	::	PF_ISDN
socket	Socket::Constants	::	AF_ISO
socket	Socket::Constants	::	AF_OSI
socket	Socket::Constants	::	PF_ISO
socket	Socket::Constants	::	PF_OSI
socket	Socket::Constants	::	AF_LAT
socket	Socket::Constants	::	PF_LAT
socket	Socket::Constants	::	AF_LINK
socket	Socket::Constants	::	PF_LINK
socket	Socket::Constants	::	AF_LOCAL
socket	Socket::Constants	::	AF_UNIX
socket	Socket::Constants	::	PF_LOCAL
socket	Socket::Constants	::	PF_UNIX
socket	Socket::Constants	::	AF_MAX
socket	Socket::Constants	::	AF_NATM
socket	Socket::Constants	::	PF_NATM
socket	Socket::Constants	::	AF_NDRV
socket	Socket::Constants	::	PF_NDRV
socket	Socket::Constants	::	AF_NETBIOS
socket	Socket::Constants	::	PF_NETBIOS
socket	Socket::Constants	::	AF_NETGRAPH
socket	Socket::Constants	::	PF_NETGRAPH
socket	Socket::Constants	::	AF_NS
socket	Socket::Constants	::	PF_NS
socket	Socket::Constants	::	AF_PACKET
socket	Socket::Constants	::	PF_PACKET
socket	Socket::Constants	::	AF_PPP
socket	Socket::Constants	::	PF_PPP
socket	Socket::Constants	::	AF_PUP
socket	Socket::Constants	::	PF_PUP
socket	Socket::Constants	::	AF_ROUTE
socket	Socket::Constants	::	PF_ROUTE
socket	Socket::Constants	::	AF_SIP
socket	Socket::Constants	::	PF_SIP
socket	Socket::Constants	::	AF_SNA
socket	Socket::Constants	::	PF_SNA
socket	Socket::Constants	::	AF_SYSTEM
socket	Socket::Constants	::	PF_SYSTEM
socket	Socket::Constants	::	AF_UNSPEC
socket	Socket::Constants	::	AI_ADDRCONFIG
socket	Socket::Constants	::	AI_ALL
socket	Socket::Constants	::	AI_CANONNAME
socket	Socket::Constants	::	AI_DEFAULT
socket	Socket::Constants	::	AI_MASK
socket	Socket::Constants	::	AI_NUMERICHOST
socket	Socket::Constants	::	AI_NUMERICSERV
socket	Socket::Constants	::	AI_PASSIVE
socket	Socket::Constants	::	AI_V4MAPPED
socket	Socket::Constants	::	AI_V4MAPPED_CFG
socket	Socket::Constants	::	EAI_ADDRFAMILY
socket	Socket::Constants	::	EAI_AGAIN
socket	Socket::Constants	::	EAI_BADFLAGS
socket	Socket::Constants	::	EAI_BADHINTS
socket	Socket::Constants	::	EAI_FAIL
socket	Socket::Constants	::	EAI_FAMILY
socket	Socket::Constants	::	EAI_MAX
socket	Socket::Constants	::	EAI_MEMORY
socket	Socket::Constants	::	EAI_NODATA
socket	Socket::Constants	::	EAI_NONAME
socket	Socket::Constants	::	EAI_OVERFLOW
socket	Socket::Constants	::	EAI_PROTOCOL
socket	Socket::Constants	::	EAI_SERVICE
socket	Socket::Constants	::	EAI_SOCKTYPE
socket	Socket::Constants	::	EAI_SYSTEM
socket	Socket::Constants	::	IFF_802_1Q_VLAN
socket	Socket::Constants	::	IFF_ALLMULTI
socket	Socket::Constants	::	IFF_ALTPHYS
socket	Socket::Constants	::	IFF_AUTOMEDIA
socket	Socket::Constants	::	IFF_BONDING
socket	Socket::Constants	::	IFF_BRIDGE_PORT
socket	Socket::Constants	::	IFF_BROADCAST
socket	Socket::Constants	::	IFF_CANTCHANGE
socket	Socket::Constants	::	IFF_CANTCONFIG
socket	Socket::Constants	::	IFF_DEBUG
socket	Socket::Constants	::	IFF_DISABLE_NETPOLL
socket	Socket::Constants	::	IFF_DONT_BRIDGE
socket	Socket::Constants	::	IFF_DORMANT
socket	Socket::Constants	::	IFF_DRV_OACTIVE
socket	Socket::Constants	::	IFF_DRV_RUNNING
socket	Socket::Constants	::	IFF_DYING
socket	Socket::Constants	::	IFF_DYNAMIC
socket	Socket::Constants	::	IFF_EBRIDGE
socket	Socket::Constants	::	IFF_ECHO
socket	Socket::Constants	::	IFF_ISATAP
socket	Socket::Constants	::	IFF_LINK0
socket	Socket::Constants	::	IFF_LINK1
socket	Socket::Constants	::	IFF_LINK2
socket	Socket::Constants	::	IFF_LIVE_ADDR_CHANGE
socket	Socket::Constants	::	IFF_LOOPBACK
socket	Socket::Constants	::	IFF_LOWER_UP
socket	Socket::Constants	::	IFF_MACVLAN_PORT
socket	Socket::Constants	::	IFF_MASTER
socket	Socket::Constants	::	IFF_MASTER_8023AD
socket	Socket::Constants	::	IFF_MASTER_ALB
socket	Socket::Constants	::	IFF_MASTER_ARPMON
socket	Socket::Constants	::	IFF_MONITOR
socket	Socket::Constants	::	IFF_MULTICAST
socket	Socket::Constants	::	IFF_NOARP
socket	Socket::Constants	::	IFF_NOTRAILERS
socket	Socket::Constants	::	IFF_OACTIVE
socket	Socket::Constants	::	IFF_OVS_DATAPATH
socket	Socket::Constants	::	IFF_POINTOPOINT
socket	Socket::Constants	::	IFF_PORTSEL
socket	Socket::Constants	::	IFF_PPROMISC
socket	Socket::Constants	::	IFF_PROMISC
socket	Socket::Constants	::	IFF_RENAMING
socket	Socket::Constants	::	IFF_ROUTE
socket	Socket::Constants	::	IFF_RUNNING
socket	Socket::Constants	::	IFF_SIMPLEX
socket	Socket::Constants	::	IFF_SLAVE
socket	Socket::Constants	::	IFF_SLAVE_INACTIVE
socket	Socket::Constants	::	IFF_SLAVE_NEEDARP
socket	Socket::Constants	::	IFF_SMART
socket	Socket::Constants	::	IFF_STATICARP
socket	Socket::Constants	::	IFF_SUPP_NOFCS
socket	Socket::Constants	::	IFF_TEAM_PORT
socket	Socket::Constants	::	IFF_TX_SKB_SHARING
socket	Socket::Constants	::	IFF_UNICAST_FLT
socket	Socket::Constants	::	IFF_UP
socket	Socket::Constants	::	IFF_VOLATILE
socket	Socket::Constants	::	IFF_WAN_HDLC
socket	Socket::Constants	::	IFF_XMIT_DST_RELEASE
socket	Socket::Constants	::	IFNAMSIZ
socket	Socket::Constants	::	IF_NAMESIZE
socket	Socket::Constants	::	INADDR_ALLHOSTS_GROUP
socket	Socket::Constants	::	INADDR_ANY
socket	Socket::Constants	::	INADDR_BROADCAST
socket	Socket::Constants	::	INADDR_LOOPBACK
socket	Socket::Constants	::	INADDR_MAX_LOCAL_GROUP
socket	Socket::Constants	::	INADDR_NONE
socket	Socket::Constants	::	INADDR_UNSPEC_GROUP
socket	Socket::Constants	::	INET6_ADDRSTRLEN
socket	Socket::Constants	::	INET_ADDRSTRLEN
socket	Socket::Constants	::	IPPORT_RESERVED
socket	Socket::Constants	::	IPPORT_USERRESERVED
socket	Socket::Constants	::	IPPROTO_AH
socket	Socket::Constants	::	IPPROTO_BIP
socket	Socket::Constants	::	IPPROTO_DSTOPTS
socket	Socket::Constants	::	IPPROTO_EGP
socket	Socket::Constants	::	IPPROTO_EON
socket	Socket::Constants	::	IPPROTO_ESP
socket	Socket::Constants	::	IPPROTO_FRAGMENT
socket	Socket::Constants	::	IPPROTO_GGP
socket	Socket::Constants	::	IPPROTO_HELLO
socket	Socket::Constants	::	IPPROTO_HOPOPTS
socket	Socket::Constants	::	IPPROTO_ICMP
socket	Socket::Constants	::	IPPROTO_ICMPV6
socket	Socket::Constants	::	IPPROTO_IDP
socket	Socket::Constants	::	IPPROTO_IGMP
socket	Socket::Constants	::	IPPROTO_IP
socket	Socket::Constants	::	IPPROTO_IPV6
socket	Socket::Constants	::	IPPROTO_MAX
socket	Socket::Constants	::	IPPROTO_ND
socket	Socket::Constants	::	IPPROTO_NONE
socket	Socket::Constants	::	IPPROTO_PUP
socket	Socket::Constants	::	IPPROTO_RAW
socket	Socket::Constants	::	IPPROTO_ROUTING
socket	Socket::Constants	::	IPPROTO_TCP
socket	Socket::Constants	::	IPPROTO_TP
socket	Socket::Constants	::	IPPROTO_UDP
socket	Socket::Constants	::	IPPROTO_XTP
socket	Socket::Constants	::	IPV6_CHECKSUM
socket	Socket::Constants	::	IPV6_DONTFRAG
socket	Socket::Constants	::	IPV6_DSTOPTS
socket	Socket::Constants	::	IPV6_HOPLIMIT
socket	Socket::Constants	::	IPV6_HOPOPTS
socket	Socket::Constants	::	IPV6_JOIN_GROUP
socket	Socket::Constants	::	IPV6_LEAVE_GROUP
socket	Socket::Constants	::	IPV6_MULTICAST_HOPS
socket	Socket::Constants	::	IPV6_MULTICAST_IF
socket	Socket::Constants	::	IPV6_MULTICAST_LOOP
socket	Socket::Constants	::	IPV6_NEXTHOP
socket	Socket::Constants	::	IPV6_PATHMTU
socket	Socket::Constants	::	IPV6_PKTINFO
socket	Socket::Constants	::	IPV6_RECVDSTOPTS
socket	Socket::Constants	::	IPV6_RECVHOPLIMIT
socket	Socket::Constants	::	IPV6_RECVHOPOPTS
socket	Socket::Constants	::	IPV6_RECVPATHMTU
socket	Socket::Constants	::	IPV6_RECVPKTINFO
socket	Socket::Constants	::	IPV6_RECVRTHDR
socket	Socket::Constants	::	IPV6_RECVTCLASS
socket	Socket::Constants	::	IPV6_RTHDR
socket	Socket::Constants	::	IPV6_RTHDRDSTOPTS
socket	Socket::Constants	::	IPV6_RTHDR_TYPE_0
socket	Socket::Constants	::	IPV6_TCLASS
socket	Socket::Constants	::	IPV6_UNICAST_HOPS
socket	Socket::Constants	::	IPV6_USE_MIN_MTU
socket	Socket::Constants	::	IPV6_V6ONLY
socket	Socket::Constants	::	IPX_TYPE
socket	Socket::Constants	::	IP_ADD_MEMBERSHIP
socket	Socket::Constants	::	IP_ADD_SOURCE_MEMBERSHIP
socket	Socket::Constants	::	IP_BLOCK_SOURCE
socket	Socket::Constants	::	IP_DEFAULT_MULTICAST_LOOP
socket	Socket::Constants	::	IP_DEFAULT_MULTICAST_TTL
socket	Socket::Constants	::	IP_DONTFRAG
socket	Socket::Constants	::	IP_DROP_MEMBERSHIP
socket	Socket::Constants	::	IP_DROP_SOURCE_MEMBERSHIP
socket	Socket::Constants	::	IP_FREEBIND
socket	Socket::Constants	::	IP_HDRINCL
socket	Socket::Constants	::	IP_IPSEC_POLICY
socket	Socket::Constants	::	IP_MAX_MEMBERSHIPS
socket	Socket::Constants	::	IP_MINTTL
socket	Socket::Constants	::	IP_MSFILTER
socket	Socket::Constants	::	IP_MTU
socket	Socket::Constants	::	IP_MTU_DISCOVER
socket	Socket::Constants	::	IP_MULTICAST_IF
socket	Socket::Constants	::	IP_MULTICAST_LOOP
socket	Socket::Constants	::	IP_MULTICAST_TTL
socket	Socket::Constants	::	IP_ONESBCAST
socket	Socket::Constants	::	IP_OPTIONS
socket	Socket::Constants	::	IP_PASSSEC
socket	Socket::Constants	::	IP_PKTINFO
socket	Socket::Constants	::	IP_PKTOPTIONS
socket	Socket::Constants	::	IP_PMTUDISC_DO
socket	Socket::Constants	::	IP_PMTUDISC_DONT
socket	Socket::Constants	::	IP_PMTUDISC_WANT
socket	Socket::Constants	::	IP_PORTRANGE
socket	Socket::Constants	::	IP_RECVDSTADDR
socket	Socket::Constants	::	IP_RECVERR
socket	Socket::Constants	::	IP_RECVIF
socket	Socket::Constants	::	IP_RECVOPTS
socket	Socket::Constants	::	IP_RECVRETOPTS
socket	Socket::Constants	::	IP_RECVSLLA
socket	Socket::Constants	::	IP_RECVTOS
socket	Socket::Constants	::	IP_RECVTTL
socket	Socket::Constants	::	IP_RETOPTS
socket	Socket::Constants	::	IP_ROUTER_ALERT
socket	Socket::Constants	::	IP_SENDSRCADDR
socket	Socket::Constants	::	IP_TOS
socket	Socket::Constants	::	IP_TTL
socket	Socket::Constants	::	IP_UNBLOCK_SOURCE
socket	Socket::Constants	::	IP_XFRM_POLICY
socket	Socket::Constants	::	LOCAL_CONNWAIT
socket	Socket::Constants	::	LOCAL_CREDS
socket	Socket::Constants	::	LOCAL_PEERCRED
socket	Socket::Constants	::	MCAST_BLOCK_SOURCE
socket	Socket::Constants	::	MCAST_EXCLUDE
socket	Socket::Constants	::	MCAST_INCLUDE
socket	Socket::Constants	::	MCAST_JOIN_GROUP
socket	Socket::Constants	::	MCAST_JOIN_SOURCE_GROUP
socket	Socket::Constants	::	MCAST_LEAVE_GROUP
socket	Socket::Constants	::	MCAST_LEAVE_SOURCE_GROUP
socket	Socket::Constants	::	MCAST_MSFILTER
socket	Socket::Constants	::	MCAST_UNBLOCK_SOURCE
socket	Socket::Constants	::	MSG_COMPAT
socket	Socket::Constants	::	MSG_CONFIRM
socket	Socket::Constants	::	MSG_CTRUNC
socket	Socket::Constants	::	MSG_DONTROUTE
socket	Socket::Constants	::	MSG_DONTWAIT
socket	Socket::Constants	::	MSG_EOF
socket	Socket::Constants	::	MSG_EOR
socket	Socket::Constants	::	MSG_ERRQUEUE
socket	Socket::Constants	::	MSG_FIN
socket	Socket::Constants	::	MSG_FLUSH
socket	Socket::Constants	::	MSG_HAVEMORE
socket	Socket::Constants	::	MSG_HOLD
socket	Socket::Constants	::	MSG_MORE
socket	Socket::Constants	::	MSG_NOSIGNAL
socket	Socket::Constants	::	MSG_OOB
socket	Socket::Constants	::	MSG_PEEK
socket	Socket::Constants	::	MSG_PROXY
socket	Socket::Constants	::	MSG_RCVMORE
socket	Socket::Constants	::	MSG_RST
socket	Socket::Constants	::	MSG_SEND
socket	Socket::Constants	::	MSG_SYN
socket	Socket::Constants	::	MSG_TRUNC
socket	Socket::Constants	::	MSG_WAITALL
socket	Socket::Constants	::	NI_DGRAM
socket	Socket::Constants	::	NI_MAXHOST
socket	Socket::Constants	::	NI_MAXSERV
socket	Socket::Constants	::	NI_NAMEREQD
socket	Socket::Constants	::	NI_NOFQDN
socket	Socket::Constants	::	NI_NUMERICHOST
socket	Socket::Constants	::	NI_NUMERICSERV
socket	Socket::Constants	::	PF_KEY
socket	Socket::Constants	::	PF_MAX
socket	Socket::Constants	::	PF_PIP
socket	Socket::Constants	::	PF_RTIP
socket	Socket::Constants	::	PF_UNSPEC
socket	Socket::Constants	::	PF_XTP
socket	Socket::Constants	::	SCM_BINTIME
socket	Socket::Constants	::	SCM_CREDENTIALS
socket	Socket::Constants	::	SCM_CREDS
socket	Socket::Constants	::	SCM_RIGHTS
socket	Socket::Constants	::	SCM_TIMESTAMP
socket	Socket::Constants	::	SCM_TIMESTAMPNS
socket	Socket::Constants	::	SCM_UCRED
socket	Socket::Constants	::	SHUT_RD
socket	Socket::Constants	::	SHUT_RDWR
socket	Socket::Constants	::	SHUT_WR
socket	Socket::Constants	::	SOCK_DGRAM
socket	Socket::Constants	::	SOCK_PACKET
socket	Socket::Constants	::	SOCK_RAW
socket	Socket::Constants	::	SOCK_RDM
socket	Socket::Constants	::	SOCK_SEQPACKET
socket	Socket::Constants	::	SOCK_STREAM
socket	Socket::Constants	::	SOL_ATALK
socket	Socket::Constants	::	SOL_AX25
socket	Socket::Constants	::	SOL_IP
socket	Socket::Constants	::	SOL_IPX
socket	Socket::Constants	::	SOL_SOCKET
socket	Socket::Constants	::	SOL_TCP
socket	Socket::Constants	::	SOL_UDP
socket	Socket::Constants	::	SOMAXCONN
socket	Socket::Constants	::	SOPRI_BACKGROUND
socket	Socket::Constants	::	SOPRI_INTERACTIVE
socket	Socket::Constants	::	SOPRI_NORMAL
socket	Socket::Constants	::	SO_ACCEPTCONN
socket	Socket::Constants	::	SO_ACCEPTFILTER
socket	Socket::Constants	::	SO_ALLZONES
socket	Socket::Constants	::	SO_ATTACH_FILTER
socket	Socket::Constants	::	SO_BINDTODEVICE
socket	Socket::Constants	::	SO_BINTIME
socket	Socket::Constants	::	SO_BROADCAST
socket	Socket::Constants	::	SO_DEBUG
socket	Socket::Constants	::	SO_DETACH_FILTER
socket	Socket::Constants	::	SO_DONTROUTE
socket	Socket::Constants	::	SO_DONTTRUNC
socket	Socket::Constants	::	SO_ERROR
socket	Socket::Constants	::	SO_KEEPALIVE
socket	Socket::Constants	::	SO_LINGER
socket	Socket::Constants	::	SO_MAC_EXEMPT
socket	Socket::Constants	::	SO_NKE
socket	Socket::Constants	::	SO_NOSIGPIPE
socket	Socket::Constants	::	SO_NO_CHECK
socket	Socket::Constants	::	SO_NREAD
socket	Socket::Constants	::	SO_OOBINLINE
socket	Socket::Constants	::	SO_PASSCRED
socket	Socket::Constants	::	SO_PEERCRED
socket	Socket::Constants	::	SO_PEERNAME
socket	Socket::Constants	::	SO_PRIORITY
socket	Socket::Constants	::	SO_RCVBUF
socket	Socket::Constants	::	SO_RCVLOWAT
socket	Socket::Constants	::	SO_RCVTIMEO
socket	Socket::Constants	::	SO_RECVUCRED
socket	Socket::Constants	::	SO_REUSEADDR
socket	Socket::Constants	::	SO_REUSEPORT
socket	Socket::Constants	::	SO_SECURITY_AUTHENTICATION
socket	Socket::Constants	::	SO_SECURITY_ENCRYPTION_NETWORK
socket	Socket::Constants	::	SO_SECURITY_ENCRYPTION_TRANSPORT
socket	Socket::Constants	::	SO_SNDBUF
socket	Socket::Constants	::	SO_SNDLOWAT
socket	Socket::Constants	::	SO_SNDTIMEO
socket	Socket::Constants	::	SO_TIMESTAMP
socket	Socket::Constants	::	SO_TIMESTAMPNS
socket	Socket::Constants	::	SO_TYPE
socket	Socket::Constants	::	SO_USELOOPBACK
socket	Socket::Constants	::	SO_WANTMORE
socket	Socket::Constants	::	SO_WANTOOBFLAG
socket	Socket::Constants	::	TCP_CORK
socket	Socket::Constants	::	TCP_DEFER_ACCEPT
socket	Socket::Constants	::	TCP_INFO
socket	Socket::Constants	::	TCP_KEEPCNT
socket	Socket::Constants	::	TCP_KEEPIDLE
socket	Socket::Constants	::	TCP_KEEPINTVL
socket	Socket::Constants	::	TCP_LINGER2
socket	Socket::Constants	::	TCP_MAXSEG
socket	Socket::Constants	::	TCP_MD5SIG
socket	Socket::Constants	::	TCP_NODELAY
socket	Socket::Constants	::	TCP_NOOPT
socket	Socket::Constants	::	TCP_NOPUSH
socket	Socket::Constants	::	TCP_QUICKACK
socket	Socket::Constants	::	TCP_SYNCNT
socket	Socket::Constants	::	TCP_WINDOW_CLAMP
socket	Socket::Constants	::	UDP_CORK
socket	Socket::Ifaddr	#	addr
socket	Socket::Ifaddr	#	broadaddr
socket	Socket::Ifaddr	#	dstaddr
socket	Socket::Ifaddr	#	flags
socket	Socket::Ifaddr	#	ifindex
socket	Socket::Ifaddr	#	inspect
socket	Socket::Ifaddr	#	name
socket	Socket::Ifaddr	#	netmask
socket	Socket::Ifaddr	#	vhid
socket	Socket::Option	#	bool
socket	Socket::Option	#	data
socket	Socket::Option	#	to_s
socket	Socket::Option	#	family
socket	Socket::Option	#	int
socket	Socket::Option	#	level
socket	Socket::Option	#	linger
socket	Socket::Option	#	optname
socket	Socket::Option	#	unpack
socket	Socket::Option	.	bool
socket	Socket::Option	.	int
socket	Socket::Option	.	linger
socket	Socket::Option	.	new
socket	Socket::UDPSource	#	local_address
socket	Socket::UDPSource	#	remote_address
socket	Socket::UDPSource	#	reply
socket	Socket::UDPSource	.	new
rake	String	#	ext
kconv	String	#	iseuc
kconv	String	#	isjis
kconv	String	#	issjis
kconv	String	#	isutf8
kconv	String	#	kconv
csv	String	#	parse_csv
rake	String	#	pathmap
rake	String	#	pathmap_explode
rake	String	#	pathmap_partial
rake	String	#	pathmap_replace
shellwords	String	#	shellescape
shellwords	String	#	shellsplit
bigdecimal/util	String	#	to_d
kconv	String	#	toeuc
kconv	String	#	tojis
kconv	String	#	tolocale
kconv	String	#	tosjis
kconv	String	#	toutf16
kconv	String	#	toutf32
kconv	String	#	toutf8
stringio	StringIO	#	<<
stringio	StringIO	#	binmode
stringio	StringIO	#	close
stringio	StringIO	#	close_read
stringio	StringIO	#	close_write
stringio	StringIO	#	closed?
stringio	StringIO	#	closed_read?
stringio	StringIO	#	closed_write?
stringio	StringIO	#	each
stringio	StringIO	#	each_line
stringio	StringIO	#	each_byte
stringio	StringIO	#	each_char
stringio	StringIO	#	each_codepoint
stringio	StringIO	#	eof
stringio	StringIO	#	eof?
stringio	StringIO	#	external_encoding
stringio	StringIO	#	fcntl
stringio	StringIO	#	fileno
stringio	StringIO	#	flush
stringio	StringIO	#	fsync
stringio	StringIO	#	getbyte
stringio	StringIO	#	getc
stringio	StringIO	#	gets
stringio	StringIO	#	internal_encoding
stringio	StringIO	#	isatty
stringio	StringIO	#	length
stringio	StringIO	#	size
stringio	StringIO	#	lineno
stringio	StringIO	#	lineno=
stringio	StringIO	#	pid
stringio	StringIO	#	pos
stringio	StringIO	#	tell
stringio	StringIO	#	pos=
stringio	StringIO	#	print
stringio	StringIO	#	printf
stringio	StringIO	#	putc
stringio	StringIO	#	puts
stringio	StringIO	#	read
stringio	StringIO	#	read_nonblock
stringio	StringIO	#	readbyte
stringio	StringIO	#	readchar
stringio	StringIO	#	readline
stringio	StringIO	#	readlines
stringio	StringIO	#	readpartial
stringio	StringIO	#	sysread
stringio	StringIO	#	reopen
stringio	StringIO	#	rewind
stringio	StringIO	#	seek
stringio	StringIO	#	set_encoding
stringio	StringIO	#	string
stringio	StringIO	#	string=
stringio	StringIO	#	sync
stringio	StringIO	#	sync=
stringio	StringIO	#	syswrite
stringio	StringIO	#	write_nonblock
stringio	StringIO	#	truncate
stringio	StringIO	#	tty?
stringio	StringIO	#	ungetbyte
stringio	StringIO	#	ungetc
stringio	StringIO	#	write
stringio	StringIO	.	new
stringio	StringIO	.	open
strscan	StringScanner	::	Id
strscan	StringScanner	::	Version
strscan	StringScanner	#	<<
strscan	StringScanner	#	concat
strscan	StringScanner	#	[]
strscan	StringScanner	#	beginning_of_line?
strscan	StringScanner	#	bol?
strscan	StringScanner	#	charpos
strscan	StringScanner	#	check
strscan	StringScanner	#	check_until
strscan	StringScanner	#	clear
strscan	StringScanner	#	terminate
strscan	StringScanner	#	empty?
strscan	StringScanner	#	eos?
strscan	StringScanner	#	exist?
strscan	StringScanner	#	get_byte
strscan	StringScanner	#	getbyte
strscan	StringScanner	#	getch
strscan	StringScanner	#	inspect
strscan	StringScanner	#	match?
strscan	StringScanner	#	matched
strscan	StringScanner	#	matched?
strscan	StringScanner	#	matched_size
strscan	StringScanner	#	peek
strscan	StringScanner	#	peep
strscan	StringScanner	#	pointer
strscan	StringScanner	#	pos
strscan	StringScanner	#	pointer=
strscan	StringScanner	#	pos=
strscan	StringScanner	#	post_match
strscan	StringScanner	#	pre_match
strscan	StringScanner	#	reset
strscan	StringScanner	#	rest
strscan	StringScanner	#	rest?
strscan	StringScanner	#	rest_size
strscan	StringScanner	#	restsize
strscan	StringScanner	#	scan
strscan	StringScanner	#	scan_full
strscan	StringScanner	#	scan_until
strscan	StringScanner	#	search_full
strscan	StringScanner	#	skip
strscan	StringScanner	#	skip_until
strscan	StringScanner	#	string
strscan	StringScanner	#	string=
strscan	StringScanner	#	unscan
strscan	StringScanner	.	must_C_version
strscan	StringScanner	.	new
json/add/struct	Struct	#	to_json
json/add/struct	Struct	.	json_create
json/add/symbol	Symbol	#	to_json
json/add/symbol	Symbol	.	json_create
syslog	Syslog	.#	alert
syslog	Syslog	.#	crit
syslog	Syslog	.#	debug
syslog	Syslog	.#	emerg
syslog	Syslog	.#	err
syslog	Syslog	.#	info
syslog	Syslog	.#	notice
syslog	Syslog	.#	warning
syslog	Syslog	.#	close
syslog	Syslog	.#	facility
syslog	Syslog	.#	ident
syslog	Syslog	.#	options
syslog	Syslog	.#	instance
syslog	Syslog	.#	log
syslog	Syslog	.#	mask
syslog	Syslog	.#	mask=
syslog	Syslog	.#	open
syslog	Syslog	.#	open!
syslog	Syslog	.#	reopen
syslog	Syslog	.#	opened?
syslog	Syslog::Facility	::	LOG_AUTH
syslog	Syslog::Facility	::	LOG_AUTHPRIV
syslog	Syslog::Facility	::	LOG_CONSOLE
syslog	Syslog::Facility	::	LOG_CRON
syslog	Syslog::Facility	::	LOG_DAEMON
syslog	Syslog::Facility	::	LOG_FTP
syslog	Syslog::Facility	::	LOG_KERN
syslog	Syslog::Facility	::	LOG_LOCAL0
syslog	Syslog::Facility	::	LOG_LOCAL1
syslog	Syslog::Facility	::	LOG_LOCAL2
syslog	Syslog::Facility	::	LOG_LOCAL3
syslog	Syslog::Facility	::	LOG_LOCAL4
syslog	Syslog::Facility	::	LOG_LOCAL5
syslog	Syslog::Facility	::	LOG_LOCAL6
syslog	Syslog::Facility	::	LOG_LOCAL7
syslog	Syslog::Facility	::	LOG_LPR
syslog	Syslog::Facility	::	LOG_MAIL
syslog	Syslog::Facility	::	LOG_NEWS
syslog	Syslog::Facility	::	LOG_NTP
syslog	Syslog::Facility	::	LOG_SECURITY
syslog	Syslog::Facility	::	LOG_SYSLOG
syslog	Syslog::Facility	::	LOG_USER
syslog	Syslog::Facility	::	LOG_UUCP
syslog	Syslog::Level	::	LOG_ALERT
syslog	Syslog::Level	::	LOG_CRIT
syslog	Syslog::Level	::	LOG_DEBUG
syslog	Syslog::Level	::	LOG_EMERG
syslog	Syslog::Level	::	LOG_ERR
syslog	Syslog::Level	::	LOG_INFO
syslog	Syslog::Level	::	LOG_NOTICE
syslog	Syslog::Level	::	LOG_WARNING
syslog/logger	Syslog::Logger	::	LEVEL_MAP
syslog/logger	Syslog::Logger	::	VERSION
syslog/logger	Syslog::Logger	#	add
syslog/logger	Syslog::Logger	#	debug
syslog/logger	Syslog::Logger	#	debug?
syslog/logger	Syslog::Logger	#	error
syslog/logger	Syslog::Logger	#	error?
syslog/logger	Syslog::Logger	#	fatal
syslog/logger	Syslog::Logger	#	fatal?
syslog/logger	Syslog::Logger	#	formatter
syslog/logger	Syslog::Logger	#	formatter=
syslog/logger	Syslog::Logger	#	info
syslog/logger	Syslog::Logger	#	info?
syslog/logger	Syslog::Logger	#	level
syslog/logger	Syslog::Logger	#	level=
syslog/logger	Syslog::Logger	#	unknown
syslog/logger	Syslog::Logger	#	unknown?
syslog/logger	Syslog::Logger	#	warn
syslog/logger	Syslog::Logger	#	warn?
syslog/logger	Syslog::Logger	.	make_methods
syslog/logger	Syslog::Logger	.	new
syslog/logger	Syslog::Logger	.	syslog
syslog/logger	Syslog::Logger	.	syslog=
syslog/logger	Syslog::Logger::Formatter	#	call
syslog	Syslog::Macros	.#	LOG_MASK
syslog	Syslog::Macros	.#	LOG_UPTO
syslog	Syslog::Option	::	LOG_CONS
syslog	Syslog::Option	::	LOG_NDELAY
syslog	Syslog::Option	::	LOG_NOWAIT
syslog	Syslog::Option	::	LOG_ODELAY
syslog	Syslog::Option	::	LOG_PERROR
syslog	Syslog::Option	::	LOG_PID
socket	TCPServer	#	accept
socket	TCPServer	#	accept_nonblock
socket	TCPServer	#	listen
socket	TCPServer	#	sysaccept
socket	TCPServer	.	new
socket	TCPServer	.	open
socket	TCPSocket	.	gethostbyname
resolv-replace	TCPSocket	.	new
resolv-replace	TCPSocket	.	open
socket	TCPSocket	.	new
socket	TCPSocket	.	open
tsort	TSort	#	each_strongly_connected_component
tsort	TSort	#	each_strongly_connected_component_from
tsort	TSort	#	strongly_connected_components
tsort	TSort	#	tsort
tsort	TSort	#	tsort_each
tsort	TSort	#	tsort_each_child
tsort	TSort	#	tsort_each_node
tsort	TSort	.	each_strongly_connected_component
tsort	TSort	.	each_strongly_connected_component_from
tsort	TSort	.	strongly_connected_components
tsort	TSort	.	tsort
tsort	TSort	.	tsort_each
tempfile	Tempfile	#	close
tempfile	Tempfile	#	close!
tempfile	Tempfile	#	delete
tempfile	Tempfile	#	unlink
tempfile	Tempfile	#	length
tempfile	Tempfile	#	size
tempfile	Tempfile	#	open
tempfile	Tempfile	#	path
tempfile	Tempfile	.	create
tempfile	Tempfile	.	new
tempfile	Tempfile	.	open
time	Time	#	httpdate
time	Time	#	iso8601
time	Time	#	xmlschema
time	Time	#	rfc2822
time	Time	#	rfc822
date	Time	#	to_date
date	Time	#	to_datetime
json/add/time	Time	#	to_json
date	Time	#	to_time
time	Time	.	httpdate
time	Time	.	iso8601
time	Time	.	xmlschema
json/add/time	Time	.	json_create
time	Time	.	parse
time	Time	.	rfc2822
time	Time	.	rfc822
time	Time	.	strptime
timeout	Timeout	.#	timeout
resolv-replace	UDPSocket	#	bind
socket	UDPSocket	#	bind
resolv-replace	UDPSocket	#	connect
socket	UDPSocket	#	connect
socket	UDPSocket	#	recvfrom_nonblock
resolv-replace	UDPSocket	#	send
socket	UDPSocket	#	send
socket	UDPSocket	.	new
socket	UDPSocket	.	open
socket	UNIXServer	#	accept
socket	UNIXServer	#	accept_nonblock
socket	UNIXServer	#	listen
socket	UNIXServer	#	sysaccept
socket	UNIXServer	.	new
socket	UNIXServer	.	open
socket	UNIXSocket	#	addr
socket	UNIXSocket	#	path
socket	UNIXSocket	#	peeraddr
socket	UNIXSocket	#	recv_io
socket	UNIXSocket	#	recvfrom
socket	UNIXSocket	#	send_io
socket	UNIXSocket	.	new
socket	UNIXSocket	.	open
socket	UNIXSocket	.	pair
socket	UNIXSocket	.	socketpair
uri	URI	::	UNSAFE
uri	URI	.	decode_www_form
uri	URI	.	decode_www_form_component
uri	URI	.	encode_www_form
uri	URI	.	encode_www_form_component
uri	URI	.	extract
uri	URI	.	join
open-uri	URI	.	open
uri	URI	.	parse
uri	URI	.	regexp
uri	URI	.	split
uri	URI::FTP	#	typecode
uri	URI::FTP	#	typecode=
uri	URI::FTP	.	build
uri	URI::FTP	.	new
uri	URI::FTP	.	new2
uri	URI::Generic	::	COMPONENT
uri	URI::Generic	::	DEFAULT_PORT
uri	URI::Generic	#	+
uri	URI::Generic	#	merge
uri	URI::Generic	#	-
uri	URI::Generic	#	route_from
uri	URI::Generic	#	==
uri	URI::Generic	#	absolute
uri	URI::Generic	#	absolute?
uri	URI::Generic	#	coerce
uri	URI::Generic	#	component
uri	URI::Generic	#	default_port
uri	URI::Generic	#	find_proxy
uri	URI::Generic	#	fragment
uri	URI::Generic	#	fragment=
uri	URI::Generic	#	hierarchical?
uri	URI::Generic	#	host
uri	URI::Generic	#	host=
uri	URI::Generic	#	hostname
uri	URI::Generic	#	hostname=
uri	URI::Generic	#	merge!
uri	URI::Generic	#	normalize
uri	URI::Generic	#	normalize!
uri	URI::Generic	#	opaque
uri	URI::Generic	#	opaque=
uri	URI::Generic	#	parser
uri	URI::Generic	#	password
uri	URI::Generic	#	password=
uri	URI::Generic	#	path
uri	URI::Generic	#	path=
uri	URI::Generic	#	port
uri	URI::Generic	#	port=
uri	URI::Generic	#	query
uri	URI::Generic	#	query=
uri	URI::Generic	#	registry
uri	URI::Generic	#	registry=
uri	URI::Generic	#	relative?
uri	URI::Generic	#	route_to
uri	URI::Generic	#	scheme
uri	URI::Generic	#	scheme=
uri	URI::Generic	#	select
uri	URI::Generic	#	to_s
uri	URI::Generic	#	user
uri	URI::Generic	#	user=
uri	URI::Generic	#	userinfo
uri	URI::Generic	#	userinfo=
uri	URI::Generic	.	build
uri	URI::Generic	.	build2
uri	URI::Generic	.	component
uri	URI::Generic	.	default_port
uri	URI::Generic	.	new
uri	URI::Generic	.	use_registry
uri	URI::HTTP	#	request_uri
uri	URI::HTTP	.	build
uri	URI::HTTP	.	new
uri	URI::LDAP	#	attributes
uri	URI::LDAP	#	attributes=
uri	URI::LDAP	#	dn
uri	URI::LDAP	#	dn=
uri	URI::LDAP	#	extensions
uri	URI::LDAP	#	extensions=
uri	URI::LDAP	#	filter
uri	URI::LDAP	#	filter=
uri	URI::LDAP	#	scope
uri	URI::LDAP	#	scope=
uri	URI::LDAP	.	build
uri	URI::LDAP	.	new
uri	URI::LDAPS	::	DEFAULT_PORT
uri	URI::MailTo	#	headers
uri	URI::MailTo	#	headers=
uri	URI::MailTo	#	to
uri	URI::MailTo	#	to=
uri	URI::MailTo	#	to_mailtext
uri	URI::MailTo	#	to_rfc822text
uri	URI::MailTo	.	build
uri	URI::MailTo	.	new
matrix	Vector	#	*
matrix	Vector	#	+
matrix	Vector	#	+@
matrix	Vector	#	-
matrix	Vector	#	-@
matrix	Vector	#	/
matrix	Vector	#	==
matrix	Vector	#	eql?
matrix	Vector	#	[]
matrix	Vector	#	component
matrix	Vector	#	element
matrix	Vector	#	[]=
matrix	Vector	#	angle_with
matrix	Vector	#	collect
matrix	Vector	#	map
matrix	Vector	#	collect2
matrix	Vector	#	collect!
matrix	Vector	#	map!
matrix	Vector	#	covector
matrix	Vector	#	cross
matrix	Vector	#	cross_product
matrix	Vector	#	dot
matrix	Vector	#	inner_product
matrix	Vector	#	each
matrix	Vector	#	each2
matrix	Vector	#	elements_to_f
matrix	Vector	#	elements_to_i
matrix	Vector	#	elements_to_r
matrix	Vector	#	hash
matrix	Vector	#	independent?
matrix	Vector	#	inspect
matrix	Vector	#	magnitude
matrix	Vector	#	norm
matrix	Vector	#	r
matrix	Vector	#	map2
matrix	Vector	#	normalize
matrix	Vector	#	size
matrix	Vector	#	to_a
matrix	Vector	#	to_s
matrix	Vector	#	zero?
matrix	Vector	.	[]
matrix	Vector	.	basis
matrix	Vector	.	elements
matrix	Vector	.	independent?
matrix	Vector	.	zero
win32ole	WIN32OLE	::	ARGV
win32ole	WIN32OLE	::	CP_ACP
win32ole	WIN32OLE	::	CP_MACCP
win32ole	WIN32OLE	::	CP_OEMCP
win32ole	WIN32OLE	::	CP_SYMBOL
win32ole	WIN32OLE	::	CP_THREAD_ACP
win32ole	WIN32OLE	::	CP_UTF7
win32ole	WIN32OLE	::	CP_UTF8
win32ole	WIN32OLE	::	LOCALE_SYSTEM_DEFAULT
win32ole	WIN32OLE	::	LOCALE_USER_DEFAULT
win32ole	WIN32OLE	::	VERSION
win32ole	WIN32OLE	#	[]
win32ole	WIN32OLE	#	[]=
win32ole	WIN32OLE	#	_getproperty
win32ole	WIN32OLE	#	_invoke
win32ole	WIN32OLE	#	_setproperty
win32ole	WIN32OLE	#	each
win32ole	WIN32OLE	#	invoke
win32ole	WIN32OLE	#	method_missing
win32ole	WIN32OLE	#	ole_activex_initialize
win32ole	WIN32OLE	#	ole_free
win32ole	WIN32OLE	#	ole_func_methods
win32ole	WIN32OLE	#	ole_get_methods
win32ole	WIN32OLE	#	ole_method
win32ole	WIN32OLE	#	ole_method_help
win32ole	WIN32OLE	#	ole_methods
win32ole	WIN32OLE	#	ole_obj_help
win32ole	WIN32OLE	#	ole_type
win32ole	WIN32OLE	#	ole_put_methods
win32ole	WIN32OLE	#	ole_query_interface
win32ole	WIN32OLE	#	ole_respond_to?
win32ole	WIN32OLE	#	ole_typelib
win32ole	WIN32OLE	#	setproperty
win32ole	WIN32OLE	.	codepage
win32ole	WIN32OLE	.	codepage=
win32ole	WIN32OLE	.	connect
win32ole	WIN32OLE	.	const_load
win32ole	WIN32OLE	.	create_guid
win32ole	WIN32OLE	.	locale
win32ole	WIN32OLE	.	locale=
win32ole	WIN32OLE	.	new
win32ole	WIN32OLE	.	ole_free
win32ole	WIN32OLE	.	ole_reference_count
win32ole	WIN32OLE	.	ole_show_help
win32ole	WIN32OLE::VARIANT	::	VT_ARRAY
win32ole	WIN32OLE::VARIANT	::	VT_BOOL
win32ole	WIN32OLE::VARIANT	::	VT_BSTR
win32ole	WIN32OLE::VARIANT	::	VT_BYREF
win32ole	WIN32OLE::VARIANT	::	VT_CY
win32ole	WIN32OLE::VARIANT	::	VT_DATE
win32ole	WIN32OLE::VARIANT	::	VT_DISPATCH
win32ole	WIN32OLE::VARIANT	::	VT_EMPTY
win32ole	WIN32OLE::VARIANT	::	VT_ERROR
win32ole	WIN32OLE::VARIANT	::	VT_I1
win32ole	WIN32OLE::VARIANT	::	VT_I2
win32ole	WIN32OLE::VARIANT	::	VT_I4
win32ole	WIN32OLE::VARIANT	::	VT_INT
win32ole	WIN32OLE::VARIANT	::	VT_NULL
win32ole	WIN32OLE::VARIANT	::	VT_PTR
win32ole	WIN32OLE::VARIANT	::	VT_R4
win32ole	WIN32OLE::VARIANT	::	VT_R8
win32ole	WIN32OLE::VARIANT	::	VT_UI1
win32ole	WIN32OLE::VARIANT	::	VT_UI2
win32ole	WIN32OLE::VARIANT	::	VT_UI4
win32ole	WIN32OLE::VARIANT	::	VT_UINT
win32ole	WIN32OLE::VARIANT	::	VT_UNKNOWN
win32ole	WIN32OLE::VARIANT	::	VT_USERDEFINED
win32ole	WIN32OLE::VARIANT	::	VT_VARIANT
win32ole	WIN32OLE_EVENT	#	handler
win32ole	WIN32OLE_EVENT	#	handler=
win32ole	WIN32OLE_EVENT	#	off_event
win32ole	WIN32OLE_EVENT	#	on_event
win32ole	WIN32OLE_EVENT	#	on_event_with_outargs
win32ole	WIN32OLE_EVENT	#	unadvise
win32ole	WIN32OLE_EVENT	.	message_loop
win32ole	WIN32OLE_EVENT	.	new
win32ole	WIN32OLE_METHOD	#	dispid
win32ole	WIN32OLE_METHOD	#	event?
win32ole	WIN32OLE_METHOD	#	event_interface
win32ole	WIN32OLE_METHOD	#	helpcontext
win32ole	WIN32OLE_METHOD	#	helpfile
win32ole	WIN32OLE_METHOD	#	helpstring
win32ole	WIN32OLE_METHOD	#	invkind
win32ole	WIN32OLE_METHOD	#	invoke_kind
win32ole	WIN32OLE_METHOD	#	name
win32ole	WIN32OLE_METHOD	#	to_s
win32ole	WIN32OLE_METHOD	#	offset_vtbl
win32ole	WIN32OLE_METHOD	#	params
win32ole	WIN32OLE_METHOD	#	return_type
win32ole	WIN32OLE_METHOD	#	return_type_detail
win32ole	WIN32OLE_METHOD	#	return_vtype
win32ole	WIN32OLE_METHOD	#	size_opt_params
win32ole	WIN32OLE_METHOD	#	size_params
win32ole	WIN32OLE_METHOD	#	visible?
win32ole	WIN32OLE_METHOD	.	new
win32ole	WIN32OLE_PARAM	#	default
win32ole	WIN32OLE_PARAM	#	input?
win32ole	WIN32OLE_PARAM	#	name
win32ole	WIN32OLE_PARAM	#	to_s
win32ole	WIN32OLE_PARAM	#	ole_type
win32ole	WIN32OLE_PARAM	#	ole_type_detail
win32ole	WIN32OLE_PARAM	#	optional?
win32ole	WIN32OLE_PARAM	#	output?
win32ole	WIN32OLE_PARAM	#	retval?
win32ole	WIN32OLE_PARAM	.	new
win32ole	WIN32OLE_RECORD	#	inspect
win32ole	WIN32OLE_RECORD	#	method_missing
win32ole	WIN32OLE_RECORD	#	ole_instance_variable_get
win32ole	WIN32OLE_RECORD	#	ole_instance_variable_set
win32ole	WIN32OLE_RECORD	#	to_h
win32ole	WIN32OLE_RECORD	#	typename
win32ole	WIN32OLE_RECORD	.	new
win32ole	WIN32OLE_TYPE	#	default_event_sources
win32ole	WIN32OLE_TYPE	#	default_ole_types
win32ole	WIN32OLE_TYPE	#	guid
win32ole	WIN32OLE_TYPE	#	helpcontext
win32ole	WIN32OLE_TYPE	#	helpfile
win32ole	WIN32OLE_TYPE	#	helpstring
win32ole	WIN32OLE_TYPE	#	implemented_ole_types
win32ole	WIN32OLE_TYPE	#	inspect
win32ole	WIN32OLE_TYPE	#	major_version
win32ole	WIN32OLE_TYPE	#	minor_version
win32ole	WIN32OLE_TYPE	#	name
win32ole	WIN32OLE_TYPE	#	to_s
win32ole	WIN32OLE_TYPE	#	ole_methods
win32ole	WIN32OLE_TYPE	#	ole_type
win32ole	WIN32OLE_TYPE	#	ole_typelib
win32ole	WIN32OLE_TYPE	#	progid
win32ole	WIN32OLE_TYPE	#	source_ole_types
win32ole	WIN32OLE_TYPE	#	src_type
win32ole	WIN32OLE_TYPE	#	typekind
win32ole	WIN32OLE_TYPE	#	variables
win32ole	WIN32OLE_TYPE	#	visible?
win32ole	WIN32OLE_TYPE	.	new
win32ole	WIN32OLE_TYPE	.	ole_classes
win32ole	WIN32OLE_TYPE	.	progids
win32ole	WIN32OLE_TYPE	.	typelibs
win32ole	WIN32OLE_TYPELIB	#	guid
win32ole	WIN32OLE_TYPELIB	#	library_name
win32ole	WIN32OLE_TYPELIB	#	major_version
win32ole	WIN32OLE_TYPELIB	#	minor_version
win32ole	WIN32OLE_TYPELIB	#	name
win32ole	WIN32OLE_TYPELIB	#	to_s
win32ole	WIN32OLE_TYPELIB	#	ole_classes
win32ole	WIN32OLE_TYPELIB	#	ole_types
win32ole	WIN32OLE_TYPELIB	#	path
win32ole	WIN32OLE_TYPELIB	#	version
win32ole	WIN32OLE_TYPELIB	#	visible?
win32ole	WIN32OLE_TYPELIB	.	new
win32ole	WIN32OLE_TYPELIB	.	typelibs
win32ole	WIN32OLE_VARIABLE	#	name
win32ole	WIN32OLE_VARIABLE	#	to_s
win32ole	WIN32OLE_VARIABLE	#	ole_type
win32ole	WIN32OLE_VARIABLE	#	ole_type_detail
win32ole	WIN32OLE_VARIABLE	#	value
win32ole	WIN32OLE_VARIABLE	#	variable_kind
win32ole	WIN32OLE_VARIABLE	#	varkind
win32ole	WIN32OLE_VARIABLE	#	visible?
win32ole	WIN32OLE_VARIANT	::	Empty
win32ole	WIN32OLE_VARIANT	::	Nothing
win32ole	WIN32OLE_VARIANT	::	Null
win32ole	WIN32OLE_VARIANT	#	[]
win32ole	WIN32OLE_VARIANT	#	[]=
win32ole	WIN32OLE_VARIANT	#	value
win32ole	WIN32OLE_VARIANT	#	value=
win32ole	WIN32OLE_VARIANT	#	vartype
win32ole	WIN32OLE_VARIANT	.	array
win32ole	WIN32OLE_VARIANT	.	new
weakref	WeakRef	#	__getobj__
weakref	WeakRef	#	__setobj__
weakref	WeakRef	#	weakref_alive?
weakref	WeakRef	.	new
win32/registry	Win32::Registry	::	HKEY_CLASSES_ROOT
win32/registry	Win32::Registry	::	HKEY_CURRENT_CONFIG
win32/registry	Win32::Registry	::	HKEY_CURRENT_USER
win32/registry	Win32::Registry	::	HKEY_DYN_DATA
win32/registry	Win32::Registry	::	HKEY_LOCAL_MACHINE
win32/registry	Win32::Registry	::	HKEY_PERFORMANCE_DATA
win32/registry	Win32::Registry	::	HKEY_PERFORMANCE_NLSTEXT
win32/registry	Win32::Registry	::	HKEY_PERFORMANCE_TEXT
win32/registry	Win32::Registry	::	HKEY_USERS
win32/registry	Win32::Registry	#	[]
win32/registry	Win32::Registry	#	[]=
win32/registry	Win32::Registry	#	_dump
win32/registry	Win32::Registry	#	close
win32/registry	Win32::Registry	#	create
win32/registry	Win32::Registry	#	created?
win32/registry	Win32::Registry	#	delete
win32/registry	Win32::Registry	#	delete_value
win32/registry	Win32::Registry	#	delete_key
win32/registry	Win32::Registry	#	descriptor_length
win32/registry	Win32::Registry	#	max_key_length
win32/registry	Win32::Registry	#	max_value_length
win32/registry	Win32::Registry	#	max_value_name_length
win32/registry	Win32::Registry	#	num_keys
win32/registry	Win32::Registry	#	num_values
win32/registry	Win32::Registry	#	wtime
win32/registry	Win32::Registry	#	disposition
win32/registry	Win32::Registry	#	each
win32/registry	Win32::Registry	#	each_value
win32/registry	Win32::Registry	#	each_key
win32/registry	Win32::Registry	#	flush
win32/registry	Win32::Registry	#	hkey
win32/registry	Win32::Registry	#	info
win32/registry	Win32::Registry	#	inspect
win32/registry	Win32::Registry	#	keyname
win32/registry	Win32::Registry	#	keys
win32/registry	Win32::Registry	#	name
win32/registry	Win32::Registry	#	to_s
win32/registry	Win32::Registry	#	open
win32/registry	Win32::Registry	#	open?
win32/registry	Win32::Registry	#	opened?
win32/registry	Win32::Registry	#	parent
win32/registry	Win32::Registry	#	read
win32/registry	Win32::Registry	#	read_bin
win32/registry	Win32::Registry	#	read_i
win32/registry	Win32::Registry	#	read_s
win32/registry	Win32::Registry	#	read_s_expand
win32/registry	Win32::Registry	#	write
win32/registry	Win32::Registry	#	write_bin
win32/registry	Win32::Registry	#	write_i
win32/registry	Win32::Registry	#	write_s
win32/registry	Win32::Registry	.	create
win32/registry	Win32::Registry	.	expand_environ
win32/registry	Win32::Registry	.	new
win32/registry	Win32::Registry	.	open
win32/registry	Win32::Registry	.	time2wtime
win32/registry	Win32::Registry	.	type2name
win32/registry	Win32::Registry	.	wtime2time
win32/registry	Win32::Registry::API	::	RegCloseKey
win32/registry	Win32::Registry::API	::	RegCreateKeyExA
win32/registry	Win32::Registry::API	::	RegDeleteKey
win32/registry	Win32::Registry::API	::	RegDeleteValue
win32/registry	Win32::Registry::API	::	RegEnumKeyExA
win32/registry	Win32::Registry::API	::	RegEnumValueA
win32/registry	Win32::Registry::API	::	RegFlushKey
win32/registry	Win32::Registry::API	::	RegOpenKeyExA
win32/registry	Win32::Registry::API	::	RegQueryInfoKey
win32/registry	Win32::Registry::API	::	RegQueryValueExA
win32/registry	Win32::Registry::API	::	RegSetValueExA
win32/registry	Win32::Registry::API	.#	CloseKey
win32/registry	Win32::Registry::API	.#	CreateKey
win32/registry	Win32::Registry::API	.#	DeleteKey
win32/registry	Win32::Registry::API	.#	DeleteValue
win32/registry	Win32::Registry::API	.#	EnumKey
win32/registry	Win32::Registry::API	.#	EnumValue
win32/registry	Win32::Registry::API	.#	FlushKey
win32/registry	Win32::Registry::API	.#	OpenKey
win32/registry	Win32::Registry::API	.#	QueryInfoKey
win32/registry	Win32::Registry::API	.#	QueryValue
win32/registry	Win32::Registry::API	.#	SetValue
win32/registry	Win32::Registry::API	.#	check
win32/registry	Win32::Registry::API	.#	packdw
win32/registry	Win32::Registry::API	.#	packqw
win32/registry	Win32::Registry::API	.#	unpackdw
win32/registry	Win32::Registry::API	.#	unpackqw
win32/registry	Win32::Registry::Constants	::	HKEY_CLASSES_ROOT
win32/registry	Win32::Registry::Constants	::	HKEY_CURRENT_CONFIG
win32/registry	Win32::Registry::Constants	::	HKEY_CURRENT_USER
win32/registry	Win32::Registry::Constants	::	HKEY_DYN_DATA
win32/registry	Win32::Registry::Constants	::	HKEY_LOCAL_MACHINE
win32/registry	Win32::Registry::Constants	::	HKEY_PERFORMANCE_DATA
win32/registry	Win32::Registry::Constants	::	HKEY_PERFORMANCE_NLSTEXT
win32/registry	Win32::Registry::Constants	::	HKEY_PERFORMANCE_TEXT
win32/registry	Win32::Registry::Constants	::	HKEY_USERS
win32/registry	Win32::Registry::Constants	::	KEY_ALL_ACCESS
win32/registry	Win32::Registry::Constants	::	KEY_CREATE_LINK
win32/registry	Win32::Registry::Constants	::	KEY_CREATE_SUB_KEY
win32/registry	Win32::Registry::Constants	::	KEY_ENUMERATE_SUB_KEYS
win32/registry	Win32::Registry::Constants	::	KEY_EXECUTE
win32/registry	Win32::Registry::Constants	::	KEY_NOTIFY
win32/registry	Win32::Registry::Constants	::	KEY_QUERY_VALUE
win32/registry	Win32::Registry::Constants	::	KEY_READ
win32/registry	Win32::Registry::Constants	::	KEY_SET_VALUE
win32/registry	Win32::Registry::Constants	::	KEY_WRITE
win32/registry	Win32::Registry::Constants	::	STANDARD_RIGHTS_READ
win32/registry	Win32::Registry::Constants	::	STANDARD_RIGHTS_WRITE
win32/registry	Win32::Registry::Constants	::	MAX_KEY_LENGTH
win32/registry	Win32::Registry::Constants	::	MAX_VALUE_LENGTH
win32/registry	Win32::Registry::Constants	::	REG_BINARY
win32/registry	Win32::Registry::Constants	::	REG_DWORD
win32/registry	Win32::Registry::Constants	::	REG_DWORD_BIG_ENDIAN
win32/registry	Win32::Registry::Constants	::	REG_DWORD_LITTLE_ENDIAN
win32/registry	Win32::Registry::Constants	::	REG_EXPAND_SZ
win32/registry	Win32::Registry::Constants	::	REG_FULL_RESOURCE_DESCRIPTOR
win32/registry	Win32::Registry::Constants	::	REG_LINK
win32/registry	Win32::Registry::Constants	::	REG_MULTI_SZ
win32/registry	Win32::Registry::Constants	::	REG_NONE
win32/registry	Win32::Registry::Constants	::	REG_QWORD
win32/registry	Win32::Registry::Constants	::	REG_QWORD_LITTLE_ENDIAN
win32/registry	Win32::Registry::Constants	::	REG_RESOURCE_LIST
win32/registry	Win32::Registry::Constants	::	REG_RESOURCE_REQUIREMENTS_LIST
win32/registry	Win32::Registry::Constants	::	REG_SZ
win32/registry	Win32::Registry::Constants	::	REG_CREATED_NEW_KEY
win32/registry	Win32::Registry::Constants	::	REG_OPENED_EXISTING_KEY
win32/registry	Win32::Registry::Constants	::	REG_FORCE_RESTORE
win32/registry	Win32::Registry::Constants	::	REG_NO_LAZY_FLUSH
win32/registry	Win32::Registry::Constants	::	REG_REFRESH_HIVE
win32/registry	Win32::Registry::Constants	::	REG_WHOLE_HIVE_VOLATILE
win32/registry	Win32::Registry::Constants	::	REG_LEGAL_OPTION
win32/registry	Win32::Registry::Constants	::	REG_OPTION_BACKUP_RESTORE
win32/registry	Win32::Registry::Constants	::	REG_OPTION_CREATE_LINK
win32/registry	Win32::Registry::Constants	::	REG_OPTION_NON_VOLATILE
win32/registry	Win32::Registry::Constants	::	REG_OPTION_OPEN_LINK
win32/registry	Win32::Registry::Constants	::	REG_OPTION_RESERVED
win32/registry	Win32::Registry::Constants	::	REG_OPTION_VOLATILE
win32/registry	Win32::Registry::Error	::	FormatMessageA
win32/registry	Win32::Registry::Error	#	code
win32/registry	Win32::Registry::PredefinedKey	#	class
win32/registry	Win32::Registry::PredefinedKey	#	close
win32/registry	Win32::Registry::PredefinedKey	.	new
win32/resolv	Win32::Resolv	.#	get_hosts_path
win32/resolv	Win32::Resolv	.#	get_resolv_info
irb/xmp	XMP	#	puts
irb/xmp	XMP	.	new
yaml/dbm	YAML::DBM	::	VERSION
yaml/dbm	YAML::DBM	#	[]
yaml/dbm	YAML::DBM	#	[]=
yaml/dbm	YAML::DBM	#	store
yaml/dbm	YAML::DBM	#	delete
yaml/dbm	YAML::DBM	#	delete_if
yaml/dbm	YAML::DBM	#	each
yaml/dbm	YAML::DBM	#	each_pair
yaml/dbm	YAML::DBM	#	each_value
yaml/dbm	YAML::DBM	#	fetch
yaml/dbm	YAML::DBM	#	has_value?
yaml/dbm	YAML::DBM	#	index
yaml/dbm	YAML::DBM	#	invert
yaml/dbm	YAML::DBM	#	key
yaml/dbm	YAML::DBM	#	reject
yaml/dbm	YAML::DBM	#	replace
yaml/dbm	YAML::DBM	#	select
yaml/dbm	YAML::DBM	#	shift
yaml/dbm	YAML::DBM	#	to_a
yaml/dbm	YAML::DBM	#	to_hash
yaml/dbm	YAML::DBM	#	update
yaml/dbm	YAML::DBM	#	values
yaml/dbm	YAML::DBM	#	values_at
yaml/store	YAML::Store	.	new
zlib	Zlib	::	ASCII
zlib	Zlib	::	BEST_COMPRESSION
zlib	Zlib	::	BEST_SPEED
zlib	Zlib	::	BINARY
zlib	Zlib	::	DEFAULT_COMPRESSION
zlib	Zlib	::	DEFAULT_STRATEGY
zlib	Zlib	::	DEF_MEM_LEVEL
zlib	Zlib	::	FILTERED
zlib	Zlib	::	FINISH
zlib	Zlib	::	FULL_FLUSH
zlib	Zlib	::	HUFFMAN_ONLY
zlib	Zlib	::	MAX_MEM_LEVEL
zlib	Zlib	::	MAX_WBITS
zlib	Zlib	::	NO_COMPRESSION
zlib	Zlib	::	NO_FLUSH
zlib	Zlib	::	OS_AMIGA
zlib	Zlib	::	OS_ATARI
zlib	Zlib	::	OS_CODE
zlib	Zlib	::	OS_CPM
zlib	Zlib	::	OS_MACOS
zlib	Zlib	::	OS_MSDOS
zlib	Zlib	::	OS_OS2
zlib	Zlib	::	OS_QDOS
zlib	Zlib	::	OS_RISCOS
zlib	Zlib	::	OS_TOPS20
zlib	Zlib	::	OS_UNIX
zlib	Zlib	::	OS_UNKNOWN
zlib	Zlib	::	OS_VMCMS
zlib	Zlib	::	OS_VMS
zlib	Zlib	::	OS_WIN32
zlib	Zlib	::	OS_ZSYSTEM
zlib	Zlib	::	SYNC_FLUSH
zlib	Zlib	::	UNKNOWN
zlib	Zlib	::	VERSION
zlib	Zlib	::	ZLIB_VERSION
zlib	Zlib	.#	adler32
zlib	Zlib	.#	adler32_combine
zlib	Zlib	.#	crc32
zlib	Zlib	.#	crc32_combine
zlib	Zlib	.#	crc_table
zlib	Zlib	.#	deflate
zlib	Zlib	.#	inflate
zlib	Zlib	.#	zlib_version
zlib	Zlib::Deflate	#	<<
zlib	Zlib::Deflate	#	deflate
zlib	Zlib::Deflate	#	finish
zlib	Zlib::Deflate	#	flush
zlib	Zlib::Deflate	#	params
zlib	Zlib::Deflate	#	set_dictionary
zlib	Zlib::Deflate	.	deflate
zlib	Zlib::Deflate	.	new
zlib	Zlib::GzipFile	#	close
zlib	Zlib::GzipFile	#	closed?
zlib	Zlib::GzipFile	#	to_io
zlib	Zlib::GzipFile	#	comment
zlib	Zlib::GzipFile	#	crc
zlib	Zlib::GzipFile	#	finish
zlib	Zlib::GzipFile	#	level
zlib	Zlib::GzipFile	#	mtime
zlib	Zlib::GzipFile	#	orig_name
zlib	Zlib::GzipFile	#	os_code
zlib	Zlib::GzipFile	#	path
zlib	Zlib::GzipFile	#	sync
zlib	Zlib::GzipFile	#	sync=
zlib	Zlib::GzipFile	.	new
zlib	Zlib::GzipFile	.	open
zlib	Zlib::GzipFile	.	wrap
zlib	Zlib::GzipFile::Error	#	input
zlib	Zlib::GzipFile::Error	#	inspect
zlib	Zlib::GzipReader	#	each
zlib	Zlib::GzipReader	#	each_line
zlib	Zlib::GzipReader	#	each_byte
zlib	Zlib::GzipReader	#	eof
zlib	Zlib::GzipReader	#	eof?
zlib	Zlib::GzipReader	#	getc
zlib	Zlib::GzipReader	#	gets
zlib	Zlib::GzipReader	#	lineno
zlib	Zlib::GzipReader	#	lineno=
zlib	Zlib::GzipReader	#	pos
zlib	Zlib::GzipReader	#	tell
zlib	Zlib::GzipReader	#	read
zlib	Zlib::GzipReader	#	readchar
zlib	Zlib::GzipReader	#	readline
zlib	Zlib::GzipReader	#	readlines
zlib	Zlib::GzipReader	#	readpartial
zlib	Zlib::GzipReader	#	rewind
zlib	Zlib::GzipReader	#	ungetc
zlib	Zlib::GzipReader	#	unused
zlib	Zlib::GzipReader	.	new
zlib	Zlib::GzipReader	.	open
zlib	Zlib::GzipReader	.	wrap
zlib	Zlib::GzipWriter	#	<<
zlib	Zlib::GzipWriter	#	close
zlib	Zlib::GzipWriter	#	finish
zlib	Zlib::GzipWriter	#	comment=
zlib	Zlib::GzipWriter	#	flush
zlib	Zlib::GzipWriter	#	mtime=
zlib	Zlib::GzipWriter	#	orig_name=
zlib	Zlib::GzipWriter	#	pos
zlib	Zlib::GzipWriter	#	tell
zlib	Zlib::GzipWriter	#	print
zlib	Zlib::GzipWriter	#	printf
zlib	Zlib::GzipWriter	#	putc
zlib	Zlib::GzipWriter	#	puts
zlib	Zlib::GzipWriter	#	write
zlib	Zlib::GzipWriter	.	new
zlib	Zlib::GzipWriter	.	open
zlib	Zlib::GzipWriter	.	wrap
zlib	Zlib::Inflate	#	<<
zlib	Zlib::Inflate	#	finish
zlib	Zlib::Inflate	#	inflate
zlib	Zlib::Inflate	#	set_dictionary
zlib	Zlib::Inflate	#	sync
zlib	Zlib::Inflate	#	sync_point?
zlib	Zlib::Inflate	.	inflate
zlib	Zlib::Inflate	.	new
zlib	Zlib::ZStream	#	adler
zlib	Zlib::ZStream	#	avail_in
zlib	Zlib::ZStream	#	avail_out
zlib	Zlib::ZStream	#	avail_out=
zlib	Zlib::ZStream	#	close
zlib	Zlib::ZStream	#	end
zlib	Zlib::ZStream	#	closed?
zlib	Zlib::ZStream	#	ended?
zlib	Zlib::ZStream	#	data_type
zlib	Zlib::ZStream	#	finish
zlib	Zlib::ZStream	#	finished?
zlib	Zlib::ZStream	#	stream_end?
zlib	Zlib::ZStream	#	flush_next_in
zlib	Zlib::ZStream	#	flush_next_out
zlib	Zlib::ZStream	#	reset
zlib	Zlib::ZStream	#	total_in
zlib	Zlib::ZStream	#	total_out
zlib	Zlib::ZStream	.	new
